  0
SECTION
  2
HEADER
  9
$ACADVER
  1
AC1009
  9
$INSBASE
 10
0.000000
 20
0.000000
  9
$LIMMIN
 10
-5000.000008
 20
-5000.000008
  9
$LIMMAX
 10
5000.000008
 20
5000.000008
  9
$EXTMIN
 10
-5000.000008
 20
-5000.000008
  9
$EXTMAX
 10
5000.000008
 20
5000.000008
  9
$ATTMODE
 70
0
  9
$LUNITS
 70
2
  9
$LUPREC
 70
3
  9
$THICKNESS
 40
4.003040
  0
ENDSEC
  0
SECTION
  2
TABLES
  0
TABLE
  2
LTYPE
 70
1
  0
LTYPE
  3
Solid Line
  2
CONTINUOUS
 70
0
 72
65
 73
0
 40
0.000000
  0
ENDTAB
  0
TABLE
  2
LAYER
 70
4
  0
LAYER
  2
BG_DIMENSION
 70
0
 62
85
  6
CONTINUOUS
  0
LAYER
  2
BG_OUTLINE
 70
0
 62
254
  6
CONTINUOUS
  0
LAYER
  2
PG_SILKSCREEN_BOTTOM
 70
0
 62
122
  6
CONTINUOUS
  0
LAYER
  2
PIN_BOTTOM
 70
0
 62
5
  6
CONTINUOUS
  0
ENDTAB
  0
TABLE
  2
STYLE
 70
1
  0
STYLE
  2
STANDARD
 70
0
 40
0.000000
 41
1.000000
 50
0.000000
 71
0
 42
0.200000
  3
txt
  0
ENDTAB
  0
ENDSEC
  0
SECTION
  2
BLOCKS
  0
BLOCK
  8
0
  2
FIGURE_CIRCLE
 70
0
 10
0.000000
 20
0.000000
  0
CIRCLE
  8
0
 10
0.000000
 20
0.000000
 40
0.500000
  0
ENDBLK
  0
BLOCK
  8
0
  2
FIGURE_SQUARE
 70
0
 10
0.000000
 20
0.000000
  0
POLYLINE
  8
0
 66
1
 70
1
 40
0.000000
 41
0.000000
 39
0.000000
  0
VERTEX
  8
0
 10
-0.500000
 20
-0.500000
 40
0.000000
 41
0.000000
 42
0.000000
  0
VERTEX
  8
0
 10
-0.500000
 20
0.500000
 40
0.000000
 41
0.000000
 42
0.000000
  0
VERTEX
  8
0
 10
0.500000
 20
0.500000
 40
0.000000
 41
0.000000
 42
0.000000
  0
VERTEX
  8
0
 10
0.500000
 20
-0.500000
 40
0.000000
 41
0.000000
 42
0.000000
  0
SEQEND
  0
ENDBLK
  0
BLOCK
  8
0
  2
FIGURE_HEX
 70
0
 10
0.000000
 20
0.000000
  0
POLYLINE
  8
0
 66
1
 70
1
 40
0.000000
 41
0.000000
 39
0.000000
  0
VERTEX
  8
0
 10
-0.500000
 20
0.000000
 40
0.000000
 41
0.000000
 42
0.000000
  0
VERTEX
  8
0
 10
-0.250000
 20
0.500000
 40
0.000000
 41
0.000000
 42
0.000000
  0
VERTEX
  8
0
 10
0.250000
 20
0.500000
 40
0.000000
 41
0.000000
 42
0.000000
  0
VERTEX
  8
0
 10
0.500000
 20
0.000000
 40
0.000000
 41
0.000000
 42
0.000000
  0
VERTEX
  8
0
 10
0.250000
 20
-0.500000
 40
0.000000
 41
0.000000
 42
0.000000
  0
VERTEX
  8
0
 10
-0.250000
 20
-0.500000
 40
0.000000
 41
0.000000
 42
0.000000
  0
SEQEND
  0
ENDBLK
  0
BLOCK
  8
0
  2
FIGURE_OCT
 70
0
 10
0.000000
 20
0.000000
  0
POLYLINE
  8
0
 66
1
 70
1
 40
0.000000
 41
0.000000
 39
0.000000
  0
VERTEX
  8
0
 10
-0.500000
 20
-0.207100
 40
0.000000
 41
0.000000
 42
0.000000
  0
VERTEX
  8
0
 10
-0.500000
 20
0.207100
 40
0.000000
 41
0.000000
 42
0.000000
  0
VERTEX
  8
0
 10
-0.207100
 20
0.500000
 40
0.000000
 41
0.000000
 42
0.000000
  0
VERTEX
  8
0
 10
0.207100
 20
0.500000
 40
0.000000
 41
0.000000
 42
0.000000
  0
VERTEX
  8
0
 10
0.500000
 20
0.207100
 40
0.000000
 41
0.000000
 42
0.000000
  0
VERTEX
  8
0
 10
0.500000
 20
-0.207100
 40
0.000000
 41
0.000000
 42
0.000000
  0
VERTEX
  8
0
 10
0.207100
 20
-0.500000
 40
0.000000
 41
0.000000
 42
0.000000
  0
VERTEX
  8
0
 10
-0.207100
 20
-0.500000
 40
0.000000
 41
0.000000
 42
0.000000
  0
SEQEND
  0
ENDBLK
  0
BLOCK
  8
0
  2
FIGURE_OBLONG
 70
0
 10
0.000000
 20
0.000000
  0
POLYLINE
  8
0
 66
1
 70
1
 40
0.000000
 41
0.000000
 39
0.000000
  0
VERTEX
  8
0
 10
-0.500000
 20
-0.125000
 40
0.000000
 41
0.000000
 42
0.000000
  0
VERTEX
  8
0
 10
-0.500000
 20
0.125000
 40
0.000000
 41
0.000000
 42
0.000000
  0
VERTEX
  8
0
 10
-0.416000
 20
0.375000
 40
0.000000
 41
0.000000
 42
0.000000
  0
VERTEX
  8
0
 10
-0.250000
 20
0.500000
 40
0.000000
 41
0.000000
 42
0.000000
  0
VERTEX
  8
0
 10
0.250000
 20
0.500000
 40
0.000000
 41
0.000000
 42
0.000000
  0
VERTEX
  8
0
 10
0.416000
 20
0.375000
 40
0.000000
 41
0.000000
 42
0.000000
  0
VERTEX
  8
0
 10
0.500000
 20
0.125000
 40
0.000000
 41
0.000000
 42
0.000000
  0
VERTEX
  8
0
 10
0.500000
 20
-0.125000
 40
0.000000
 41
0.000000
 42
0.000000
  0
VERTEX
  8
0
 10
0.416000
 20
-0.375000
 40
0.000000
 41
0.000000
 42
0.000000
  0
VERTEX
  8
0
 10
0.250000
 20
-0.500000
 40
0.000000
 41
0.000000
 42
0.000000
  0
VERTEX
  8
0
 10
-0.250000
 20
-0.500000
 40
0.000000
 41
0.000000
 42
0.000000
  0
VERTEX
  8
0
 10
-0.416000
 20
-0.375000
 40
0.000000
 41
0.000000
 42
0.000000
  0
SEQEND
  0
ENDBLK
  0
BLOCK
  8
0
  2
FIGURE_TRI
 70
0
 10
0.000000
 20
0.000000
  0
POLYLINE
  8
0
 66
1
 70
1
 40
0.000000
 41
0.000000
 39
0.000000
  0
VERTEX
  8
0
 10
-0.500000
 20
-0.500000
 40
0.000000
 41
0.000000
 42
0.000000
  0
VERTEX
  8
0
 10
0.000000
 20
0.500000
 40
0.000000
 41
0.000000
 42
0.000000
  0
VERTEX
  8
0
 10
0.500000
 20
-0.500000
 40
0.000000
 41
0.000000
 42
0.000000
  0
SEQEND
  0
ENDBLK
  0
BLOCK
  8
0
  2
FIGURE_CROSS
 70
0
 10
0.000000
 20
0.000000
  0
POLYLINE
  8
0
 66
1
 70
0
 40
0.000000
 41
0.000000
 39
0.000000
  0
VERTEX
  8
0
 10
-0.500000
 20
0.000000
 40
0.000000
 41
0.000000
 42
0.000000
  0
VERTEX
  8
0
 10
0.500000
 20
0.000000
 40
0.000000
 41
0.000000
 42
0.000000
  0
SEQEND
  0
POLYLINE
  8
0
 66
1
 70
0
 40
0.000000
 41
0.000000
 39
0.000000
  0
VERTEX
  8
0
 10
0.000000
 20
0.500000
 40
0.000000
 41
0.000000
 42
0.000000
  0
VERTEX
  8
0
 10
0.000000
 20
-0.500000
 40
0.000000
 41
0.000000
 42
0.000000
  0
SEQEND
  0
ENDBLK
  0
BLOCK
  8
0
  2
FIGURE_DIAMOND
 70
0
 10
0.000000
 20
0.000000
  0
POLYLINE
  8
0
 66
1
 70
1
 40
0.000000
 41
0.000000
 39
0.000000
  0
VERTEX
  8
0
 10
-0.500000
 20
0.000000
 40
0.000000
 41
0.000000
 42
0.000000
  0
VERTEX
  8
0
 10
0.000000
 20
0.500000
 40
0.000000
 41
0.000000
 42
0.000000
  0
VERTEX
  8
0
 10
0.500000
 20
0.000000
 40
0.000000
 41
0.000000
 42
0.000000
  0
VERTEX
  8
0
 10
0.000000
 20
-0.500000
 40
0.000000
 41
0.000000
 42
0.000000
  0
SEQEND
  0
ENDBLK
  0
ENDSEC
  0
SECTION
  2
ENTITIES
  0
POLYLINE
  8
BG_DIMENSION
 66
1
 70
0
 40
0.000000
 41
0.000000
 39
0.000000
  0
VERTEX
  8
BG_DIMENSION
 10
2.415540
 20
81.624424
 40
0.000000
 41
0.000000
 42
0.000000
  0
VERTEX
  8
BG_DIMENSION
 10
3.177540
 20
82.005424
 40
0.000000
 41
0.000000
 42
0.000000
  0
VERTEX
  8
BG_DIMENSION
 10
2.415540
 20
82.386424
 40
0.000000
 41
0.000000
 42
0.000000
  0
VERTEX
  8
BG_DIMENSION
 10
2.415540
 20
81.624424
 40
0.000000
 41
0.000000
 42
0.000000
  0
SEQEND
  0
POLYLINE
  8
BG_DIMENSION
 66
1
 70
0
 40
0.000000
 41
0.000000
 39
0.000000
  0
VERTEX
  8
BG_DIMENSION
 10
3.587496
 20
82.005424
 40
0.000000
 41
0.000000
 42
0.000000
  0
VERTEX
  8
BG_DIMENSION
 10
3.177540
 20
82.005424
 40
0.000000
 41
0.000000
 42
0.000000
  0
SEQEND
  0
POLYLINE
  8
BG_DIMENSION
 66
1
 70
0
 40
0.000000
 41
0.000000
 39
0.000000
  0
VERTEX
  8
BG_DIMENSION
 10
0.762000
 20
82.386424
 40
0.000000
 41
0.000000
 42
0.000000
  0
VERTEX
  8
BG_DIMENSION
 10
0.000000
 20
82.005424
 40
0.000000
 41
0.000000
 42
0.000000
  0
VERTEX
  8
BG_DIMENSION
 10
0.762000
 20
81.624424
 40
0.000000
 41
0.000000
 42
0.000000
  0
VERTEX
  8
BG_DIMENSION
 10
0.762000
 20
82.386424
 40
0.000000
 41
0.000000
 42
0.000000
  0
SEQEND
  0
POLYLINE
  8
BG_DIMENSION
 66
1
 70
0
 40
0.000000
 41
0.000000
 39
0.000000
  0
VERTEX
  8
BG_DIMENSION
 10
3.177540
 20
82.005424
 40
0.000000
 41
0.000000
 42
0.000000
  0
VERTEX
  8
BG_DIMENSION
 10
0.000000
 20
82.005424
 40
0.000000
 41
0.000000
 42
0.000000
  0
SEQEND
  0
POLYLINE
  8
BG_DIMENSION
 66
1
 70
0
 40
0.000000
 41
0.000000
 39
0.000000
  0
VERTEX
  8
BG_DIMENSION
 10
3.177540
 20
79.362452
 40
0.000000
 41
0.000000
 42
0.000000
  0
VERTEX
  8
BG_DIMENSION
 10
3.177540
 20
84.545424
 40
0.000000
 41
0.000000
 42
0.000000
  0
SEQEND
  0
POLYLINE
  8
BG_DIMENSION
 66
1
 70
0
 40
0.000000
 41
0.000000
 39
0.000000
  0
VERTEX
  8
BG_DIMENSION
 10
0.000000
 20
82.539992
 40
0.000000
 41
0.000000
 42
0.000000
  0
VERTEX
  8
BG_DIMENSION
 10
0.000000
 20
84.545424
 40
0.000000
 41
0.000000
 42
0.000000
  0
SEQEND
  0
TEXT
  8
BG_DIMENSION
 10
5.378196
 20
80.811624
 11
0.000000
 21
0.000000
 40
2.387600
 41
0.978723
 50
0.000000
  7
STANDARD
 71
0
 72
0
  1
3.18MM
 73
0
  0
POLYLINE
  8
BG_DIMENSION
 66
1
 70
0
 40
0.000000
 41
0.000000
 39
0.000000
  0
VERTEX
  8
BG_DIMENSION
 10
-1.756664
 20
79.237992
 40
0.000000
 41
0.000000
 42
0.000000
  0
VERTEX
  8
BG_DIMENSION
 10
-2.137664
 20
79.999992
 40
0.000000
 41
0.000000
 42
0.000000
  0
VERTEX
  8
BG_DIMENSION
 10
-2.518664
 20
79.237992
 40
0.000000
 41
0.000000
 42
0.000000
  0
VERTEX
  8
BG_DIMENSION
 10
-1.756664
 20
79.237992
 40
0.000000
 41
0.000000
 42
0.000000
  0
SEQEND
  0
POLYLINE
  8
BG_DIMENSION
 66
1
 70
0
 40
0.000000
 41
0.000000
 39
0.000000
  0
VERTEX
  8
BG_DIMENSION
 10
-2.137664
 20
76.822452
 40
0.000000
 41
0.000000
 42
0.000000
  0
VERTEX
  8
BG_DIMENSION
 10
-2.137664
 20
79.999992
 40
0.000000
 41
0.000000
 42
0.000000
  0
SEQEND
  0
POLYLINE
  8
BG_DIMENSION
 66
1
 70
0
 40
0.000000
 41
0.000000
 39
0.000000
  0
VERTEX
  8
BG_DIMENSION
 10
-2.518664
 20
77.584452
 40
0.000000
 41
0.000000
 42
0.000000
  0
VERTEX
  8
BG_DIMENSION
 10
-2.137664
 20
76.822452
 40
0.000000
 41
0.000000
 42
0.000000
  0
VERTEX
  8
BG_DIMENSION
 10
-1.756664
 20
77.584452
 40
0.000000
 41
0.000000
 42
0.000000
  0
VERTEX
  8
BG_DIMENSION
 10
-2.518664
 20
77.584452
 40
0.000000
 41
0.000000
 42
0.000000
  0
SEQEND
  0
POLYLINE
  8
BG_DIMENSION
 66
1
 70
0
 40
0.000000
 41
0.000000
 39
0.000000
  0
VERTEX
  8
BG_DIMENSION
 10
-2.137664
 20
77.628750
 40
0.000000
 41
0.000000
 42
0.000000
  0
VERTEX
  8
BG_DIMENSION
 10
-2.137664
 20
76.822452
 40
0.000000
 41
0.000000
 42
0.000000
  0
SEQEND
  0
POLYLINE
  8
BG_DIMENSION
 66
1
 70
0
 40
0.000000
 41
0.000000
 39
0.000000
  0
VERTEX
  8
BG_DIMENSION
 10
0.637540
 20
76.822452
 40
0.000000
 41
0.000000
 42
0.000000
  0
VERTEX
  8
BG_DIMENSION
 10
-4.677664
 20
76.822452
 40
0.000000
 41
0.000000
 42
0.000000
  0
SEQEND
  0
POLYLINE
  8
BG_DIMENSION
 66
1
 70
0
 40
0.000000
 41
0.000000
 39
0.000000
  0
VERTEX
  8
BG_DIMENSION
 10
-2.540000
 20
79.999992
 40
0.000000
 41
0.000000
 42
0.000000
  0
VERTEX
  8
BG_DIMENSION
 10
-4.677664
 20
79.999992
 40
0.000000
 41
0.000000
 42
0.000000
  0
SEQEND
  0
TEXT
  8
BG_DIMENSION
 10
-0.943864
 20
62.401450
 11
0.000000
 21
0.000000
 40
2.387600
 41
0.978723
 50
90.000000
  7
STANDARD
 71
0
 72
0
  1
3.18MM
 73
0
  0
POLYLINE
  8
BG_DIMENSION
 66
1
 70
0
 40
0.000000
 41
0.000000
 39
0.000000
  0
VERTEX
  8
BG_DIMENSION
 10
-6.224016
 20
76.189992
 40
0.000000
 41
0.000000
 42
0.000000
  0
VERTEX
  8
BG_DIMENSION
 10
-6.859016
 20
79.999992
 40
0.000000
 41
0.000000
 42
0.000000
  0
VERTEX
  8
BG_DIMENSION
 10
-7.494016
 20
76.189992
 40
0.000000
 41
0.000000
 42
0.000000
  0
VERTEX
  8
BG_DIMENSION
 10
-6.224016
 20
76.189992
 40
0.000000
 41
0.000000
 42
0.000000
  0
SEQEND
  0
POLYLINE
  8
BG_DIMENSION
 66
1
 70
0
 40
0.000000
 41
0.000000
 39
0.000000
  0
VERTEX
  8
BG_DIMENSION
 10
-6.859016
 20
44.784264
 40
0.000000
 41
0.000000
 42
0.000000
  0
VERTEX
  8
BG_DIMENSION
 10
-6.859016
 20
79.999992
 40
0.000000
 41
0.000000
 42
0.000000
  0
SEQEND
  0
POLYLINE
  8
BG_DIMENSION
 66
1
 70
0
 40
0.000000
 41
0.000000
 39
0.000000
  0
VERTEX
  8
BG_DIMENSION
 10
-7.494016
 20
3.810000
 40
0.000000
 41
0.000000
 42
0.000000
  0
VERTEX
  8
BG_DIMENSION
 10
-6.859016
 20
0.000000
 40
0.000000
 41
0.000000
 42
0.000000
  0
VERTEX
  8
BG_DIMENSION
 10
-6.224016
 20
3.810000
 40
0.000000
 41
0.000000
 42
0.000000
  0
VERTEX
  8
BG_DIMENSION
 10
-7.494016
 20
3.810000
 40
0.000000
 41
0.000000
 42
0.000000
  0
SEQEND
  0
POLYLINE
  8
BG_DIMENSION
 66
1
 70
0
 40
0.000000
 41
0.000000
 39
0.000000
  0
VERTEX
  8
BG_DIMENSION
 10
-6.859016
 20
32.439864
 40
0.000000
 41
0.000000
 42
0.000000
  0
VERTEX
  8
BG_DIMENSION
 10
-6.859016
 20
0.000000
 40
0.000000
 41
0.000000
 42
0.000000
  0
SEQEND
  0
POLYLINE
  8
BG_DIMENSION
 66
1
 70
0
 40
0.000000
 41
0.000000
 39
0.000000
  0
VERTEX
  8
BG_DIMENSION
 10
-2.540000
 20
0.000000
 40
0.000000
 41
0.000000
 42
0.000000
  0
VERTEX
  8
BG_DIMENSION
 10
-9.399016
 20
0.000000
 40
0.000000
 41
0.000000
 42
0.000000
  0
SEQEND
  0
POLYLINE
  8
BG_DIMENSION
 66
1
 70
0
 40
0.000000
 41
0.000000
 39
0.000000
  0
VERTEX
  8
BG_DIMENSION
 10
-2.540000
 20
79.999992
 40
0.000000
 41
0.000000
 42
0.000000
  0
VERTEX
  8
BG_DIMENSION
 10
-9.399016
 20
79.999992
 40
0.000000
 41
0.000000
 42
0.000000
  0
SEQEND
  0
TEXT
  8
BG_DIMENSION
 10
-5.665216
 20
34.230564
 11
0.000000
 21
0.000000
 40
2.387600
 41
0.978723
 50
90.000000
  7
STANDARD
 71
0
 72
0
  1
80MM
 73
0
  0
POLYLINE
  8
BG_DIMENSION
 66
1
 70
0
 40
0.000000
 41
0.000000
 39
0.000000
  0
VERTEX
  8
BG_DIMENSION
 10
76.189992
 20
83.387946
 40
0.000000
 41
0.000000
 42
0.000000
  0
VERTEX
  8
BG_DIMENSION
 10
79.999992
 20
84.022946
 40
0.000000
 41
0.000000
 42
0.000000
  0
VERTEX
  8
BG_DIMENSION
 10
76.189992
 20
84.657946
 40
0.000000
 41
0.000000
 42
0.000000
  0
VERTEX
  8
BG_DIMENSION
 10
76.189992
 20
83.387946
 40
0.000000
 41
0.000000
 42
0.000000
  0
SEQEND
  0
POLYLINE
  8
BG_DIMENSION
 66
1
 70
0
 40
0.000000
 41
0.000000
 39
0.000000
  0
VERTEX
  8
BG_DIMENSION
 10
45.004228
 20
84.022946
 40
0.000000
 41
0.000000
 42
0.000000
  0
VERTEX
  8
BG_DIMENSION
 10
79.999992
 20
84.022946
 40
0.000000
 41
0.000000
 42
0.000000
  0
SEQEND
  0
POLYLINE
  8
BG_DIMENSION
 66
1
 70
0
 40
0.000000
 41
0.000000
 39
0.000000
  0
VERTEX
  8
BG_DIMENSION
 10
3.810000
 20
84.657946
 40
0.000000
 41
0.000000
 42
0.000000
  0
VERTEX
  8
BG_DIMENSION
 10
0.000000
 20
84.022946
 40
0.000000
 41
0.000000
 42
0.000000
  0
VERTEX
  8
BG_DIMENSION
 10
3.810000
 20
83.387946
 40
0.000000
 41
0.000000
 42
0.000000
  0
VERTEX
  8
BG_DIMENSION
 10
3.810000
 20
84.657946
 40
0.000000
 41
0.000000
 42
0.000000
  0
SEQEND
  0
POLYLINE
  8
BG_DIMENSION
 66
1
 70
0
 40
0.000000
 41
0.000000
 39
0.000000
  0
VERTEX
  8
BG_DIMENSION
 10
32.659828
 20
84.022946
 40
0.000000
 41
0.000000
 42
0.000000
  0
VERTEX
  8
BG_DIMENSION
 10
0.000000
 20
84.022946
 40
0.000000
 41
0.000000
 42
0.000000
  0
SEQEND
  0
POLYLINE
  8
BG_DIMENSION
 66
1
 70
0
 40
0.000000
 41
0.000000
 39
0.000000
  0
VERTEX
  8
BG_DIMENSION
 10
79.999992
 20
82.539992
 40
0.000000
 41
0.000000
 42
0.000000
  0
VERTEX
  8
BG_DIMENSION
 10
79.999992
 20
86.562946
 40
0.000000
 41
0.000000
 42
0.000000
  0
SEQEND
  0
POLYLINE
  8
BG_DIMENSION
 66
1
 70
0
 40
0.000000
 41
0.000000
 39
0.000000
  0
VERTEX
  8
BG_DIMENSION
 10
0.000000
 20
82.539992
 40
0.000000
 41
0.000000
 42
0.000000
  0
VERTEX
  8
BG_DIMENSION
 10
0.000000
 20
86.562946
 40
0.000000
 41
0.000000
 42
0.000000
  0
SEQEND
  0
TEXT
  8
BG_DIMENSION
 10
34.450528
 20
82.829146
 11
0.000000
 21
0.000000
 40
2.387600
 41
0.978723
 50
0.000000
  7
STANDARD
 71
0
 72
0
  1
80MM
 73
0
  0
CIRCLE
  8
PIN_BOTTOM
 10
53.121560
 20
43.639740
 40
0.228600
  0
CIRCLE
  8
PIN_BOTTOM
 10
53.921660
 20
43.639740
 40
0.228600
  0
POLYLINE
  8
PG_SILKSCREEN_BOTTOM
 66
1
 70
0
 40
0.000000
 41
0.000000
 39
0.000000
  0
VERTEX
  8
PG_SILKSCREEN_BOTTOM
 10
54.366922
 20
44.020740
 40
0.100076
 41
0.100076
 42
0.000000
  0
VERTEX
  8
PG_SILKSCREEN_BOTTOM
 10
54.366922
 20
43.258740
 40
0.100076
 41
0.100076
 42
0.000000
  0
VERTEX
  8
PG_SILKSCREEN_BOTTOM
 10
52.676298
 20
43.258740
 40
0.100076
 41
0.100076
 42
0.000000
  0
VERTEX
  8
PG_SILKSCREEN_BOTTOM
 10
52.676298
 20
44.020740
 40
0.100076
 41
0.100076
 42
0.000000
  0
VERTEX
  8
PG_SILKSCREEN_BOTTOM
 10
54.366922
 20
44.020740
 40
0.100076
 41
0.100076
 42
0.000000
  0
SEQEND
  0
CIRCLE
  8
PIN_BOTTOM
 10
51.043561
 20
42.642917
 40
0.228600
  0
CIRCLE
  8
PIN_BOTTOM
 10
51.843661
 20
42.642917
 40
0.228600
  0
POLYLINE
  8
PG_SILKSCREEN_BOTTOM
 66
1
 70
0
 40
0.000000
 41
0.000000
 39
0.000000
  0
VERTEX
  8
PG_SILKSCREEN_BOTTOM
 10
52.288923
 20
43.023917
 40
0.100076
 41
0.100076
 42
0.000000
  0
VERTEX
  8
PG_SILKSCREEN_BOTTOM
 10
52.288923
 20
42.261917
 40
0.100076
 41
0.100076
 42
0.000000
  0
VERTEX
  8
PG_SILKSCREEN_BOTTOM
 10
50.598299
 20
42.261917
 40
0.100076
 41
0.100076
 42
0.000000
  0
VERTEX
  8
PG_SILKSCREEN_BOTTOM
 10
50.598299
 20
43.023917
 40
0.100076
 41
0.100076
 42
0.000000
  0
VERTEX
  8
PG_SILKSCREEN_BOTTOM
 10
52.288923
 20
43.023917
 40
0.100076
 41
0.100076
 42
0.000000
  0
SEQEND
  0
CIRCLE
  8
PIN_BOTTOM
 10
51.003937
 20
46.503717
 40
0.228600
  0
CIRCLE
  8
PIN_BOTTOM
 10
51.804037
 20
46.503717
 40
0.228600
  0
POLYLINE
  8
PG_SILKSCREEN_BOTTOM
 66
1
 70
0
 40
0.000000
 41
0.000000
 39
0.000000
  0
VERTEX
  8
PG_SILKSCREEN_BOTTOM
 10
52.249299
 20
46.884717
 40
0.100076
 41
0.100076
 42
0.000000
  0
VERTEX
  8
PG_SILKSCREEN_BOTTOM
 10
52.249299
 20
46.122717
 40
0.100076
 41
0.100076
 42
0.000000
  0
VERTEX
  8
PG_SILKSCREEN_BOTTOM
 10
50.558675
 20
46.122717
 40
0.100076
 41
0.100076
 42
0.000000
  0
VERTEX
  8
PG_SILKSCREEN_BOTTOM
 10
50.558675
 20
46.884717
 40
0.100076
 41
0.100076
 42
0.000000
  0
VERTEX
  8
PG_SILKSCREEN_BOTTOM
 10
52.249299
 20
46.884717
 40
0.100076
 41
0.100076
 42
0.000000
  0
SEQEND
  0
CIRCLE
  8
PIN_BOTTOM
 10
51.023495
 20
47.673387
 40
0.228600
  0
CIRCLE
  8
PIN_BOTTOM
 10
51.823595
 20
47.673387
 40
0.228600
  0
POLYLINE
  8
PG_SILKSCREEN_BOTTOM
 66
1
 70
0
 40
0.000000
 41
0.000000
 39
0.000000
  0
VERTEX
  8
PG_SILKSCREEN_BOTTOM
 10
52.268857
 20
48.054387
 40
0.100076
 41
0.100076
 42
0.000000
  0
VERTEX
  8
PG_SILKSCREEN_BOTTOM
 10
52.268857
 20
47.292387
 40
0.100076
 41
0.100076
 42
0.000000
  0
VERTEX
  8
PG_SILKSCREEN_BOTTOM
 10
50.578233
 20
47.292387
 40
0.100076
 41
0.100076
 42
0.000000
  0
VERTEX
  8
PG_SILKSCREEN_BOTTOM
 10
50.578233
 20
48.054387
 40
0.100076
 41
0.100076
 42
0.000000
  0
VERTEX
  8
PG_SILKSCREEN_BOTTOM
 10
52.268857
 20
48.054387
 40
0.100076
 41
0.100076
 42
0.000000
  0
SEQEND
  0
CIRCLE
  8
PIN_BOTTOM
 10
51.030607
 20
49.678209
 40
0.228600
  0
CIRCLE
  8
PIN_BOTTOM
 10
51.830707
 20
49.678209
 40
0.228600
  0
POLYLINE
  8
PG_SILKSCREEN_BOTTOM
 66
1
 70
0
 40
0.000000
 41
0.000000
 39
0.000000
  0
VERTEX
  8
PG_SILKSCREEN_BOTTOM
 10
52.275969
 20
50.059209
 40
0.100076
 41
0.100076
 42
0.000000
  0
VERTEX
  8
PG_SILKSCREEN_BOTTOM
 10
52.275969
 20
49.297209
 40
0.100076
 41
0.100076
 42
0.000000
  0
VERTEX
  8
PG_SILKSCREEN_BOTTOM
 10
50.585345
 20
49.297209
 40
0.100076
 41
0.100076
 42
0.000000
  0
VERTEX
  8
PG_SILKSCREEN_BOTTOM
 10
50.585345
 20
50.059209
 40
0.100076
 41
0.100076
 42
0.000000
  0
VERTEX
  8
PG_SILKSCREEN_BOTTOM
 10
52.275969
 20
50.059209
 40
0.100076
 41
0.100076
 42
0.000000
  0
SEQEND
  0
CIRCLE
  8
PIN_BOTTOM
 10
59.008772
 20
61.709300
 40
0.228600
  0
CIRCLE
  8
PIN_BOTTOM
 10
59.808872
 20
61.709300
 40
0.228600
  0
POLYLINE
  8
PG_SILKSCREEN_BOTTOM
 66
1
 70
0
 40
0.000000
 41
0.000000
 39
0.000000
  0
VERTEX
  8
PG_SILKSCREEN_BOTTOM
 10
60.254134
 20
62.090300
 40
0.100076
 41
0.100076
 42
0.000000
  0
VERTEX
  8
PG_SILKSCREEN_BOTTOM
 10
60.254134
 20
61.328300
 40
0.100076
 41
0.100076
 42
0.000000
  0
VERTEX
  8
PG_SILKSCREEN_BOTTOM
 10
58.563510
 20
61.328300
 40
0.100076
 41
0.100076
 42
0.000000
  0
VERTEX
  8
PG_SILKSCREEN_BOTTOM
 10
58.563510
 20
62.090300
 40
0.100076
 41
0.100076
 42
0.000000
  0
VERTEX
  8
PG_SILKSCREEN_BOTTOM
 10
60.254134
 20
62.090300
 40
0.100076
 41
0.100076
 42
0.000000
  0
SEQEND
  0
CIRCLE
  8
PIN_BOTTOM
 10
57.118021
 20
46.636737
 40
0.228600
  0
CIRCLE
  8
PIN_BOTTOM
 10
57.918121
 20
46.636737
 40
0.228600
  0
POLYLINE
  8
PG_SILKSCREEN_BOTTOM
 66
1
 70
0
 40
0.000000
 41
0.000000
 39
0.000000
  0
VERTEX
  8
PG_SILKSCREEN_BOTTOM
 10
58.363383
 20
47.017737
 40
0.100076
 41
0.100076
 42
0.000000
  0
VERTEX
  8
PG_SILKSCREEN_BOTTOM
 10
58.363383
 20
46.255737
 40
0.100076
 41
0.100076
 42
0.000000
  0
VERTEX
  8
PG_SILKSCREEN_BOTTOM
 10
56.672759
 20
46.255737
 40
0.100076
 41
0.100076
 42
0.000000
  0
VERTEX
  8
PG_SILKSCREEN_BOTTOM
 10
56.672759
 20
47.017737
 40
0.100076
 41
0.100076
 42
0.000000
  0
VERTEX
  8
PG_SILKSCREEN_BOTTOM
 10
58.363383
 20
47.017737
 40
0.100076
 41
0.100076
 42
0.000000
  0
SEQEND
  0
CIRCLE
  8
PIN_BOTTOM
 10
56.999657
 20
50.722835
 40
0.228600
  0
CIRCLE
  8
PIN_BOTTOM
 10
57.799757
 20
50.722835
 40
0.228600
  0
POLYLINE
  8
PG_SILKSCREEN_BOTTOM
 66
1
 70
0
 40
0.000000
 41
0.000000
 39
0.000000
  0
VERTEX
  8
PG_SILKSCREEN_BOTTOM
 10
58.245019
 20
51.103835
 40
0.100076
 41
0.100076
 42
0.000000
  0
VERTEX
  8
PG_SILKSCREEN_BOTTOM
 10
58.245019
 20
50.341835
 40
0.100076
 41
0.100076
 42
0.000000
  0
VERTEX
  8
PG_SILKSCREEN_BOTTOM
 10
56.554395
 20
50.341835
 40
0.100076
 41
0.100076
 42
0.000000
  0
VERTEX
  8
PG_SILKSCREEN_BOTTOM
 10
56.554395
 20
51.103835
 40
0.100076
 41
0.100076
 42
0.000000
  0
VERTEX
  8
PG_SILKSCREEN_BOTTOM
 10
58.245019
 20
51.103835
 40
0.100076
 41
0.100076
 42
0.000000
  0
SEQEND
  0
CIRCLE
  8
PIN_BOTTOM
 10
57.075857
 20
54.659581
 40
0.228600
  0
CIRCLE
  8
PIN_BOTTOM
 10
57.875957
 20
54.659581
 40
0.228600
  0
POLYLINE
  8
PG_SILKSCREEN_BOTTOM
 66
1
 70
0
 40
0.000000
 41
0.000000
 39
0.000000
  0
VERTEX
  8
PG_SILKSCREEN_BOTTOM
 10
58.321219
 20
55.040581
 40
0.100076
 41
0.100076
 42
0.000000
  0
VERTEX
  8
PG_SILKSCREEN_BOTTOM
 10
58.321219
 20
54.278581
 40
0.100076
 41
0.100076
 42
0.000000
  0
VERTEX
  8
PG_SILKSCREEN_BOTTOM
 10
56.630595
 20
54.278581
 40
0.100076
 41
0.100076
 42
0.000000
  0
VERTEX
  8
PG_SILKSCREEN_BOTTOM
 10
56.630595
 20
55.040581
 40
0.100076
 41
0.100076
 42
0.000000
  0
VERTEX
  8
PG_SILKSCREEN_BOTTOM
 10
58.321219
 20
55.040581
 40
0.100076
 41
0.100076
 42
0.000000
  0
SEQEND
  0
CIRCLE
  8
PIN_BOTTOM
 10
57.059093
 20
62.650167
 40
0.228600
  0
CIRCLE
  8
PIN_BOTTOM
 10
57.859193
 20
62.650167
 40
0.228600
  0
POLYLINE
  8
PG_SILKSCREEN_BOTTOM
 66
1
 70
0
 40
0.000000
 41
0.000000
 39
0.000000
  0
VERTEX
  8
PG_SILKSCREEN_BOTTOM
 10
58.304455
 20
63.031167
 40
0.100076
 41
0.100076
 42
0.000000
  0
VERTEX
  8
PG_SILKSCREEN_BOTTOM
 10
58.304455
 20
62.269167
 40
0.100076
 41
0.100076
 42
0.000000
  0
VERTEX
  8
PG_SILKSCREEN_BOTTOM
 10
56.613831
 20
62.269167
 40
0.100076
 41
0.100076
 42
0.000000
  0
VERTEX
  8
PG_SILKSCREEN_BOTTOM
 10
56.613831
 20
63.031167
 40
0.100076
 41
0.100076
 42
0.000000
  0
VERTEX
  8
PG_SILKSCREEN_BOTTOM
 10
58.304455
 20
63.031167
 40
0.100076
 41
0.100076
 42
0.000000
  0
SEQEND
  0
CIRCLE
  8
PIN_BOTTOM
 10
59.024291
 20
59.688527
 40
0.228600
  0
CIRCLE
  8
PIN_BOTTOM
 10
59.824391
 20
59.688527
 40
0.228600
  0
POLYLINE
  8
PG_SILKSCREEN_BOTTOM
 66
1
 70
0
 40
0.000000
 41
0.000000
 39
0.000000
  0
VERTEX
  8
PG_SILKSCREEN_BOTTOM
 10
60.269653
 20
60.069527
 40
0.100076
 41
0.100076
 42
0.000000
  0
VERTEX
  8
PG_SILKSCREEN_BOTTOM
 10
60.269653
 20
59.307527
 40
0.100076
 41
0.100076
 42
0.000000
  0
VERTEX
  8
PG_SILKSCREEN_BOTTOM
 10
58.579029
 20
59.307527
 40
0.100076
 41
0.100076
 42
0.000000
  0
VERTEX
  8
PG_SILKSCREEN_BOTTOM
 10
58.579029
 20
60.069527
 40
0.100076
 41
0.100076
 42
0.000000
  0
VERTEX
  8
PG_SILKSCREEN_BOTTOM
 10
60.269653
 20
60.069527
 40
0.100076
 41
0.100076
 42
0.000000
  0
SEQEND
  0
CIRCLE
  8
PIN_BOTTOM
 10
56.995289
 20
48.709453
 40
0.228600
  0
CIRCLE
  8
PIN_BOTTOM
 10
57.795389
 20
48.709453
 40
0.228600
  0
POLYLINE
  8
PG_SILKSCREEN_BOTTOM
 66
1
 70
0
 40
0.000000
 41
0.000000
 39
0.000000
  0
VERTEX
  8
PG_SILKSCREEN_BOTTOM
 10
58.240651
 20
49.090453
 40
0.100076
 41
0.100076
 42
0.000000
  0
VERTEX
  8
PG_SILKSCREEN_BOTTOM
 10
58.240651
 20
48.328453
 40
0.100076
 41
0.100076
 42
0.000000
  0
VERTEX
  8
PG_SILKSCREEN_BOTTOM
 10
56.550027
 20
48.328453
 40
0.100076
 41
0.100076
 42
0.000000
  0
VERTEX
  8
PG_SILKSCREEN_BOTTOM
 10
56.550027
 20
49.090453
 40
0.100076
 41
0.100076
 42
0.000000
  0
VERTEX
  8
PG_SILKSCREEN_BOTTOM
 10
58.240651
 20
49.090453
 40
0.100076
 41
0.100076
 42
0.000000
  0
SEQEND
  0
CIRCLE
  8
PIN_BOTTOM
 10
57.028563
 20
52.657121
 40
0.228600
  0
CIRCLE
  8
PIN_BOTTOM
 10
57.828663
 20
52.657121
 40
0.228600
  0
POLYLINE
  8
PG_SILKSCREEN_BOTTOM
 66
1
 70
0
 40
0.000000
 41
0.000000
 39
0.000000
  0
VERTEX
  8
PG_SILKSCREEN_BOTTOM
 10
58.273925
 20
53.038121
 40
0.100076
 41
0.100076
 42
0.000000
  0
VERTEX
  8
PG_SILKSCREEN_BOTTOM
 10
58.273925
 20
52.276121
 40
0.100076
 41
0.100076
 42
0.000000
  0
VERTEX
  8
PG_SILKSCREEN_BOTTOM
 10
56.583301
 20
52.276121
 40
0.100076
 41
0.100076
 42
0.000000
  0
VERTEX
  8
PG_SILKSCREEN_BOTTOM
 10
56.583301
 20
53.038121
 40
0.100076
 41
0.100076
 42
0.000000
  0
VERTEX
  8
PG_SILKSCREEN_BOTTOM
 10
58.273925
 20
53.038121
 40
0.100076
 41
0.100076
 42
0.000000
  0
SEQEND
  0
CIRCLE
  8
PIN_BOTTOM
 10
55.029583
 20
52.482623
 40
0.228600
  0
CIRCLE
  8
PIN_BOTTOM
 10
55.829683
 20
52.482623
 40
0.228600
  0
POLYLINE
  8
PG_SILKSCREEN_BOTTOM
 66
1
 70
0
 40
0.000000
 41
0.000000
 39
0.000000
  0
VERTEX
  8
PG_SILKSCREEN_BOTTOM
 10
56.274945
 20
52.863623
 40
0.100076
 41
0.100076
 42
0.000000
  0
VERTEX
  8
PG_SILKSCREEN_BOTTOM
 10
56.274945
 20
52.101623
 40
0.100076
 41
0.100076
 42
0.000000
  0
VERTEX
  8
PG_SILKSCREEN_BOTTOM
 10
54.584321
 20
52.101623
 40
0.100076
 41
0.100076
 42
0.000000
  0
VERTEX
  8
PG_SILKSCREEN_BOTTOM
 10
54.584321
 20
52.863623
 40
0.100076
 41
0.100076
 42
0.000000
  0
VERTEX
  8
PG_SILKSCREEN_BOTTOM
 10
56.274945
 20
52.863623
 40
0.100076
 41
0.100076
 42
0.000000
  0
SEQEND
  0
CIRCLE
  8
PIN_BOTTOM
 10
57.022467
 20
56.695721
 40
0.228600
  0
CIRCLE
  8
PIN_BOTTOM
 10
57.822567
 20
56.695721
 40
0.228600
  0
POLYLINE
  8
PG_SILKSCREEN_BOTTOM
 66
1
 70
0
 40
0.000000
 41
0.000000
 39
0.000000
  0
VERTEX
  8
PG_SILKSCREEN_BOTTOM
 10
58.267829
 20
57.076721
 40
0.100076
 41
0.100076
 42
0.000000
  0
VERTEX
  8
PG_SILKSCREEN_BOTTOM
 10
58.267829
 20
56.314721
 40
0.100076
 41
0.100076
 42
0.000000
  0
VERTEX
  8
PG_SILKSCREEN_BOTTOM
 10
56.577205
 20
56.314721
 40
0.100076
 41
0.100076
 42
0.000000
  0
VERTEX
  8
PG_SILKSCREEN_BOTTOM
 10
56.577205
 20
57.076721
 40
0.100076
 41
0.100076
 42
0.000000
  0
VERTEX
  8
PG_SILKSCREEN_BOTTOM
 10
58.267829
 20
57.076721
 40
0.100076
 41
0.100076
 42
0.000000
  0
SEQEND
  0
CIRCLE
  8
PIN_BOTTOM
 10
57.032881
 20
58.697749
 40
0.228600
  0
CIRCLE
  8
PIN_BOTTOM
 10
57.832981
 20
58.697749
 40
0.228600
  0
POLYLINE
  8
PG_SILKSCREEN_BOTTOM
 66
1
 70
0
 40
0.000000
 41
0.000000
 39
0.000000
  0
VERTEX
  8
PG_SILKSCREEN_BOTTOM
 10
58.278243
 20
59.078749
 40
0.100076
 41
0.100076
 42
0.000000
  0
VERTEX
  8
PG_SILKSCREEN_BOTTOM
 10
58.278243
 20
58.316749
 40
0.100076
 41
0.100076
 42
0.000000
  0
VERTEX
  8
PG_SILKSCREEN_BOTTOM
 10
56.587619
 20
58.316749
 40
0.100076
 41
0.100076
 42
0.000000
  0
VERTEX
  8
PG_SILKSCREEN_BOTTOM
 10
56.587619
 20
59.078749
 40
0.100076
 41
0.100076
 42
0.000000
  0
VERTEX
  8
PG_SILKSCREEN_BOTTOM
 10
58.278243
 20
59.078749
 40
0.100076
 41
0.100076
 42
0.000000
  0
SEQEND
  0
CIRCLE
  8
PIN_BOTTOM
 10
56.987161
 20
60.719335
 40
0.228600
  0
CIRCLE
  8
PIN_BOTTOM
 10
57.787261
 20
60.719335
 40
0.228600
  0
POLYLINE
  8
PG_SILKSCREEN_BOTTOM
 66
1
 70
0
 40
0.000000
 41
0.000000
 39
0.000000
  0
VERTEX
  8
PG_SILKSCREEN_BOTTOM
 10
58.232523
 20
61.100335
 40
0.100076
 41
0.100076
 42
0.000000
  0
VERTEX
  8
PG_SILKSCREEN_BOTTOM
 10
58.232523
 20
60.338335
 40
0.100076
 41
0.100076
 42
0.000000
  0
VERTEX
  8
PG_SILKSCREEN_BOTTOM
 10
56.541899
 20
60.338335
 40
0.100076
 41
0.100076
 42
0.000000
  0
VERTEX
  8
PG_SILKSCREEN_BOTTOM
 10
56.541899
 20
61.100335
 40
0.100076
 41
0.100076
 42
0.000000
  0
VERTEX
  8
PG_SILKSCREEN_BOTTOM
 10
58.232523
 20
61.100335
 40
0.100076
 41
0.100076
 42
0.000000
  0
SEQEND
  0
CIRCLE
  8
PIN_BOTTOM
 10
31.591733
 20
35.679583
 40
0.228600
  0
CIRCLE
  8
PIN_BOTTOM
 10
30.791633
 20
35.679583
 40
0.228600
  0
POLYLINE
  8
PG_SILKSCREEN_BOTTOM
 66
1
 70
0
 40
0.000000
 41
0.000000
 39
0.000000
  0
VERTEX
  8
PG_SILKSCREEN_BOTTOM
 10
30.346371
 20
35.298583
 40
0.100076
 41
0.100076
 42
0.000000
  0
VERTEX
  8
PG_SILKSCREEN_BOTTOM
 10
30.346371
 20
36.060583
 40
0.100076
 41
0.100076
 42
0.000000
  0
VERTEX
  8
PG_SILKSCREEN_BOTTOM
 10
32.036995
 20
36.060583
 40
0.100076
 41
0.100076
 42
0.000000
  0
VERTEX
  8
PG_SILKSCREEN_BOTTOM
 10
32.036995
 20
35.298583
 40
0.100076
 41
0.100076
 42
0.000000
  0
VERTEX
  8
PG_SILKSCREEN_BOTTOM
 10
30.346371
 20
35.298583
 40
0.100076
 41
0.100076
 42
0.000000
  0
SEQEND
  0
CIRCLE
  8
PIN_BOTTOM
 10
29.588435
 20
38.716407
 40
0.228600
  0
CIRCLE
  8
PIN_BOTTOM
 10
28.788335
 20
38.716407
 40
0.228600
  0
POLYLINE
  8
PG_SILKSCREEN_BOTTOM
 66
1
 70
0
 40
0.000000
 41
0.000000
 39
0.000000
  0
VERTEX
  8
PG_SILKSCREEN_BOTTOM
 10
28.343073
 20
38.335407
 40
0.100076
 41
0.100076
 42
0.000000
  0
VERTEX
  8
PG_SILKSCREEN_BOTTOM
 10
28.343073
 20
39.097407
 40
0.100076
 41
0.100076
 42
0.000000
  0
VERTEX
  8
PG_SILKSCREEN_BOTTOM
 10
30.033697
 20
39.097407
 40
0.100076
 41
0.100076
 42
0.000000
  0
VERTEX
  8
PG_SILKSCREEN_BOTTOM
 10
30.033697
 20
38.335407
 40
0.100076
 41
0.100076
 42
0.000000
  0
VERTEX
  8
PG_SILKSCREEN_BOTTOM
 10
28.343073
 20
38.335407
 40
0.100076
 41
0.100076
 42
0.000000
  0
SEQEND
  0
CIRCLE
  8
PIN_BOTTOM
 10
31.499785
 20
39.645539
 40
0.228600
  0
CIRCLE
  8
PIN_BOTTOM
 10
30.699685
 20
39.645539
 40
0.228600
  0
POLYLINE
  8
PG_SILKSCREEN_BOTTOM
 66
1
 70
0
 40
0.000000
 41
0.000000
 39
0.000000
  0
VERTEX
  8
PG_SILKSCREEN_BOTTOM
 10
30.254423
 20
39.264539
 40
0.100076
 41
0.100076
 42
0.000000
  0
VERTEX
  8
PG_SILKSCREEN_BOTTOM
 10
30.254423
 20
40.026539
 40
0.100076
 41
0.100076
 42
0.000000
  0
VERTEX
  8
PG_SILKSCREEN_BOTTOM
 10
31.945047
 20
40.026539
 40
0.100076
 41
0.100076
 42
0.000000
  0
VERTEX
  8
PG_SILKSCREEN_BOTTOM
 10
31.945047
 20
39.264539
 40
0.100076
 41
0.100076
 42
0.000000
  0
VERTEX
  8
PG_SILKSCREEN_BOTTOM
 10
30.254423
 20
39.264539
 40
0.100076
 41
0.100076
 42
0.000000
  0
SEQEND
  0
CIRCLE
  8
PIN_BOTTOM
 10
31.540425
 20
41.682873
 40
0.228600
  0
CIRCLE
  8
PIN_BOTTOM
 10
30.740325
 20
41.682873
 40
0.228600
  0
POLYLINE
  8
PG_SILKSCREEN_BOTTOM
 66
1
 70
0
 40
0.000000
 41
0.000000
 39
0.000000
  0
VERTEX
  8
PG_SILKSCREEN_BOTTOM
 10
30.295063
 20
41.301873
 40
0.100076
 41
0.100076
 42
0.000000
  0
VERTEX
  8
PG_SILKSCREEN_BOTTOM
 10
30.295063
 20
42.063873
 40
0.100076
 41
0.100076
 42
0.000000
  0
VERTEX
  8
PG_SILKSCREEN_BOTTOM
 10
31.985687
 20
42.063873
 40
0.100076
 41
0.100076
 42
0.000000
  0
VERTEX
  8
PG_SILKSCREEN_BOTTOM
 10
31.985687
 20
41.301873
 40
0.100076
 41
0.100076
 42
0.000000
  0
VERTEX
  8
PG_SILKSCREEN_BOTTOM
 10
30.295063
 20
41.301873
 40
0.100076
 41
0.100076
 42
0.000000
  0
SEQEND
  0
CIRCLE
  8
PIN_BOTTOM
 10
29.553891
 20
42.651629
 40
0.228600
  0
CIRCLE
  8
PIN_BOTTOM
 10
28.753791
 20
42.651629
 40
0.228600
  0
POLYLINE
  8
PG_SILKSCREEN_BOTTOM
 66
1
 70
0
 40
0.000000
 41
0.000000
 39
0.000000
  0
VERTEX
  8
PG_SILKSCREEN_BOTTOM
 10
28.308529
 20
42.270629
 40
0.100076
 41
0.100076
 42
0.000000
  0
VERTEX
  8
PG_SILKSCREEN_BOTTOM
 10
28.308529
 20
43.032629
 40
0.100076
 41
0.100076
 42
0.000000
  0
VERTEX
  8
PG_SILKSCREEN_BOTTOM
 10
29.999153
 20
43.032629
 40
0.100076
 41
0.100076
 42
0.000000
  0
VERTEX
  8
PG_SILKSCREEN_BOTTOM
 10
29.999153
 20
42.270629
 40
0.100076
 41
0.100076
 42
0.000000
  0
VERTEX
  8
PG_SILKSCREEN_BOTTOM
 10
28.308529
 20
42.270629
 40
0.100076
 41
0.100076
 42
0.000000
  0
SEQEND
  0
CIRCLE
  8
PIN_BOTTOM
 10
31.568619
 20
46.665083
 40
0.228600
  0
CIRCLE
  8
PIN_BOTTOM
 10
30.768519
 20
46.665083
 40
0.228600
  0
POLYLINE
  8
PG_SILKSCREEN_BOTTOM
 66
1
 70
0
 40
0.000000
 41
0.000000
 39
0.000000
  0
VERTEX
  8
PG_SILKSCREEN_BOTTOM
 10
30.323257
 20
46.284083
 40
0.100076
 41
0.100076
 42
0.000000
  0
VERTEX
  8
PG_SILKSCREEN_BOTTOM
 10
30.323257
 20
47.046083
 40
0.100076
 41
0.100076
 42
0.000000
  0
VERTEX
  8
PG_SILKSCREEN_BOTTOM
 10
32.013881
 20
47.046083
 40
0.100076
 41
0.100076
 42
0.000000
  0
VERTEX
  8
PG_SILKSCREEN_BOTTOM
 10
32.013881
 20
46.284083
 40
0.100076
 41
0.100076
 42
0.000000
  0
VERTEX
  8
PG_SILKSCREEN_BOTTOM
 10
30.323257
 20
46.284083
 40
0.100076
 41
0.100076
 42
0.000000
  0
SEQEND
  0
CIRCLE
  8
PIN_BOTTOM
 10
31.565571
 20
48.679049
 40
0.228600
  0
CIRCLE
  8
PIN_BOTTOM
 10
30.765471
 20
48.679049
 40
0.228600
  0
POLYLINE
  8
PG_SILKSCREEN_BOTTOM
 66
1
 70
0
 40
0.000000
 41
0.000000
 39
0.000000
  0
VERTEX
  8
PG_SILKSCREEN_BOTTOM
 10
30.320209
 20
48.298049
 40
0.100076
 41
0.100076
 42
0.000000
  0
VERTEX
  8
PG_SILKSCREEN_BOTTOM
 10
30.320209
 20
49.060049
 40
0.100076
 41
0.100076
 42
0.000000
  0
VERTEX
  8
PG_SILKSCREEN_BOTTOM
 10
32.010833
 20
49.060049
 40
0.100076
 41
0.100076
 42
0.000000
  0
VERTEX
  8
PG_SILKSCREEN_BOTTOM
 10
32.010833
 20
48.298049
 40
0.100076
 41
0.100076
 42
0.000000
  0
VERTEX
  8
PG_SILKSCREEN_BOTTOM
 10
30.320209
 20
48.298049
 40
0.100076
 41
0.100076
 42
0.000000
  0
SEQEND
  0
CIRCLE
  8
PIN_BOTTOM
 10
29.471087
 20
34.628277
 40
0.228600
  0
CIRCLE
  8
PIN_BOTTOM
 10
28.670987
 20
34.628277
 40
0.228600
  0
POLYLINE
  8
PG_SILKSCREEN_BOTTOM
 66
1
 70
0
 40
0.000000
 41
0.000000
 39
0.000000
  0
VERTEX
  8
PG_SILKSCREEN_BOTTOM
 10
28.225725
 20
34.247277
 40
0.100076
 41
0.100076
 42
0.000000
  0
VERTEX
  8
PG_SILKSCREEN_BOTTOM
 10
28.225725
 20
35.009277
 40
0.100076
 41
0.100076
 42
0.000000
  0
VERTEX
  8
PG_SILKSCREEN_BOTTOM
 10
29.916349
 20
35.009277
 40
0.100076
 41
0.100076
 42
0.000000
  0
VERTEX
  8
PG_SILKSCREEN_BOTTOM
 10
29.916349
 20
34.247277
 40
0.100076
 41
0.100076
 42
0.000000
  0
VERTEX
  8
PG_SILKSCREEN_BOTTOM
 10
28.225725
 20
34.247277
 40
0.100076
 41
0.100076
 42
0.000000
  0
SEQEND
  0
CIRCLE
  8
PIN_BOTTOM
 10
29.594531
 20
36.726317
 40
0.228600
  0
CIRCLE
  8
PIN_BOTTOM
 10
28.794431
 20
36.726317
 40
0.228600
  0
POLYLINE
  8
PG_SILKSCREEN_BOTTOM
 66
1
 70
0
 40
0.000000
 41
0.000000
 39
0.000000
  0
VERTEX
  8
PG_SILKSCREEN_BOTTOM
 10
28.349169
 20
36.345317
 40
0.100076
 41
0.100076
 42
0.000000
  0
VERTEX
  8
PG_SILKSCREEN_BOTTOM
 10
28.349169
 20
37.107317
 40
0.100076
 41
0.100076
 42
0.000000
  0
VERTEX
  8
PG_SILKSCREEN_BOTTOM
 10
30.039793
 20
37.107317
 40
0.100076
 41
0.100076
 42
0.000000
  0
VERTEX
  8
PG_SILKSCREEN_BOTTOM
 10
30.039793
 20
36.345317
 40
0.100076
 41
0.100076
 42
0.000000
  0
VERTEX
  8
PG_SILKSCREEN_BOTTOM
 10
28.349169
 20
36.345317
 40
0.100076
 41
0.100076
 42
0.000000
  0
SEQEND
  0
CIRCLE
  8
PIN_BOTTOM
 10
31.575223
 20
37.689485
 40
0.228600
  0
CIRCLE
  8
PIN_BOTTOM
 10
30.775123
 20
37.689485
 40
0.228600
  0
POLYLINE
  8
PG_SILKSCREEN_BOTTOM
 66
1
 70
0
 40
0.000000
 41
0.000000
 39
0.000000
  0
VERTEX
  8
PG_SILKSCREEN_BOTTOM
 10
30.329861
 20
37.308485
 40
0.100076
 41
0.100076
 42
0.000000
  0
VERTEX
  8
PG_SILKSCREEN_BOTTOM
 10
30.329861
 20
38.070485
 40
0.100076
 41
0.100076
 42
0.000000
  0
VERTEX
  8
PG_SILKSCREEN_BOTTOM
 10
32.020485
 20
38.070485
 40
0.100076
 41
0.100076
 42
0.000000
  0
VERTEX
  8
PG_SILKSCREEN_BOTTOM
 10
32.020485
 20
37.308485
 40
0.100076
 41
0.100076
 42
0.000000
  0
VERTEX
  8
PG_SILKSCREEN_BOTTOM
 10
30.329861
 20
37.308485
 40
0.100076
 41
0.100076
 42
0.000000
  0
SEQEND
  0
CIRCLE
  8
PIN_BOTTOM
 10
29.497757
 20
40.635885
 40
0.228600
  0
CIRCLE
  8
PIN_BOTTOM
 10
28.697657
 20
40.635885
 40
0.228600
  0
POLYLINE
  8
PG_SILKSCREEN_BOTTOM
 66
1
 70
0
 40
0.000000
 41
0.000000
 39
0.000000
  0
VERTEX
  8
PG_SILKSCREEN_BOTTOM
 10
28.252395
 20
40.254885
 40
0.100076
 41
0.100076
 42
0.000000
  0
VERTEX
  8
PG_SILKSCREEN_BOTTOM
 10
28.252395
 20
41.016885
 40
0.100076
 41
0.100076
 42
0.000000
  0
VERTEX
  8
PG_SILKSCREEN_BOTTOM
 10
29.943019
 20
41.016885
 40
0.100076
 41
0.100076
 42
0.000000
  0
VERTEX
  8
PG_SILKSCREEN_BOTTOM
 10
29.943019
 20
40.254885
 40
0.100076
 41
0.100076
 42
0.000000
  0
VERTEX
  8
PG_SILKSCREEN_BOTTOM
 10
28.252395
 20
40.254885
 40
0.100076
 41
0.100076
 42
0.000000
  0
SEQEND
  0
CIRCLE
  8
PIN_BOTTOM
 10
34.607475
 20
39.546987
 40
0.228600
  0
CIRCLE
  8
PIN_BOTTOM
 10
33.807375
 20
39.546987
 40
0.228600
  0
POLYLINE
  8
PG_SILKSCREEN_BOTTOM
 66
1
 70
0
 40
0.000000
 41
0.000000
 39
0.000000
  0
VERTEX
  8
PG_SILKSCREEN_BOTTOM
 10
33.362113
 20
39.165987
 40
0.100076
 41
0.100076
 42
0.000000
  0
VERTEX
  8
PG_SILKSCREEN_BOTTOM
 10
33.362113
 20
39.927987
 40
0.100076
 41
0.100076
 42
0.000000
  0
VERTEX
  8
PG_SILKSCREEN_BOTTOM
 10
35.052737
 20
39.927987
 40
0.100076
 41
0.100076
 42
0.000000
  0
VERTEX
  8
PG_SILKSCREEN_BOTTOM
 10
35.052737
 20
39.165987
 40
0.100076
 41
0.100076
 42
0.000000
  0
VERTEX
  8
PG_SILKSCREEN_BOTTOM
 10
33.362113
 20
39.165987
 40
0.100076
 41
0.100076
 42
0.000000
  0
SEQEND
  0
CIRCLE
  8
PIN_BOTTOM
 10
31.557951
 20
43.672709
 40
0.228600
  0
CIRCLE
  8
PIN_BOTTOM
 10
30.757851
 20
43.672709
 40
0.228600
  0
POLYLINE
  8
PG_SILKSCREEN_BOTTOM
 66
1
 70
0
 40
0.000000
 41
0.000000
 39
0.000000
  0
VERTEX
  8
PG_SILKSCREEN_BOTTOM
 10
30.312589
 20
43.291709
 40
0.100076
 41
0.100076
 42
0.000000
  0
VERTEX
  8
PG_SILKSCREEN_BOTTOM
 10
30.312589
 20
44.053709
 40
0.100076
 41
0.100076
 42
0.000000
  0
VERTEX
  8
PG_SILKSCREEN_BOTTOM
 10
32.003213
 20
44.053709
 40
0.100076
 41
0.100076
 42
0.000000
  0
VERTEX
  8
PG_SILKSCREEN_BOTTOM
 10
32.003213
 20
43.291709
 40
0.100076
 41
0.100076
 42
0.000000
  0
VERTEX
  8
PG_SILKSCREEN_BOTTOM
 10
30.312589
 20
43.291709
 40
0.100076
 41
0.100076
 42
0.000000
  0
SEQEND
  0
CIRCLE
  8
PIN_BOTTOM
 10
29.565321
 20
45.686675
 40
0.228600
  0
CIRCLE
  8
PIN_BOTTOM
 10
28.765221
 20
45.686675
 40
0.228600
  0
POLYLINE
  8
PG_SILKSCREEN_BOTTOM
 66
1
 70
0
 40
0.000000
 41
0.000000
 39
0.000000
  0
VERTEX
  8
PG_SILKSCREEN_BOTTOM
 10
28.319959
 20
45.305675
 40
0.100076
 41
0.100076
 42
0.000000
  0
VERTEX
  8
PG_SILKSCREEN_BOTTOM
 10
28.319959
 20
46.067675
 40
0.100076
 41
0.100076
 42
0.000000
  0
VERTEX
  8
PG_SILKSCREEN_BOTTOM
 10
30.010583
 20
46.067675
 40
0.100076
 41
0.100076
 42
0.000000
  0
VERTEX
  8
PG_SILKSCREEN_BOTTOM
 10
30.010583
 20
45.305675
 40
0.100076
 41
0.100076
 42
0.000000
  0
VERTEX
  8
PG_SILKSCREEN_BOTTOM
 10
28.319959
 20
45.305675
 40
0.100076
 41
0.100076
 42
0.000000
  0
SEQEND
  0
CIRCLE
  8
PIN_BOTTOM
 10
29.527475
 20
47.642983
 40
0.228600
  0
CIRCLE
  8
PIN_BOTTOM
 10
28.727375
 20
47.642983
 40
0.228600
  0
POLYLINE
  8
PG_SILKSCREEN_BOTTOM
 66
1
 70
0
 40
0.000000
 41
0.000000
 39
0.000000
  0
VERTEX
  8
PG_SILKSCREEN_BOTTOM
 10
28.282113
 20
47.261983
 40
0.100076
 41
0.100076
 42
0.000000
  0
VERTEX
  8
PG_SILKSCREEN_BOTTOM
 10
28.282113
 20
48.023983
 40
0.100076
 41
0.100076
 42
0.000000
  0
VERTEX
  8
PG_SILKSCREEN_BOTTOM
 10
29.972737
 20
48.023983
 40
0.100076
 41
0.100076
 42
0.000000
  0
VERTEX
  8
PG_SILKSCREEN_BOTTOM
 10
29.972737
 20
47.261983
 40
0.100076
 41
0.100076
 42
0.000000
  0
VERTEX
  8
PG_SILKSCREEN_BOTTOM
 10
28.282113
 20
47.261983
 40
0.100076
 41
0.100076
 42
0.000000
  0
SEQEND
  0
CIRCLE
  8
PIN_BOTTOM
 10
29.523157
 20
49.663299
 40
0.228600
  0
CIRCLE
  8
PIN_BOTTOM
 10
28.723057
 20
49.663299
 40
0.228600
  0
POLYLINE
  8
PG_SILKSCREEN_BOTTOM
 66
1
 70
0
 40
0.000000
 41
0.000000
 39
0.000000
  0
VERTEX
  8
PG_SILKSCREEN_BOTTOM
 10
28.277795
 20
49.282299
 40
0.100076
 41
0.100076
 42
0.000000
  0
VERTEX
  8
PG_SILKSCREEN_BOTTOM
 10
28.277795
 20
50.044299
 40
0.100076
 41
0.100076
 42
0.000000
  0
VERTEX
  8
PG_SILKSCREEN_BOTTOM
 10
29.968419
 20
50.044299
 40
0.100076
 41
0.100076
 42
0.000000
  0
VERTEX
  8
PG_SILKSCREEN_BOTTOM
 10
29.968419
 20
49.282299
 40
0.100076
 41
0.100076
 42
0.000000
  0
VERTEX
  8
PG_SILKSCREEN_BOTTOM
 10
28.277795
 20
49.282299
 40
0.100076
 41
0.100076
 42
0.000000
  0
SEQEND
  0
CIRCLE
  8
PIN_BOTTOM
 10
31.570955
 20
50.692685
 40
0.228600
  0
CIRCLE
  8
PIN_BOTTOM
 10
30.770855
 20
50.692685
 40
0.228600
  0
POLYLINE
  8
PG_SILKSCREEN_BOTTOM
 66
1
 70
0
 40
0.000000
 41
0.000000
 39
0.000000
  0
VERTEX
  8
PG_SILKSCREEN_BOTTOM
 10
30.325593
 20
50.311685
 40
0.100076
 41
0.100076
 42
0.000000
  0
VERTEX
  8
PG_SILKSCREEN_BOTTOM
 10
30.325593
 20
51.073685
 40
0.100076
 41
0.100076
 42
0.000000
  0
VERTEX
  8
PG_SILKSCREEN_BOTTOM
 10
32.016217
 20
51.073685
 40
0.100076
 41
0.100076
 42
0.000000
  0
VERTEX
  8
PG_SILKSCREEN_BOTTOM
 10
32.016217
 20
50.311685
 40
0.100076
 41
0.100076
 42
0.000000
  0
VERTEX
  8
PG_SILKSCREEN_BOTTOM
 10
30.325593
 20
50.311685
 40
0.100076
 41
0.100076
 42
0.000000
  0
SEQEND
  0
CIRCLE
  8
PIN_BOTTOM
 10
29.520667
 20
51.667791
 40
0.228600
  0
CIRCLE
  8
PIN_BOTTOM
 10
28.720567
 20
51.667791
 40
0.228600
  0
POLYLINE
  8
PG_SILKSCREEN_BOTTOM
 66
1
 70
0
 40
0.000000
 41
0.000000
 39
0.000000
  0
VERTEX
  8
PG_SILKSCREEN_BOTTOM
 10
28.275305
 20
51.286791
 40
0.100076
 41
0.100076
 42
0.000000
  0
VERTEX
  8
PG_SILKSCREEN_BOTTOM
 10
28.275305
 20
52.048791
 40
0.100076
 41
0.100076
 42
0.000000
  0
VERTEX
  8
PG_SILKSCREEN_BOTTOM
 10
29.965929
 20
52.048791
 40
0.100076
 41
0.100076
 42
0.000000
  0
VERTEX
  8
PG_SILKSCREEN_BOTTOM
 10
29.965929
 20
51.286791
 40
0.100076
 41
0.100076
 42
0.000000
  0
VERTEX
  8
PG_SILKSCREEN_BOTTOM
 10
28.275305
 20
51.286791
 40
0.100076
 41
0.100076
 42
0.000000
  0
SEQEND
  0
CIRCLE
  8
PIN_BOTTOM
 10
31.550127
 20
52.673377
 40
0.228600
  0
CIRCLE
  8
PIN_BOTTOM
 10
30.750027
 20
52.673377
 40
0.228600
  0
POLYLINE
  8
PG_SILKSCREEN_BOTTOM
 66
1
 70
0
 40
0.000000
 41
0.000000
 39
0.000000
  0
VERTEX
  8
PG_SILKSCREEN_BOTTOM
 10
30.304765
 20
52.292377
 40
0.100076
 41
0.100076
 42
0.000000
  0
VERTEX
  8
PG_SILKSCREEN_BOTTOM
 10
30.304765
 20
53.054377
 40
0.100076
 41
0.100076
 42
0.000000
  0
VERTEX
  8
PG_SILKSCREEN_BOTTOM
 10
31.995389
 20
53.054377
 40
0.100076
 41
0.100076
 42
0.000000
  0
VERTEX
  8
PG_SILKSCREEN_BOTTOM
 10
31.995389
 20
52.292377
 40
0.100076
 41
0.100076
 42
0.000000
  0
VERTEX
  8
PG_SILKSCREEN_BOTTOM
 10
30.304765
 20
52.292377
 40
0.100076
 41
0.100076
 42
0.000000
  0
SEQEND
  0
CIRCLE
  8
PIN_BOTTOM
 10
29.569689
 20
53.669819
 40
0.228600
  0
CIRCLE
  8
PIN_BOTTOM
 10
28.769589
 20
53.669819
 40
0.228600
  0
POLYLINE
  8
PG_SILKSCREEN_BOTTOM
 66
1
 70
0
 40
0.000000
 41
0.000000
 39
0.000000
  0
VERTEX
  8
PG_SILKSCREEN_BOTTOM
 10
28.324327
 20
53.288819
 40
0.100076
 41
0.100076
 42
0.000000
  0
VERTEX
  8
PG_SILKSCREEN_BOTTOM
 10
28.324327
 20
54.050819
 40
0.100076
 41
0.100076
 42
0.000000
  0
VERTEX
  8
PG_SILKSCREEN_BOTTOM
 10
30.014951
 20
54.050819
 40
0.100076
 41
0.100076
 42
0.000000
  0
VERTEX
  8
PG_SILKSCREEN_BOTTOM
 10
30.014951
 20
53.288819
 40
0.100076
 41
0.100076
 42
0.000000
  0
VERTEX
  8
PG_SILKSCREEN_BOTTOM
 10
28.324327
 20
53.288819
 40
0.100076
 41
0.100076
 42
0.000000
  0
SEQEND
  0
CIRCLE
  8
PIN_BOTTOM
 10
29.554703
 20
55.696485
 40
0.228600
  0
CIRCLE
  8
PIN_BOTTOM
 10
28.754603
 20
55.696485
 40
0.228600
  0
POLYLINE
  8
PG_SILKSCREEN_BOTTOM
 66
1
 70
0
 40
0.000000
 41
0.000000
 39
0.000000
  0
VERTEX
  8
PG_SILKSCREEN_BOTTOM
 10
28.309341
 20
55.315485
 40
0.100076
 41
0.100076
 42
0.000000
  0
VERTEX
  8
PG_SILKSCREEN_BOTTOM
 10
28.309341
 20
56.077485
 40
0.100076
 41
0.100076
 42
0.000000
  0
VERTEX
  8
PG_SILKSCREEN_BOTTOM
 10
29.999965
 20
56.077485
 40
0.100076
 41
0.100076
 42
0.000000
  0
VERTEX
  8
PG_SILKSCREEN_BOTTOM
 10
29.999965
 20
55.315485
 40
0.100076
 41
0.100076
 42
0.000000
  0
VERTEX
  8
PG_SILKSCREEN_BOTTOM
 10
28.309341
 20
55.315485
 40
0.100076
 41
0.100076
 42
0.000000
  0
SEQEND
  0
CIRCLE
  8
PIN_BOTTOM
 10
31.550889
 20
54.636035
 40
0.228600
  0
CIRCLE
  8
PIN_BOTTOM
 10
30.750789
 20
54.636035
 40
0.228600
  0
POLYLINE
  8
PG_SILKSCREEN_BOTTOM
 66
1
 70
0
 40
0.000000
 41
0.000000
 39
0.000000
  0
VERTEX
  8
PG_SILKSCREEN_BOTTOM
 10
30.305527
 20
54.255035
 40
0.100076
 41
0.100076
 42
0.000000
  0
VERTEX
  8
PG_SILKSCREEN_BOTTOM
 10
30.305527
 20
55.017035
 40
0.100076
 41
0.100076
 42
0.000000
  0
VERTEX
  8
PG_SILKSCREEN_BOTTOM
 10
31.996151
 20
55.017035
 40
0.100076
 41
0.100076
 42
0.000000
  0
VERTEX
  8
PG_SILKSCREEN_BOTTOM
 10
31.996151
 20
54.255035
 40
0.100076
 41
0.100076
 42
0.000000
  0
VERTEX
  8
PG_SILKSCREEN_BOTTOM
 10
30.305527
 20
54.255035
 40
0.100076
 41
0.100076
 42
0.000000
  0
SEQEND
  0
CIRCLE
  8
PIN_BOTTOM
 10
54.932758
 20
38.664718
 40
0.228600
  0
CIRCLE
  8
PIN_BOTTOM
 10
55.732858
 20
38.664718
 40
0.228600
  0
POLYLINE
  8
PG_SILKSCREEN_BOTTOM
 66
1
 70
0
 40
0.000000
 41
0.000000
 39
0.000000
  0
VERTEX
  8
PG_SILKSCREEN_BOTTOM
 10
56.178120
 20
39.045718
 40
0.100076
 41
0.100076
 42
0.000000
  0
VERTEX
  8
PG_SILKSCREEN_BOTTOM
 10
56.178120
 20
38.283718
 40
0.100076
 41
0.100076
 42
0.000000
  0
VERTEX
  8
PG_SILKSCREEN_BOTTOM
 10
54.487496
 20
38.283718
 40
0.100076
 41
0.100076
 42
0.000000
  0
VERTEX
  8
PG_SILKSCREEN_BOTTOM
 10
54.487496
 20
39.045718
 40
0.100076
 41
0.100076
 42
0.000000
  0
VERTEX
  8
PG_SILKSCREEN_BOTTOM
 10
56.178120
 20
39.045718
 40
0.100076
 41
0.100076
 42
0.000000
  0
SEQEND
  0
CIRCLE
  8
PIN_BOTTOM
 10
56.998286
 20
40.461260
 40
0.228600
  0
CIRCLE
  8
PIN_BOTTOM
 10
57.798386
 20
40.461260
 40
0.228600
  0
POLYLINE
  8
PG_SILKSCREEN_BOTTOM
 66
1
 70
0
 40
0.000000
 41
0.000000
 39
0.000000
  0
VERTEX
  8
PG_SILKSCREEN_BOTTOM
 10
58.243648
 20
40.842260
 40
0.100076
 41
0.100076
 42
0.000000
  0
VERTEX
  8
PG_SILKSCREEN_BOTTOM
 10
58.243648
 20
40.080260
 40
0.100076
 41
0.100076
 42
0.000000
  0
VERTEX
  8
PG_SILKSCREEN_BOTTOM
 10
56.553024
 20
40.080260
 40
0.100076
 41
0.100076
 42
0.000000
  0
VERTEX
  8
PG_SILKSCREEN_BOTTOM
 10
56.553024
 20
40.842260
 40
0.100076
 41
0.100076
 42
0.000000
  0
VERTEX
  8
PG_SILKSCREEN_BOTTOM
 10
58.243648
 20
40.842260
 40
0.100076
 41
0.100076
 42
0.000000
  0
SEQEND
  0
CIRCLE
  8
PIN_BOTTOM
 10
56.982284
 20
42.439920
 40
0.228600
  0
CIRCLE
  8
PIN_BOTTOM
 10
57.782384
 20
42.439920
 40
0.228600
  0
POLYLINE
  8
PG_SILKSCREEN_BOTTOM
 66
1
 70
0
 40
0.000000
 41
0.000000
 39
0.000000
  0
VERTEX
  8
PG_SILKSCREEN_BOTTOM
 10
58.227646
 20
42.820920
 40
0.100076
 41
0.100076
 42
0.000000
  0
VERTEX
  8
PG_SILKSCREEN_BOTTOM
 10
58.227646
 20
42.058920
 40
0.100076
 41
0.100076
 42
0.000000
  0
VERTEX
  8
PG_SILKSCREEN_BOTTOM
 10
56.537022
 20
42.058920
 40
0.100076
 41
0.100076
 42
0.000000
  0
VERTEX
  8
PG_SILKSCREEN_BOTTOM
 10
56.537022
 20
42.820920
 40
0.100076
 41
0.100076
 42
0.000000
  0
VERTEX
  8
PG_SILKSCREEN_BOTTOM
 10
58.227646
 20
42.820920
 40
0.100076
 41
0.100076
 42
0.000000
  0
SEQEND
  0
CIRCLE
  8
PIN_BOTTOM
 10
56.977966
 20
44.412738
 40
0.228600
  0
CIRCLE
  8
PIN_BOTTOM
 10
57.778066
 20
44.412738
 40
0.228600
  0
POLYLINE
  8
PG_SILKSCREEN_BOTTOM
 66
1
 70
0
 40
0.000000
 41
0.000000
 39
0.000000
  0
VERTEX
  8
PG_SILKSCREEN_BOTTOM
 10
58.223328
 20
44.793738
 40
0.100076
 41
0.100076
 42
0.000000
  0
VERTEX
  8
PG_SILKSCREEN_BOTTOM
 10
58.223328
 20
44.031738
 40
0.100076
 41
0.100076
 42
0.000000
  0
VERTEX
  8
PG_SILKSCREEN_BOTTOM
 10
56.532704
 20
44.031738
 40
0.100076
 41
0.100076
 42
0.000000
  0
VERTEX
  8
PG_SILKSCREEN_BOTTOM
 10
56.532704
 20
44.793738
 40
0.100076
 41
0.100076
 42
0.000000
  0
VERTEX
  8
PG_SILKSCREEN_BOTTOM
 10
58.223328
 20
44.793738
 40
0.100076
 41
0.100076
 42
0.000000
  0
SEQEND
  0
CIRCLE
  8
PIN_BOTTOM
 10
33.489214
 20
42.650080
 40
0.228600
  0
CIRCLE
  8
PIN_BOTTOM
 10
32.689114
 20
42.650080
 40
0.228600
  0
POLYLINE
  8
PG_SILKSCREEN_BOTTOM
 66
1
 70
0
 40
0.000000
 41
0.000000
 39
0.000000
  0
VERTEX
  8
PG_SILKSCREEN_BOTTOM
 10
32.243852
 20
42.269080
 40
0.100076
 41
0.100076
 42
0.000000
  0
VERTEX
  8
PG_SILKSCREEN_BOTTOM
 10
32.243852
 20
43.031080
 40
0.100076
 41
0.100076
 42
0.000000
  0
VERTEX
  8
PG_SILKSCREEN_BOTTOM
 10
33.934476
 20
43.031080
 40
0.100076
 41
0.100076
 42
0.000000
  0
VERTEX
  8
PG_SILKSCREEN_BOTTOM
 10
33.934476
 20
42.269080
 40
0.100076
 41
0.100076
 42
0.000000
  0
VERTEX
  8
PG_SILKSCREEN_BOTTOM
 10
32.243852
 20
42.269080
 40
0.100076
 41
0.100076
 42
0.000000
  0
SEQEND
  0
CIRCLE
  8
PIN_BOTTOM
 10
53.045284
 20
47.448800
 40
0.228600
  0
CIRCLE
  8
PIN_BOTTOM
 10
53.845384
 20
47.448800
 40
0.228600
  0
POLYLINE
  8
PG_SILKSCREEN_BOTTOM
 66
1
 70
0
 40
0.000000
 41
0.000000
 39
0.000000
  0
VERTEX
  8
PG_SILKSCREEN_BOTTOM
 10
54.290646
 20
47.829800
 40
0.100076
 41
0.100076
 42
0.000000
  0
VERTEX
  8
PG_SILKSCREEN_BOTTOM
 10
54.290646
 20
47.067800
 40
0.100076
 41
0.100076
 42
0.000000
  0
VERTEX
  8
PG_SILKSCREEN_BOTTOM
 10
52.600022
 20
47.067800
 40
0.100076
 41
0.100076
 42
0.000000
  0
VERTEX
  8
PG_SILKSCREEN_BOTTOM
 10
52.600022
 20
47.829800
 40
0.100076
 41
0.100076
 42
0.000000
  0
VERTEX
  8
PG_SILKSCREEN_BOTTOM
 10
54.290646
 20
47.829800
 40
0.100076
 41
0.100076
 42
0.000000
  0
SEQEND
  0
CIRCLE
  8
PIN_BOTTOM
 10
53.068144
 20
48.649458
 40
0.228600
  0
CIRCLE
  8
PIN_BOTTOM
 10
53.868244
 20
48.649458
 40
0.228600
  0
POLYLINE
  8
PG_SILKSCREEN_BOTTOM
 66
1
 70
0
 40
0.000000
 41
0.000000
 39
0.000000
  0
VERTEX
  8
PG_SILKSCREEN_BOTTOM
 10
54.313506
 20
49.030458
 40
0.100076
 41
0.100076
 42
0.000000
  0
VERTEX
  8
PG_SILKSCREEN_BOTTOM
 10
54.313506
 20
48.268458
 40
0.100076
 41
0.100076
 42
0.000000
  0
VERTEX
  8
PG_SILKSCREEN_BOTTOM
 10
52.622882
 20
48.268458
 40
0.100076
 41
0.100076
 42
0.000000
  0
VERTEX
  8
PG_SILKSCREEN_BOTTOM
 10
52.622882
 20
49.030458
 40
0.100076
 41
0.100076
 42
0.000000
  0
VERTEX
  8
PG_SILKSCREEN_BOTTOM
 10
54.313506
 20
49.030458
 40
0.100076
 41
0.100076
 42
0.000000
  0
SEQEND
  0
CIRCLE
  8
PIN_BOTTOM
 10
29.579138
 20
28.692272
 40
0.228600
  0
CIRCLE
  8
PIN_BOTTOM
 10
28.779038
 20
28.692272
 40
0.228600
  0
POLYLINE
  8
PG_SILKSCREEN_BOTTOM
 66
1
 70
0
 40
0.000000
 41
0.000000
 39
0.000000
  0
VERTEX
  8
PG_SILKSCREEN_BOTTOM
 10
28.333776
 20
28.311272
 40
0.100076
 41
0.100076
 42
0.000000
  0
VERTEX
  8
PG_SILKSCREEN_BOTTOM
 10
28.333776
 20
29.073272
 40
0.100076
 41
0.100076
 42
0.000000
  0
VERTEX
  8
PG_SILKSCREEN_BOTTOM
 10
30.024400
 20
29.073272
 40
0.100076
 41
0.100076
 42
0.000000
  0
VERTEX
  8
PG_SILKSCREEN_BOTTOM
 10
30.024400
 20
28.311272
 40
0.100076
 41
0.100076
 42
0.000000
  0
VERTEX
  8
PG_SILKSCREEN_BOTTOM
 10
28.333776
 20
28.311272
 40
0.100076
 41
0.100076
 42
0.000000
  0
SEQEND
  0
CIRCLE
  8
PIN_BOTTOM
 10
31.542304
 20
29.667378
 40
0.228600
  0
CIRCLE
  8
PIN_BOTTOM
 10
30.742204
 20
29.667378
 40
0.228600
  0
POLYLINE
  8
PG_SILKSCREEN_BOTTOM
 66
1
 70
0
 40
0.000000
 41
0.000000
 39
0.000000
  0
VERTEX
  8
PG_SILKSCREEN_BOTTOM
 10
30.296942
 20
29.286378
 40
0.100076
 41
0.100076
 42
0.000000
  0
VERTEX
  8
PG_SILKSCREEN_BOTTOM
 10
30.296942
 20
30.048378
 40
0.100076
 41
0.100076
 42
0.000000
  0
VERTEX
  8
PG_SILKSCREEN_BOTTOM
 10
31.987566
 20
30.048378
 40
0.100076
 41
0.100076
 42
0.000000
  0
VERTEX
  8
PG_SILKSCREEN_BOTTOM
 10
31.987566
 20
29.286378
 40
0.100076
 41
0.100076
 42
0.000000
  0
VERTEX
  8
PG_SILKSCREEN_BOTTOM
 10
30.296942
 20
29.286378
 40
0.100076
 41
0.100076
 42
0.000000
  0
SEQEND
  0
CIRCLE
  8
PIN_BOTTOM
 10
55.036390
 20
50.450064
 40
0.228600
  0
CIRCLE
  8
PIN_BOTTOM
 10
55.836490
 20
50.450064
 40
0.228600
  0
POLYLINE
  8
PG_SILKSCREEN_BOTTOM
 66
1
 70
0
 40
0.000000
 41
0.000000
 39
0.000000
  0
VERTEX
  8
PG_SILKSCREEN_BOTTOM
 10
56.281752
 20
50.831064
 40
0.100076
 41
0.100076
 42
0.000000
  0
VERTEX
  8
PG_SILKSCREEN_BOTTOM
 10
56.281752
 20
50.069064
 40
0.100076
 41
0.100076
 42
0.000000
  0
VERTEX
  8
PG_SILKSCREEN_BOTTOM
 10
54.591128
 20
50.069064
 40
0.100076
 41
0.100076
 42
0.000000
  0
VERTEX
  8
PG_SILKSCREEN_BOTTOM
 10
54.591128
 20
50.831064
 40
0.100076
 41
0.100076
 42
0.000000
  0
VERTEX
  8
PG_SILKSCREEN_BOTTOM
 10
56.281752
 20
50.831064
 40
0.100076
 41
0.100076
 42
0.000000
  0
SEQEND
  0
CIRCLE
  8
PIN_BOTTOM
 10
53.034870
 20
51.450316
 40
0.228600
  0
CIRCLE
  8
PIN_BOTTOM
 10
53.834970
 20
51.450316
 40
0.228600
  0
POLYLINE
  8
PG_SILKSCREEN_BOTTOM
 66
1
 70
0
 40
0.000000
 41
0.000000
 39
0.000000
  0
VERTEX
  8
PG_SILKSCREEN_BOTTOM
 10
54.280232
 20
51.831316
 40
0.100076
 41
0.100076
 42
0.000000
  0
VERTEX
  8
PG_SILKSCREEN_BOTTOM
 10
54.280232
 20
51.069316
 40
0.100076
 41
0.100076
 42
0.000000
  0
VERTEX
  8
PG_SILKSCREEN_BOTTOM
 10
52.589608
 20
51.069316
 40
0.100076
 41
0.100076
 42
0.000000
  0
VERTEX
  8
PG_SILKSCREEN_BOTTOM
 10
52.589608
 20
51.831316
 40
0.100076
 41
0.100076
 42
0.000000
  0
VERTEX
  8
PG_SILKSCREEN_BOTTOM
 10
54.280232
 20
51.831316
 40
0.100076
 41
0.100076
 42
0.000000
  0
SEQEND
  0
CIRCLE
  8
PIN_BOTTOM
 10
54.990924
 20
48.394950
 40
0.228600
  0
CIRCLE
  8
PIN_BOTTOM
 10
55.791024
 20
48.394950
 40
0.228600
  0
POLYLINE
  8
PG_SILKSCREEN_BOTTOM
 66
1
 70
0
 40
0.000000
 41
0.000000
 39
0.000000
  0
VERTEX
  8
PG_SILKSCREEN_BOTTOM
 10
56.236286
 20
48.775950
 40
0.100076
 41
0.100076
 42
0.000000
  0
VERTEX
  8
PG_SILKSCREEN_BOTTOM
 10
56.236286
 20
48.013950
 40
0.100076
 41
0.100076
 42
0.000000
  0
VERTEX
  8
PG_SILKSCREEN_BOTTOM
 10
54.545662
 20
48.013950
 40
0.100076
 41
0.100076
 42
0.000000
  0
VERTEX
  8
PG_SILKSCREEN_BOTTOM
 10
54.545662
 20
48.775950
 40
0.100076
 41
0.100076
 42
0.000000
  0
VERTEX
  8
PG_SILKSCREEN_BOTTOM
 10
56.236286
 20
48.775950
 40
0.100076
 41
0.100076
 42
0.000000
  0
SEQEND
  0
CIRCLE
  8
PIN_BOTTOM
 10
31.576035
 20
25.695021
 40
0.228600
  0
CIRCLE
  8
PIN_BOTTOM
 10
30.775935
 20
25.695021
 40
0.228600
  0
POLYLINE
  8
PG_SILKSCREEN_BOTTOM
 66
1
 70
0
 40
0.000000
 41
0.000000
 39
0.000000
  0
VERTEX
  8
PG_SILKSCREEN_BOTTOM
 10
30.330673
 20
25.314021
 40
0.100076
 41
0.100076
 42
0.000000
  0
VERTEX
  8
PG_SILKSCREEN_BOTTOM
 10
30.330673
 20
26.076021
 40
0.100076
 41
0.100076
 42
0.000000
  0
VERTEX
  8
PG_SILKSCREEN_BOTTOM
 10
32.021297
 20
26.076021
 40
0.100076
 41
0.100076
 42
0.000000
  0
VERTEX
  8
PG_SILKSCREEN_BOTTOM
 10
32.021297
 20
25.314021
 40
0.100076
 41
0.100076
 42
0.000000
  0
VERTEX
  8
PG_SILKSCREEN_BOTTOM
 10
30.330673
 20
25.314021
 40
0.100076
 41
0.100076
 42
0.000000
  0
SEQEND
  0
CIRCLE
  8
PIN_BOTTOM
 10
29.583405
 20
24.718137
 40
0.228600
  0
CIRCLE
  8
PIN_BOTTOM
 10
28.783305
 20
24.718137
 40
0.228600
  0
POLYLINE
  8
PG_SILKSCREEN_BOTTOM
 66
1
 70
0
 40
0.000000
 41
0.000000
 39
0.000000
  0
VERTEX
  8
PG_SILKSCREEN_BOTTOM
 10
28.338043
 20
24.337137
 40
0.100076
 41
0.100076
 42
0.000000
  0
VERTEX
  8
PG_SILKSCREEN_BOTTOM
 10
28.338043
 20
25.099137
 40
0.100076
 41
0.100076
 42
0.000000
  0
VERTEX
  8
PG_SILKSCREEN_BOTTOM
 10
30.028667
 20
25.099137
 40
0.100076
 41
0.100076
 42
0.000000
  0
VERTEX
  8
PG_SILKSCREEN_BOTTOM
 10
30.028667
 20
24.337137
 40
0.100076
 41
0.100076
 42
0.000000
  0
VERTEX
  8
PG_SILKSCREEN_BOTTOM
 10
28.338043
 20
24.337137
 40
0.100076
 41
0.100076
 42
0.000000
  0
SEQEND
  0
CIRCLE
  8
PIN_BOTTOM
 10
29.485615
 20
26.640917
 40
0.228600
  0
CIRCLE
  8
PIN_BOTTOM
 10
28.685515
 20
26.640917
 40
0.228600
  0
POLYLINE
  8
PG_SILKSCREEN_BOTTOM
 66
1
 70
0
 40
0.000000
 41
0.000000
 39
0.000000
  0
VERTEX
  8
PG_SILKSCREEN_BOTTOM
 10
28.240253
 20
26.259917
 40
0.100076
 41
0.100076
 42
0.000000
  0
VERTEX
  8
PG_SILKSCREEN_BOTTOM
 10
28.240253
 20
27.021917
 40
0.100076
 41
0.100076
 42
0.000000
  0
VERTEX
  8
PG_SILKSCREEN_BOTTOM
 10
29.930877
 20
27.021917
 40
0.100076
 41
0.100076
 42
0.000000
  0
VERTEX
  8
PG_SILKSCREEN_BOTTOM
 10
29.930877
 20
26.259917
 40
0.100076
 41
0.100076
 42
0.000000
  0
VERTEX
  8
PG_SILKSCREEN_BOTTOM
 10
28.240253
 20
26.259917
 40
0.100076
 41
0.100076
 42
0.000000
  0
SEQEND
  0
CIRCLE
  8
PIN_BOTTOM
 10
31.522949
 20
27.659457
 40
0.228600
  0
CIRCLE
  8
PIN_BOTTOM
 10
30.722849
 20
27.659457
 40
0.228600
  0
POLYLINE
  8
PG_SILKSCREEN_BOTTOM
 66
1
 70
0
 40
0.000000
 41
0.000000
 39
0.000000
  0
VERTEX
  8
PG_SILKSCREEN_BOTTOM
 10
30.277587
 20
27.278457
 40
0.100076
 41
0.100076
 42
0.000000
  0
VERTEX
  8
PG_SILKSCREEN_BOTTOM
 10
30.277587
 20
28.040457
 40
0.100076
 41
0.100076
 42
0.000000
  0
VERTEX
  8
PG_SILKSCREEN_BOTTOM
 10
31.968211
 20
28.040457
 40
0.100076
 41
0.100076
 42
0.000000
  0
VERTEX
  8
PG_SILKSCREEN_BOTTOM
 10
31.968211
 20
27.278457
 40
0.100076
 41
0.100076
 42
0.000000
  0
VERTEX
  8
PG_SILKSCREEN_BOTTOM
 10
30.277587
 20
27.278457
 40
0.100076
 41
0.100076
 42
0.000000
  0
SEQEND
  0
CIRCLE
  8
PIN_BOTTOM
 10
32.967651
 20
32.712279
 40
0.228600
  0
CIRCLE
  8
PIN_BOTTOM
 10
33.767751
 20
32.712279
 40
0.228600
  0
POLYLINE
  8
PG_SILKSCREEN_BOTTOM
 66
1
 70
0
 40
0.000000
 41
0.000000
 39
0.000000
  0
VERTEX
  8
PG_SILKSCREEN_BOTTOM
 10
34.213013
 20
33.093279
 40
0.100076
 41
0.100076
 42
0.000000
  0
VERTEX
  8
PG_SILKSCREEN_BOTTOM
 10
34.213013
 20
32.331279
 40
0.100076
 41
0.100076
 42
0.000000
  0
VERTEX
  8
PG_SILKSCREEN_BOTTOM
 10
32.522389
 20
32.331279
 40
0.100076
 41
0.100076
 42
0.000000
  0
VERTEX
  8
PG_SILKSCREEN_BOTTOM
 10
32.522389
 20
33.093279
 40
0.100076
 41
0.100076
 42
0.000000
  0
VERTEX
  8
PG_SILKSCREEN_BOTTOM
 10
34.213013
 20
33.093279
 40
0.100076
 41
0.100076
 42
0.000000
  0
SEQEND
  0
CIRCLE
  8
PIN_BOTTOM
 10
33.573491
 20
34.683065
 40
0.228600
  0
CIRCLE
  8
PIN_BOTTOM
 10
32.773391
 20
34.683065
 40
0.228600
  0
POLYLINE
  8
PG_SILKSCREEN_BOTTOM
 66
1
 70
0
 40
0.000000
 41
0.000000
 39
0.000000
  0
VERTEX
  8
PG_SILKSCREEN_BOTTOM
 10
32.328129
 20
34.302065
 40
0.100076
 41
0.100076
 42
0.000000
  0
VERTEX
  8
PG_SILKSCREEN_BOTTOM
 10
32.328129
 20
35.064065
 40
0.100076
 41
0.100076
 42
0.000000
  0
VERTEX
  8
PG_SILKSCREEN_BOTTOM
 10
34.018753
 20
35.064065
 40
0.100076
 41
0.100076
 42
0.000000
  0
VERTEX
  8
PG_SILKSCREEN_BOTTOM
 10
34.018753
 20
34.302065
 40
0.100076
 41
0.100076
 42
0.000000
  0
VERTEX
  8
PG_SILKSCREEN_BOTTOM
 10
32.328129
 20
34.302065
 40
0.100076
 41
0.100076
 42
0.000000
  0
SEQEND
  0
CIRCLE
  8
PIN_BOTTOM
 10
33.494243
 20
36.663249
 40
0.228600
  0
CIRCLE
  8
PIN_BOTTOM
 10
32.694143
 20
36.663249
 40
0.228600
  0
POLYLINE
  8
PG_SILKSCREEN_BOTTOM
 66
1
 70
0
 40
0.000000
 41
0.000000
 39
0.000000
  0
VERTEX
  8
PG_SILKSCREEN_BOTTOM
 10
32.248881
 20
36.282249
 40
0.100076
 41
0.100076
 42
0.000000
  0
VERTEX
  8
PG_SILKSCREEN_BOTTOM
 10
32.248881
 20
37.044249
 40
0.100076
 41
0.100076
 42
0.000000
  0
VERTEX
  8
PG_SILKSCREEN_BOTTOM
 10
33.939505
 20
37.044249
 40
0.100076
 41
0.100076
 42
0.000000
  0
VERTEX
  8
PG_SILKSCREEN_BOTTOM
 10
33.939505
 20
36.282249
 40
0.100076
 41
0.100076
 42
0.000000
  0
VERTEX
  8
PG_SILKSCREEN_BOTTOM
 10
32.248881
 20
36.282249
 40
0.100076
 41
0.100076
 42
0.000000
  0
SEQEND
  0
CIRCLE
  8
PIN_BOTTOM
 10
29.574515
 20
30.682565
 40
0.228600
  0
CIRCLE
  8
PIN_BOTTOM
 10
28.774415
 20
30.682565
 40
0.228600
  0
POLYLINE
  8
PG_SILKSCREEN_BOTTOM
 66
1
 70
0
 40
0.000000
 41
0.000000
 39
0.000000
  0
VERTEX
  8
PG_SILKSCREEN_BOTTOM
 10
28.329153
 20
30.301565
 40
0.100076
 41
0.100076
 42
0.000000
  0
VERTEX
  8
PG_SILKSCREEN_BOTTOM
 10
28.329153
 20
31.063565
 40
0.100076
 41
0.100076
 42
0.000000
  0
VERTEX
  8
PG_SILKSCREEN_BOTTOM
 10
30.019777
 20
31.063565
 40
0.100076
 41
0.100076
 42
0.000000
  0
VERTEX
  8
PG_SILKSCREEN_BOTTOM
 10
30.019777
 20
30.301565
 40
0.100076
 41
0.100076
 42
0.000000
  0
VERTEX
  8
PG_SILKSCREEN_BOTTOM
 10
28.329153
 20
30.301565
 40
0.100076
 41
0.100076
 42
0.000000
  0
SEQEND
  0
CIRCLE
  8
PIN_BOTTOM
 10
31.547079
 20
31.660465
 40
0.228600
  0
CIRCLE
  8
PIN_BOTTOM
 10
30.746979
 20
31.660465
 40
0.228600
  0
POLYLINE
  8
PG_SILKSCREEN_BOTTOM
 66
1
 70
0
 40
0.000000
 41
0.000000
 39
0.000000
  0
VERTEX
  8
PG_SILKSCREEN_BOTTOM
 10
30.301717
 20
31.279465
 40
0.100076
 41
0.100076
 42
0.000000
  0
VERTEX
  8
PG_SILKSCREEN_BOTTOM
 10
30.301717
 20
32.041465
 40
0.100076
 41
0.100076
 42
0.000000
  0
VERTEX
  8
PG_SILKSCREEN_BOTTOM
 10
31.992341
 20
32.041465
 40
0.100076
 41
0.100076
 42
0.000000
  0
VERTEX
  8
PG_SILKSCREEN_BOTTOM
 10
31.992341
 20
31.279465
 40
0.100076
 41
0.100076
 42
0.000000
  0
VERTEX
  8
PG_SILKSCREEN_BOTTOM
 10
30.301717
 20
31.279465
 40
0.100076
 41
0.100076
 42
0.000000
  0
SEQEND
  0
CIRCLE
  8
PIN_BOTTOM
 10
29.545051
 20
32.697039
 40
0.228600
  0
CIRCLE
  8
PIN_BOTTOM
 10
28.744951
 20
32.697039
 40
0.228600
  0
POLYLINE
  8
PG_SILKSCREEN_BOTTOM
 66
1
 70
0
 40
0.000000
 41
0.000000
 39
0.000000
  0
VERTEX
  8
PG_SILKSCREEN_BOTTOM
 10
28.299689
 20
32.316039
 40
0.100076
 41
0.100076
 42
0.000000
  0
VERTEX
  8
PG_SILKSCREEN_BOTTOM
 10
28.299689
 20
33.078039
 40
0.100076
 41
0.100076
 42
0.000000
  0
VERTEX
  8
PG_SILKSCREEN_BOTTOM
 10
29.990313
 20
33.078039
 40
0.100076
 41
0.100076
 42
0.000000
  0
VERTEX
  8
PG_SILKSCREEN_BOTTOM
 10
29.990313
 20
32.316039
 40
0.100076
 41
0.100076
 42
0.000000
  0
VERTEX
  8
PG_SILKSCREEN_BOTTOM
 10
28.299689
 20
32.316039
 40
0.100076
 41
0.100076
 42
0.000000
  0
SEQEND
  0
CIRCLE
  8
PIN_BOTTOM
 10
31.576543
 20
33.727009
 40
0.228600
  0
CIRCLE
  8
PIN_BOTTOM
 10
30.776443
 20
33.727009
 40
0.228600
  0
POLYLINE
  8
PG_SILKSCREEN_BOTTOM
 66
1
 70
0
 40
0.000000
 41
0.000000
 39
0.000000
  0
VERTEX
  8
PG_SILKSCREEN_BOTTOM
 10
30.331181
 20
33.346009
 40
0.100076
 41
0.100076
 42
0.000000
  0
VERTEX
  8
PG_SILKSCREEN_BOTTOM
 10
30.331181
 20
34.108009
 40
0.100076
 41
0.100076
 42
0.000000
  0
VERTEX
  8
PG_SILKSCREEN_BOTTOM
 10
32.021805
 20
34.108009
 40
0.100076
 41
0.100076
 42
0.000000
  0
VERTEX
  8
PG_SILKSCREEN_BOTTOM
 10
32.021805
 20
33.346009
 40
0.100076
 41
0.100076
 42
0.000000
  0
VERTEX
  8
PG_SILKSCREEN_BOTTOM
 10
30.331181
 20
33.346009
 40
0.100076
 41
0.100076
 42
0.000000
  0
SEQEND
  0
CIRCLE
  8
PIN_BOTTOM
 10
33.471637
 20
38.645973
 40
0.228600
  0
CIRCLE
  8
PIN_BOTTOM
 10
32.671537
 20
38.645973
 40
0.228600
  0
POLYLINE
  8
PG_SILKSCREEN_BOTTOM
 66
1
 70
0
 40
0.000000
 41
0.000000
 39
0.000000
  0
VERTEX
  8
PG_SILKSCREEN_BOTTOM
 10
32.226275
 20
38.264973
 40
0.100076
 41
0.100076
 42
0.000000
  0
VERTEX
  8
PG_SILKSCREEN_BOTTOM
 10
32.226275
 20
39.026973
 40
0.100076
 41
0.100076
 42
0.000000
  0
VERTEX
  8
PG_SILKSCREEN_BOTTOM
 10
33.916899
 20
39.026973
 40
0.100076
 41
0.100076
 42
0.000000
  0
VERTEX
  8
PG_SILKSCREEN_BOTTOM
 10
33.916899
 20
38.264973
 40
0.100076
 41
0.100076
 42
0.000000
  0
VERTEX
  8
PG_SILKSCREEN_BOTTOM
 10
32.226275
 20
38.264973
 40
0.100076
 41
0.100076
 42
0.000000
  0
SEQEND
  0
CIRCLE
  8
PIN_BOTTOM
 10
33.409915
 20
40.628951
 40
0.228600
  0
CIRCLE
  8
PIN_BOTTOM
 10
32.609815
 20
40.628951
 40
0.228600
  0
POLYLINE
  8
PG_SILKSCREEN_BOTTOM
 66
1
 70
0
 40
0.000000
 41
0.000000
 39
0.000000
  0
VERTEX
  8
PG_SILKSCREEN_BOTTOM
 10
32.164553
 20
40.247951
 40
0.100076
 41
0.100076
 42
0.000000
  0
VERTEX
  8
PG_SILKSCREEN_BOTTOM
 10
32.164553
 20
41.009951
 40
0.100076
 41
0.100076
 42
0.000000
  0
VERTEX
  8
PG_SILKSCREEN_BOTTOM
 10
33.855177
 20
41.009951
 40
0.100076
 41
0.100076
 42
0.000000
  0
VERTEX
  8
PG_SILKSCREEN_BOTTOM
 10
33.855177
 20
40.247951
 40
0.100076
 41
0.100076
 42
0.000000
  0
VERTEX
  8
PG_SILKSCREEN_BOTTOM
 10
32.164553
 20
40.247951
 40
0.100076
 41
0.100076
 42
0.000000
  0
SEQEND
  0
CIRCLE
  8
PIN_BOTTOM
 10
33.548091
 20
46.448345
 40
0.228600
  0
CIRCLE
  8
PIN_BOTTOM
 10
32.747991
 20
46.448345
 40
0.228600
  0
POLYLINE
  8
PG_SILKSCREEN_BOTTOM
 66
1
 70
0
 40
0.000000
 41
0.000000
 39
0.000000
  0
VERTEX
  8
PG_SILKSCREEN_BOTTOM
 10
32.302729
 20
46.067345
 40
0.100076
 41
0.100076
 42
0.000000
  0
VERTEX
  8
PG_SILKSCREEN_BOTTOM
 10
32.302729
 20
46.829345
 40
0.100076
 41
0.100076
 42
0.000000
  0
VERTEX
  8
PG_SILKSCREEN_BOTTOM
 10
33.993353
 20
46.829345
 40
0.100076
 41
0.100076
 42
0.000000
  0
VERTEX
  8
PG_SILKSCREEN_BOTTOM
 10
33.993353
 20
46.067345
 40
0.100076
 41
0.100076
 42
0.000000
  0
VERTEX
  8
PG_SILKSCREEN_BOTTOM
 10
32.302729
 20
46.067345
 40
0.100076
 41
0.100076
 42
0.000000
  0
SEQEND
  0
CIRCLE
  8
PIN_BOTTOM
 10
33.573999
 20
48.422179
 40
0.228600
  0
CIRCLE
  8
PIN_BOTTOM
 10
32.773899
 20
48.422179
 40
0.228600
  0
POLYLINE
  8
PG_SILKSCREEN_BOTTOM
 66
1
 70
0
 40
0.000000
 41
0.000000
 39
0.000000
  0
VERTEX
  8
PG_SILKSCREEN_BOTTOM
 10
32.328637
 20
48.041179
 40
0.100076
 41
0.100076
 42
0.000000
  0
VERTEX
  8
PG_SILKSCREEN_BOTTOM
 10
32.328637
 20
48.803179
 40
0.100076
 41
0.100076
 42
0.000000
  0
VERTEX
  8
PG_SILKSCREEN_BOTTOM
 10
34.019261
 20
48.803179
 40
0.100076
 41
0.100076
 42
0.000000
  0
VERTEX
  8
PG_SILKSCREEN_BOTTOM
 10
34.019261
 20
48.041179
 40
0.100076
 41
0.100076
 42
0.000000
  0
VERTEX
  8
PG_SILKSCREEN_BOTTOM
 10
32.328637
 20
48.041179
 40
0.100076
 41
0.100076
 42
0.000000
  0
SEQEND
  0
CIRCLE
  8
PIN_BOTTOM
 10
53.562783
 20
40.465883
 40
0.228600
  0
CIRCLE
  8
PIN_BOTTOM
 10
52.762683
 20
40.465883
 40
0.228600
  0
POLYLINE
  8
PG_SILKSCREEN_BOTTOM
 66
1
 70
0
 40
0.000000
 41
0.000000
 39
0.000000
  0
VERTEX
  8
PG_SILKSCREEN_BOTTOM
 10
52.317421
 20
40.084883
 40
0.100076
 41
0.100076
 42
0.000000
  0
VERTEX
  8
PG_SILKSCREEN_BOTTOM
 10
52.317421
 20
40.846883
 40
0.100076
 41
0.100076
 42
0.000000
  0
VERTEX
  8
PG_SILKSCREEN_BOTTOM
 10
54.008045
 20
40.846883
 40
0.100076
 41
0.100076
 42
0.000000
  0
VERTEX
  8
PG_SILKSCREEN_BOTTOM
 10
54.008045
 20
40.084883
 40
0.100076
 41
0.100076
 42
0.000000
  0
VERTEX
  8
PG_SILKSCREEN_BOTTOM
 10
52.317421
 20
40.084883
 40
0.100076
 41
0.100076
 42
0.000000
  0
SEQEND
  0
CIRCLE
  8
PIN_BOTTOM
 10
55.025265
 20
41.452419
 40
0.228600
  0
CIRCLE
  8
PIN_BOTTOM
 10
55.825365
 20
41.452419
 40
0.228600
  0
POLYLINE
  8
PG_SILKSCREEN_BOTTOM
 66
1
 70
0
 40
0.000000
 41
0.000000
 39
0.000000
  0
VERTEX
  8
PG_SILKSCREEN_BOTTOM
 10
56.270627
 20
41.833419
 40
0.100076
 41
0.100076
 42
0.000000
  0
VERTEX
  8
PG_SILKSCREEN_BOTTOM
 10
56.270627
 20
41.071419
 40
0.100076
 41
0.100076
 42
0.000000
  0
VERTEX
  8
PG_SILKSCREEN_BOTTOM
 10
54.580003
 20
41.071419
 40
0.100076
 41
0.100076
 42
0.000000
  0
VERTEX
  8
PG_SILKSCREEN_BOTTOM
 10
54.580003
 20
41.833419
 40
0.100076
 41
0.100076
 42
0.000000
  0
VERTEX
  8
PG_SILKSCREEN_BOTTOM
 10
56.270627
 20
41.833419
 40
0.100076
 41
0.100076
 42
0.000000
  0
SEQEND
  0
CIRCLE
  8
PIN_BOTTOM
 10
55.043045
 20
42.689399
 40
0.228600
  0
CIRCLE
  8
PIN_BOTTOM
 10
55.843145
 20
42.689399
 40
0.228600
  0
POLYLINE
  8
PG_SILKSCREEN_BOTTOM
 66
1
 70
0
 40
0.000000
 41
0.000000
 39
0.000000
  0
VERTEX
  8
PG_SILKSCREEN_BOTTOM
 10
56.288407
 20
43.070399
 40
0.100076
 41
0.100076
 42
0.000000
  0
VERTEX
  8
PG_SILKSCREEN_BOTTOM
 10
56.288407
 20
42.308399
 40
0.100076
 41
0.100076
 42
0.000000
  0
VERTEX
  8
PG_SILKSCREEN_BOTTOM
 10
54.597783
 20
42.308399
 40
0.100076
 41
0.100076
 42
0.000000
  0
VERTEX
  8
PG_SILKSCREEN_BOTTOM
 10
54.597783
 20
43.070399
 40
0.100076
 41
0.100076
 42
0.000000
  0
VERTEX
  8
PG_SILKSCREEN_BOTTOM
 10
56.288407
 20
43.070399
 40
0.100076
 41
0.100076
 42
0.000000
  0
SEQEND
  0
CIRCLE
  8
PIN_BOTTOM
 10
53.065401
 20
41.668065
 40
0.228600
  0
CIRCLE
  8
PIN_BOTTOM
 10
53.865501
 20
41.668065
 40
0.228600
  0
POLYLINE
  8
PG_SILKSCREEN_BOTTOM
 66
1
 70
0
 40
0.000000
 41
0.000000
 39
0.000000
  0
VERTEX
  8
PG_SILKSCREEN_BOTTOM
 10
54.310763
 20
42.049065
 40
0.100076
 41
0.100076
 42
0.000000
  0
VERTEX
  8
PG_SILKSCREEN_BOTTOM
 10
54.310763
 20
41.287065
 40
0.100076
 41
0.100076
 42
0.000000
  0
VERTEX
  8
PG_SILKSCREEN_BOTTOM
 10
52.620139
 20
41.287065
 40
0.100076
 41
0.100076
 42
0.000000
  0
VERTEX
  8
PG_SILKSCREEN_BOTTOM
 10
52.620139
 20
42.049065
 40
0.100076
 41
0.100076
 42
0.000000
  0
VERTEX
  8
PG_SILKSCREEN_BOTTOM
 10
54.310763
 20
42.049065
 40
0.100076
 41
0.100076
 42
0.000000
  0
SEQEND
  0
CIRCLE
  8
PIN_BOTTOM
 10
55.025265
 20
46.434883
 40
0.228600
  0
CIRCLE
  8
PIN_BOTTOM
 10
55.825365
 20
46.434883
 40
0.228600
  0
POLYLINE
  8
PG_SILKSCREEN_BOTTOM
 66
1
 70
0
 40
0.000000
 41
0.000000
 39
0.000000
  0
VERTEX
  8
PG_SILKSCREEN_BOTTOM
 10
56.270627
 20
46.815883
 40
0.100076
 41
0.100076
 42
0.000000
  0
VERTEX
  8
PG_SILKSCREEN_BOTTOM
 10
56.270627
 20
46.053883
 40
0.100076
 41
0.100076
 42
0.000000
  0
VERTEX
  8
PG_SILKSCREEN_BOTTOM
 10
54.580003
 20
46.053883
 40
0.100076
 41
0.100076
 42
0.000000
  0
VERTEX
  8
PG_SILKSCREEN_BOTTOM
 10
54.580003
 20
46.815883
 40
0.100076
 41
0.100076
 42
0.000000
  0
VERTEX
  8
PG_SILKSCREEN_BOTTOM
 10
56.270627
 20
46.815883
 40
0.100076
 41
0.100076
 42
0.000000
  0
SEQEND
  0
CIRCLE
  8
PIN_BOTTOM
 10
34.812249
 20
43.675427
 40
0.228600
  0
CIRCLE
  8
PIN_BOTTOM
 10
34.012149
 20
43.675427
 40
0.228600
  0
POLYLINE
  8
PG_SILKSCREEN_BOTTOM
 66
1
 70
0
 40
0.000000
 41
0.000000
 39
0.000000
  0
VERTEX
  8
PG_SILKSCREEN_BOTTOM
 10
33.566887
 20
43.294427
 40
0.100076
 41
0.100076
 42
0.000000
  0
VERTEX
  8
PG_SILKSCREEN_BOTTOM
 10
33.566887
 20
44.056427
 40
0.100076
 41
0.100076
 42
0.000000
  0
VERTEX
  8
PG_SILKSCREEN_BOTTOM
 10
35.257511
 20
44.056427
 40
0.100076
 41
0.100076
 42
0.000000
  0
VERTEX
  8
PG_SILKSCREEN_BOTTOM
 10
35.257511
 20
43.294427
 40
0.100076
 41
0.100076
 42
0.000000
  0
VERTEX
  8
PG_SILKSCREEN_BOTTOM
 10
33.566887
 20
43.294427
 40
0.100076
 41
0.100076
 42
0.000000
  0
SEQEND
  0
CIRCLE
  8
PIN_BOTTOM
 10
34.953169
 20
46.678469
 40
0.228600
  0
CIRCLE
  8
PIN_BOTTOM
 10
35.753269
 20
46.678469
 40
0.228600
  0
POLYLINE
  8
PG_SILKSCREEN_BOTTOM
 66
1
 70
0
 40
0.000000
 41
0.000000
 39
0.000000
  0
VERTEX
  8
PG_SILKSCREEN_BOTTOM
 10
36.198531
 20
47.059469
 40
0.100076
 41
0.100076
 42
0.000000
  0
VERTEX
  8
PG_SILKSCREEN_BOTTOM
 10
36.198531
 20
46.297469
 40
0.100076
 41
0.100076
 42
0.000000
  0
VERTEX
  8
PG_SILKSCREEN_BOTTOM
 10
34.507907
 20
46.297469
 40
0.100076
 41
0.100076
 42
0.000000
  0
VERTEX
  8
PG_SILKSCREEN_BOTTOM
 10
34.507907
 20
47.059469
 40
0.100076
 41
0.100076
 42
0.000000
  0
VERTEX
  8
PG_SILKSCREEN_BOTTOM
 10
36.198531
 20
47.059469
 40
0.100076
 41
0.100076
 42
0.000000
  0
SEQEND
  0
CIRCLE
  8
PIN_BOTTOM
 10
34.934881
 20
41.710991
 40
0.228600
  0
CIRCLE
  8
PIN_BOTTOM
 10
35.734981
 20
41.710991
 40
0.228600
  0
POLYLINE
  8
PG_SILKSCREEN_BOTTOM
 66
1
 70
0
 40
0.000000
 41
0.000000
 39
0.000000
  0
VERTEX
  8
PG_SILKSCREEN_BOTTOM
 10
36.180243
 20
42.091991
 40
0.100076
 41
0.100076
 42
0.000000
  0
VERTEX
  8
PG_SILKSCREEN_BOTTOM
 10
36.180243
 20
41.329991
 40
0.100076
 41
0.100076
 42
0.000000
  0
VERTEX
  8
PG_SILKSCREEN_BOTTOM
 10
34.489619
 20
41.329991
 40
0.100076
 41
0.100076
 42
0.000000
  0
VERTEX
  8
PG_SILKSCREEN_BOTTOM
 10
34.489619
 20
42.091991
 40
0.100076
 41
0.100076
 42
0.000000
  0
VERTEX
  8
PG_SILKSCREEN_BOTTOM
 10
36.180243
 20
42.091991
 40
0.100076
 41
0.100076
 42
0.000000
  0
SEQEND
  0
CIRCLE
  8
PIN_BOTTOM
 10
34.995587
 20
37.680773
 40
0.228600
  0
CIRCLE
  8
PIN_BOTTOM
 10
35.795687
 20
37.680773
 40
0.228600
  0
POLYLINE
  8
PG_SILKSCREEN_BOTTOM
 66
1
 70
0
 40
0.000000
 41
0.000000
 39
0.000000
  0
VERTEX
  8
PG_SILKSCREEN_BOTTOM
 10
36.240949
 20
38.061773
 40
0.100076
 41
0.100076
 42
0.000000
  0
VERTEX
  8
PG_SILKSCREEN_BOTTOM
 10
36.240949
 20
37.299773
 40
0.100076
 41
0.100076
 42
0.000000
  0
VERTEX
  8
PG_SILKSCREEN_BOTTOM
 10
34.550325
 20
37.299773
 40
0.100076
 41
0.100076
 42
0.000000
  0
VERTEX
  8
PG_SILKSCREEN_BOTTOM
 10
34.550325
 20
38.061773
 40
0.100076
 41
0.100076
 42
0.000000
  0
VERTEX
  8
PG_SILKSCREEN_BOTTOM
 10
36.240949
 20
38.061773
 40
0.100076
 41
0.100076
 42
0.000000
  0
SEQEND
  0
CIRCLE
  8
PIN_BOTTOM
 10
34.937421
 20
36.408487
 40
0.228600
  0
CIRCLE
  8
PIN_BOTTOM
 10
35.737521
 20
36.408487
 40
0.228600
  0
POLYLINE
  8
PG_SILKSCREEN_BOTTOM
 66
1
 70
0
 40
0.000000
 41
0.000000
 39
0.000000
  0
VERTEX
  8
PG_SILKSCREEN_BOTTOM
 10
36.182783
 20
36.789487
 40
0.100076
 41
0.100076
 42
0.000000
  0
VERTEX
  8
PG_SILKSCREEN_BOTTOM
 10
36.182783
 20
36.027487
 40
0.100076
 41
0.100076
 42
0.000000
  0
VERTEX
  8
PG_SILKSCREEN_BOTTOM
 10
34.492159
 20
36.027487
 40
0.100076
 41
0.100076
 42
0.000000
  0
VERTEX
  8
PG_SILKSCREEN_BOTTOM
 10
34.492159
 20
36.789487
 40
0.100076
 41
0.100076
 42
0.000000
  0
VERTEX
  8
PG_SILKSCREEN_BOTTOM
 10
36.182783
 20
36.789487
 40
0.100076
 41
0.100076
 42
0.000000
  0
SEQEND
  0
CIRCLE
  8
PIN_BOTTOM
 10
35.014891
 20
34.442273
 40
0.228600
  0
CIRCLE
  8
PIN_BOTTOM
 10
35.814991
 20
34.442273
 40
0.228600
  0
POLYLINE
  8
PG_SILKSCREEN_BOTTOM
 66
1
 70
0
 40
0.000000
 41
0.000000
 39
0.000000
  0
VERTEX
  8
PG_SILKSCREEN_BOTTOM
 10
36.260253
 20
34.823273
 40
0.100076
 41
0.100076
 42
0.000000
  0
VERTEX
  8
PG_SILKSCREEN_BOTTOM
 10
36.260253
 20
34.061273
 40
0.100076
 41
0.100076
 42
0.000000
  0
VERTEX
  8
PG_SILKSCREEN_BOTTOM
 10
34.569629
 20
34.061273
 40
0.100076
 41
0.100076
 42
0.000000
  0
VERTEX
  8
PG_SILKSCREEN_BOTTOM
 10
34.569629
 20
34.823273
 40
0.100076
 41
0.100076
 42
0.000000
  0
VERTEX
  8
PG_SILKSCREEN_BOTTOM
 10
36.260253
 20
34.823273
 40
0.100076
 41
0.100076
 42
0.000000
  0
SEQEND
  0
CIRCLE
  8
PIN_BOTTOM
 10
42.675531
 20
49.532997
 40
0.228600
  0
CIRCLE
  8
PIN_BOTTOM
 10
41.875431
 20
49.532997
 40
0.228600
  0
POLYLINE
  8
PG_SILKSCREEN_BOTTOM
 66
1
 70
0
 40
0.000000
 41
0.000000
 39
0.000000
  0
VERTEX
  8
PG_SILKSCREEN_BOTTOM
 10
41.430169
 20
49.151997
 40
0.100076
 41
0.100076
 42
0.000000
  0
VERTEX
  8
PG_SILKSCREEN_BOTTOM
 10
41.430169
 20
49.913997
 40
0.100076
 41
0.100076
 42
0.000000
  0
VERTEX
  8
PG_SILKSCREEN_BOTTOM
 10
43.120793
 20
49.913997
 40
0.100076
 41
0.100076
 42
0.000000
  0
VERTEX
  8
PG_SILKSCREEN_BOTTOM
 10
43.120793
 20
49.151997
 40
0.100076
 41
0.100076
 42
0.000000
  0
VERTEX
  8
PG_SILKSCREEN_BOTTOM
 10
41.430169
 20
49.151997
 40
0.100076
 41
0.100076
 42
0.000000
  0
SEQEND
  0
CIRCLE
  8
PIN_BOTTOM
 10
40.670963
 20
42.528185
 40
0.228600
  0
CIRCLE
  8
PIN_BOTTOM
 10
39.870863
 20
42.528185
 40
0.228600
  0
POLYLINE
  8
PG_SILKSCREEN_BOTTOM
 66
1
 70
0
 40
0.000000
 41
0.000000
 39
0.000000
  0
VERTEX
  8
PG_SILKSCREEN_BOTTOM
 10
39.425601
 20
42.147185
 40
0.100076
 41
0.100076
 42
0.000000
  0
VERTEX
  8
PG_SILKSCREEN_BOTTOM
 10
39.425601
 20
42.909185
 40
0.100076
 41
0.100076
 42
0.000000
  0
VERTEX
  8
PG_SILKSCREEN_BOTTOM
 10
41.116225
 20
42.909185
 40
0.100076
 41
0.100076
 42
0.000000
  0
VERTEX
  8
PG_SILKSCREEN_BOTTOM
 10
41.116225
 20
42.147185
 40
0.100076
 41
0.100076
 42
0.000000
  0
VERTEX
  8
PG_SILKSCREEN_BOTTOM
 10
39.425601
 20
42.147185
 40
0.100076
 41
0.100076
 42
0.000000
  0
SEQEND
  0
CIRCLE
  8
PIN_BOTTOM
 10
45.804785
 20
49.691315
 40
0.228600
  0
CIRCLE
  8
PIN_BOTTOM
 10
45.804785
 20
50.491415
 40
0.228600
  0
POLYLINE
  8
PG_SILKSCREEN_BOTTOM
 66
1
 70
0
 40
0.000000
 41
0.000000
 39
0.000000
  0
VERTEX
  8
PG_SILKSCREEN_BOTTOM
 10
45.423785
 20
50.936677
 40
0.100076
 41
0.100076
 42
0.000000
  0
VERTEX
  8
PG_SILKSCREEN_BOTTOM
 10
46.185785
 20
50.936677
 40
0.100076
 41
0.100076
 42
0.000000
  0
VERTEX
  8
PG_SILKSCREEN_BOTTOM
 10
46.185785
 20
49.246053
 40
0.100076
 41
0.100076
 42
0.000000
  0
VERTEX
  8
PG_SILKSCREEN_BOTTOM
 10
45.423785
 20
49.246053
 40
0.100076
 41
0.100076
 42
0.000000
  0
VERTEX
  8
PG_SILKSCREEN_BOTTOM
 10
45.423785
 20
50.936677
 40
0.100076
 41
0.100076
 42
0.000000
  0
SEQEND
  0
CIRCLE
  8
PIN_BOTTOM
 10
40.659279
 20
46.586597
 40
0.228600
  0
CIRCLE
  8
PIN_BOTTOM
 10
39.859179
 20
46.586597
 40
0.228600
  0
POLYLINE
  8
PG_SILKSCREEN_BOTTOM
 66
1
 70
0
 40
0.000000
 41
0.000000
 39
0.000000
  0
VERTEX
  8
PG_SILKSCREEN_BOTTOM
 10
39.413917
 20
46.205597
 40
0.100076
 41
0.100076
 42
0.000000
  0
VERTEX
  8
PG_SILKSCREEN_BOTTOM
 10
39.413917
 20
46.967597
 40
0.100076
 41
0.100076
 42
0.000000
  0
VERTEX
  8
PG_SILKSCREEN_BOTTOM
 10
41.104541
 20
46.967597
 40
0.100076
 41
0.100076
 42
0.000000
  0
VERTEX
  8
PG_SILKSCREEN_BOTTOM
 10
41.104541
 20
46.205597
 40
0.100076
 41
0.100076
 42
0.000000
  0
VERTEX
  8
PG_SILKSCREEN_BOTTOM
 10
39.413917
 20
46.205597
 40
0.100076
 41
0.100076
 42
0.000000
  0
SEQEND
  0
CIRCLE
  8
PIN_BOTTOM
 10
42.659275
 20
41.483737
 40
0.228600
  0
CIRCLE
  8
PIN_BOTTOM
 10
41.859175
 20
41.483737
 40
0.228600
  0
POLYLINE
  8
PG_SILKSCREEN_BOTTOM
 66
1
 70
0
 40
0.000000
 41
0.000000
 39
0.000000
  0
VERTEX
  8
PG_SILKSCREEN_BOTTOM
 10
41.413913
 20
41.102737
 40
0.100076
 41
0.100076
 42
0.000000
  0
VERTEX
  8
PG_SILKSCREEN_BOTTOM
 10
41.413913
 20
41.864737
 40
0.100076
 41
0.100076
 42
0.000000
  0
VERTEX
  8
PG_SILKSCREEN_BOTTOM
 10
43.104537
 20
41.864737
 40
0.100076
 41
0.100076
 42
0.000000
  0
VERTEX
  8
PG_SILKSCREEN_BOTTOM
 10
43.104537
 20
41.102737
 40
0.100076
 41
0.100076
 42
0.000000
  0
VERTEX
  8
PG_SILKSCREEN_BOTTOM
 10
41.413913
 20
41.102737
 40
0.100076
 41
0.100076
 42
0.000000
  0
SEQEND
  0
CIRCLE
  8
PIN_BOTTOM
 10
40.895829
 20
40.357781
 40
0.228600
  0
CIRCLE
  8
PIN_BOTTOM
 10
40.895829
 20
39.557681
 40
0.228600
  0
POLYLINE
  8
PG_SILKSCREEN_BOTTOM
 66
1
 70
0
 40
0.000000
 41
0.000000
 39
0.000000
  0
VERTEX
  8
PG_SILKSCREEN_BOTTOM
 10
41.276829
 20
39.112419
 40
0.100076
 41
0.100076
 42
0.000000
  0
VERTEX
  8
PG_SILKSCREEN_BOTTOM
 10
40.514829
 20
39.112419
 40
0.100076
 41
0.100076
 42
0.000000
  0
VERTEX
  8
PG_SILKSCREEN_BOTTOM
 10
40.514829
 20
40.803043
 40
0.100076
 41
0.100076
 42
0.000000
  0
VERTEX
  8
PG_SILKSCREEN_BOTTOM
 10
41.276829
 20
40.803043
 40
0.100076
 41
0.100076
 42
0.000000
  0
VERTEX
  8
PG_SILKSCREEN_BOTTOM
 10
41.276829
 20
39.112419
 40
0.100076
 41
0.100076
 42
0.000000
  0
SEQEND
  0
CIRCLE
  8
PIN_BOTTOM
 10
41.790645
 20
50.538685
 40
0.228600
  0
CIRCLE
  8
PIN_BOTTOM
 10
42.590745
 20
50.538685
 40
0.228600
  0
POLYLINE
  8
PG_SILKSCREEN_BOTTOM
 66
1
 70
0
 40
0.000000
 41
0.000000
 39
0.000000
  0
VERTEX
  8
PG_SILKSCREEN_BOTTOM
 10
43.036007
 20
50.919685
 40
0.100076
 41
0.100076
 42
0.000000
  0
VERTEX
  8
PG_SILKSCREEN_BOTTOM
 10
43.036007
 20
50.157685
 40
0.100076
 41
0.100076
 42
0.000000
  0
VERTEX
  8
PG_SILKSCREEN_BOTTOM
 10
41.345383
 20
50.157685
 40
0.100076
 41
0.100076
 42
0.000000
  0
VERTEX
  8
PG_SILKSCREEN_BOTTOM
 10
41.345383
 20
50.919685
 40
0.100076
 41
0.100076
 42
0.000000
  0
VERTEX
  8
PG_SILKSCREEN_BOTTOM
 10
43.036007
 20
50.919685
 40
0.100076
 41
0.100076
 42
0.000000
  0
SEQEND
  0
CIRCLE
  8
PIN_BOTTOM
 10
45.810983
 20
47.448445
 40
0.228600
  0
CIRCLE
  8
PIN_BOTTOM
 10
45.810983
 20
46.648345
 40
0.228600
  0
POLYLINE
  8
PG_SILKSCREEN_BOTTOM
 66
1
 70
0
 40
0.000000
 41
0.000000
 39
0.000000
  0
VERTEX
  8
PG_SILKSCREEN_BOTTOM
 10
46.191983
 20
46.203083
 40
0.100076
 41
0.100076
 42
0.000000
  0
VERTEX
  8
PG_SILKSCREEN_BOTTOM
 10
45.429983
 20
46.203083
 40
0.100076
 41
0.100076
 42
0.000000
  0
VERTEX
  8
PG_SILKSCREEN_BOTTOM
 10
45.429983
 20
47.893707
 40
0.100076
 41
0.100076
 42
0.000000
  0
VERTEX
  8
PG_SILKSCREEN_BOTTOM
 10
46.191983
 20
47.893707
 40
0.100076
 41
0.100076
 42
0.000000
  0
VERTEX
  8
PG_SILKSCREEN_BOTTOM
 10
46.191983
 20
46.203083
 40
0.100076
 41
0.100076
 42
0.000000
  0
SEQEND
  0
CIRCLE
  8
PIN_BOTTOM
 10
41.893007
 20
40.505177
 40
0.228600
  0
CIRCLE
  8
PIN_BOTTOM
 10
42.693107
 20
40.505177
 40
0.228600
  0
POLYLINE
  8
PG_SILKSCREEN_BOTTOM
 66
1
 70
0
 40
0.000000
 41
0.000000
 39
0.000000
  0
VERTEX
  8
PG_SILKSCREEN_BOTTOM
 10
43.138369
 20
40.886177
 40
0.100076
 41
0.100076
 42
0.000000
  0
VERTEX
  8
PG_SILKSCREEN_BOTTOM
 10
43.138369
 20
40.124177
 40
0.100076
 41
0.100076
 42
0.000000
  0
VERTEX
  8
PG_SILKSCREEN_BOTTOM
 10
41.447745
 20
40.124177
 40
0.100076
 41
0.100076
 42
0.000000
  0
VERTEX
  8
PG_SILKSCREEN_BOTTOM
 10
41.447745
 20
40.886177
 40
0.100076
 41
0.100076
 42
0.000000
  0
VERTEX
  8
PG_SILKSCREEN_BOTTOM
 10
43.138369
 20
40.886177
 40
0.100076
 41
0.100076
 42
0.000000
  0
SEQEND
  0
CIRCLE
  8
PIN_BOTTOM
 10
41.917137
 20
42.521937
 40
0.228600
  0
CIRCLE
  8
PIN_BOTTOM
 10
42.717237
 20
42.521937
 40
0.228600
  0
POLYLINE
  8
PG_SILKSCREEN_BOTTOM
 66
1
 70
0
 40
0.000000
 41
0.000000
 39
0.000000
  0
VERTEX
  8
PG_SILKSCREEN_BOTTOM
 10
43.162499
 20
42.902937
 40
0.100076
 41
0.100076
 42
0.000000
  0
VERTEX
  8
PG_SILKSCREEN_BOTTOM
 10
43.162499
 20
42.140937
 40
0.100076
 41
0.100076
 42
0.000000
  0
VERTEX
  8
PG_SILKSCREEN_BOTTOM
 10
41.471875
 20
42.140937
 40
0.100076
 41
0.100076
 42
0.000000
  0
VERTEX
  8
PG_SILKSCREEN_BOTTOM
 10
41.471875
 20
42.902937
 40
0.100076
 41
0.100076
 42
0.000000
  0
VERTEX
  8
PG_SILKSCREEN_BOTTOM
 10
43.162499
 20
42.902937
 40
0.100076
 41
0.100076
 42
0.000000
  0
SEQEND
  0
CIRCLE
  8
PIN_BOTTOM
 10
45.853655
 20
42.412387
 40
0.228600
  0
CIRCLE
  8
PIN_BOTTOM
 10
45.853655
 20
41.612287
 40
0.228600
  0
POLYLINE
  8
PG_SILKSCREEN_BOTTOM
 66
1
 70
0
 40
0.000000
 41
0.000000
 39
0.000000
  0
VERTEX
  8
PG_SILKSCREEN_BOTTOM
 10
46.234655
 20
41.167025
 40
0.100076
 41
0.100076
 42
0.000000
  0
VERTEX
  8
PG_SILKSCREEN_BOTTOM
 10
45.472655
 20
41.167025
 40
0.100076
 41
0.100076
 42
0.000000
  0
VERTEX
  8
PG_SILKSCREEN_BOTTOM
 10
45.472655
 20
42.857649
 40
0.100076
 41
0.100076
 42
0.000000
  0
VERTEX
  8
PG_SILKSCREEN_BOTTOM
 10
46.234655
 20
42.857649
 40
0.100076
 41
0.100076
 42
0.000000
  0
VERTEX
  8
PG_SILKSCREEN_BOTTOM
 10
46.234655
 20
41.167025
 40
0.100076
 41
0.100076
 42
0.000000
  0
SEQEND
  0
CIRCLE
  8
PIN_BOTTOM
 10
45.634631
 20
43.543169
 40
0.228600
  0
CIRCLE
  8
PIN_BOTTOM
 10
44.834531
 20
43.543169
 40
0.228600
  0
POLYLINE
  8
PG_SILKSCREEN_BOTTOM
 66
1
 70
0
 40
0.000000
 41
0.000000
 39
0.000000
  0
VERTEX
  8
PG_SILKSCREEN_BOTTOM
 10
44.389269
 20
43.162169
 40
0.100076
 41
0.100076
 42
0.000000
  0
VERTEX
  8
PG_SILKSCREEN_BOTTOM
 10
44.389269
 20
43.924169
 40
0.100076
 41
0.100076
 42
0.000000
  0
VERTEX
  8
PG_SILKSCREEN_BOTTOM
 10
46.079893
 20
43.924169
 40
0.100076
 41
0.100076
 42
0.000000
  0
VERTEX
  8
PG_SILKSCREEN_BOTTOM
 10
46.079893
 20
43.162169
 40
0.100076
 41
0.100076
 42
0.000000
  0
VERTEX
  8
PG_SILKSCREEN_BOTTOM
 10
44.389269
 20
43.162169
 40
0.100076
 41
0.100076
 42
0.000000
  0
SEQEND
  0
CIRCLE
  8
PIN_BOTTOM
 10
45.823581
 20
51.659815
 40
0.228600
  0
CIRCLE
  8
PIN_BOTTOM
 10
45.823581
 20
52.459915
 40
0.228600
  0
POLYLINE
  8
PG_SILKSCREEN_BOTTOM
 66
1
 70
0
 40
0.000000
 41
0.000000
 39
0.000000
  0
VERTEX
  8
PG_SILKSCREEN_BOTTOM
 10
45.442581
 20
52.905177
 40
0.100076
 41
0.100076
 42
0.000000
  0
VERTEX
  8
PG_SILKSCREEN_BOTTOM
 10
46.204581
 20
52.905177
 40
0.100076
 41
0.100076
 42
0.000000
  0
VERTEX
  8
PG_SILKSCREEN_BOTTOM
 10
46.204581
 20
51.214553
 40
0.100076
 41
0.100076
 42
0.000000
  0
VERTEX
  8
PG_SILKSCREEN_BOTTOM
 10
45.442581
 20
51.214553
 40
0.100076
 41
0.100076
 42
0.000000
  0
VERTEX
  8
PG_SILKSCREEN_BOTTOM
 10
45.442581
 20
52.905177
 40
0.100076
 41
0.100076
 42
0.000000
  0
SEQEND
  0
CIRCLE
  8
PIN_BOTTOM
 10
48.917885
 20
49.579073
 40
0.228600
  0
CIRCLE
  8
PIN_BOTTOM
 10
49.717985
 20
49.579073
 40
0.228600
  0
POLYLINE
  8
PG_SILKSCREEN_BOTTOM
 66
1
 70
0
 40
0.000000
 41
0.000000
 39
0.000000
  0
VERTEX
  8
PG_SILKSCREEN_BOTTOM
 10
50.163247
 20
49.960073
 40
0.100076
 41
0.100076
 42
0.000000
  0
VERTEX
  8
PG_SILKSCREEN_BOTTOM
 10
50.163247
 20
49.198073
 40
0.100076
 41
0.100076
 42
0.000000
  0
VERTEX
  8
PG_SILKSCREEN_BOTTOM
 10
48.472623
 20
49.198073
 40
0.100076
 41
0.100076
 42
0.000000
  0
VERTEX
  8
PG_SILKSCREEN_BOTTOM
 10
48.472623
 20
49.960073
 40
0.100076
 41
0.100076
 42
0.000000
  0
VERTEX
  8
PG_SILKSCREEN_BOTTOM
 10
50.163247
 20
49.960073
 40
0.100076
 41
0.100076
 42
0.000000
  0
SEQEND
  0
CIRCLE
  8
PIN_BOTTOM
 10
46.827973
 20
50.517857
 40
0.228600
  0
CIRCLE
  8
PIN_BOTTOM
 10
47.628073
 20
50.517857
 40
0.228600
  0
POLYLINE
  8
PG_SILKSCREEN_BOTTOM
 66
1
 70
0
 40
0.000000
 41
0.000000
 39
0.000000
  0
VERTEX
  8
PG_SILKSCREEN_BOTTOM
 10
48.073335
 20
50.898857
 40
0.100076
 41
0.100076
 42
0.000000
  0
VERTEX
  8
PG_SILKSCREEN_BOTTOM
 10
48.073335
 20
50.136857
 40
0.100076
 41
0.100076
 42
0.000000
  0
VERTEX
  8
PG_SILKSCREEN_BOTTOM
 10
46.382711
 20
50.136857
 40
0.100076
 41
0.100076
 42
0.000000
  0
VERTEX
  8
PG_SILKSCREEN_BOTTOM
 10
46.382711
 20
50.898857
 40
0.100076
 41
0.100076
 42
0.000000
  0
VERTEX
  8
PG_SILKSCREEN_BOTTOM
 10
48.073335
 20
50.898857
 40
0.100076
 41
0.100076
 42
0.000000
  0
SEQEND
  0
CIRCLE
  8
PIN_BOTTOM
 10
47.710065
 20
49.551539
 40
0.228600
  0
CIRCLE
  8
PIN_BOTTOM
 10
46.909965
 20
49.551539
 40
0.228600
  0
POLYLINE
  8
PG_SILKSCREEN_BOTTOM
 66
1
 70
0
 40
0.000000
 41
0.000000
 39
0.000000
  0
VERTEX
  8
PG_SILKSCREEN_BOTTOM
 10
46.464703
 20
49.170539
 40
0.100076
 41
0.100076
 42
0.000000
  0
VERTEX
  8
PG_SILKSCREEN_BOTTOM
 10
46.464703
 20
49.932539
 40
0.100076
 41
0.100076
 42
0.000000
  0
VERTEX
  8
PG_SILKSCREEN_BOTTOM
 10
48.155327
 20
49.932539
 40
0.100076
 41
0.100076
 42
0.000000
  0
VERTEX
  8
PG_SILKSCREEN_BOTTOM
 10
48.155327
 20
49.170539
 40
0.100076
 41
0.100076
 42
0.000000
  0
VERTEX
  8
PG_SILKSCREEN_BOTTOM
 10
46.464703
 20
49.170539
 40
0.100076
 41
0.100076
 42
0.000000
  0
SEQEND
  0
CIRCLE
  8
PIN_BOTTOM
 10
42.647083
 20
39.463929
 40
0.228600
  0
CIRCLE
  8
PIN_BOTTOM
 10
41.846983
 20
39.463929
 40
0.228600
  0
POLYLINE
  8
PG_SILKSCREEN_BOTTOM
 66
1
 70
0
 40
0.000000
 41
0.000000
 39
0.000000
  0
VERTEX
  8
PG_SILKSCREEN_BOTTOM
 10
41.401721
 20
39.082929
 40
0.100076
 41
0.100076
 42
0.000000
  0
VERTEX
  8
PG_SILKSCREEN_BOTTOM
 10
41.401721
 20
39.844929
 40
0.100076
 41
0.100076
 42
0.000000
  0
VERTEX
  8
PG_SILKSCREEN_BOTTOM
 10
43.092345
 20
39.844929
 40
0.100076
 41
0.100076
 42
0.000000
  0
VERTEX
  8
PG_SILKSCREEN_BOTTOM
 10
43.092345
 20
39.082929
 40
0.100076
 41
0.100076
 42
0.000000
  0
VERTEX
  8
PG_SILKSCREEN_BOTTOM
 10
41.401721
 20
39.082929
 40
0.100076
 41
0.100076
 42
0.000000
  0
SEQEND
  0
CIRCLE
  8
PIN_BOTTOM
 10
46.967419
 20
41.528543
 40
0.228600
  0
CIRCLE
  8
PIN_BOTTOM
 10
47.767519
 20
41.528543
 40
0.228600
  0
POLYLINE
  8
PG_SILKSCREEN_BOTTOM
 66
1
 70
0
 40
0.000000
 41
0.000000
 39
0.000000
  0
VERTEX
  8
PG_SILKSCREEN_BOTTOM
 10
48.212781
 20
41.909543
 40
0.100076
 41
0.100076
 42
0.000000
  0
VERTEX
  8
PG_SILKSCREEN_BOTTOM
 10
48.212781
 20
41.147543
 40
0.100076
 41
0.100076
 42
0.000000
  0
VERTEX
  8
PG_SILKSCREEN_BOTTOM
 10
46.522157
 20
41.147543
 40
0.100076
 41
0.100076
 42
0.000000
  0
VERTEX
  8
PG_SILKSCREEN_BOTTOM
 10
46.522157
 20
41.909543
 40
0.100076
 41
0.100076
 42
0.000000
  0
VERTEX
  8
PG_SILKSCREEN_BOTTOM
 10
48.212781
 20
41.909543
 40
0.100076
 41
0.100076
 42
0.000000
  0
SEQEND
  0
CIRCLE
  8
PIN_BOTTOM
 10
46.946083
 20
42.595089
 40
0.228600
  0
CIRCLE
  8
PIN_BOTTOM
 10
47.746183
 20
42.595089
 40
0.228600
  0
POLYLINE
  8
PG_SILKSCREEN_BOTTOM
 66
1
 70
0
 40
0.000000
 41
0.000000
 39
0.000000
  0
VERTEX
  8
PG_SILKSCREEN_BOTTOM
 10
48.191445
 20
42.976089
 40
0.100076
 41
0.100076
 42
0.000000
  0
VERTEX
  8
PG_SILKSCREEN_BOTTOM
 10
48.191445
 20
42.214089
 40
0.100076
 41
0.100076
 42
0.000000
  0
VERTEX
  8
PG_SILKSCREEN_BOTTOM
 10
46.500821
 20
42.214089
 40
0.100076
 41
0.100076
 42
0.000000
  0
VERTEX
  8
PG_SILKSCREEN_BOTTOM
 10
46.500821
 20
42.976089
 40
0.100076
 41
0.100076
 42
0.000000
  0
VERTEX
  8
PG_SILKSCREEN_BOTTOM
 10
48.191445
 20
42.976089
 40
0.100076
 41
0.100076
 42
0.000000
  0
SEQEND
  0
CIRCLE
  8
PIN_BOTTOM
 10
46.945829
 20
43.542763
 40
0.228600
  0
CIRCLE
  8
PIN_BOTTOM
 10
47.745929
 20
43.542763
 40
0.228600
  0
POLYLINE
  8
PG_SILKSCREEN_BOTTOM
 66
1
 70
0
 40
0.000000
 41
0.000000
 39
0.000000
  0
VERTEX
  8
PG_SILKSCREEN_BOTTOM
 10
48.191191
 20
43.923763
 40
0.100076
 41
0.100076
 42
0.000000
  0
VERTEX
  8
PG_SILKSCREEN_BOTTOM
 10
48.191191
 20
43.161763
 40
0.100076
 41
0.100076
 42
0.000000
  0
VERTEX
  8
PG_SILKSCREEN_BOTTOM
 10
46.500567
 20
43.161763
 40
0.100076
 41
0.100076
 42
0.000000
  0
VERTEX
  8
PG_SILKSCREEN_BOTTOM
 10
46.500567
 20
43.923763
 40
0.100076
 41
0.100076
 42
0.000000
  0
VERTEX
  8
PG_SILKSCREEN_BOTTOM
 10
48.191191
 20
43.923763
 40
0.100076
 41
0.100076
 42
0.000000
  0
SEQEND
  0
CIRCLE
  8
PIN_BOTTOM
 10
48.931855
 20
52.507439
 40
0.228600
  0
CIRCLE
  8
PIN_BOTTOM
 10
49.731955
 20
52.507439
 40
0.228600
  0
POLYLINE
  8
PG_SILKSCREEN_BOTTOM
 66
1
 70
0
 40
0.000000
 41
0.000000
 39
0.000000
  0
VERTEX
  8
PG_SILKSCREEN_BOTTOM
 10
50.177217
 20
52.888439
 40
0.100076
 41
0.100076
 42
0.000000
  0
VERTEX
  8
PG_SILKSCREEN_BOTTOM
 10
50.177217
 20
52.126439
 40
0.100076
 41
0.100076
 42
0.000000
  0
VERTEX
  8
PG_SILKSCREEN_BOTTOM
 10
48.486593
 20
52.126439
 40
0.100076
 41
0.100076
 42
0.000000
  0
VERTEX
  8
PG_SILKSCREEN_BOTTOM
 10
48.486593
 20
52.888439
 40
0.100076
 41
0.100076
 42
0.000000
  0
VERTEX
  8
PG_SILKSCREEN_BOTTOM
 10
50.177217
 20
52.888439
 40
0.100076
 41
0.100076
 42
0.000000
  0
SEQEND
  0
CIRCLE
  8
PIN_BOTTOM
 10
46.896553
 20
51.659841
 40
0.228600
  0
CIRCLE
  8
PIN_BOTTOM
 10
47.696653
 20
51.659841
 40
0.228600
  0
POLYLINE
  8
PG_SILKSCREEN_BOTTOM
 66
1
 70
0
 40
0.000000
 41
0.000000
 39
0.000000
  0
VERTEX
  8
PG_SILKSCREEN_BOTTOM
 10
48.141915
 20
52.040841
 40
0.100076
 41
0.100076
 42
0.000000
  0
VERTEX
  8
PG_SILKSCREEN_BOTTOM
 10
48.141915
 20
51.278841
 40
0.100076
 41
0.100076
 42
0.000000
  0
VERTEX
  8
PG_SILKSCREEN_BOTTOM
 10
46.451291
 20
51.278841
 40
0.100076
 41
0.100076
 42
0.000000
  0
VERTEX
  8
PG_SILKSCREEN_BOTTOM
 10
46.451291
 20
52.040841
 40
0.100076
 41
0.100076
 42
0.000000
  0
VERTEX
  8
PG_SILKSCREEN_BOTTOM
 10
48.141915
 20
52.040841
 40
0.100076
 41
0.100076
 42
0.000000
  0
SEQEND
  0
CIRCLE
  8
PIN_BOTTOM
 10
48.901121
 20
50.571959
 40
0.228600
  0
CIRCLE
  8
PIN_BOTTOM
 10
49.701221
 20
50.571959
 40
0.228600
  0
POLYLINE
  8
PG_SILKSCREEN_BOTTOM
 66
1
 70
0
 40
0.000000
 41
0.000000
 39
0.000000
  0
VERTEX
  8
PG_SILKSCREEN_BOTTOM
 10
50.146483
 20
50.952959
 40
0.100076
 41
0.100076
 42
0.000000
  0
VERTEX
  8
PG_SILKSCREEN_BOTTOM
 10
50.146483
 20
50.190959
 40
0.100076
 41
0.100076
 42
0.000000
  0
VERTEX
  8
PG_SILKSCREEN_BOTTOM
 10
48.455859
 20
50.190959
 40
0.100076
 41
0.100076
 42
0.000000
  0
VERTEX
  8
PG_SILKSCREEN_BOTTOM
 10
48.455859
 20
50.952959
 40
0.100076
 41
0.100076
 42
0.000000
  0
VERTEX
  8
PG_SILKSCREEN_BOTTOM
 10
50.146483
 20
50.952959
 40
0.100076
 41
0.100076
 42
0.000000
  0
SEQEND
  0
CIRCLE
  8
PIN_BOTTOM
 10
48.922203
 20
51.629361
 40
0.228600
  0
CIRCLE
  8
PIN_BOTTOM
 10
49.722303
 20
51.629361
 40
0.228600
  0
POLYLINE
  8
PG_SILKSCREEN_BOTTOM
 66
1
 70
0
 40
0.000000
 41
0.000000
 39
0.000000
  0
VERTEX
  8
PG_SILKSCREEN_BOTTOM
 10
50.167565
 20
52.010361
 40
0.100076
 41
0.100076
 42
0.000000
  0
VERTEX
  8
PG_SILKSCREEN_BOTTOM
 10
50.167565
 20
51.248361
 40
0.100076
 41
0.100076
 42
0.000000
  0
VERTEX
  8
PG_SILKSCREEN_BOTTOM
 10
48.476941
 20
51.248361
 40
0.100076
 41
0.100076
 42
0.000000
  0
VERTEX
  8
PG_SILKSCREEN_BOTTOM
 10
48.476941
 20
52.010361
 40
0.100076
 41
0.100076
 42
0.000000
  0
VERTEX
  8
PG_SILKSCREEN_BOTTOM
 10
50.167565
 20
52.010361
 40
0.100076
 41
0.100076
 42
0.000000
  0
SEQEND
  0
CIRCLE
  8
PIN_BOTTOM
 10
46.847277
 20
48.585679
 40
0.228600
  0
CIRCLE
  8
PIN_BOTTOM
 10
47.647377
 20
48.585679
 40
0.228600
  0
POLYLINE
  8
PG_SILKSCREEN_BOTTOM
 66
1
 70
0
 40
0.000000
 41
0.000000
 39
0.000000
  0
VERTEX
  8
PG_SILKSCREEN_BOTTOM
 10
48.092639
 20
48.966679
 40
0.100076
 41
0.100076
 42
0.000000
  0
VERTEX
  8
PG_SILKSCREEN_BOTTOM
 10
48.092639
 20
48.204679
 40
0.100076
 41
0.100076
 42
0.000000
  0
VERTEX
  8
PG_SILKSCREEN_BOTTOM
 10
46.402015
 20
48.204679
 40
0.100076
 41
0.100076
 42
0.000000
  0
VERTEX
  8
PG_SILKSCREEN_BOTTOM
 10
46.402015
 20
48.966679
 40
0.100076
 41
0.100076
 42
0.000000
  0
VERTEX
  8
PG_SILKSCREEN_BOTTOM
 10
48.092639
 20
48.966679
 40
0.100076
 41
0.100076
 42
0.000000
  0
SEQEND
  0
CIRCLE
  8
PIN_BOTTOM
 10
47.697111
 20
47.531477
 40
0.228600
  0
CIRCLE
  8
PIN_BOTTOM
 10
46.897011
 20
47.531477
 40
0.228600
  0
POLYLINE
  8
PG_SILKSCREEN_BOTTOM
 66
1
 70
0
 40
0.000000
 41
0.000000
 39
0.000000
  0
VERTEX
  8
PG_SILKSCREEN_BOTTOM
 10
46.451749
 20
47.150477
 40
0.100076
 41
0.100076
 42
0.000000
  0
VERTEX
  8
PG_SILKSCREEN_BOTTOM
 10
46.451749
 20
47.912477
 40
0.100076
 41
0.100076
 42
0.000000
  0
VERTEX
  8
PG_SILKSCREEN_BOTTOM
 10
48.142373
 20
47.912477
 40
0.100076
 41
0.100076
 42
0.000000
  0
VERTEX
  8
PG_SILKSCREEN_BOTTOM
 10
48.142373
 20
47.150477
 40
0.100076
 41
0.100076
 42
0.000000
  0
VERTEX
  8
PG_SILKSCREEN_BOTTOM
 10
46.451749
 20
47.150477
 40
0.100076
 41
0.100076
 42
0.000000
  0
SEQEND
  0
CIRCLE
  8
PIN_BOTTOM
 10
46.816543
 20
46.537931
 40
0.228600
  0
CIRCLE
  8
PIN_BOTTOM
 10
47.616643
 20
46.537931
 40
0.228600
  0
POLYLINE
  8
PG_SILKSCREEN_BOTTOM
 66
1
 70
0
 40
0.000000
 41
0.000000
 39
0.000000
  0
VERTEX
  8
PG_SILKSCREEN_BOTTOM
 10
48.061905
 20
46.918931
 40
0.100076
 41
0.100076
 42
0.000000
  0
VERTEX
  8
PG_SILKSCREEN_BOTTOM
 10
48.061905
 20
46.156931
 40
0.100076
 41
0.100076
 42
0.000000
  0
VERTEX
  8
PG_SILKSCREEN_BOTTOM
 10
46.371281
 20
46.156931
 40
0.100076
 41
0.100076
 42
0.000000
  0
VERTEX
  8
PG_SILKSCREEN_BOTTOM
 10
46.371281
 20
46.918931
 40
0.100076
 41
0.100076
 42
0.000000
  0
VERTEX
  8
PG_SILKSCREEN_BOTTOM
 10
48.061905
 20
46.918931
 40
0.100076
 41
0.100076
 42
0.000000
  0
SEQEND
  0
CIRCLE
  8
PIN_BOTTOM
 10
48.948111
 20
48.540467
 40
0.228600
  0
CIRCLE
  8
PIN_BOTTOM
 10
49.748211
 20
48.540467
 40
0.228600
  0
POLYLINE
  8
PG_SILKSCREEN_BOTTOM
 66
1
 70
0
 40
0.000000
 41
0.000000
 39
0.000000
  0
VERTEX
  8
PG_SILKSCREEN_BOTTOM
 10
50.193473
 20
48.921467
 40
0.100076
 41
0.100076
 42
0.000000
  0
VERTEX
  8
PG_SILKSCREEN_BOTTOM
 10
50.193473
 20
48.159467
 40
0.100076
 41
0.100076
 42
0.000000
  0
VERTEX
  8
PG_SILKSCREEN_BOTTOM
 10
48.502849
 20
48.159467
 40
0.100076
 41
0.100076
 42
0.000000
  0
VERTEX
  8
PG_SILKSCREEN_BOTTOM
 10
48.502849
 20
48.921467
 40
0.100076
 41
0.100076
 42
0.000000
  0
VERTEX
  8
PG_SILKSCREEN_BOTTOM
 10
50.193473
 20
48.921467
 40
0.100076
 41
0.100076
 42
0.000000
  0
SEQEND
  0
CIRCLE
  8
PIN_BOTTOM
 10
48.984179
 20
43.527523
 40
0.228600
  0
CIRCLE
  8
PIN_BOTTOM
 10
49.784279
 20
43.527523
 40
0.228600
  0
POLYLINE
  8
PG_SILKSCREEN_BOTTOM
 66
1
 70
0
 40
0.000000
 41
0.000000
 39
0.000000
  0
VERTEX
  8
PG_SILKSCREEN_BOTTOM
 10
50.229541
 20
43.908523
 40
0.100076
 41
0.100076
 42
0.000000
  0
VERTEX
  8
PG_SILKSCREEN_BOTTOM
 10
50.229541
 20
43.146523
 40
0.100076
 41
0.100076
 42
0.000000
  0
VERTEX
  8
PG_SILKSCREEN_BOTTOM
 10
48.538917
 20
43.146523
 40
0.100076
 41
0.100076
 42
0.000000
  0
VERTEX
  8
PG_SILKSCREEN_BOTTOM
 10
48.538917
 20
43.908523
 40
0.100076
 41
0.100076
 42
0.000000
  0
VERTEX
  8
PG_SILKSCREEN_BOTTOM
 10
50.229541
 20
43.908523
 40
0.100076
 41
0.100076
 42
0.000000
  0
SEQEND
  0
CIRCLE
  8
PIN_BOTTOM
 10
40.639721
 20
43.563743
 40
0.228600
  0
CIRCLE
  8
PIN_BOTTOM
 10
39.839621
 20
43.563743
 40
0.228600
  0
POLYLINE
  8
PG_SILKSCREEN_BOTTOM
 66
1
 70
0
 40
0.000000
 41
0.000000
 39
0.000000
  0
VERTEX
  8
PG_SILKSCREEN_BOTTOM
 10
39.394359
 20
43.182743
 40
0.100076
 41
0.100076
 42
0.000000
  0
VERTEX
  8
PG_SILKSCREEN_BOTTOM
 10
39.394359
 20
43.944743
 40
0.100076
 41
0.100076
 42
0.000000
  0
VERTEX
  8
PG_SILKSCREEN_BOTTOM
 10
41.084983
 20
43.944743
 40
0.100076
 41
0.100076
 42
0.000000
  0
VERTEX
  8
PG_SILKSCREEN_BOTTOM
 10
41.084983
 20
43.182743
 40
0.100076
 41
0.100076
 42
0.000000
  0
VERTEX
  8
PG_SILKSCREEN_BOTTOM
 10
39.394359
 20
43.182743
 40
0.100076
 41
0.100076
 42
0.000000
  0
SEQEND
  0
CIRCLE
  8
PIN_BOTTOM
 10
36.715167
 20
43.551297
 40
0.228600
  0
CIRCLE
  8
PIN_BOTTOM
 10
35.915067
 20
43.551297
 40
0.228600
  0
POLYLINE
  8
PG_SILKSCREEN_BOTTOM
 66
1
 70
0
 40
0.000000
 41
0.000000
 39
0.000000
  0
VERTEX
  8
PG_SILKSCREEN_BOTTOM
 10
35.469805
 20
43.170297
 40
0.100076
 41
0.100076
 42
0.000000
  0
VERTEX
  8
PG_SILKSCREEN_BOTTOM
 10
35.469805
 20
43.932297
 40
0.100076
 41
0.100076
 42
0.000000
  0
VERTEX
  8
PG_SILKSCREEN_BOTTOM
 10
37.160429
 20
43.932297
 40
0.100076
 41
0.100076
 42
0.000000
  0
VERTEX
  8
PG_SILKSCREEN_BOTTOM
 10
37.160429
 20
43.170297
 40
0.100076
 41
0.100076
 42
0.000000
  0
VERTEX
  8
PG_SILKSCREEN_BOTTOM
 10
35.469805
 20
43.170297
 40
0.100076
 41
0.100076
 42
0.000000
  0
SEQEND
  0
CIRCLE
  8
PIN_BOTTOM
 10
39.647089
 20
40.517013
 40
0.228600
  0
CIRCLE
  8
PIN_BOTTOM
 10
38.846989
 20
40.517013
 40
0.228600
  0
POLYLINE
  8
PG_SILKSCREEN_BOTTOM
 66
1
 70
0
 40
0.000000
 41
0.000000
 39
0.000000
  0
VERTEX
  8
PG_SILKSCREEN_BOTTOM
 10
38.401727
 20
40.136013
 40
0.100076
 41
0.100076
 42
0.000000
  0
VERTEX
  8
PG_SILKSCREEN_BOTTOM
 10
38.401727
 20
40.898013
 40
0.100076
 41
0.100076
 42
0.000000
  0
VERTEX
  8
PG_SILKSCREEN_BOTTOM
 10
40.092351
 20
40.898013
 40
0.100076
 41
0.100076
 42
0.000000
  0
VERTEX
  8
PG_SILKSCREEN_BOTTOM
 10
40.092351
 20
40.136013
 40
0.100076
 41
0.100076
 42
0.000000
  0
VERTEX
  8
PG_SILKSCREEN_BOTTOM
 10
38.401727
 20
40.136013
 40
0.100076
 41
0.100076
 42
0.000000
  0
SEQEND
  0
CIRCLE
  8
PIN_BOTTOM
 10
40.570379
 20
48.539603
 40
0.228600
  0
CIRCLE
  8
PIN_BOTTOM
 10
39.770279
 20
48.539603
 40
0.228600
  0
POLYLINE
  8
PG_SILKSCREEN_BOTTOM
 66
1
 70
0
 40
0.000000
 41
0.000000
 39
0.000000
  0
VERTEX
  8
PG_SILKSCREEN_BOTTOM
 10
39.325017
 20
48.158603
 40
0.100076
 41
0.100076
 42
0.000000
  0
VERTEX
  8
PG_SILKSCREEN_BOTTOM
 10
39.325017
 20
48.920603
 40
0.100076
 41
0.100076
 42
0.000000
  0
VERTEX
  8
PG_SILKSCREEN_BOTTOM
 10
41.015641
 20
48.920603
 40
0.100076
 41
0.100076
 42
0.000000
  0
VERTEX
  8
PG_SILKSCREEN_BOTTOM
 10
41.015641
 20
48.158603
 40
0.100076
 41
0.100076
 42
0.000000
  0
VERTEX
  8
PG_SILKSCREEN_BOTTOM
 10
39.325017
 20
48.158603
 40
0.100076
 41
0.100076
 42
0.000000
  0
SEQEND
  0
CIRCLE
  8
PIN_BOTTOM
 10
39.601877
 20
47.495155
 40
0.228600
  0
CIRCLE
  8
PIN_BOTTOM
 10
38.801777
 20
47.495155
 40
0.228600
  0
POLYLINE
  8
PG_SILKSCREEN_BOTTOM
 66
1
 70
0
 40
0.000000
 41
0.000000
 39
0.000000
  0
VERTEX
  8
PG_SILKSCREEN_BOTTOM
 10
38.356515
 20
47.114155
 40
0.100076
 41
0.100076
 42
0.000000
  0
VERTEX
  8
PG_SILKSCREEN_BOTTOM
 10
38.356515
 20
47.876155
 40
0.100076
 41
0.100076
 42
0.000000
  0
VERTEX
  8
PG_SILKSCREEN_BOTTOM
 10
40.047139
 20
47.876155
 40
0.100076
 41
0.100076
 42
0.000000
  0
VERTEX
  8
PG_SILKSCREEN_BOTTOM
 10
40.047139
 20
47.114155
 40
0.100076
 41
0.100076
 42
0.000000
  0
VERTEX
  8
PG_SILKSCREEN_BOTTOM
 10
38.356515
 20
47.114155
 40
0.100076
 41
0.100076
 42
0.000000
  0
SEQEND
  0
CIRCLE
  8
PIN_BOTTOM
 10
41.637433
 20
51.495401
 40
0.228600
  0
CIRCLE
  8
PIN_BOTTOM
 10
40.837333
 20
51.495401
 40
0.228600
  0
POLYLINE
  8
PG_SILKSCREEN_BOTTOM
 66
1
 70
0
 40
0.000000
 41
0.000000
 39
0.000000
  0
VERTEX
  8
PG_SILKSCREEN_BOTTOM
 10
40.392071
 20
51.114401
 40
0.100076
 41
0.100076
 42
0.000000
  0
VERTEX
  8
PG_SILKSCREEN_BOTTOM
 10
40.392071
 20
51.876401
 40
0.100076
 41
0.100076
 42
0.000000
  0
VERTEX
  8
PG_SILKSCREEN_BOTTOM
 10
42.082695
 20
51.876401
 40
0.100076
 41
0.100076
 42
0.000000
  0
VERTEX
  8
PG_SILKSCREEN_BOTTOM
 10
42.082695
 20
51.114401
 40
0.100076
 41
0.100076
 42
0.000000
  0
VERTEX
  8
PG_SILKSCREEN_BOTTOM
 10
40.392071
 20
51.114401
 40
0.100076
 41
0.100076
 42
0.000000
  0
SEQEND
  0
CIRCLE
  8
PIN_BOTTOM
 10
40.618639
 20
50.471527
 40
0.228600
  0
CIRCLE
  8
PIN_BOTTOM
 10
39.818539
 20
50.471527
 40
0.228600
  0
POLYLINE
  8
PG_SILKSCREEN_BOTTOM
 66
1
 70
0
 40
0.000000
 41
0.000000
 39
0.000000
  0
VERTEX
  8
PG_SILKSCREEN_BOTTOM
 10
39.373277
 20
50.090527
 40
0.100076
 41
0.100076
 42
0.000000
  0
VERTEX
  8
PG_SILKSCREEN_BOTTOM
 10
39.373277
 20
50.852527
 40
0.100076
 41
0.100076
 42
0.000000
  0
VERTEX
  8
PG_SILKSCREEN_BOTTOM
 10
41.063901
 20
50.852527
 40
0.100076
 41
0.100076
 42
0.000000
  0
VERTEX
  8
PG_SILKSCREEN_BOTTOM
 10
41.063901
 20
50.090527
 40
0.100076
 41
0.100076
 42
0.000000
  0
VERTEX
  8
PG_SILKSCREEN_BOTTOM
 10
39.373277
 20
50.090527
 40
0.100076
 41
0.100076
 42
0.000000
  0
SEQEND
  0
CIRCLE
  8
PIN_BOTTOM
 10
39.578255
 20
49.469497
 40
0.228600
  0
CIRCLE
  8
PIN_BOTTOM
 10
38.778155
 20
49.469497
 40
0.228600
  0
POLYLINE
  8
PG_SILKSCREEN_BOTTOM
 66
1
 70
0
 40
0.000000
 41
0.000000
 39
0.000000
  0
VERTEX
  8
PG_SILKSCREEN_BOTTOM
 10
38.332893
 20
49.088497
 40
0.100076
 41
0.100076
 42
0.000000
  0
VERTEX
  8
PG_SILKSCREEN_BOTTOM
 10
38.332893
 20
49.850497
 40
0.100076
 41
0.100076
 42
0.000000
  0
VERTEX
  8
PG_SILKSCREEN_BOTTOM
 10
40.023517
 20
49.850497
 40
0.100076
 41
0.100076
 42
0.000000
  0
VERTEX
  8
PG_SILKSCREEN_BOTTOM
 10
40.023517
 20
49.088497
 40
0.100076
 41
0.100076
 42
0.000000
  0
VERTEX
  8
PG_SILKSCREEN_BOTTOM
 10
38.332893
 20
49.088497
 40
0.100076
 41
0.100076
 42
0.000000
  0
SEQEND
  0
CIRCLE
  8
PIN_BOTTOM
 10
42.002989
 20
52.461211
 40
0.228600
  0
CIRCLE
  8
PIN_BOTTOM
 10
42.803089
 20
52.461211
 40
0.228600
  0
POLYLINE
  8
PG_SILKSCREEN_BOTTOM
 66
1
 70
0
 40
0.000000
 41
0.000000
 39
0.000000
  0
VERTEX
  8
PG_SILKSCREEN_BOTTOM
 10
43.248351
 20
52.842211
 40
0.100076
 41
0.100076
 42
0.000000
  0
VERTEX
  8
PG_SILKSCREEN_BOTTOM
 10
43.248351
 20
52.080211
 40
0.100076
 41
0.100076
 42
0.000000
  0
VERTEX
  8
PG_SILKSCREEN_BOTTOM
 10
41.557727
 20
52.080211
 40
0.100076
 41
0.100076
 42
0.000000
  0
VERTEX
  8
PG_SILKSCREEN_BOTTOM
 10
41.557727
 20
52.842211
 40
0.100076
 41
0.100076
 42
0.000000
  0
VERTEX
  8
PG_SILKSCREEN_BOTTOM
 10
43.248351
 20
52.842211
 40
0.100076
 41
0.100076
 42
0.000000
  0
SEQEND
  0
CIRCLE
  8
PIN_BOTTOM
 10
48.961065
 20
47.534627
 40
0.228600
  0
CIRCLE
  8
PIN_BOTTOM
 10
49.761165
 20
47.534627
 40
0.228600
  0
POLYLINE
  8
PG_SILKSCREEN_BOTTOM
 66
1
 70
0
 40
0.000000
 41
0.000000
 39
0.000000
  0
VERTEX
  8
PG_SILKSCREEN_BOTTOM
 10
50.206427
 20
47.915627
 40
0.100076
 41
0.100076
 42
0.000000
  0
VERTEX
  8
PG_SILKSCREEN_BOTTOM
 10
50.206427
 20
47.153627
 40
0.100076
 41
0.100076
 42
0.000000
  0
VERTEX
  8
PG_SILKSCREEN_BOTTOM
 10
48.515803
 20
47.153627
 40
0.100076
 41
0.100076
 42
0.000000
  0
VERTEX
  8
PG_SILKSCREEN_BOTTOM
 10
48.515803
 20
47.915627
 40
0.100076
 41
0.100076
 42
0.000000
  0
VERTEX
  8
PG_SILKSCREEN_BOTTOM
 10
50.206427
 20
47.915627
 40
0.100076
 41
0.100076
 42
0.000000
  0
SEQEND
  0
CIRCLE
  8
PIN_BOTTOM
 10
48.960557
 20
46.525993
 40
0.228600
  0
CIRCLE
  8
PIN_BOTTOM
 10
49.760657
 20
46.525993
 40
0.228600
  0
POLYLINE
  8
PG_SILKSCREEN_BOTTOM
 66
1
 70
0
 40
0.000000
 41
0.000000
 39
0.000000
  0
VERTEX
  8
PG_SILKSCREEN_BOTTOM
 10
50.205919
 20
46.906993
 40
0.100076
 41
0.100076
 42
0.000000
  0
VERTEX
  8
PG_SILKSCREEN_BOTTOM
 10
50.205919
 20
46.144993
 40
0.100076
 41
0.100076
 42
0.000000
  0
VERTEX
  8
PG_SILKSCREEN_BOTTOM
 10
48.515295
 20
46.144993
 40
0.100076
 41
0.100076
 42
0.000000
  0
VERTEX
  8
PG_SILKSCREEN_BOTTOM
 10
48.515295
 20
46.906993
 40
0.100076
 41
0.100076
 42
0.000000
  0
VERTEX
  8
PG_SILKSCREEN_BOTTOM
 10
50.205919
 20
46.906993
 40
0.100076
 41
0.100076
 42
0.000000
  0
SEQEND
  0
CIRCLE
  8
PIN_BOTTOM
 10
48.969447
 20
42.555465
 40
0.228600
  0
CIRCLE
  8
PIN_BOTTOM
 10
49.769547
 20
42.555465
 40
0.228600
  0
POLYLINE
  8
PG_SILKSCREEN_BOTTOM
 66
1
 70
0
 40
0.000000
 41
0.000000
 39
0.000000
  0
VERTEX
  8
PG_SILKSCREEN_BOTTOM
 10
50.214809
 20
42.936465
 40
0.100076
 41
0.100076
 42
0.000000
  0
VERTEX
  8
PG_SILKSCREEN_BOTTOM
 10
50.214809
 20
42.174465
 40
0.100076
 41
0.100076
 42
0.000000
  0
VERTEX
  8
PG_SILKSCREEN_BOTTOM
 10
48.524185
 20
42.174465
 40
0.100076
 41
0.100076
 42
0.000000
  0
VERTEX
  8
PG_SILKSCREEN_BOTTOM
 10
48.524185
 20
42.936465
 40
0.100076
 41
0.100076
 42
0.000000
  0
VERTEX
  8
PG_SILKSCREEN_BOTTOM
 10
50.214809
 20
42.936465
 40
0.100076
 41
0.100076
 42
0.000000
  0
SEQEND
  0
CIRCLE
  8
PIN_BOTTOM
 10
45.735189
 20
39.455115
 40
0.228600
  0
CIRCLE
  8
PIN_BOTTOM
 10
45.735189
 20
40.255215
 40
0.228600
  0
POLYLINE
  8
PG_SILKSCREEN_BOTTOM
 66
1
 70
0
 40
0.000000
 41
0.000000
 39
0.000000
  0
VERTEX
  8
PG_SILKSCREEN_BOTTOM
 10
45.354189
 20
40.700477
 40
0.100076
 41
0.100076
 42
0.000000
  0
VERTEX
  8
PG_SILKSCREEN_BOTTOM
 10
46.116189
 20
40.700477
 40
0.100076
 41
0.100076
 42
0.000000
  0
VERTEX
  8
PG_SILKSCREEN_BOTTOM
 10
46.116189
 20
39.009853
 40
0.100076
 41
0.100076
 42
0.000000
  0
VERTEX
  8
PG_SILKSCREEN_BOTTOM
 10
45.354189
 20
39.009853
 40
0.100076
 41
0.100076
 42
0.000000
  0
VERTEX
  8
PG_SILKSCREEN_BOTTOM
 10
45.354189
 20
40.700477
 40
0.100076
 41
0.100076
 42
0.000000
  0
SEQEND
  0
CIRCLE
  8
PIN_BOTTOM
 10
47.524899
 20
40.655951
 40
0.228600
  0
CIRCLE
  8
PIN_BOTTOM
 10
46.724799
 20
40.655951
 40
0.228600
  0
POLYLINE
  8
PG_SILKSCREEN_BOTTOM
 66
1
 70
0
 40
0.000000
 41
0.000000
 39
0.000000
  0
VERTEX
  8
PG_SILKSCREEN_BOTTOM
 10
46.279537
 20
40.274951
 40
0.100076
 41
0.100076
 42
0.000000
  0
VERTEX
  8
PG_SILKSCREEN_BOTTOM
 10
46.279537
 20
41.036951
 40
0.100076
 41
0.100076
 42
0.000000
  0
VERTEX
  8
PG_SILKSCREEN_BOTTOM
 10
47.970161
 20
41.036951
 40
0.100076
 41
0.100076
 42
0.000000
  0
VERTEX
  8
PG_SILKSCREEN_BOTTOM
 10
47.970161
 20
40.274951
 40
0.100076
 41
0.100076
 42
0.000000
  0
VERTEX
  8
PG_SILKSCREEN_BOTTOM
 10
46.279537
 20
40.274951
 40
0.100076
 41
0.100076
 42
0.000000
  0
SEQEND
  0
CIRCLE
  8
PIN_BOTTOM
 10
49.010849
 20
41.473679
 40
0.228600
  0
CIRCLE
  8
PIN_BOTTOM
 10
49.810949
 20
41.473679
 40
0.228600
  0
POLYLINE
  8
PG_SILKSCREEN_BOTTOM
 66
1
 70
0
 40
0.000000
 41
0.000000
 39
0.000000
  0
VERTEX
  8
PG_SILKSCREEN_BOTTOM
 10
50.256211
 20
41.854679
 40
0.100076
 41
0.100076
 42
0.000000
  0
VERTEX
  8
PG_SILKSCREEN_BOTTOM
 10
50.256211
 20
41.092679
 40
0.100076
 41
0.100076
 42
0.000000
  0
VERTEX
  8
PG_SILKSCREEN_BOTTOM
 10
48.565587
 20
41.092679
 40
0.100076
 41
0.100076
 42
0.000000
  0
VERTEX
  8
PG_SILKSCREEN_BOTTOM
 10
48.565587
 20
41.854679
 40
0.100076
 41
0.100076
 42
0.000000
  0
VERTEX
  8
PG_SILKSCREEN_BOTTOM
 10
50.256211
 20
41.854679
 40
0.100076
 41
0.100076
 42
0.000000
  0
SEQEND
  0
CIRCLE
  8
PIN_BOTTOM
 10
39.619403
 20
39.584579
 40
0.228600
  0
CIRCLE
  8
PIN_BOTTOM
 10
38.819303
 20
39.584579
 40
0.228600
  0
POLYLINE
  8
PG_SILKSCREEN_BOTTOM
 66
1
 70
0
 40
0.000000
 41
0.000000
 39
0.000000
  0
VERTEX
  8
PG_SILKSCREEN_BOTTOM
 10
38.374041
 20
39.203579
 40
0.100076
 41
0.100076
 42
0.000000
  0
VERTEX
  8
PG_SILKSCREEN_BOTTOM
 10
38.374041
 20
39.965579
 40
0.100076
 41
0.100076
 42
0.000000
  0
VERTEX
  8
PG_SILKSCREEN_BOTTOM
 10
40.064665
 20
39.965579
 40
0.100076
 41
0.100076
 42
0.000000
  0
VERTEX
  8
PG_SILKSCREEN_BOTTOM
 10
40.064665
 20
39.203579
 40
0.100076
 41
0.100076
 42
0.000000
  0
VERTEX
  8
PG_SILKSCREEN_BOTTOM
 10
38.374041
 20
39.203579
 40
0.100076
 41
0.100076
 42
0.000000
  0
SEQEND
  0
CIRCLE
  8
PIN_BOTTOM
 10
39.619403
 20
51.443839
 40
0.228600
  0
CIRCLE
  8
PIN_BOTTOM
 10
38.819303
 20
51.443839
 40
0.228600
  0
POLYLINE
  8
PG_SILKSCREEN_BOTTOM
 66
1
 70
0
 40
0.000000
 41
0.000000
 39
0.000000
  0
VERTEX
  8
PG_SILKSCREEN_BOTTOM
 10
38.374041
 20
51.062839
 40
0.100076
 41
0.100076
 42
0.000000
  0
VERTEX
  8
PG_SILKSCREEN_BOTTOM
 10
38.374041
 20
51.824839
 40
0.100076
 41
0.100076
 42
0.000000
  0
VERTEX
  8
PG_SILKSCREEN_BOTTOM
 10
40.064665
 20
51.824839
 40
0.100076
 41
0.100076
 42
0.000000
  0
VERTEX
  8
PG_SILKSCREEN_BOTTOM
 10
40.064665
 20
51.062839
 40
0.100076
 41
0.100076
 42
0.000000
  0
VERTEX
  8
PG_SILKSCREEN_BOTTOM
 10
38.374041
 20
51.062839
 40
0.100076
 41
0.100076
 42
0.000000
  0
SEQEND
  0
CIRCLE
  8
PIN_BOTTOM
 10
40.634387
 20
52.452219
 40
0.228600
  0
CIRCLE
  8
PIN_BOTTOM
 10
39.834287
 20
52.452219
 40
0.228600
  0
POLYLINE
  8
PG_SILKSCREEN_BOTTOM
 66
1
 70
0
 40
0.000000
 41
0.000000
 39
0.000000
  0
VERTEX
  8
PG_SILKSCREEN_BOTTOM
 10
39.389025
 20
52.071219
 40
0.100076
 41
0.100076
 42
0.000000
  0
VERTEX
  8
PG_SILKSCREEN_BOTTOM
 10
39.389025
 20
52.833219
 40
0.100076
 41
0.100076
 42
0.000000
  0
VERTEX
  8
PG_SILKSCREEN_BOTTOM
 10
41.079649
 20
52.833219
 40
0.100076
 41
0.100076
 42
0.000000
  0
VERTEX
  8
PG_SILKSCREEN_BOTTOM
 10
41.079649
 20
52.071219
 40
0.100076
 41
0.100076
 42
0.000000
  0
VERTEX
  8
PG_SILKSCREEN_BOTTOM
 10
39.389025
 20
52.071219
 40
0.100076
 41
0.100076
 42
0.000000
  0
SEQEND
  0
CIRCLE
  8
PIN_BOTTOM
 10
37.563527
 20
41.662299
 40
0.228600
  0
CIRCLE
  8
PIN_BOTTOM
 10
36.763427
 20
41.662299
 40
0.228600
  0
POLYLINE
  8
PG_SILKSCREEN_BOTTOM
 66
1
 70
0
 40
0.000000
 41
0.000000
 39
0.000000
  0
VERTEX
  8
PG_SILKSCREEN_BOTTOM
 10
36.318165
 20
41.281299
 40
0.100076
 41
0.100076
 42
0.000000
  0
VERTEX
  8
PG_SILKSCREEN_BOTTOM
 10
36.318165
 20
42.043299
 40
0.100076
 41
0.100076
 42
0.000000
  0
VERTEX
  8
PG_SILKSCREEN_BOTTOM
 10
38.008789
 20
42.043299
 40
0.100076
 41
0.100076
 42
0.000000
  0
VERTEX
  8
PG_SILKSCREEN_BOTTOM
 10
38.008789
 20
41.281299
 40
0.100076
 41
0.100076
 42
0.000000
  0
VERTEX
  8
PG_SILKSCREEN_BOTTOM
 10
36.318165
 20
41.281299
 40
0.100076
 41
0.100076
 42
0.000000
  0
SEQEND
  0
CIRCLE
  8
PIN_BOTTOM
 10
37.548287
 20
40.495931
 40
0.228600
  0
CIRCLE
  8
PIN_BOTTOM
 10
36.748187
 20
40.495931
 40
0.228600
  0
POLYLINE
  8
PG_SILKSCREEN_BOTTOM
 66
1
 70
0
 40
0.000000
 41
0.000000
 39
0.000000
  0
VERTEX
  8
PG_SILKSCREEN_BOTTOM
 10
36.302925
 20
40.114931
 40
0.100076
 41
0.100076
 42
0.000000
  0
VERTEX
  8
PG_SILKSCREEN_BOTTOM
 10
36.302925
 20
40.876931
 40
0.100076
 41
0.100076
 42
0.000000
  0
VERTEX
  8
PG_SILKSCREEN_BOTTOM
 10
37.993549
 20
40.876931
 40
0.100076
 41
0.100076
 42
0.000000
  0
VERTEX
  8
PG_SILKSCREEN_BOTTOM
 10
37.993549
 20
40.114931
 40
0.100076
 41
0.100076
 42
0.000000
  0
VERTEX
  8
PG_SILKSCREEN_BOTTOM
 10
36.302925
 20
40.114931
 40
0.100076
 41
0.100076
 42
0.000000
  0
SEQEND
  0
CIRCLE
  8
PIN_BOTTOM
 10
38.586385
 20
48.439527
 40
0.228600
  0
CIRCLE
  8
PIN_BOTTOM
 10
37.786285
 20
48.439527
 40
0.228600
  0
POLYLINE
  8
PG_SILKSCREEN_BOTTOM
 66
1
 70
0
 40
0.000000
 41
0.000000
 39
0.000000
  0
VERTEX
  8
PG_SILKSCREEN_BOTTOM
 10
37.341023
 20
48.058527
 40
0.100076
 41
0.100076
 42
0.000000
  0
VERTEX
  8
PG_SILKSCREEN_BOTTOM
 10
37.341023
 20
48.820527
 40
0.100076
 41
0.100076
 42
0.000000
  0
VERTEX
  8
PG_SILKSCREEN_BOTTOM
 10
39.031647
 20
48.820527
 40
0.100076
 41
0.100076
 42
0.000000
  0
VERTEX
  8
PG_SILKSCREEN_BOTTOM
 10
39.031647
 20
48.058527
 40
0.100076
 41
0.100076
 42
0.000000
  0
VERTEX
  8
PG_SILKSCREEN_BOTTOM
 10
37.341023
 20
48.058527
 40
0.100076
 41
0.100076
 42
0.000000
  0
SEQEND
  0
CIRCLE
  8
PIN_BOTTOM
 10
37.548795
 20
47.482709
 40
0.228600
  0
CIRCLE
  8
PIN_BOTTOM
 10
36.748695
 20
47.482709
 40
0.228600
  0
POLYLINE
  8
PG_SILKSCREEN_BOTTOM
 66
1
 70
0
 40
0.000000
 41
0.000000
 39
0.000000
  0
VERTEX
  8
PG_SILKSCREEN_BOTTOM
 10
36.303433
 20
47.101709
 40
0.100076
 41
0.100076
 42
0.000000
  0
VERTEX
  8
PG_SILKSCREEN_BOTTOM
 10
36.303433
 20
47.863709
 40
0.100076
 41
0.100076
 42
0.000000
  0
VERTEX
  8
PG_SILKSCREEN_BOTTOM
 10
37.994057
 20
47.863709
 40
0.100076
 41
0.100076
 42
0.000000
  0
VERTEX
  8
PG_SILKSCREEN_BOTTOM
 10
37.994057
 20
47.101709
 40
0.100076
 41
0.100076
 42
0.000000
  0
VERTEX
  8
PG_SILKSCREEN_BOTTOM
 10
36.303433
 20
47.101709
 40
0.100076
 41
0.100076
 42
0.000000
  0
SEQEND
  0
CIRCLE
  8
PIN_BOTTOM
 10
37.571248
 20
36.465180
 40
0.228600
  0
CIRCLE
  8
PIN_BOTTOM
 10
36.771148
 20
36.465180
 40
0.228600
  0
POLYLINE
  8
PG_SILKSCREEN_BOTTOM
 66
1
 70
0
 40
0.000000
 41
0.000000
 39
0.000000
  0
VERTEX
  8
PG_SILKSCREEN_BOTTOM
 10
36.325886
 20
36.084180
 40
0.100076
 41
0.100076
 42
0.000000
  0
VERTEX
  8
PG_SILKSCREEN_BOTTOM
 10
36.325886
 20
36.846180
 40
0.100076
 41
0.100076
 42
0.000000
  0
VERTEX
  8
PG_SILKSCREEN_BOTTOM
 10
38.016510
 20
36.846180
 40
0.100076
 41
0.100076
 42
0.000000
  0
VERTEX
  8
PG_SILKSCREEN_BOTTOM
 10
38.016510
 20
36.084180
 40
0.100076
 41
0.100076
 42
0.000000
  0
VERTEX
  8
PG_SILKSCREEN_BOTTOM
 10
36.325886
 20
36.084180
 40
0.100076
 41
0.100076
 42
0.000000
  0
SEQEND
  0
CIRCLE
  8
PIN_BOTTOM
 10
37.555246
 20
49.457280
 40
0.228600
  0
CIRCLE
  8
PIN_BOTTOM
 10
36.755146
 20
49.457280
 40
0.228600
  0
POLYLINE
  8
PG_SILKSCREEN_BOTTOM
 66
1
 70
0
 40
0.000000
 41
0.000000
 39
0.000000
  0
VERTEX
  8
PG_SILKSCREEN_BOTTOM
 10
36.309884
 20
49.076280
 40
0.100076
 41
0.100076
 42
0.000000
  0
VERTEX
  8
PG_SILKSCREEN_BOTTOM
 10
36.309884
 20
49.838280
 40
0.100076
 41
0.100076
 42
0.000000
  0
VERTEX
  8
PG_SILKSCREEN_BOTTOM
 10
38.000508
 20
49.838280
 40
0.100076
 41
0.100076
 42
0.000000
  0
VERTEX
  8
PG_SILKSCREEN_BOTTOM
 10
38.000508
 20
49.076280
 40
0.100076
 41
0.100076
 42
0.000000
  0
VERTEX
  8
PG_SILKSCREEN_BOTTOM
 10
36.309884
 20
49.076280
 40
0.100076
 41
0.100076
 42
0.000000
  0
SEQEND
  0
CIRCLE
  8
PIN_BOTTOM
 10
37.820168
 20
46.484972
 40
0.228600
  0
CIRCLE
  8
PIN_BOTTOM
 10
37.020068
 20
46.484972
 40
0.228600
  0
POLYLINE
  8
PG_SILKSCREEN_BOTTOM
 66
1
 70
0
 40
0.000000
 41
0.000000
 39
0.000000
  0
VERTEX
  8
PG_SILKSCREEN_BOTTOM
 10
36.574806
 20
46.103972
 40
0.100076
 41
0.100076
 42
0.000000
  0
VERTEX
  8
PG_SILKSCREEN_BOTTOM
 10
36.574806
 20
46.865972
 40
0.100076
 41
0.100076
 42
0.000000
  0
VERTEX
  8
PG_SILKSCREEN_BOTTOM
 10
38.265430
 20
46.865972
 40
0.100076
 41
0.100076
 42
0.000000
  0
VERTEX
  8
PG_SILKSCREEN_BOTTOM
 10
38.265430
 20
46.103972
 40
0.100076
 41
0.100076
 42
0.000000
  0
VERTEX
  8
PG_SILKSCREEN_BOTTOM
 10
36.574806
 20
46.103972
 40
0.100076
 41
0.100076
 42
0.000000
  0
SEQEND
  0
CIRCLE
  8
PIN_BOTTOM
 10
39.530858
 20
41.638906
 40
0.228600
  0
CIRCLE
  8
PIN_BOTTOM
 10
38.730758
 20
41.638906
 40
0.228600
  0
POLYLINE
  8
PG_SILKSCREEN_BOTTOM
 66
1
 70
0
 40
0.000000
 41
0.000000
 39
0.000000
  0
VERTEX
  8
PG_SILKSCREEN_BOTTOM
 10
38.285496
 20
41.257906
 40
0.100076
 41
0.100076
 42
0.000000
  0
VERTEX
  8
PG_SILKSCREEN_BOTTOM
 10
38.285496
 20
42.019906
 40
0.100076
 41
0.100076
 42
0.000000
  0
VERTEX
  8
PG_SILKSCREEN_BOTTOM
 10
39.976120
 20
42.019906
 40
0.100076
 41
0.100076
 42
0.000000
  0
VERTEX
  8
PG_SILKSCREEN_BOTTOM
 10
39.976120
 20
41.257906
 40
0.100076
 41
0.100076
 42
0.000000
  0
VERTEX
  8
PG_SILKSCREEN_BOTTOM
 10
38.285496
 20
41.257906
 40
0.100076
 41
0.100076
 42
0.000000
  0
SEQEND
  0
CIRCLE
  8
PIN_BOTTOM
 10
38.543052
 20
43.418938
 40
0.228600
  0
CIRCLE
  8
PIN_BOTTOM
 10
37.742952
 20
43.418938
 40
0.228600
  0
POLYLINE
  8
PG_SILKSCREEN_BOTTOM
 66
1
 70
0
 40
0.000000
 41
0.000000
 39
0.000000
  0
VERTEX
  8
PG_SILKSCREEN_BOTTOM
 10
37.297690
 20
43.037938
 40
0.100076
 41
0.100076
 42
0.000000
  0
VERTEX
  8
PG_SILKSCREEN_BOTTOM
 10
37.297690
 20
43.799938
 40
0.100076
 41
0.100076
 42
0.000000
  0
VERTEX
  8
PG_SILKSCREEN_BOTTOM
 10
38.988314
 20
43.799938
 40
0.100076
 41
0.100076
 42
0.000000
  0
VERTEX
  8
PG_SILKSCREEN_BOTTOM
 10
38.988314
 20
43.037938
 40
0.100076
 41
0.100076
 42
0.000000
  0
VERTEX
  8
PG_SILKSCREEN_BOTTOM
 10
37.297690
 20
43.037938
 40
0.100076
 41
0.100076
 42
0.000000
  0
SEQEND
  0
CIRCLE
  8
PIN_BOTTOM
 10
40.611120
 20
37.432412
 40
0.228600
  0
CIRCLE
  8
PIN_BOTTOM
 10
39.811020
 20
37.432412
 40
0.228600
  0
POLYLINE
  8
PG_SILKSCREEN_BOTTOM
 66
1
 70
0
 40
0.000000
 41
0.000000
 39
0.000000
  0
VERTEX
  8
PG_SILKSCREEN_BOTTOM
 10
39.365758
 20
37.051412
 40
0.100076
 41
0.100076
 42
0.000000
  0
VERTEX
  8
PG_SILKSCREEN_BOTTOM
 10
39.365758
 20
37.813412
 40
0.100076
 41
0.100076
 42
0.000000
  0
VERTEX
  8
PG_SILKSCREEN_BOTTOM
 10
41.056382
 20
37.813412
 40
0.100076
 41
0.100076
 42
0.000000
  0
VERTEX
  8
PG_SILKSCREEN_BOTTOM
 10
41.056382
 20
37.051412
 40
0.100076
 41
0.100076
 42
0.000000
  0
VERTEX
  8
PG_SILKSCREEN_BOTTOM
 10
39.365758
 20
37.051412
 40
0.100076
 41
0.100076
 42
0.000000
  0
SEQEND
  0
CIRCLE
  8
PIN_BOTTOM
 10
42.628388
 20
37.458828
 40
0.228600
  0
CIRCLE
  8
PIN_BOTTOM
 10
41.828288
 20
37.458828
 40
0.228600
  0
POLYLINE
  8
PG_SILKSCREEN_BOTTOM
 66
1
 70
0
 40
0.000000
 41
0.000000
 39
0.000000
  0
VERTEX
  8
PG_SILKSCREEN_BOTTOM
 10
41.383026
 20
37.077828
 40
0.100076
 41
0.100076
 42
0.000000
  0
VERTEX
  8
PG_SILKSCREEN_BOTTOM
 10
41.383026
 20
37.839828
 40
0.100076
 41
0.100076
 42
0.000000
  0
VERTEX
  8
PG_SILKSCREEN_BOTTOM
 10
43.073650
 20
37.839828
 40
0.100076
 41
0.100076
 42
0.000000
  0
VERTEX
  8
PG_SILKSCREEN_BOTTOM
 10
43.073650
 20
37.077828
 40
0.100076
 41
0.100076
 42
0.000000
  0
VERTEX
  8
PG_SILKSCREEN_BOTTOM
 10
41.383026
 20
37.077828
 40
0.100076
 41
0.100076
 42
0.000000
  0
SEQEND
  0
CIRCLE
  8
PIN_BOTTOM
 10
39.597660
 20
44.383122
 40
0.228600
  0
CIRCLE
  8
PIN_BOTTOM
 10
38.797560
 20
44.383122
 40
0.228600
  0
POLYLINE
  8
PG_SILKSCREEN_BOTTOM
 66
1
 70
0
 40
0.000000
 41
0.000000
 39
0.000000
  0
VERTEX
  8
PG_SILKSCREEN_BOTTOM
 10
38.352298
 20
44.002122
 40
0.100076
 41
0.100076
 42
0.000000
  0
VERTEX
  8
PG_SILKSCREEN_BOTTOM
 10
38.352298
 20
44.764122
 40
0.100076
 41
0.100076
 42
0.000000
  0
VERTEX
  8
PG_SILKSCREEN_BOTTOM
 10
40.042922
 20
44.764122
 40
0.100076
 41
0.100076
 42
0.000000
  0
VERTEX
  8
PG_SILKSCREEN_BOTTOM
 10
40.042922
 20
44.002122
 40
0.100076
 41
0.100076
 42
0.000000
  0
VERTEX
  8
PG_SILKSCREEN_BOTTOM
 10
38.352298
 20
44.002122
 40
0.100076
 41
0.100076
 42
0.000000
  0
SEQEND
  0
CIRCLE
  8
PIN_BOTTOM
 10
43.585206
 20
38.472034
 40
0.228600
  0
CIRCLE
  8
PIN_BOTTOM
 10
42.785106
 20
38.472034
 40
0.228600
  0
POLYLINE
  8
PG_SILKSCREEN_BOTTOM
 66
1
 70
0
 40
0.000000
 41
0.000000
 39
0.000000
  0
VERTEX
  8
PG_SILKSCREEN_BOTTOM
 10
42.339844
 20
38.091034
 40
0.100076
 41
0.100076
 42
0.000000
  0
VERTEX
  8
PG_SILKSCREEN_BOTTOM
 10
42.339844
 20
38.853034
 40
0.100076
 41
0.100076
 42
0.000000
  0
VERTEX
  8
PG_SILKSCREEN_BOTTOM
 10
44.030468
 20
38.853034
 40
0.100076
 41
0.100076
 42
0.000000
  0
VERTEX
  8
PG_SILKSCREEN_BOTTOM
 10
44.030468
 20
38.091034
 40
0.100076
 41
0.100076
 42
0.000000
  0
VERTEX
  8
PG_SILKSCREEN_BOTTOM
 10
42.339844
 20
38.091034
 40
0.100076
 41
0.100076
 42
0.000000
  0
SEQEND
  0
CIRCLE
  8
PIN_BOTTOM
 10
41.609086
 20
38.459080
 40
0.228600
  0
CIRCLE
  8
PIN_BOTTOM
 10
40.808986
 20
38.459080
 40
0.228600
  0
POLYLINE
  8
PG_SILKSCREEN_BOTTOM
 66
1
 70
0
 40
0.000000
 41
0.000000
 39
0.000000
  0
VERTEX
  8
PG_SILKSCREEN_BOTTOM
 10
40.363724
 20
38.078080
 40
0.100076
 41
0.100076
 42
0.000000
  0
VERTEX
  8
PG_SILKSCREEN_BOTTOM
 10
40.363724
 20
38.840080
 40
0.100076
 41
0.100076
 42
0.000000
  0
VERTEX
  8
PG_SILKSCREEN_BOTTOM
 10
42.054348
 20
38.840080
 40
0.100076
 41
0.100076
 42
0.000000
  0
VERTEX
  8
PG_SILKSCREEN_BOTTOM
 10
42.054348
 20
38.078080
 40
0.100076
 41
0.100076
 42
0.000000
  0
VERTEX
  8
PG_SILKSCREEN_BOTTOM
 10
40.363724
 20
38.078080
 40
0.100076
 41
0.100076
 42
0.000000
  0
SEQEND
  0
CIRCLE
  8
PIN_BOTTOM
 10
39.599438
 20
38.412852
 40
0.228600
  0
CIRCLE
  8
PIN_BOTTOM
 10
38.799338
 20
38.412852
 40
0.228600
  0
POLYLINE
  8
PG_SILKSCREEN_BOTTOM
 66
1
 70
0
 40
0.000000
 41
0.000000
 39
0.000000
  0
VERTEX
  8
PG_SILKSCREEN_BOTTOM
 10
38.354076
 20
38.031852
 40
0.100076
 41
0.100076
 42
0.000000
  0
VERTEX
  8
PG_SILKSCREEN_BOTTOM
 10
38.354076
 20
38.793852
 40
0.100076
 41
0.100076
 42
0.000000
  0
VERTEX
  8
PG_SILKSCREEN_BOTTOM
 10
40.044700
 20
38.793852
 40
0.100076
 41
0.100076
 42
0.000000
  0
VERTEX
  8
PG_SILKSCREEN_BOTTOM
 10
40.044700
 20
38.031852
 40
0.100076
 41
0.100076
 42
0.000000
  0
VERTEX
  8
PG_SILKSCREEN_BOTTOM
 10
38.354076
 20
38.031852
 40
0.100076
 41
0.100076
 42
0.000000
  0
SEQEND
  0
CIRCLE
  8
PIN_BOTTOM
 10
37.579630
 20
38.424282
 40
0.228600
  0
CIRCLE
  8
PIN_BOTTOM
 10
36.779530
 20
38.424282
 40
0.228600
  0
POLYLINE
  8
PG_SILKSCREEN_BOTTOM
 66
1
 70
0
 40
0.000000
 41
0.000000
 39
0.000000
  0
VERTEX
  8
PG_SILKSCREEN_BOTTOM
 10
36.334268
 20
38.043282
 40
0.100076
 41
0.100076
 42
0.000000
  0
VERTEX
  8
PG_SILKSCREEN_BOTTOM
 10
36.334268
 20
38.805282
 40
0.100076
 41
0.100076
 42
0.000000
  0
VERTEX
  8
PG_SILKSCREEN_BOTTOM
 10
38.024892
 20
38.805282
 40
0.100076
 41
0.100076
 42
0.000000
  0
VERTEX
  8
PG_SILKSCREEN_BOTTOM
 10
38.024892
 20
38.043282
 40
0.100076
 41
0.100076
 42
0.000000
  0
VERTEX
  8
PG_SILKSCREEN_BOTTOM
 10
36.334268
 20
38.043282
 40
0.100076
 41
0.100076
 42
0.000000
  0
SEQEND
  0
CIRCLE
  8
PIN_BOTTOM
 10
37.607316
 20
39.404214
 40
0.228600
  0
CIRCLE
  8
PIN_BOTTOM
 10
36.807216
 20
39.404214
 40
0.228600
  0
POLYLINE
  8
PG_SILKSCREEN_BOTTOM
 66
1
 70
0
 40
0.000000
 41
0.000000
 39
0.000000
  0
VERTEX
  8
PG_SILKSCREEN_BOTTOM
 10
36.361954
 20
39.023214
 40
0.100076
 41
0.100076
 42
0.000000
  0
VERTEX
  8
PG_SILKSCREEN_BOTTOM
 10
36.361954
 20
39.785214
 40
0.100076
 41
0.100076
 42
0.000000
  0
VERTEX
  8
PG_SILKSCREEN_BOTTOM
 10
38.052578
 20
39.785214
 40
0.100076
 41
0.100076
 42
0.000000
  0
VERTEX
  8
PG_SILKSCREEN_BOTTOM
 10
38.052578
 20
39.023214
 40
0.100076
 41
0.100076
 42
0.000000
  0
VERTEX
  8
PG_SILKSCREEN_BOTTOM
 10
36.361954
 20
39.023214
 40
0.100076
 41
0.100076
 42
0.000000
  0
SEQEND
  0
CIRCLE
  8
PIN_BOTTOM
 10
38.618998
 20
37.426570
 40
0.228600
  0
CIRCLE
  8
PIN_BOTTOM
 10
37.818898
 20
37.426570
 40
0.228600
  0
POLYLINE
  8
PG_SILKSCREEN_BOTTOM
 66
1
 70
0
 40
0.000000
 41
0.000000
 39
0.000000
  0
VERTEX
  8
PG_SILKSCREEN_BOTTOM
 10
37.373636
 20
37.045570
 40
0.100076
 41
0.100076
 42
0.000000
  0
VERTEX
  8
PG_SILKSCREEN_BOTTOM
 10
37.373636
 20
37.807570
 40
0.100076
 41
0.100076
 42
0.000000
  0
VERTEX
  8
PG_SILKSCREEN_BOTTOM
 10
39.064260
 20
37.807570
 40
0.100076
 41
0.100076
 42
0.000000
  0
VERTEX
  8
PG_SILKSCREEN_BOTTOM
 10
39.064260
 20
37.045570
 40
0.100076
 41
0.100076
 42
0.000000
  0
VERTEX
  8
PG_SILKSCREEN_BOTTOM
 10
37.373636
 20
37.045570
 40
0.100076
 41
0.100076
 42
0.000000
  0
SEQEND
  0
CIRCLE
  8
PIN_BOTTOM
 10
52.793976
 20
37.525249
 40
0.228600
  0
CIRCLE
  8
PIN_BOTTOM
 10
53.594076
 20
37.525249
 40
0.228600
  0
POLYLINE
  8
PG_SILKSCREEN_BOTTOM
 66
1
 70
0
 40
0.000000
 41
0.000000
 39
0.000000
  0
VERTEX
  8
PG_SILKSCREEN_BOTTOM
 10
54.039338
 20
37.906249
 40
0.100076
 41
0.100076
 42
0.000000
  0
VERTEX
  8
PG_SILKSCREEN_BOTTOM
 10
54.039338
 20
37.144249
 40
0.100076
 41
0.100076
 42
0.000000
  0
VERTEX
  8
PG_SILKSCREEN_BOTTOM
 10
52.348714
 20
37.144249
 40
0.100076
 41
0.100076
 42
0.000000
  0
VERTEX
  8
PG_SILKSCREEN_BOTTOM
 10
52.348714
 20
37.906249
 40
0.100076
 41
0.100076
 42
0.000000
  0
VERTEX
  8
PG_SILKSCREEN_BOTTOM
 10
54.039338
 20
37.906249
 40
0.100076
 41
0.100076
 42
0.000000
  0
SEQEND
  0
CIRCLE
  8
PIN_BOTTOM
 10
49.826469
 20
37.423776
 40
0.228600
  0
CIRCLE
  8
PIN_BOTTOM
 10
49.826469
 20
36.623676
 40
0.228600
  0
POLYLINE
  8
PG_SILKSCREEN_BOTTOM
 66
1
 70
0
 40
0.000000
 41
0.000000
 39
0.000000
  0
VERTEX
  8
PG_SILKSCREEN_BOTTOM
 10
50.207469
 20
36.178414
 40
0.100076
 41
0.100076
 42
0.000000
  0
VERTEX
  8
PG_SILKSCREEN_BOTTOM
 10
49.445469
 20
36.178414
 40
0.100076
 41
0.100076
 42
0.000000
  0
VERTEX
  8
PG_SILKSCREEN_BOTTOM
 10
49.445469
 20
37.869038
 40
0.100076
 41
0.100076
 42
0.000000
  0
VERTEX
  8
PG_SILKSCREEN_BOTTOM
 10
50.207469
 20
37.869038
 40
0.100076
 41
0.100076
 42
0.000000
  0
VERTEX
  8
PG_SILKSCREEN_BOTTOM
 10
50.207469
 20
36.178414
 40
0.100076
 41
0.100076
 42
0.000000
  0
SEQEND
  0
CIRCLE
  8
PIN_BOTTOM
 10
46.666328
 20
37.559945
 40
0.228600
  0
CIRCLE
  8
PIN_BOTTOM
 10
45.866228
 20
37.559945
 40
0.228600
  0
POLYLINE
  8
PG_SILKSCREEN_BOTTOM
 66
1
 70
0
 40
0.000000
 41
0.000000
 39
0.000000
  0
VERTEX
  8
PG_SILKSCREEN_BOTTOM
 10
45.420966
 20
37.178945
 40
0.100076
 41
0.100076
 42
0.000000
  0
VERTEX
  8
PG_SILKSCREEN_BOTTOM
 10
45.420966
 20
37.940945
 40
0.100076
 41
0.100076
 42
0.000000
  0
VERTEX
  8
PG_SILKSCREEN_BOTTOM
 10
47.111590
 20
37.940945
 40
0.100076
 41
0.100076
 42
0.000000
  0
VERTEX
  8
PG_SILKSCREEN_BOTTOM
 10
47.111590
 20
37.178945
 40
0.100076
 41
0.100076
 42
0.000000
  0
VERTEX
  8
PG_SILKSCREEN_BOTTOM
 10
45.420966
 20
37.178945
 40
0.100076
 41
0.100076
 42
0.000000
  0
SEQEND
  0
CIRCLE
  8
PIN_BOTTOM
 10
42.784547
 20
46.570011
 40
0.228600
  0
CIRCLE
  8
PIN_BOTTOM
 10
41.984447
 20
46.570011
 40
0.228600
  0
POLYLINE
  8
PG_SILKSCREEN_BOTTOM
 66
1
 70
0
 40
0.000000
 41
0.000000
 39
0.000000
  0
VERTEX
  8
PG_SILKSCREEN_BOTTOM
 10
41.539185
 20
46.189011
 40
0.100076
 41
0.100076
 42
0.000000
  0
VERTEX
  8
PG_SILKSCREEN_BOTTOM
 10
41.539185
 20
46.951011
 40
0.100076
 41
0.100076
 42
0.000000
  0
VERTEX
  8
PG_SILKSCREEN_BOTTOM
 10
43.229809
 20
46.951011
 40
0.100076
 41
0.100076
 42
0.000000
  0
VERTEX
  8
PG_SILKSCREEN_BOTTOM
 10
43.229809
 20
46.189011
 40
0.100076
 41
0.100076
 42
0.000000
  0
VERTEX
  8
PG_SILKSCREEN_BOTTOM
 10
41.539185
 20
46.189011
 40
0.100076
 41
0.100076
 42
0.000000
  0
SEQEND
  0
CIRCLE
  8
PIN_BOTTOM
 10
42.665040
 20
43.660619
 40
0.228600
  0
CIRCLE
  8
PIN_BOTTOM
 10
41.864940
 20
43.660619
 40
0.228600
  0
POLYLINE
  8
PG_SILKSCREEN_BOTTOM
 66
1
 70
0
 40
0.000000
 41
0.000000
 39
0.000000
  0
VERTEX
  8
PG_SILKSCREEN_BOTTOM
 10
41.419704
 20
43.279593
 40
0.100076
 41
0.100076
 42
0.000000
  0
VERTEX
  8
PG_SILKSCREEN_BOTTOM
 10
41.419678
 20
44.041619
 40
0.100076
 41
0.100076
 42
0.000000
  0
VERTEX
  8
PG_SILKSCREEN_BOTTOM
 10
43.110302
 20
44.041619
 40
0.100076
 41
0.100076
 42
0.000000
  0
VERTEX
  8
PG_SILKSCREEN_BOTTOM
 10
43.110328
 20
43.279593
 40
0.100076
 41
0.100076
 42
0.000000
  0
VERTEX
  8
PG_SILKSCREEN_BOTTOM
 10
41.419704
 20
43.279593
 40
0.100076
 41
0.100076
 42
0.000000
  0
SEQEND
  0
CIRCLE
  8
PIN_BOTTOM
 10
42.800245
 20
47.523781
 40
0.228600
  0
CIRCLE
  8
PIN_BOTTOM
 10
42.000145
 20
47.523781
 40
0.228600
  0
POLYLINE
  8
PG_SILKSCREEN_BOTTOM
 66
1
 70
0
 40
0.000000
 41
0.000000
 39
0.000000
  0
VERTEX
  8
PG_SILKSCREEN_BOTTOM
 10
41.554883
 20
47.142781
 40
0.100076
 41
0.100076
 42
0.000000
  0
VERTEX
  8
PG_SILKSCREEN_BOTTOM
 10
41.554883
 20
47.904781
 40
0.100076
 41
0.100076
 42
0.000000
  0
VERTEX
  8
PG_SILKSCREEN_BOTTOM
 10
43.245507
 20
47.904781
 40
0.100076
 41
0.100076
 42
0.000000
  0
VERTEX
  8
PG_SILKSCREEN_BOTTOM
 10
43.245507
 20
47.142781
 40
0.100076
 41
0.100076
 42
0.000000
  0
VERTEX
  8
PG_SILKSCREEN_BOTTOM
 10
41.554883
 20
47.142781
 40
0.100076
 41
0.100076
 42
0.000000
  0
SEQEND
  0
CIRCLE
  8
PIN_BOTTOM
 10
42.684421
 20
44.604813
 40
0.228600
  0
CIRCLE
  8
PIN_BOTTOM
 10
41.884321
 20
44.604813
 40
0.228600
  0
POLYLINE
  8
PG_SILKSCREEN_BOTTOM
 66
1
 70
0
 40
0.000000
 41
0.000000
 39
0.000000
  0
VERTEX
  8
PG_SILKSCREEN_BOTTOM
 10
41.439059
 20
44.223813
 40
0.100076
 41
0.100076
 42
0.000000
  0
VERTEX
  8
PG_SILKSCREEN_BOTTOM
 10
41.439059
 20
44.985813
 40
0.100076
 41
0.100076
 42
0.000000
  0
VERTEX
  8
PG_SILKSCREEN_BOTTOM
 10
43.129683
 20
44.985813
 40
0.100076
 41
0.100076
 42
0.000000
  0
VERTEX
  8
PG_SILKSCREEN_BOTTOM
 10
43.129683
 20
44.223813
 40
0.100076
 41
0.100076
 42
0.000000
  0
VERTEX
  8
PG_SILKSCREEN_BOTTOM
 10
41.439059
 20
44.223813
 40
0.100076
 41
0.100076
 42
0.000000
  0
SEQEND
  0
CIRCLE
  8
PIN_BOTTOM
 10
50.816129
 20
37.494439
 40
0.228600
  0
CIRCLE
  8
PIN_BOTTOM
 10
50.816129
 20
36.694339
 40
0.228600
  0
POLYLINE
  8
PG_SILKSCREEN_BOTTOM
 66
1
 70
0
 40
0.000000
 41
0.000000
 39
0.000000
  0
VERTEX
  8
PG_SILKSCREEN_BOTTOM
 10
51.197129
 20
36.249077
 40
0.100076
 41
0.100076
 42
0.000000
  0
VERTEX
  8
PG_SILKSCREEN_BOTTOM
 10
50.435129
 20
36.249077
 40
0.100076
 41
0.100076
 42
0.000000
  0
VERTEX
  8
PG_SILKSCREEN_BOTTOM
 10
50.435129
 20
37.939701
 40
0.100076
 41
0.100076
 42
0.000000
  0
VERTEX
  8
PG_SILKSCREEN_BOTTOM
 10
51.197129
 20
37.939701
 40
0.100076
 41
0.100076
 42
0.000000
  0
VERTEX
  8
PG_SILKSCREEN_BOTTOM
 10
51.197129
 20
36.249077
 40
0.100076
 41
0.100076
 42
0.000000
  0
SEQEND
  0
CIRCLE
  8
PIN_BOTTOM
 10
34.612097
 20
51.719607
 40
0.228600
  0
CIRCLE
  8
PIN_BOTTOM
 10
33.811997
 20
51.719607
 40
0.228600
  0
POLYLINE
  8
PG_SILKSCREEN_BOTTOM
 66
1
 70
0
 40
0.000000
 41
0.000000
 39
0.000000
  0
VERTEX
  8
PG_SILKSCREEN_BOTTOM
 10
33.366735
 20
51.338607
 40
0.100076
 41
0.100076
 42
0.000000
  0
VERTEX
  8
PG_SILKSCREEN_BOTTOM
 10
33.366735
 20
52.100607
 40
0.100076
 41
0.100076
 42
0.000000
  0
VERTEX
  8
PG_SILKSCREEN_BOTTOM
 10
35.057359
 20
52.100607
 40
0.100076
 41
0.100076
 42
0.000000
  0
VERTEX
  8
PG_SILKSCREEN_BOTTOM
 10
35.057359
 20
51.338607
 40
0.100076
 41
0.100076
 42
0.000000
  0
VERTEX
  8
PG_SILKSCREEN_BOTTOM
 10
33.366735
 20
51.338607
 40
0.100076
 41
0.100076
 42
0.000000
  0
SEQEND
  0
CIRCLE
  8
PIN_BOTTOM
 10
35.976789
 20
63.432055
 40
0.228600
  0
CIRCLE
  8
PIN_BOTTOM
 10
36.776889
 20
63.432055
 40
0.228600
  0
POLYLINE
  8
PG_SILKSCREEN_BOTTOM
 66
1
 70
0
 40
0.000000
 41
0.000000
 39
0.000000
  0
VERTEX
  8
PG_SILKSCREEN_BOTTOM
 10
37.222151
 20
63.813055
 40
0.100076
 41
0.100076
 42
0.000000
  0
VERTEX
  8
PG_SILKSCREEN_BOTTOM
 10
37.222151
 20
63.051055
 40
0.100076
 41
0.100076
 42
0.000000
  0
VERTEX
  8
PG_SILKSCREEN_BOTTOM
 10
35.531527
 20
63.051055
 40
0.100076
 41
0.100076
 42
0.000000
  0
VERTEX
  8
PG_SILKSCREEN_BOTTOM
 10
35.531527
 20
63.813055
 40
0.100076
 41
0.100076
 42
0.000000
  0
VERTEX
  8
PG_SILKSCREEN_BOTTOM
 10
37.222151
 20
63.813055
 40
0.100076
 41
0.100076
 42
0.000000
  0
SEQEND
  0
CIRCLE
  8
PIN_BOTTOM
 10
33.586191
 20
58.679461
 40
0.228600
  0
CIRCLE
  8
PIN_BOTTOM
 10
32.786091
 20
58.679461
 40
0.228600
  0
POLYLINE
  8
PG_SILKSCREEN_BOTTOM
 66
1
 70
0
 40
0.000000
 41
0.000000
 39
0.000000
  0
VERTEX
  8
PG_SILKSCREEN_BOTTOM
 10
32.340829
 20
58.298461
 40
0.100076
 41
0.100076
 42
0.000000
  0
VERTEX
  8
PG_SILKSCREEN_BOTTOM
 10
32.340829
 20
59.060461
 40
0.100076
 41
0.100076
 42
0.000000
  0
VERTEX
  8
PG_SILKSCREEN_BOTTOM
 10
34.031453
 20
59.060461
 40
0.100076
 41
0.100076
 42
0.000000
  0
VERTEX
  8
PG_SILKSCREEN_BOTTOM
 10
34.031453
 20
58.298461
 40
0.100076
 41
0.100076
 42
0.000000
  0
VERTEX
  8
PG_SILKSCREEN_BOTTOM
 10
32.340829
 20
58.298461
 40
0.100076
 41
0.100076
 42
0.000000
  0
SEQEND
  0
CIRCLE
  8
PIN_BOTTOM
 10
35.570693
 20
54.680231
 40
0.228600
  0
CIRCLE
  8
PIN_BOTTOM
 10
34.770593
 20
54.680231
 40
0.228600
  0
POLYLINE
  8
PG_SILKSCREEN_BOTTOM
 66
1
 70
0
 40
0.000000
 41
0.000000
 39
0.000000
  0
VERTEX
  8
PG_SILKSCREEN_BOTTOM
 10
34.325331
 20
54.299231
 40
0.100076
 41
0.100076
 42
0.000000
  0
VERTEX
  8
PG_SILKSCREEN_BOTTOM
 10
34.325331
 20
55.061231
 40
0.100076
 41
0.100076
 42
0.000000
  0
VERTEX
  8
PG_SILKSCREEN_BOTTOM
 10
36.015955
 20
55.061231
 40
0.100076
 41
0.100076
 42
0.000000
  0
VERTEX
  8
PG_SILKSCREEN_BOTTOM
 10
36.015955
 20
54.299231
 40
0.100076
 41
0.100076
 42
0.000000
  0
VERTEX
  8
PG_SILKSCREEN_BOTTOM
 10
34.325331
 20
54.299231
 40
0.100076
 41
0.100076
 42
0.000000
  0
SEQEND
  0
CIRCLE
  8
PIN_BOTTOM
 10
36.654613
 20
58.394371
 40
0.228600
  0
CIRCLE
  8
PIN_BOTTOM
 10
36.654613
 20
57.594271
 40
0.228600
  0
POLYLINE
  8
PG_SILKSCREEN_BOTTOM
 66
1
 70
0
 40
0.000000
 41
0.000000
 39
0.000000
  0
VERTEX
  8
PG_SILKSCREEN_BOTTOM
 10
37.035613
 20
57.149009
 40
0.100076
 41
0.100076
 42
0.000000
  0
VERTEX
  8
PG_SILKSCREEN_BOTTOM
 10
36.273613
 20
57.149009
 40
0.100076
 41
0.100076
 42
0.000000
  0
VERTEX
  8
PG_SILKSCREEN_BOTTOM
 10
36.273613
 20
58.839633
 40
0.100076
 41
0.100076
 42
0.000000
  0
VERTEX
  8
PG_SILKSCREEN_BOTTOM
 10
37.035613
 20
58.839633
 40
0.100076
 41
0.100076
 42
0.000000
  0
VERTEX
  8
PG_SILKSCREEN_BOTTOM
 10
37.035613
 20
57.149009
 40
0.100076
 41
0.100076
 42
0.000000
  0
SEQEND
  0
CIRCLE
  8
PIN_BOTTOM
 10
24.801195
 20
59.559469
 40
0.228600
  0
CIRCLE
  8
PIN_BOTTOM
 10
24.801195
 20
58.759369
 40
0.228600
  0
POLYLINE
  8
PG_SILKSCREEN_BOTTOM
 66
1
 70
0
 40
0.000000
 41
0.000000
 39
0.000000
  0
VERTEX
  8
PG_SILKSCREEN_BOTTOM
 10
25.182195
 20
58.314107
 40
0.100076
 41
0.100076
 42
0.000000
  0
VERTEX
  8
PG_SILKSCREEN_BOTTOM
 10
24.420195
 20
58.314107
 40
0.100076
 41
0.100076
 42
0.000000
  0
VERTEX
  8
PG_SILKSCREEN_BOTTOM
 10
24.420195
 20
60.004731
 40
0.100076
 41
0.100076
 42
0.000000
  0
VERTEX
  8
PG_SILKSCREEN_BOTTOM
 10
25.182195
 20
60.004731
 40
0.100076
 41
0.100076
 42
0.000000
  0
VERTEX
  8
PG_SILKSCREEN_BOTTOM
 10
25.182195
 20
58.314107
 40
0.100076
 41
0.100076
 42
0.000000
  0
SEQEND
  0
CIRCLE
  8
PIN_BOTTOM
 10
27.964257
 20
59.401989
 40
0.228600
  0
CIRCLE
  8
PIN_BOTTOM
 10
27.964257
 20
58.601889
 40
0.228600
  0
POLYLINE
  8
PG_SILKSCREEN_BOTTOM
 66
1
 70
0
 40
0.000000
 41
0.000000
 39
0.000000
  0
VERTEX
  8
PG_SILKSCREEN_BOTTOM
 10
28.345257
 20
58.156627
 40
0.100076
 41
0.100076
 42
0.000000
  0
VERTEX
  8
PG_SILKSCREEN_BOTTOM
 10
27.583257
 20
58.156627
 40
0.100076
 41
0.100076
 42
0.000000
  0
VERTEX
  8
PG_SILKSCREEN_BOTTOM
 10
27.583257
 20
59.847251
 40
0.100076
 41
0.100076
 42
0.000000
  0
VERTEX
  8
PG_SILKSCREEN_BOTTOM
 10
28.345257
 20
59.847251
 40
0.100076
 41
0.100076
 42
0.000000
  0
VERTEX
  8
PG_SILKSCREEN_BOTTOM
 10
28.345257
 20
58.156627
 40
0.100076
 41
0.100076
 42
0.000000
  0
SEQEND
  0
CIRCLE
  8
PIN_BOTTOM
 10
31.930569
 20
63.559055
 40
0.228600
  0
CIRCLE
  8
PIN_BOTTOM
 10
32.730669
 20
63.559055
 40
0.228600
  0
POLYLINE
  8
PG_SILKSCREEN_BOTTOM
 66
1
 70
0
 40
0.000000
 41
0.000000
 39
0.000000
  0
VERTEX
  8
PG_SILKSCREEN_BOTTOM
 10
33.175931
 20
63.940055
 40
0.100076
 41
0.100076
 42
0.000000
  0
VERTEX
  8
PG_SILKSCREEN_BOTTOM
 10
33.175931
 20
63.178055
 40
0.100076
 41
0.100076
 42
0.000000
  0
VERTEX
  8
PG_SILKSCREEN_BOTTOM
 10
31.485307
 20
63.178055
 40
0.100076
 41
0.100076
 42
0.000000
  0
VERTEX
  8
PG_SILKSCREEN_BOTTOM
 10
31.485307
 20
63.940055
 40
0.100076
 41
0.100076
 42
0.000000
  0
VERTEX
  8
PG_SILKSCREEN_BOTTOM
 10
33.175931
 20
63.940055
 40
0.100076
 41
0.100076
 42
0.000000
  0
SEQEND
  0
CIRCLE
  8
PIN_BOTTOM
 10
50.779705
 20
57.552539
 40
0.228600
  0
CIRCLE
  8
PIN_BOTTOM
 10
51.579805
 20
57.552539
 40
0.228600
  0
POLYLINE
  8
PG_SILKSCREEN_BOTTOM
 66
1
 70
0
 40
0.000000
 41
0.000000
 39
0.000000
  0
VERTEX
  8
PG_SILKSCREEN_BOTTOM
 10
52.025067
 20
57.933539
 40
0.100076
 41
0.100076
 42
0.000000
  0
VERTEX
  8
PG_SILKSCREEN_BOTTOM
 10
52.025067
 20
57.171539
 40
0.100076
 41
0.100076
 42
0.000000
  0
VERTEX
  8
PG_SILKSCREEN_BOTTOM
 10
50.334443
 20
57.171539
 40
0.100076
 41
0.100076
 42
0.000000
  0
VERTEX
  8
PG_SILKSCREEN_BOTTOM
 10
50.334443
 20
57.933539
 40
0.100076
 41
0.100076
 42
0.000000
  0
VERTEX
  8
PG_SILKSCREEN_BOTTOM
 10
52.025067
 20
57.933539
 40
0.100076
 41
0.100076
 42
0.000000
  0
SEQEND
  0
CIRCLE
  8
PIN_BOTTOM
 10
45.694295
 20
57.286119
 40
0.228600
  0
CIRCLE
  8
PIN_BOTTOM
 10
45.694295
 20
56.486019
 40
0.228600
  0
POLYLINE
  8
PG_SILKSCREEN_BOTTOM
 66
1
 70
0
 40
0.000000
 41
0.000000
 39
0.000000
  0
VERTEX
  8
PG_SILKSCREEN_BOTTOM
 10
46.075295
 20
56.040757
 40
0.100076
 41
0.100076
 42
0.000000
  0
VERTEX
  8
PG_SILKSCREEN_BOTTOM
 10
45.313295
 20
56.040757
 40
0.100076
 41
0.100076
 42
0.000000
  0
VERTEX
  8
PG_SILKSCREEN_BOTTOM
 10
45.313295
 20
57.731381
 40
0.100076
 41
0.100076
 42
0.000000
  0
VERTEX
  8
PG_SILKSCREEN_BOTTOM
 10
46.075295
 20
57.731381
 40
0.100076
 41
0.100076
 42
0.000000
  0
VERTEX
  8
PG_SILKSCREEN_BOTTOM
 10
46.075295
 20
56.040757
 40
0.100076
 41
0.100076
 42
0.000000
  0
SEQEND
  0
CIRCLE
  8
PIN_BOTTOM
 10
39.579525
 20
57.466281
 40
0.228600
  0
CIRCLE
  8
PIN_BOTTOM
 10
38.779425
 20
57.466281
 40
0.228600
  0
POLYLINE
  8
PG_SILKSCREEN_BOTTOM
 66
1
 70
0
 40
0.000000
 41
0.000000
 39
0.000000
  0
VERTEX
  8
PG_SILKSCREEN_BOTTOM
 10
38.334163
 20
57.085281
 40
0.100076
 41
0.100076
 42
0.000000
  0
VERTEX
  8
PG_SILKSCREEN_BOTTOM
 10
38.334163
 20
57.847281
 40
0.100076
 41
0.100076
 42
0.000000
  0
VERTEX
  8
PG_SILKSCREEN_BOTTOM
 10
40.024787
 20
57.847281
 40
0.100076
 41
0.100076
 42
0.000000
  0
VERTEX
  8
PG_SILKSCREEN_BOTTOM
 10
40.024787
 20
57.085281
 40
0.100076
 41
0.100076
 42
0.000000
  0
VERTEX
  8
PG_SILKSCREEN_BOTTOM
 10
38.334163
 20
57.085281
 40
0.100076
 41
0.100076
 42
0.000000
  0
SEQEND
  0
CIRCLE
  8
PIN_BOTTOM
 10
41.673628
 20
62.681637
 40
0.228600
  0
CIRCLE
  8
PIN_BOTTOM
 10
41.673628
 20
63.481737
 40
0.228600
  0
POLYLINE
  8
PG_SILKSCREEN_BOTTOM
 66
1
 70
0
 40
0.000000
 41
0.000000
 39
0.000000
  0
VERTEX
  8
PG_SILKSCREEN_BOTTOM
 10
41.292628
 20
63.926999
 40
0.100076
 41
0.100076
 42
0.000000
  0
VERTEX
  8
PG_SILKSCREEN_BOTTOM
 10
42.054628
 20
63.926999
 40
0.100076
 41
0.100076
 42
0.000000
  0
VERTEX
  8
PG_SILKSCREEN_BOTTOM
 10
42.054628
 20
62.236375
 40
0.100076
 41
0.100076
 42
0.000000
  0
VERTEX
  8
PG_SILKSCREEN_BOTTOM
 10
41.292628
 20
62.236375
 40
0.100076
 41
0.100076
 42
0.000000
  0
VERTEX
  8
PG_SILKSCREEN_BOTTOM
 10
41.292628
 20
63.926999
 40
0.100076
 41
0.100076
 42
0.000000
  0
SEQEND
  0
CIRCLE
  8
PIN_BOTTOM
 10
46.709305
 20
63.535154
 40
0.228600
  0
CIRCLE
  8
PIN_BOTTOM
 10
45.909205
 20
63.535154
 40
0.228600
  0
POLYLINE
  8
PG_SILKSCREEN_BOTTOM
 66
1
 70
0
 40
0.000000
 41
0.000000
 39
0.000000
  0
VERTEX
  8
PG_SILKSCREEN_BOTTOM
 10
45.463943
 20
63.154154
 40
0.100076
 41
0.100076
 42
0.000000
  0
VERTEX
  8
PG_SILKSCREEN_BOTTOM
 10
45.463943
 20
63.916154
 40
0.100076
 41
0.100076
 42
0.000000
  0
VERTEX
  8
PG_SILKSCREEN_BOTTOM
 10
47.154567
 20
63.916154
 40
0.100076
 41
0.100076
 42
0.000000
  0
VERTEX
  8
PG_SILKSCREEN_BOTTOM
 10
47.154567
 20
63.154154
 40
0.100076
 41
0.100076
 42
0.000000
  0
VERTEX
  8
PG_SILKSCREEN_BOTTOM
 10
45.463943
 20
63.154154
 40
0.100076
 41
0.100076
 42
0.000000
  0
SEQEND
  0
CIRCLE
  8
PIN_BOTTOM
 10
50.990017
 20
60.472472
 40
0.228600
  0
CIRCLE
  8
PIN_BOTTOM
 10
51.790117
 20
60.472472
 40
0.228600
  0
POLYLINE
  8
PG_SILKSCREEN_BOTTOM
 66
1
 70
0
 40
0.000000
 41
0.000000
 39
0.000000
  0
VERTEX
  8
PG_SILKSCREEN_BOTTOM
 10
52.235379
 20
60.853472
 40
0.100076
 41
0.100076
 42
0.000000
  0
VERTEX
  8
PG_SILKSCREEN_BOTTOM
 10
52.235379
 20
60.091472
 40
0.100076
 41
0.100076
 42
0.000000
  0
VERTEX
  8
PG_SILKSCREEN_BOTTOM
 10
50.544755
 20
60.091472
 40
0.100076
 41
0.100076
 42
0.000000
  0
VERTEX
  8
PG_SILKSCREEN_BOTTOM
 10
50.544755
 20
60.853472
 40
0.100076
 41
0.100076
 42
0.000000
  0
VERTEX
  8
PG_SILKSCREEN_BOTTOM
 10
52.235379
 20
60.853472
 40
0.100076
 41
0.100076
 42
0.000000
  0
SEQEND
  0
CIRCLE
  8
PIN_BOTTOM
 10
50.989001
 20
53.440635
 40
0.228600
  0
CIRCLE
  8
PIN_BOTTOM
 10
51.789101
 20
53.440635
 40
0.228600
  0
POLYLINE
  8
PG_SILKSCREEN_BOTTOM
 66
1
 70
0
 40
0.000000
 41
0.000000
 39
0.000000
  0
VERTEX
  8
PG_SILKSCREEN_BOTTOM
 10
52.234363
 20
53.821635
 40
0.100076
 41
0.100076
 42
0.000000
  0
VERTEX
  8
PG_SILKSCREEN_BOTTOM
 10
52.234363
 20
53.059635
 40
0.100076
 41
0.100076
 42
0.000000
  0
VERTEX
  8
PG_SILKSCREEN_BOTTOM
 10
50.543739
 20
53.059635
 40
0.100076
 41
0.100076
 42
0.000000
  0
VERTEX
  8
PG_SILKSCREEN_BOTTOM
 10
50.543739
 20
53.821635
 40
0.100076
 41
0.100076
 42
0.000000
  0
VERTEX
  8
PG_SILKSCREEN_BOTTOM
 10
52.234363
 20
53.821635
 40
0.100076
 41
0.100076
 42
0.000000
  0
SEQEND
  0
CIRCLE
  8
PIN_BOTTOM
 10
48.635133
 20
53.408275
 40
0.228600
  0
CIRCLE
  8
PIN_BOTTOM
 10
47.835033
 20
53.408275
 40
0.228600
  0
POLYLINE
  8
PG_SILKSCREEN_BOTTOM
 66
1
 70
0
 40
0.000000
 41
0.000000
 39
0.000000
  0
VERTEX
  8
PG_SILKSCREEN_BOTTOM
 10
47.389771
 20
53.027275
 40
0.100076
 41
0.100076
 42
0.000000
  0
VERTEX
  8
PG_SILKSCREEN_BOTTOM
 10
47.389771
 20
53.789275
 40
0.100076
 41
0.100076
 42
0.000000
  0
VERTEX
  8
PG_SILKSCREEN_BOTTOM
 10
49.080395
 20
53.789275
 40
0.100076
 41
0.100076
 42
0.000000
  0
VERTEX
  8
PG_SILKSCREEN_BOTTOM
 10
49.080395
 20
53.027275
 40
0.100076
 41
0.100076
 42
0.000000
  0
VERTEX
  8
PG_SILKSCREEN_BOTTOM
 10
47.389771
 20
53.027275
 40
0.100076
 41
0.100076
 42
0.000000
  0
SEQEND
  0
CIRCLE
  8
PIN_BOTTOM
 10
40.597557
 20
53.444851
 40
0.228600
  0
CIRCLE
  8
PIN_BOTTOM
 10
39.797457
 20
53.444851
 40
0.228600
  0
POLYLINE
  8
PG_SILKSCREEN_BOTTOM
 66
1
 70
0
 40
0.000000
 41
0.000000
 39
0.000000
  0
VERTEX
  8
PG_SILKSCREEN_BOTTOM
 10
39.352195
 20
53.063851
 40
0.100076
 41
0.100076
 42
0.000000
  0
VERTEX
  8
PG_SILKSCREEN_BOTTOM
 10
39.352195
 20
53.825851
 40
0.100076
 41
0.100076
 42
0.000000
  0
VERTEX
  8
PG_SILKSCREEN_BOTTOM
 10
41.042819
 20
53.825851
 40
0.100076
 41
0.100076
 42
0.000000
  0
VERTEX
  8
PG_SILKSCREEN_BOTTOM
 10
41.042819
 20
53.063851
 40
0.100076
 41
0.100076
 42
0.000000
  0
VERTEX
  8
PG_SILKSCREEN_BOTTOM
 10
39.352195
 20
53.063851
 40
0.100076
 41
0.100076
 42
0.000000
  0
SEQEND
  0
CIRCLE
  8
PIN_BOTTOM
 10
46.566353
 20
60.448571
 40
0.228600
  0
CIRCLE
  8
PIN_BOTTOM
 10
45.766253
 20
60.448571
 40
0.228600
  0
POLYLINE
  8
PG_SILKSCREEN_BOTTOM
 66
1
 70
0
 40
0.000000
 41
0.000000
 39
0.000000
  0
VERTEX
  8
PG_SILKSCREEN_BOTTOM
 10
45.320991
 20
60.067571
 40
0.100076
 41
0.100076
 42
0.000000
  0
VERTEX
  8
PG_SILKSCREEN_BOTTOM
 10
45.320991
 20
60.829571
 40
0.100076
 41
0.100076
 42
0.000000
  0
VERTEX
  8
PG_SILKSCREEN_BOTTOM
 10
47.011615
 20
60.829571
 40
0.100076
 41
0.100076
 42
0.000000
  0
VERTEX
  8
PG_SILKSCREEN_BOTTOM
 10
47.011615
 20
60.067571
 40
0.100076
 41
0.100076
 42
0.000000
  0
VERTEX
  8
PG_SILKSCREEN_BOTTOM
 10
45.320991
 20
60.067571
 40
0.100076
 41
0.100076
 42
0.000000
  0
SEQEND
  0
CIRCLE
  8
PIN_BOTTOM
 10
51.980313
 20
63.473711
 40
0.228600
  0
CIRCLE
  8
PIN_BOTTOM
 10
52.780413
 20
63.473711
 40
0.228600
  0
POLYLINE
  8
PG_SILKSCREEN_BOTTOM
 66
1
 70
0
 40
0.000000
 41
0.000000
 39
0.000000
  0
VERTEX
  8
PG_SILKSCREEN_BOTTOM
 10
53.225675
 20
63.854711
 40
0.100076
 41
0.100076
 42
0.000000
  0
VERTEX
  8
PG_SILKSCREEN_BOTTOM
 10
53.225675
 20
63.092711
 40
0.100076
 41
0.100076
 42
0.000000
  0
VERTEX
  8
PG_SILKSCREEN_BOTTOM
 10
51.535051
 20
63.092711
 40
0.100076
 41
0.100076
 42
0.000000
  0
VERTEX
  8
PG_SILKSCREEN_BOTTOM
 10
51.535051
 20
63.854711
 40
0.100076
 41
0.100076
 42
0.000000
  0
VERTEX
  8
PG_SILKSCREEN_BOTTOM
 10
53.225675
 20
63.854711
 40
0.100076
 41
0.100076
 42
0.000000
  0
SEQEND
  0
CIRCLE
  8
PIN_BOTTOM
 10
40.607767
 20
60.449333
 40
0.228600
  0
CIRCLE
  8
PIN_BOTTOM
 10
39.807667
 20
60.449333
 40
0.228600
  0
POLYLINE
  8
PG_SILKSCREEN_BOTTOM
 66
1
 70
0
 40
0.000000
 41
0.000000
 39
0.000000
  0
VERTEX
  8
PG_SILKSCREEN_BOTTOM
 10
39.362405
 20
60.068333
 40
0.100076
 41
0.100076
 42
0.000000
  0
VERTEX
  8
PG_SILKSCREEN_BOTTOM
 10
39.362405
 20
60.830333
 40
0.100076
 41
0.100076
 42
0.000000
  0
VERTEX
  8
PG_SILKSCREEN_BOTTOM
 10
41.053029
 20
60.830333
 40
0.100076
 41
0.100076
 42
0.000000
  0
VERTEX
  8
PG_SILKSCREEN_BOTTOM
 10
41.053029
 20
60.068333
 40
0.100076
 41
0.100076
 42
0.000000
  0
VERTEX
  8
PG_SILKSCREEN_BOTTOM
 10
39.362405
 20
60.068333
 40
0.100076
 41
0.100076
 42
0.000000
  0
SEQEND
  0
CIRCLE
  8
PIN_BOTTOM
 10
48.619893
 20
31.402630
 40
0.228600
  0
CIRCLE
  8
PIN_BOTTOM
 10
47.819793
 20
31.402630
 40
0.228600
  0
POLYLINE
  8
PG_SILKSCREEN_BOTTOM
 66
1
 70
0
 40
0.000000
 41
0.000000
 39
0.000000
  0
VERTEX
  8
PG_SILKSCREEN_BOTTOM
 10
47.374531
 20
31.021630
 40
0.100076
 41
0.100076
 42
0.000000
  0
VERTEX
  8
PG_SILKSCREEN_BOTTOM
 10
47.374531
 20
31.783630
 40
0.100076
 41
0.100076
 42
0.000000
  0
VERTEX
  8
PG_SILKSCREEN_BOTTOM
 10
49.065155
 20
31.783630
 40
0.100076
 41
0.100076
 42
0.000000
  0
VERTEX
  8
PG_SILKSCREEN_BOTTOM
 10
49.065155
 20
31.021630
 40
0.100076
 41
0.100076
 42
0.000000
  0
VERTEX
  8
PG_SILKSCREEN_BOTTOM
 10
47.374531
 20
31.021630
 40
0.100076
 41
0.100076
 42
0.000000
  0
SEQEND
  0
CIRCLE
  8
PIN_BOTTOM
 10
54.019475
 20
28.667862
 40
0.228600
  0
CIRCLE
  8
PIN_BOTTOM
 10
54.819575
 20
28.667862
 40
0.228600
  0
POLYLINE
  8
PG_SILKSCREEN_BOTTOM
 66
1
 70
0
 40
0.000000
 41
0.000000
 39
0.000000
  0
VERTEX
  8
PG_SILKSCREEN_BOTTOM
 10
55.264837
 20
29.048862
 40
0.100076
 41
0.100076
 42
0.000000
  0
VERTEX
  8
PG_SILKSCREEN_BOTTOM
 10
55.264837
 20
28.286862
 40
0.100076
 41
0.100076
 42
0.000000
  0
VERTEX
  8
PG_SILKSCREEN_BOTTOM
 10
53.574213
 20
28.286862
 40
0.100076
 41
0.100076
 42
0.000000
  0
VERTEX
  8
PG_SILKSCREEN_BOTTOM
 10
53.574213
 20
29.048862
 40
0.100076
 41
0.100076
 42
0.000000
  0
VERTEX
  8
PG_SILKSCREEN_BOTTOM
 10
55.264837
 20
29.048862
 40
0.100076
 41
0.100076
 42
0.000000
  0
SEQEND
  0
CIRCLE
  8
PIN_BOTTOM
 10
57.583807
 20
32.700824
 40
0.228600
  0
CIRCLE
  8
PIN_BOTTOM
 10
56.783707
 20
32.700824
 40
0.228600
  0
POLYLINE
  8
PG_SILKSCREEN_BOTTOM
 66
1
 70
0
 40
0.000000
 41
0.000000
 39
0.000000
  0
VERTEX
  8
PG_SILKSCREEN_BOTTOM
 10
56.338445
 20
32.319824
 40
0.100076
 41
0.100076
 42
0.000000
  0
VERTEX
  8
PG_SILKSCREEN_BOTTOM
 10
56.338445
 20
33.081824
 40
0.100076
 41
0.100076
 42
0.000000
  0
VERTEX
  8
PG_SILKSCREEN_BOTTOM
 10
58.029069
 20
33.081824
 40
0.100076
 41
0.100076
 42
0.000000
  0
VERTEX
  8
PG_SILKSCREEN_BOTTOM
 10
58.029069
 20
32.319824
 40
0.100076
 41
0.100076
 42
0.000000
  0
VERTEX
  8
PG_SILKSCREEN_BOTTOM
 10
56.338445
 20
32.319824
 40
0.100076
 41
0.100076
 42
0.000000
  0
SEQEND
  0
CIRCLE
  8
PIN_BOTTOM
 10
56.998083
 20
27.656663
 40
0.228600
  0
CIRCLE
  8
PIN_BOTTOM
 10
57.798183
 20
27.656663
 40
0.228600
  0
POLYLINE
  8
PG_SILKSCREEN_BOTTOM
 66
1
 70
0
 40
0.000000
 41
0.000000
 39
0.000000
  0
VERTEX
  8
PG_SILKSCREEN_BOTTOM
 10
58.243445
 20
28.037663
 40
0.100076
 41
0.100076
 42
0.000000
  0
VERTEX
  8
PG_SILKSCREEN_BOTTOM
 10
58.243445
 20
27.275663
 40
0.100076
 41
0.100076
 42
0.000000
  0
VERTEX
  8
PG_SILKSCREEN_BOTTOM
 10
56.552821
 20
27.275663
 40
0.100076
 41
0.100076
 42
0.000000
  0
VERTEX
  8
PG_SILKSCREEN_BOTTOM
 10
56.552821
 20
28.037663
 40
0.100076
 41
0.100076
 42
0.000000
  0
VERTEX
  8
PG_SILKSCREEN_BOTTOM
 10
58.243445
 20
28.037663
 40
0.100076
 41
0.100076
 42
0.000000
  0
SEQEND
  0
CIRCLE
  8
PIN_BOTTOM
 10
60.518319
 20
31.663005
 40
0.228600
  0
CIRCLE
  8
PIN_BOTTOM
 10
59.718219
 20
31.663005
 40
0.228600
  0
POLYLINE
  8
PG_SILKSCREEN_BOTTOM
 66
1
 70
0
 40
0.000000
 41
0.000000
 39
0.000000
  0
VERTEX
  8
PG_SILKSCREEN_BOTTOM
 10
59.272957
 20
31.282005
 40
0.100076
 41
0.100076
 42
0.000000
  0
VERTEX
  8
PG_SILKSCREEN_BOTTOM
 10
59.272957
 20
32.044005
 40
0.100076
 41
0.100076
 42
0.000000
  0
VERTEX
  8
PG_SILKSCREEN_BOTTOM
 10
60.963581
 20
32.044005
 40
0.100076
 41
0.100076
 42
0.000000
  0
VERTEX
  8
PG_SILKSCREEN_BOTTOM
 10
60.963581
 20
31.282005
 40
0.100076
 41
0.100076
 42
0.000000
  0
VERTEX
  8
PG_SILKSCREEN_BOTTOM
 10
59.272957
 20
31.282005
 40
0.100076
 41
0.100076
 42
0.000000
  0
SEQEND
  0
CIRCLE
  8
PIN_BOTTOM
 10
49.625783
 20
33.708467
 40
0.228600
  0
CIRCLE
  8
PIN_BOTTOM
 10
48.825683
 20
33.708467
 40
0.228600
  0
POLYLINE
  8
PG_SILKSCREEN_BOTTOM
 66
1
 70
0
 40
0.000000
 41
0.000000
 39
0.000000
  0
VERTEX
  8
PG_SILKSCREEN_BOTTOM
 10
48.380421
 20
33.327467
 40
0.100076
 41
0.100076
 42
0.000000
  0
VERTEX
  8
PG_SILKSCREEN_BOTTOM
 10
48.380421
 20
34.089467
 40
0.100076
 41
0.100076
 42
0.000000
  0
VERTEX
  8
PG_SILKSCREEN_BOTTOM
 10
50.071045
 20
34.089467
 40
0.100076
 41
0.100076
 42
0.000000
  0
VERTEX
  8
PG_SILKSCREEN_BOTTOM
 10
50.071045
 20
33.327467
 40
0.100076
 41
0.100076
 42
0.000000
  0
VERTEX
  8
PG_SILKSCREEN_BOTTOM
 10
48.380421
 20
33.327467
 40
0.100076
 41
0.100076
 42
0.000000
  0
SEQEND
  0
CIRCLE
  8
PIN_BOTTOM
 10
54.577767
 20
33.699831
 40
0.228600
  0
CIRCLE
  8
PIN_BOTTOM
 10
53.777667
 20
33.699831
 40
0.228600
  0
POLYLINE
  8
PG_SILKSCREEN_BOTTOM
 66
1
 70
0
 40
0.000000
 41
0.000000
 39
0.000000
  0
VERTEX
  8
PG_SILKSCREEN_BOTTOM
 10
53.332405
 20
33.318831
 40
0.100076
 41
0.100076
 42
0.000000
  0
VERTEX
  8
PG_SILKSCREEN_BOTTOM
 10
53.332405
 20
34.080831
 40
0.100076
 41
0.100076
 42
0.000000
  0
VERTEX
  8
PG_SILKSCREEN_BOTTOM
 10
55.023029
 20
34.080831
 40
0.100076
 41
0.100076
 42
0.000000
  0
VERTEX
  8
PG_SILKSCREEN_BOTTOM
 10
55.023029
 20
33.318831
 40
0.100076
 41
0.100076
 42
0.000000
  0
VERTEX
  8
PG_SILKSCREEN_BOTTOM
 10
53.332405
 20
33.318831
 40
0.100076
 41
0.100076
 42
0.000000
  0
SEQEND
  0
CIRCLE
  8
PIN_BOTTOM
 10
59.977503
 20
27.433905
 40
0.228600
  0
CIRCLE
  8
PIN_BOTTOM
 10
60.777603
 20
27.433905
 40
0.228600
  0
POLYLINE
  8
PG_SILKSCREEN_BOTTOM
 66
1
 70
0
 40
0.000000
 41
0.000000
 39
0.000000
  0
VERTEX
  8
PG_SILKSCREEN_BOTTOM
 10
61.222865
 20
27.814905
 40
0.100076
 41
0.100076
 42
0.000000
  0
VERTEX
  8
PG_SILKSCREEN_BOTTOM
 10
61.222865
 20
27.052905
 40
0.100076
 41
0.100076
 42
0.000000
  0
VERTEX
  8
PG_SILKSCREEN_BOTTOM
 10
59.532241
 20
27.052905
 40
0.100076
 41
0.100076
 42
0.000000
  0
VERTEX
  8
PG_SILKSCREEN_BOTTOM
 10
59.532241
 20
27.814905
 40
0.100076
 41
0.100076
 42
0.000000
  0
VERTEX
  8
PG_SILKSCREEN_BOTTOM
 10
61.222865
 20
27.814905
 40
0.100076
 41
0.100076
 42
0.000000
  0
SEQEND
  0
CIRCLE
  8
PIN_BOTTOM
 10
47.538411
 20
27.652345
 40
0.228600
  0
CIRCLE
  8
PIN_BOTTOM
 10
46.738311
 20
27.652345
 40
0.228600
  0
POLYLINE
  8
PG_SILKSCREEN_BOTTOM
 66
1
 70
0
 40
0.000000
 41
0.000000
 39
0.000000
  0
VERTEX
  8
PG_SILKSCREEN_BOTTOM
 10
46.293049
 20
27.271345
 40
0.100076
 41
0.100076
 42
0.000000
  0
VERTEX
  8
PG_SILKSCREEN_BOTTOM
 10
46.293049
 20
28.033345
 40
0.100076
 41
0.100076
 42
0.000000
  0
VERTEX
  8
PG_SILKSCREEN_BOTTOM
 10
47.983673
 20
28.033345
 40
0.100076
 41
0.100076
 42
0.000000
  0
VERTEX
  8
PG_SILKSCREEN_BOTTOM
 10
47.983673
 20
27.271345
 40
0.100076
 41
0.100076
 42
0.000000
  0
VERTEX
  8
PG_SILKSCREEN_BOTTOM
 10
46.293049
 20
27.271345
 40
0.100076
 41
0.100076
 42
0.000000
  0
SEQEND
  0
CIRCLE
  8
PIN_BOTTOM
 10
38.576733
 20
34.461298
 40
0.228600
  0
CIRCLE
  8
PIN_BOTTOM
 10
37.776633
 20
34.461298
 40
0.228600
  0
POLYLINE
  8
PG_SILKSCREEN_BOTTOM
 66
1
 70
0
 40
0.000000
 41
0.000000
 39
0.000000
  0
VERTEX
  8
PG_SILKSCREEN_BOTTOM
 10
37.331371
 20
34.080298
 40
0.100076
 41
0.100076
 42
0.000000
  0
VERTEX
  8
PG_SILKSCREEN_BOTTOM
 10
37.331371
 20
34.842298
 40
0.100076
 41
0.100076
 42
0.000000
  0
VERTEX
  8
PG_SILKSCREEN_BOTTOM
 10
39.021995
 20
34.842298
 40
0.100076
 41
0.100076
 42
0.000000
  0
VERTEX
  8
PG_SILKSCREEN_BOTTOM
 10
39.021995
 20
34.080298
 40
0.100076
 41
0.100076
 42
0.000000
  0
VERTEX
  8
PG_SILKSCREEN_BOTTOM
 10
37.331371
 20
34.080298
 40
0.100076
 41
0.100076
 42
0.000000
  0
SEQEND
  0
CIRCLE
  8
PIN_BOTTOM
 10
41.611779
 20
28.440736
 40
0.228600
  0
CIRCLE
  8
PIN_BOTTOM
 10
40.811679
 20
28.440736
 40
0.228600
  0
POLYLINE
  8
PG_SILKSCREEN_BOTTOM
 66
1
 70
0
 40
0.000000
 41
0.000000
 39
0.000000
  0
VERTEX
  8
PG_SILKSCREEN_BOTTOM
 10
40.366417
 20
28.059736
 40
0.100076
 41
0.100076
 42
0.000000
  0
VERTEX
  8
PG_SILKSCREEN_BOTTOM
 10
40.366417
 20
28.821736
 40
0.100076
 41
0.100076
 42
0.000000
  0
VERTEX
  8
PG_SILKSCREEN_BOTTOM
 10
42.057041
 20
28.821736
 40
0.100076
 41
0.100076
 42
0.000000
  0
VERTEX
  8
PG_SILKSCREEN_BOTTOM
 10
42.057041
 20
28.059736
 40
0.100076
 41
0.100076
 42
0.000000
  0
VERTEX
  8
PG_SILKSCREEN_BOTTOM
 10
40.366417
 20
28.059736
 40
0.100076
 41
0.100076
 42
0.000000
  0
SEQEND
  0
CIRCLE
  8
PIN_BOTTOM
 10
37.640997
 20
31.445556
 40
0.228600
  0
CIRCLE
  8
PIN_BOTTOM
 10
36.840897
 20
31.445556
 40
0.228600
  0
POLYLINE
  8
PG_SILKSCREEN_BOTTOM
 66
1
 70
0
 40
0.000000
 41
0.000000
 39
0.000000
  0
VERTEX
  8
PG_SILKSCREEN_BOTTOM
 10
36.395635
 20
31.064556
 40
0.100076
 41
0.100076
 42
0.000000
  0
VERTEX
  8
PG_SILKSCREEN_BOTTOM
 10
36.395635
 20
31.826556
 40
0.100076
 41
0.100076
 42
0.000000
  0
VERTEX
  8
PG_SILKSCREEN_BOTTOM
 10
38.086259
 20
31.826556
 40
0.100076
 41
0.100076
 42
0.000000
  0
VERTEX
  8
PG_SILKSCREEN_BOTTOM
 10
38.086259
 20
31.064556
 40
0.100076
 41
0.100076
 42
0.000000
  0
VERTEX
  8
PG_SILKSCREEN_BOTTOM
 10
36.395635
 20
31.064556
 40
0.100076
 41
0.100076
 42
0.000000
  0
SEQEND
  0
CIRCLE
  8
PIN_BOTTOM
 10
42.583837
 20
31.470448
 40
0.228600
  0
CIRCLE
  8
PIN_BOTTOM
 10
41.783737
 20
31.470448
 40
0.228600
  0
POLYLINE
  8
PG_SILKSCREEN_BOTTOM
 66
1
 70
0
 40
0.000000
 41
0.000000
 39
0.000000
  0
VERTEX
  8
PG_SILKSCREEN_BOTTOM
 10
41.338475
 20
31.089448
 40
0.100076
 41
0.100076
 42
0.000000
  0
VERTEX
  8
PG_SILKSCREEN_BOTTOM
 10
41.338475
 20
31.851448
 40
0.100076
 41
0.100076
 42
0.000000
  0
VERTEX
  8
PG_SILKSCREEN_BOTTOM
 10
43.029099
 20
31.851448
 40
0.100076
 41
0.100076
 42
0.000000
  0
VERTEX
  8
PG_SILKSCREEN_BOTTOM
 10
43.029099
 20
31.089448
 40
0.100076
 41
0.100076
 42
0.000000
  0
VERTEX
  8
PG_SILKSCREEN_BOTTOM
 10
41.338475
 20
31.089448
 40
0.100076
 41
0.100076
 42
0.000000
  0
SEQEND
  0
CIRCLE
  8
PIN_BOTTOM
 10
36.796574
 20
28.620999
 40
0.228600
  0
CIRCLE
  8
PIN_BOTTOM
 10
36.796574
 20
29.421099
 40
0.228600
  0
POLYLINE
  8
PG_SILKSCREEN_BOTTOM
 66
1
 70
0
 40
0.000000
 41
0.000000
 39
0.000000
  0
VERTEX
  8
PG_SILKSCREEN_BOTTOM
 10
36.415574
 20
29.866361
 40
0.100076
 41
0.100076
 42
0.000000
  0
VERTEX
  8
PG_SILKSCREEN_BOTTOM
 10
37.177574
 20
29.866361
 40
0.100076
 41
0.100076
 42
0.000000
  0
VERTEX
  8
PG_SILKSCREEN_BOTTOM
 10
37.177574
 20
28.175737
 40
0.100076
 41
0.100076
 42
0.000000
  0
VERTEX
  8
PG_SILKSCREEN_BOTTOM
 10
36.415574
 20
28.175737
 40
0.100076
 41
0.100076
 42
0.000000
  0
VERTEX
  8
PG_SILKSCREEN_BOTTOM
 10
36.415574
 20
29.866361
 40
0.100076
 41
0.100076
 42
0.000000
  0
SEQEND
  0
CIRCLE
  8
PIN_BOTTOM
 10
43.626507
 20
34.429040
 40
0.228600
  0
CIRCLE
  8
PIN_BOTTOM
 10
42.826407
 20
34.429040
 40
0.228600
  0
POLYLINE
  8
PG_SILKSCREEN_BOTTOM
 66
1
 70
0
 40
0.000000
 41
0.000000
 39
0.000000
  0
VERTEX
  8
PG_SILKSCREEN_BOTTOM
 10
42.381145
 20
34.048040
 40
0.100076
 41
0.100076
 42
0.000000
  0
VERTEX
  8
PG_SILKSCREEN_BOTTOM
 10
42.381145
 20
34.810040
 40
0.100076
 41
0.100076
 42
0.000000
  0
VERTEX
  8
PG_SILKSCREEN_BOTTOM
 10
44.071769
 20
34.810040
 40
0.100076
 41
0.100076
 42
0.000000
  0
VERTEX
  8
PG_SILKSCREEN_BOTTOM
 10
44.071769
 20
34.048040
 40
0.100076
 41
0.100076
 42
0.000000
  0
VERTEX
  8
PG_SILKSCREEN_BOTTOM
 10
42.381145
 20
34.048040
 40
0.100076
 41
0.100076
 42
0.000000
  0
SEQEND
  0
CIRCLE
  8
PIN_BOTTOM
 10
42.848733
 20
36.357966
 40
0.228600
  0
CIRCLE
  8
PIN_BOTTOM
 10
42.848733
 20
35.557866
 40
0.228600
  0
POLYLINE
  8
PG_SILKSCREEN_BOTTOM
 66
1
 70
0
 40
0.000000
 41
0.000000
 39
0.000000
  0
VERTEX
  8
PG_SILKSCREEN_BOTTOM
 10
43.229733
 20
35.112604
 40
0.100076
 41
0.100076
 42
0.000000
  0
VERTEX
  8
PG_SILKSCREEN_BOTTOM
 10
42.467733
 20
35.112604
 40
0.100076
 41
0.100076
 42
0.000000
  0
VERTEX
  8
PG_SILKSCREEN_BOTTOM
 10
42.467733
 20
36.803228
 40
0.100076
 41
0.100076
 42
0.000000
  0
VERTEX
  8
PG_SILKSCREEN_BOTTOM
 10
43.229733
 20
36.803228
 40
0.100076
 41
0.100076
 42
0.000000
  0
VERTEX
  8
PG_SILKSCREEN_BOTTOM
 10
43.229733
 20
35.112604
 40
0.100076
 41
0.100076
 42
0.000000
  0
SEQEND
  0
CIRCLE
  8
PIN_BOTTOM
 10
39.729054
 20
36.351439
 40
0.228600
  0
CIRCLE
  8
PIN_BOTTOM
 10
39.729054
 20
35.551339
 40
0.228600
  0
POLYLINE
  8
PG_SILKSCREEN_BOTTOM
 66
1
 70
0
 40
0.000000
 41
0.000000
 39
0.000000
  0
VERTEX
  8
PG_SILKSCREEN_BOTTOM
 10
40.110054
 20
35.106077
 40
0.100076
 41
0.100076
 42
0.000000
  0
VERTEX
  8
PG_SILKSCREEN_BOTTOM
 10
39.348054
 20
35.106077
 40
0.100076
 41
0.100076
 42
0.000000
  0
VERTEX
  8
PG_SILKSCREEN_BOTTOM
 10
39.348054
 20
36.796701
 40
0.100076
 41
0.100076
 42
0.000000
  0
VERTEX
  8
PG_SILKSCREEN_BOTTOM
 10
40.110054
 20
36.796701
 40
0.100076
 41
0.100076
 42
0.000000
  0
VERTEX
  8
PG_SILKSCREEN_BOTTOM
 10
40.110054
 20
35.106077
 40
0.100076
 41
0.100076
 42
0.000000
  0
SEQEND
  0
CIRCLE
  8
PIN_BOTTOM
 10
51.133731
 20
16.222853
 40
0.228600
  0
CIRCLE
  8
PIN_BOTTOM
 10
51.933831
 20
16.222853
 40
0.228600
  0
POLYLINE
  8
PG_SILKSCREEN_BOTTOM
 66
1
 70
0
 40
0.000000
 41
0.000000
 39
0.000000
  0
VERTEX
  8
PG_SILKSCREEN_BOTTOM
 10
52.379093
 20
16.603853
 40
0.100076
 41
0.100076
 42
0.000000
  0
VERTEX
  8
PG_SILKSCREEN_BOTTOM
 10
52.379093
 20
15.841853
 40
0.100076
 41
0.100076
 42
0.000000
  0
VERTEX
  8
PG_SILKSCREEN_BOTTOM
 10
50.688469
 20
15.841853
 40
0.100076
 41
0.100076
 42
0.000000
  0
VERTEX
  8
PG_SILKSCREEN_BOTTOM
 10
50.688469
 20
16.603853
 40
0.100076
 41
0.100076
 42
0.000000
  0
VERTEX
  8
PG_SILKSCREEN_BOTTOM
 10
52.379093
 20
16.603853
 40
0.100076
 41
0.100076
 42
0.000000
  0
SEQEND
  0
CIRCLE
  8
PIN_BOTTOM
 10
49.462817
 20
16.142945
 40
0.228600
  0
CIRCLE
  8
PIN_BOTTOM
 10
49.462817
 20
16.943045
 40
0.228600
  0
POLYLINE
  8
PG_SILKSCREEN_BOTTOM
 66
1
 70
0
 40
0.000000
 41
0.000000
 39
0.000000
  0
VERTEX
  8
PG_SILKSCREEN_BOTTOM
 10
49.081817
 20
17.388307
 40
0.100076
 41
0.100076
 42
0.000000
  0
VERTEX
  8
PG_SILKSCREEN_BOTTOM
 10
49.843817
 20
17.388307
 40
0.100076
 41
0.100076
 42
0.000000
  0
VERTEX
  8
PG_SILKSCREEN_BOTTOM
 10
49.843817
 20
15.697683
 40
0.100076
 41
0.100076
 42
0.000000
  0
VERTEX
  8
PG_SILKSCREEN_BOTTOM
 10
49.081817
 20
15.697683
 40
0.100076
 41
0.100076
 42
0.000000
  0
VERTEX
  8
PG_SILKSCREEN_BOTTOM
 10
49.081817
 20
17.388307
 40
0.100076
 41
0.100076
 42
0.000000
  0
SEQEND
  0
CIRCLE
  8
PIN_BOTTOM
 10
44.498793
 20
21.739987
 40
0.228600
  0
CIRCLE
  8
PIN_BOTTOM
 10
43.698693
 20
21.739987
 40
0.228600
  0
POLYLINE
  8
PG_SILKSCREEN_BOTTOM
 66
1
 70
0
 40
0.000000
 41
0.000000
 39
0.000000
  0
VERTEX
  8
PG_SILKSCREEN_BOTTOM
 10
43.253431
 20
21.358987
 40
0.100076
 41
0.100076
 42
0.000000
  0
VERTEX
  8
PG_SILKSCREEN_BOTTOM
 10
43.253431
 20
22.120987
 40
0.100076
 41
0.100076
 42
0.000000
  0
VERTEX
  8
PG_SILKSCREEN_BOTTOM
 10
44.944055
 20
22.120987
 40
0.100076
 41
0.100076
 42
0.000000
  0
VERTEX
  8
PG_SILKSCREEN_BOTTOM
 10
44.944055
 20
21.358987
 40
0.100076
 41
0.100076
 42
0.000000
  0
VERTEX
  8
PG_SILKSCREEN_BOTTOM
 10
43.253431
 20
21.358987
 40
0.100076
 41
0.100076
 42
0.000000
  0
SEQEND
  0
CIRCLE
  8
PIN_BOTTOM
 10
51.048539
 20
14.609851
 40
0.228600
  0
CIRCLE
  8
PIN_BOTTOM
 10
51.048539
 20
13.809751
 40
0.228600
  0
POLYLINE
  8
PG_SILKSCREEN_BOTTOM
 66
1
 70
0
 40
0.000000
 41
0.000000
 39
0.000000
  0
VERTEX
  8
PG_SILKSCREEN_BOTTOM
 10
51.429539
 20
13.364489
 40
0.100076
 41
0.100076
 42
0.000000
  0
VERTEX
  8
PG_SILKSCREEN_BOTTOM
 10
50.667539
 20
13.364489
 40
0.100076
 41
0.100076
 42
0.000000
  0
VERTEX
  8
PG_SILKSCREEN_BOTTOM
 10
50.667539
 20
15.055113
 40
0.100076
 41
0.100076
 42
0.000000
  0
VERTEX
  8
PG_SILKSCREEN_BOTTOM
 10
51.429539
 20
15.055113
 40
0.100076
 41
0.100076
 42
0.000000
  0
VERTEX
  8
PG_SILKSCREEN_BOTTOM
 10
51.429539
 20
13.364489
 40
0.100076
 41
0.100076
 42
0.000000
  0
SEQEND
  0
CIRCLE
  8
PIN_BOTTOM
 10
51.971575
 20
14.971293
 40
0.228600
  0
CIRCLE
  8
PIN_BOTTOM
 10
51.971575
 20
14.171193
 40
0.228600
  0
POLYLINE
  8
PG_SILKSCREEN_BOTTOM
 66
1
 70
0
 40
0.000000
 41
0.000000
 39
0.000000
  0
VERTEX
  8
PG_SILKSCREEN_BOTTOM
 10
52.352575
 20
13.725931
 40
0.100076
 41
0.100076
 42
0.000000
  0
VERTEX
  8
PG_SILKSCREEN_BOTTOM
 10
51.590575
 20
13.725931
 40
0.100076
 41
0.100076
 42
0.000000
  0
VERTEX
  8
PG_SILKSCREEN_BOTTOM
 10
51.590575
 20
15.416555
 40
0.100076
 41
0.100076
 42
0.000000
  0
VERTEX
  8
PG_SILKSCREEN_BOTTOM
 10
52.352575
 20
15.416555
 40
0.100076
 41
0.100076
 42
0.000000
  0
VERTEX
  8
PG_SILKSCREEN_BOTTOM
 10
52.352575
 20
13.725931
 40
0.100076
 41
0.100076
 42
0.000000
  0
SEQEND
  0
CIRCLE
  8
PIN_BOTTOM
 10
51.138811
 20
20.216749
 40
0.228600
  0
CIRCLE
  8
PIN_BOTTOM
 10
51.938911
 20
20.216749
 40
0.228600
  0
POLYLINE
  8
PG_SILKSCREEN_BOTTOM
 66
1
 70
0
 40
0.000000
 41
0.000000
 39
0.000000
  0
VERTEX
  8
PG_SILKSCREEN_BOTTOM
 10
52.384173
 20
20.597749
 40
0.100076
 41
0.100076
 42
0.000000
  0
VERTEX
  8
PG_SILKSCREEN_BOTTOM
 10
52.384173
 20
19.835749
 40
0.100076
 41
0.100076
 42
0.000000
  0
VERTEX
  8
PG_SILKSCREEN_BOTTOM
 10
50.693549
 20
19.835749
 40
0.100076
 41
0.100076
 42
0.000000
  0
VERTEX
  8
PG_SILKSCREEN_BOTTOM
 10
50.693549
 20
20.597749
 40
0.100076
 41
0.100076
 42
0.000000
  0
VERTEX
  8
PG_SILKSCREEN_BOTTOM
 10
52.384173
 20
20.597749
 40
0.100076
 41
0.100076
 42
0.000000
  0
SEQEND
  0
CIRCLE
  8
PIN_BOTTOM
 10
51.152527
 20
21.016849
 40
0.228600
  0
CIRCLE
  8
PIN_BOTTOM
 10
51.952627
 20
21.016849
 40
0.228600
  0
POLYLINE
  8
PG_SILKSCREEN_BOTTOM
 66
1
 70
0
 40
0.000000
 41
0.000000
 39
0.000000
  0
VERTEX
  8
PG_SILKSCREEN_BOTTOM
 10
52.397889
 20
21.397849
 40
0.100076
 41
0.100076
 42
0.000000
  0
VERTEX
  8
PG_SILKSCREEN_BOTTOM
 10
52.397889
 20
20.635849
 40
0.100076
 41
0.100076
 42
0.000000
  0
VERTEX
  8
PG_SILKSCREEN_BOTTOM
 10
50.707265
 20
20.635849
 40
0.100076
 41
0.100076
 42
0.000000
  0
VERTEX
  8
PG_SILKSCREEN_BOTTOM
 10
50.707265
 20
21.397849
 40
0.100076
 41
0.100076
 42
0.000000
  0
VERTEX
  8
PG_SILKSCREEN_BOTTOM
 10
52.397889
 20
21.397849
 40
0.100076
 41
0.100076
 42
0.000000
  0
SEQEND
  0
CIRCLE
  8
PIN_BOTTOM
 10
51.135509
 20
18.603849
 40
0.228600
  0
CIRCLE
  8
PIN_BOTTOM
 10
51.935609
 20
18.603849
 40
0.228600
  0
POLYLINE
  8
PG_SILKSCREEN_BOTTOM
 66
1
 70
0
 40
0.000000
 41
0.000000
 39
0.000000
  0
VERTEX
  8
PG_SILKSCREEN_BOTTOM
 10
52.380871
 20
18.984849
 40
0.100076
 41
0.100076
 42
0.000000
  0
VERTEX
  8
PG_SILKSCREEN_BOTTOM
 10
52.380871
 20
18.222849
 40
0.100076
 41
0.100076
 42
0.000000
  0
VERTEX
  8
PG_SILKSCREEN_BOTTOM
 10
50.690247
 20
18.222849
 40
0.100076
 41
0.100076
 42
0.000000
  0
VERTEX
  8
PG_SILKSCREEN_BOTTOM
 10
50.690247
 20
18.984849
 40
0.100076
 41
0.100076
 42
0.000000
  0
VERTEX
  8
PG_SILKSCREEN_BOTTOM
 10
52.380871
 20
18.984849
 40
0.100076
 41
0.100076
 42
0.000000
  0
SEQEND
  0
CIRCLE
  8
PIN_BOTTOM
 10
46.270189
 20
20.147407
 40
0.228600
  0
CIRCLE
  8
PIN_BOTTOM
 10
45.470089
 20
20.147407
 40
0.228600
  0
POLYLINE
  8
PG_SILKSCREEN_BOTTOM
 66
1
 70
0
 40
0.000000
 41
0.000000
 39
0.000000
  0
VERTEX
  8
PG_SILKSCREEN_BOTTOM
 10
45.024827
 20
19.766407
 40
0.100076
 41
0.100076
 42
0.000000
  0
VERTEX
  8
PG_SILKSCREEN_BOTTOM
 10
45.024827
 20
20.528407
 40
0.100076
 41
0.100076
 42
0.000000
  0
VERTEX
  8
PG_SILKSCREEN_BOTTOM
 10
46.715451
 20
20.528407
 40
0.100076
 41
0.100076
 42
0.000000
  0
VERTEX
  8
PG_SILKSCREEN_BOTTOM
 10
46.715451
 20
19.766407
 40
0.100076
 41
0.100076
 42
0.000000
  0
VERTEX
  8
PG_SILKSCREEN_BOTTOM
 10
45.024827
 20
19.766407
 40
0.100076
 41
0.100076
 42
0.000000
  0
SEQEND
  0
CIRCLE
  8
PIN_BOTTOM
 10
44.655105
 20
14.643379
 40
0.228600
  0
CIRCLE
  8
PIN_BOTTOM
 10
44.655105
 20
13.843279
 40
0.228600
  0
POLYLINE
  8
PG_SILKSCREEN_BOTTOM
 66
1
 70
0
 40
0.000000
 41
0.000000
 39
0.000000
  0
VERTEX
  8
PG_SILKSCREEN_BOTTOM
 10
45.036105
 20
13.398017
 40
0.100076
 41
0.100076
 42
0.000000
  0
VERTEX
  8
PG_SILKSCREEN_BOTTOM
 10
44.274105
 20
13.398017
 40
0.100076
 41
0.100076
 42
0.000000
  0
VERTEX
  8
PG_SILKSCREEN_BOTTOM
 10
44.274105
 20
15.088641
 40
0.100076
 41
0.100076
 42
0.000000
  0
VERTEX
  8
PG_SILKSCREEN_BOTTOM
 10
45.036105
 20
15.088641
 40
0.100076
 41
0.100076
 42
0.000000
  0
VERTEX
  8
PG_SILKSCREEN_BOTTOM
 10
45.036105
 20
13.398017
 40
0.100076
 41
0.100076
 42
0.000000
  0
SEQEND
  0
CIRCLE
  8
PIN_BOTTOM
 10
51.115443
 20
12.212193
 40
0.228600
  0
CIRCLE
  8
PIN_BOTTOM
 10
51.915543
 20
12.212193
 40
0.228600
  0
POLYLINE
  8
PG_SILKSCREEN_BOTTOM
 66
1
 70
0
 40
0.000000
 41
0.000000
 39
0.000000
  0
VERTEX
  8
PG_SILKSCREEN_BOTTOM
 10
52.360805
 20
12.593193
 40
0.100076
 41
0.100076
 42
0.000000
  0
VERTEX
  8
PG_SILKSCREEN_BOTTOM
 10
52.360805
 20
11.831193
 40
0.100076
 41
0.100076
 42
0.000000
  0
VERTEX
  8
PG_SILKSCREEN_BOTTOM
 10
50.670181
 20
11.831193
 40
0.100076
 41
0.100076
 42
0.000000
  0
VERTEX
  8
PG_SILKSCREEN_BOTTOM
 10
50.670181
 20
12.593193
 40
0.100076
 41
0.100076
 42
0.000000
  0
VERTEX
  8
PG_SILKSCREEN_BOTTOM
 10
52.360805
 20
12.593193
 40
0.100076
 41
0.100076
 42
0.000000
  0
SEQEND
  0
CIRCLE
  8
PIN_BOTTOM
 10
44.624777
 20
9.710039
 40
0.228600
  0
CIRCLE
  8
PIN_BOTTOM
 10
43.824677
 20
9.710039
 40
0.228600
  0
POLYLINE
  8
PG_SILKSCREEN_BOTTOM
 66
1
 70
0
 40
0.000000
 41
0.000000
 39
0.000000
  0
VERTEX
  8
PG_SILKSCREEN_BOTTOM
 10
43.379415
 20
9.329039
 40
0.100076
 41
0.100076
 42
0.000000
  0
VERTEX
  8
PG_SILKSCREEN_BOTTOM
 10
43.379415
 20
10.091039
 40
0.100076
 41
0.100076
 42
0.000000
  0
VERTEX
  8
PG_SILKSCREEN_BOTTOM
 10
45.070039
 20
10.091039
 40
0.100076
 41
0.100076
 42
0.000000
  0
VERTEX
  8
PG_SILKSCREEN_BOTTOM
 10
45.070039
 20
9.329039
 40
0.100076
 41
0.100076
 42
0.000000
  0
VERTEX
  8
PG_SILKSCREEN_BOTTOM
 10
43.379415
 20
9.329039
 40
0.100076
 41
0.100076
 42
0.000000
  0
SEQEND
  0
CIRCLE
  8
PIN_BOTTOM
 10
44.543193
 20
19.344843
 40
0.228600
  0
CIRCLE
  8
PIN_BOTTOM
 10
43.743093
 20
19.344843
 40
0.228600
  0
POLYLINE
  8
PG_SILKSCREEN_BOTTOM
 66
1
 70
0
 40
0.000000
 41
0.000000
 39
0.000000
  0
VERTEX
  8
PG_SILKSCREEN_BOTTOM
 10
43.297831
 20
18.963843
 40
0.100076
 41
0.100076
 42
0.000000
  0
VERTEX
  8
PG_SILKSCREEN_BOTTOM
 10
43.297831
 20
19.725843
 40
0.100076
 41
0.100076
 42
0.000000
  0
VERTEX
  8
PG_SILKSCREEN_BOTTOM
 10
44.988455
 20
19.725843
 40
0.100076
 41
0.100076
 42
0.000000
  0
VERTEX
  8
PG_SILKSCREEN_BOTTOM
 10
44.988455
 20
18.963843
 40
0.100076
 41
0.100076
 42
0.000000
  0
VERTEX
  8
PG_SILKSCREEN_BOTTOM
 10
43.297831
 20
18.963843
 40
0.100076
 41
0.100076
 42
0.000000
  0
SEQEND
  0
CIRCLE
  8
PIN_BOTTOM
 10
44.646317
 20
16.933621
 40
0.228600
  0
CIRCLE
  8
PIN_BOTTOM
 10
43.846217
 20
16.933621
 40
0.228600
  0
POLYLINE
  8
PG_SILKSCREEN_BOTTOM
 66
1
 70
0
 40
0.000000
 41
0.000000
 39
0.000000
  0
VERTEX
  8
PG_SILKSCREEN_BOTTOM
 10
43.400955
 20
16.552621
 40
0.100076
 41
0.100076
 42
0.000000
  0
VERTEX
  8
PG_SILKSCREEN_BOTTOM
 10
43.400955
 20
17.314621
 40
0.100076
 41
0.100076
 42
0.000000
  0
VERTEX
  8
PG_SILKSCREEN_BOTTOM
 10
45.091579
 20
17.314621
 40
0.100076
 41
0.100076
 42
0.000000
  0
VERTEX
  8
PG_SILKSCREEN_BOTTOM
 10
45.091579
 20
16.552621
 40
0.100076
 41
0.100076
 42
0.000000
  0
VERTEX
  8
PG_SILKSCREEN_BOTTOM
 10
43.400955
 20
16.552621
 40
0.100076
 41
0.100076
 42
0.000000
  0
SEQEND
  0
CIRCLE
  8
PIN_BOTTOM
 10
51.201345
 20
8.168183
 40
0.228600
  0
CIRCLE
  8
PIN_BOTTOM
 10
52.001445
 20
8.168183
 40
0.228600
  0
POLYLINE
  8
PG_SILKSCREEN_BOTTOM
 66
1
 70
0
 40
0.000000
 41
0.000000
 39
0.000000
  0
VERTEX
  8
PG_SILKSCREEN_BOTTOM
 10
52.446707
 20
8.549183
 40
0.100076
 41
0.100076
 42
0.000000
  0
VERTEX
  8
PG_SILKSCREEN_BOTTOM
 10
52.446707
 20
7.787183
 40
0.100076
 41
0.100076
 42
0.000000
  0
VERTEX
  8
PG_SILKSCREEN_BOTTOM
 10
50.756083
 20
7.787183
 40
0.100076
 41
0.100076
 42
0.000000
  0
VERTEX
  8
PG_SILKSCREEN_BOTTOM
 10
50.756083
 20
8.549183
 40
0.100076
 41
0.100076
 42
0.000000
  0
VERTEX
  8
PG_SILKSCREEN_BOTTOM
 10
52.446707
 20
8.549183
 40
0.100076
 41
0.100076
 42
0.000000
  0
SEQEND
  0
CIRCLE
  8
PIN_BOTTOM
 10
33.960892
 20
9.703486
 40
0.228600
  0
CIRCLE
  8
PIN_BOTTOM
 10
33.160792
 20
9.703486
 40
0.228600
  0
POLYLINE
  8
PG_SILKSCREEN_BOTTOM
 66
1
 70
0
 40
0.000000
 41
0.000000
 39
0.000000
  0
VERTEX
  8
PG_SILKSCREEN_BOTTOM
 10
32.715530
 20
9.322486
 40
0.100076
 41
0.100076
 42
0.000000
  0
VERTEX
  8
PG_SILKSCREEN_BOTTOM
 10
32.715530
 20
10.084486
 40
0.100076
 41
0.100076
 42
0.000000
  0
VERTEX
  8
PG_SILKSCREEN_BOTTOM
 10
34.406154
 20
10.084486
 40
0.100076
 41
0.100076
 42
0.000000
  0
VERTEX
  8
PG_SILKSCREEN_BOTTOM
 10
34.406154
 20
9.322486
 40
0.100076
 41
0.100076
 42
0.000000
  0
VERTEX
  8
PG_SILKSCREEN_BOTTOM
 10
32.715530
 20
9.322486
 40
0.100076
 41
0.100076
 42
0.000000
  0
SEQEND
  0
CIRCLE
  8
PIN_BOTTOM
 10
40.427834
 20
12.899212
 40
0.228600
  0
CIRCLE
  8
PIN_BOTTOM
 10
41.227934
 20
12.899212
 40
0.228600
  0
POLYLINE
  8
PG_SILKSCREEN_BOTTOM
 66
1
 70
0
 40
0.000000
 41
0.000000
 39
0.000000
  0
VERTEX
  8
PG_SILKSCREEN_BOTTOM
 10
41.673196
 20
13.280212
 40
0.100076
 41
0.100076
 42
0.000000
  0
VERTEX
  8
PG_SILKSCREEN_BOTTOM
 10
41.673196
 20
12.518212
 40
0.100076
 41
0.100076
 42
0.000000
  0
VERTEX
  8
PG_SILKSCREEN_BOTTOM
 10
39.982572
 20
12.518212
 40
0.100076
 41
0.100076
 42
0.000000
  0
VERTEX
  8
PG_SILKSCREEN_BOTTOM
 10
39.982572
 20
13.280212
 40
0.100076
 41
0.100076
 42
0.000000
  0
VERTEX
  8
PG_SILKSCREEN_BOTTOM
 10
41.673196
 20
13.280212
 40
0.100076
 41
0.100076
 42
0.000000
  0
SEQEND
  0
CIRCLE
  8
PIN_BOTTOM
 10
40.494382
 20
8.171764
 40
0.228600
  0
CIRCLE
  8
PIN_BOTTOM
 10
41.294482
 20
8.171764
 40
0.228600
  0
POLYLINE
  8
PG_SILKSCREEN_BOTTOM
 66
1
 70
0
 40
0.000000
 41
0.000000
 39
0.000000
  0
VERTEX
  8
PG_SILKSCREEN_BOTTOM
 10
41.739744
 20
8.552764
 40
0.100076
 41
0.100076
 42
0.000000
  0
VERTEX
  8
PG_SILKSCREEN_BOTTOM
 10
41.739744
 20
7.790764
 40
0.100076
 41
0.100076
 42
0.000000
  0
VERTEX
  8
PG_SILKSCREEN_BOTTOM
 10
40.049120
 20
7.790764
 40
0.100076
 41
0.100076
 42
0.000000
  0
VERTEX
  8
PG_SILKSCREEN_BOTTOM
 10
40.049120
 20
8.552764
 40
0.100076
 41
0.100076
 42
0.000000
  0
VERTEX
  8
PG_SILKSCREEN_BOTTOM
 10
41.739744
 20
8.552764
 40
0.100076
 41
0.100076
 42
0.000000
  0
SEQEND
  0
CIRCLE
  8
PIN_BOTTOM
 10
33.829574
 20
21.719972
 40
0.228600
  0
CIRCLE
  8
PIN_BOTTOM
 10
33.029474
 20
21.719972
 40
0.228600
  0
POLYLINE
  8
PG_SILKSCREEN_BOTTOM
 66
1
 70
0
 40
0.000000
 41
0.000000
 39
0.000000
  0
VERTEX
  8
PG_SILKSCREEN_BOTTOM
 10
32.584212
 20
21.338972
 40
0.100076
 41
0.100076
 42
0.000000
  0
VERTEX
  8
PG_SILKSCREEN_BOTTOM
 10
32.584212
 20
22.100972
 40
0.100076
 41
0.100076
 42
0.000000
  0
VERTEX
  8
PG_SILKSCREEN_BOTTOM
 10
34.274836
 20
22.100972
 40
0.100076
 41
0.100076
 42
0.000000
  0
VERTEX
  8
PG_SILKSCREEN_BOTTOM
 10
34.274836
 20
21.338972
 40
0.100076
 41
0.100076
 42
0.000000
  0
VERTEX
  8
PG_SILKSCREEN_BOTTOM
 10
32.584212
 20
21.338972
 40
0.100076
 41
0.100076
 42
0.000000
  0
SEQEND
  0
CIRCLE
  8
PIN_BOTTOM
 10
34.003539
 20
14.680921
 40
0.228600
  0
CIRCLE
  8
PIN_BOTTOM
 10
34.003539
 20
13.880821
 40
0.228600
  0
POLYLINE
  8
PG_SILKSCREEN_BOTTOM
 66
1
 70
0
 40
0.000000
 41
0.000000
 39
0.000000
  0
VERTEX
  8
PG_SILKSCREEN_BOTTOM
 10
34.384539
 20
13.435559
 40
0.100076
 41
0.100076
 42
0.000000
  0
VERTEX
  8
PG_SILKSCREEN_BOTTOM
 10
33.622539
 20
13.435559
 40
0.100076
 41
0.100076
 42
0.000000
  0
VERTEX
  8
PG_SILKSCREEN_BOTTOM
 10
33.622539
 20
15.126183
 40
0.100076
 41
0.100076
 42
0.000000
  0
VERTEX
  8
PG_SILKSCREEN_BOTTOM
 10
34.384539
 20
15.126183
 40
0.100076
 41
0.100076
 42
0.000000
  0
VERTEX
  8
PG_SILKSCREEN_BOTTOM
 10
34.384539
 20
13.435559
 40
0.100076
 41
0.100076
 42
0.000000
  0
SEQEND
  0
CIRCLE
  8
PIN_BOTTOM
 10
33.954949
 20
16.915587
 40
0.228600
  0
CIRCLE
  8
PIN_BOTTOM
 10
33.154849
 20
16.915587
 40
0.228600
  0
POLYLINE
  8
PG_SILKSCREEN_BOTTOM
 66
1
 70
0
 40
0.000000
 41
0.000000
 39
0.000000
  0
VERTEX
  8
PG_SILKSCREEN_BOTTOM
 10
32.709587
 20
16.534587
 40
0.100076
 41
0.100076
 42
0.000000
  0
VERTEX
  8
PG_SILKSCREEN_BOTTOM
 10
32.709587
 20
17.296587
 40
0.100076
 41
0.100076
 42
0.000000
  0
VERTEX
  8
PG_SILKSCREEN_BOTTOM
 10
34.400211
 20
17.296587
 40
0.100076
 41
0.100076
 42
0.000000
  0
VERTEX
  8
PG_SILKSCREEN_BOTTOM
 10
34.400211
 20
16.534587
 40
0.100076
 41
0.100076
 42
0.000000
  0
VERTEX
  8
PG_SILKSCREEN_BOTTOM
 10
32.709587
 20
16.534587
 40
0.100076
 41
0.100076
 42
0.000000
  0
SEQEND
  0
CIRCLE
  8
PIN_BOTTOM
 10
35.591979
 20
20.945043
 40
0.228600
  0
CIRCLE
  8
PIN_BOTTOM
 10
34.791879
 20
20.945043
 40
0.228600
  0
POLYLINE
  8
PG_SILKSCREEN_BOTTOM
 66
1
 70
0
 40
0.000000
 41
0.000000
 39
0.000000
  0
VERTEX
  8
PG_SILKSCREEN_BOTTOM
 10
34.346617
 20
20.564043
 40
0.100076
 41
0.100076
 42
0.000000
  0
VERTEX
  8
PG_SILKSCREEN_BOTTOM
 10
34.346617
 20
21.326043
 40
0.100076
 41
0.100076
 42
0.000000
  0
VERTEX
  8
PG_SILKSCREEN_BOTTOM
 10
36.037241
 20
21.326043
 40
0.100076
 41
0.100076
 42
0.000000
  0
VERTEX
  8
PG_SILKSCREEN_BOTTOM
 10
36.037241
 20
20.564043
 40
0.100076
 41
0.100076
 42
0.000000
  0
VERTEX
  8
PG_SILKSCREEN_BOTTOM
 10
34.346617
 20
20.564043
 40
0.100076
 41
0.100076
 42
0.000000
  0
SEQEND
  0
CIRCLE
  8
PIN_BOTTOM
 10
40.451049
 20
18.613425
 40
0.228600
  0
CIRCLE
  8
PIN_BOTTOM
 10
41.251149
 20
18.613425
 40
0.228600
  0
POLYLINE
  8
PG_SILKSCREEN_BOTTOM
 66
1
 70
0
 40
0.000000
 41
0.000000
 39
0.000000
  0
VERTEX
  8
PG_SILKSCREEN_BOTTOM
 10
41.696411
 20
18.994425
 40
0.100076
 41
0.100076
 42
0.000000
  0
VERTEX
  8
PG_SILKSCREEN_BOTTOM
 10
41.696411
 20
18.232425
 40
0.100076
 41
0.100076
 42
0.000000
  0
VERTEX
  8
PG_SILKSCREEN_BOTTOM
 10
40.005787
 20
18.232425
 40
0.100076
 41
0.100076
 42
0.000000
  0
VERTEX
  8
PG_SILKSCREEN_BOTTOM
 10
40.005787
 20
18.994425
 40
0.100076
 41
0.100076
 42
0.000000
  0
VERTEX
  8
PG_SILKSCREEN_BOTTOM
 10
41.696411
 20
18.994425
 40
0.100076
 41
0.100076
 42
0.000000
  0
SEQEND
  0
CIRCLE
  8
PIN_BOTTOM
 10
40.421839
 20
14.568221
 40
0.228600
  0
CIRCLE
  8
PIN_BOTTOM
 10
41.221939
 20
14.568221
 40
0.228600
  0
POLYLINE
  8
PG_SILKSCREEN_BOTTOM
 66
1
 70
0
 40
0.000000
 41
0.000000
 39
0.000000
  0
VERTEX
  8
PG_SILKSCREEN_BOTTOM
 10
41.667201
 20
14.949221
 40
0.100076
 41
0.100076
 42
0.000000
  0
VERTEX
  8
PG_SILKSCREEN_BOTTOM
 10
41.667201
 20
14.187221
 40
0.100076
 41
0.100076
 42
0.000000
  0
VERTEX
  8
PG_SILKSCREEN_BOTTOM
 10
39.976577
 20
14.187221
 40
0.100076
 41
0.100076
 42
0.000000
  0
VERTEX
  8
PG_SILKSCREEN_BOTTOM
 10
39.976577
 20
14.949221
 40
0.100076
 41
0.100076
 42
0.000000
  0
VERTEX
  8
PG_SILKSCREEN_BOTTOM
 10
41.667201
 20
14.949221
 40
0.100076
 41
0.100076
 42
0.000000
  0
SEQEND
  0
CIRCLE
  8
PIN_BOTTOM
 10
40.483307
 20
16.226079
 40
0.228600
  0
CIRCLE
  8
PIN_BOTTOM
 10
41.283407
 20
16.226079
 40
0.228600
  0
POLYLINE
  8
PG_SILKSCREEN_BOTTOM
 66
1
 70
0
 40
0.000000
 41
0.000000
 39
0.000000
  0
VERTEX
  8
PG_SILKSCREEN_BOTTOM
 10
41.728669
 20
16.607079
 40
0.100076
 41
0.100076
 42
0.000000
  0
VERTEX
  8
PG_SILKSCREEN_BOTTOM
 10
41.728669
 20
15.845079
 40
0.100076
 41
0.100076
 42
0.000000
  0
VERTEX
  8
PG_SILKSCREEN_BOTTOM
 10
40.038045
 20
15.845079
 40
0.100076
 41
0.100076
 42
0.000000
  0
VERTEX
  8
PG_SILKSCREEN_BOTTOM
 10
40.038045
 20
16.607079
 40
0.100076
 41
0.100076
 42
0.000000
  0
VERTEX
  8
PG_SILKSCREEN_BOTTOM
 10
41.728669
 20
16.607079
 40
0.100076
 41
0.100076
 42
0.000000
  0
SEQEND
  0
CIRCLE
  8
PIN_BOTTOM
 10
38.790829
 20
16.145789
 40
0.228600
  0
CIRCLE
  8
PIN_BOTTOM
 10
38.790829
 20
16.945889
 40
0.228600
  0
POLYLINE
  8
PG_SILKSCREEN_BOTTOM
 66
1
 70
0
 40
0.000000
 41
0.000000
 39
0.000000
  0
VERTEX
  8
PG_SILKSCREEN_BOTTOM
 10
38.409829
 20
17.391151
 40
0.100076
 41
0.100076
 42
0.000000
  0
VERTEX
  8
PG_SILKSCREEN_BOTTOM
 10
39.171829
 20
17.391151
 40
0.100076
 41
0.100076
 42
0.000000
  0
VERTEX
  8
PG_SILKSCREEN_BOTTOM
 10
39.171829
 20
15.700527
 40
0.100076
 41
0.100076
 42
0.000000
  0
VERTEX
  8
PG_SILKSCREEN_BOTTOM
 10
38.409829
 20
15.700527
 40
0.100076
 41
0.100076
 42
0.000000
  0
VERTEX
  8
PG_SILKSCREEN_BOTTOM
 10
38.409829
 20
17.391151
 40
0.100076
 41
0.100076
 42
0.000000
  0
SEQEND
  0
CIRCLE
  8
PIN_BOTTOM
 10
33.924215
 20
19.350685
 40
0.228600
  0
CIRCLE
  8
PIN_BOTTOM
 10
33.124115
 20
19.350685
 40
0.228600
  0
POLYLINE
  8
PG_SILKSCREEN_BOTTOM
 66
1
 70
0
 40
0.000000
 41
0.000000
 39
0.000000
  0
VERTEX
  8
PG_SILKSCREEN_BOTTOM
 10
32.678853
 20
18.969685
 40
0.100076
 41
0.100076
 42
0.000000
  0
VERTEX
  8
PG_SILKSCREEN_BOTTOM
 10
32.678853
 20
19.731685
 40
0.100076
 41
0.100076
 42
0.000000
  0
VERTEX
  8
PG_SILKSCREEN_BOTTOM
 10
34.369477
 20
19.731685
 40
0.100076
 41
0.100076
 42
0.000000
  0
VERTEX
  8
PG_SILKSCREEN_BOTTOM
 10
34.369477
 20
18.969685
 40
0.100076
 41
0.100076
 42
0.000000
  0
VERTEX
  8
PG_SILKSCREEN_BOTTOM
 10
32.678853
 20
18.969685
 40
0.100076
 41
0.100076
 42
0.000000
  0
SEQEND
  0
CIRCLE
  8
PIN_BOTTOM
 10
40.474163
 20
20.956067
 40
0.228600
  0
CIRCLE
  8
PIN_BOTTOM
 10
41.274263
 20
20.956067
 40
0.228600
  0
POLYLINE
  8
PG_SILKSCREEN_BOTTOM
 66
1
 70
0
 40
0.000000
 41
0.000000
 39
0.000000
  0
VERTEX
  8
PG_SILKSCREEN_BOTTOM
 10
41.719525
 20
21.337067
 40
0.100076
 41
0.100076
 42
0.000000
  0
VERTEX
  8
PG_SILKSCREEN_BOTTOM
 10
41.719525
 20
20.575067
 40
0.100076
 41
0.100076
 42
0.000000
  0
VERTEX
  8
PG_SILKSCREEN_BOTTOM
 10
40.028901
 20
20.575067
 40
0.100076
 41
0.100076
 42
0.000000
  0
VERTEX
  8
PG_SILKSCREEN_BOTTOM
 10
40.028901
 20
21.337067
 40
0.100076
 41
0.100076
 42
0.000000
  0
VERTEX
  8
PG_SILKSCREEN_BOTTOM
 10
41.719525
 20
21.337067
 40
0.100076
 41
0.100076
 42
0.000000
  0
SEQEND
  0
CIRCLE
  8
PIN_BOTTOM
 10
29.800982
 20
12.881686
 40
0.228600
  0
CIRCLE
  8
PIN_BOTTOM
 10
30.601082
 20
12.881686
 40
0.228600
  0
POLYLINE
  8
PG_SILKSCREEN_BOTTOM
 66
1
 70
0
 40
0.000000
 41
0.000000
 39
0.000000
  0
VERTEX
  8
PG_SILKSCREEN_BOTTOM
 10
31.046344
 20
13.262686
 40
0.100076
 41
0.100076
 42
0.000000
  0
VERTEX
  8
PG_SILKSCREEN_BOTTOM
 10
31.046344
 20
12.500686
 40
0.100076
 41
0.100076
 42
0.000000
  0
VERTEX
  8
PG_SILKSCREEN_BOTTOM
 10
29.355720
 20
12.500686
 40
0.100076
 41
0.100076
 42
0.000000
  0
VERTEX
  8
PG_SILKSCREEN_BOTTOM
 10
29.355720
 20
13.262686
 40
0.100076
 41
0.100076
 42
0.000000
  0
VERTEX
  8
PG_SILKSCREEN_BOTTOM
 10
31.046344
 20
13.262686
 40
0.100076
 41
0.100076
 42
0.000000
  0
SEQEND
  0
CIRCLE
  8
PIN_BOTTOM
 10
23.287558
 20
16.913784
 40
0.228600
  0
CIRCLE
  8
PIN_BOTTOM
 10
22.487458
 20
16.913784
 40
0.228600
  0
POLYLINE
  8
PG_SILKSCREEN_BOTTOM
 66
1
 70
0
 40
0.000000
 41
0.000000
 39
0.000000
  0
VERTEX
  8
PG_SILKSCREEN_BOTTOM
 10
22.042196
 20
16.532784
 40
0.100076
 41
0.100076
 42
0.000000
  0
VERTEX
  8
PG_SILKSCREEN_BOTTOM
 10
22.042196
 20
17.294784
 40
0.100076
 41
0.100076
 42
0.000000
  0
VERTEX
  8
PG_SILKSCREEN_BOTTOM
 10
23.732820
 20
17.294784
 40
0.100076
 41
0.100076
 42
0.000000
  0
VERTEX
  8
PG_SILKSCREEN_BOTTOM
 10
23.732820
 20
16.532784
 40
0.100076
 41
0.100076
 42
0.000000
  0
VERTEX
  8
PG_SILKSCREEN_BOTTOM
 10
22.042196
 20
16.532784
 40
0.100076
 41
0.100076
 42
0.000000
  0
SEQEND
  0
CIRCLE
  8
PIN_BOTTOM
 10
25.809880
 20
20.556296
 40
0.228600
  0
CIRCLE
  8
PIN_BOTTOM
 10
26.609980
 20
20.556296
 40
0.228600
  0
POLYLINE
  8
PG_SILKSCREEN_BOTTOM
 66
1
 70
0
 40
0.000000
 41
0.000000
 39
0.000000
  0
VERTEX
  8
PG_SILKSCREEN_BOTTOM
 10
27.055242
 20
20.937296
 40
0.100076
 41
0.100076
 42
0.000000
  0
VERTEX
  8
PG_SILKSCREEN_BOTTOM
 10
27.055242
 20
20.175296
 40
0.100076
 41
0.100076
 42
0.000000
  0
VERTEX
  8
PG_SILKSCREEN_BOTTOM
 10
25.364618
 20
20.175296
 40
0.100076
 41
0.100076
 42
0.000000
  0
VERTEX
  8
PG_SILKSCREEN_BOTTOM
 10
25.364618
 20
20.937296
 40
0.100076
 41
0.100076
 42
0.000000
  0
VERTEX
  8
PG_SILKSCREEN_BOTTOM
 10
27.055242
 20
20.937296
 40
0.100076
 41
0.100076
 42
0.000000
  0
SEQEND
  0
CIRCLE
  8
PIN_BOTTOM
 10
29.779646
 20
16.192830
 40
0.228600
  0
CIRCLE
  8
PIN_BOTTOM
 10
30.579746
 20
16.192830
 40
0.228600
  0
POLYLINE
  8
PG_SILKSCREEN_BOTTOM
 66
1
 70
0
 40
0.000000
 41
0.000000
 39
0.000000
  0
VERTEX
  8
PG_SILKSCREEN_BOTTOM
 10
31.025008
 20
16.573830
 40
0.100076
 41
0.100076
 42
0.000000
  0
VERTEX
  8
PG_SILKSCREEN_BOTTOM
 10
31.025008
 20
15.811830
 40
0.100076
 41
0.100076
 42
0.000000
  0
VERTEX
  8
PG_SILKSCREEN_BOTTOM
 10
29.334384
 20
15.811830
 40
0.100076
 41
0.100076
 42
0.000000
  0
VERTEX
  8
PG_SILKSCREEN_BOTTOM
 10
29.334384
 20
16.573830
 40
0.100076
 41
0.100076
 42
0.000000
  0
VERTEX
  8
PG_SILKSCREEN_BOTTOM
 10
31.025008
 20
16.573830
 40
0.100076
 41
0.100076
 42
0.000000
  0
SEQEND
  0
CIRCLE
  8
PIN_BOTTOM
 10
27.129715
 20
16.803827
 40
0.228600
  0
CIRCLE
  8
PIN_BOTTOM
 10
26.329615
 20
16.803827
 40
0.228600
  0
POLYLINE
  8
PG_SILKSCREEN_BOTTOM
 66
1
 70
0
 40
0.000000
 41
0.000000
 39
0.000000
  0
VERTEX
  8
PG_SILKSCREEN_BOTTOM
 10
25.884353
 20
16.422827
 40
0.100076
 41
0.100076
 42
0.000000
  0
VERTEX
  8
PG_SILKSCREEN_BOTTOM
 10
25.884353
 20
17.184827
 40
0.100076
 41
0.100076
 42
0.000000
  0
VERTEX
  8
PG_SILKSCREEN_BOTTOM
 10
27.574977
 20
17.184827
 40
0.100076
 41
0.100076
 42
0.000000
  0
VERTEX
  8
PG_SILKSCREEN_BOTTOM
 10
27.574977
 20
16.422827
 40
0.100076
 41
0.100076
 42
0.000000
  0
VERTEX
  8
PG_SILKSCREEN_BOTTOM
 10
25.884353
 20
16.422827
 40
0.100076
 41
0.100076
 42
0.000000
  0
SEQEND
  0
CIRCLE
  8
PIN_BOTTOM
 10
29.797527
 20
20.963941
 40
0.228600
  0
CIRCLE
  8
PIN_BOTTOM
 10
30.597627
 20
20.963941
 40
0.228600
  0
POLYLINE
  8
PG_SILKSCREEN_BOTTOM
 66
1
 70
0
 40
0.000000
 41
0.000000
 39
0.000000
  0
VERTEX
  8
PG_SILKSCREEN_BOTTOM
 10
31.042889
 20
21.344941
 40
0.100076
 41
0.100076
 42
0.000000
  0
VERTEX
  8
PG_SILKSCREEN_BOTTOM
 10
31.042889
 20
20.582941
 40
0.100076
 41
0.100076
 42
0.000000
  0
VERTEX
  8
PG_SILKSCREEN_BOTTOM
 10
29.352265
 20
20.582941
 40
0.100076
 41
0.100076
 42
0.000000
  0
VERTEX
  8
PG_SILKSCREEN_BOTTOM
 10
29.352265
 20
21.344941
 40
0.100076
 41
0.100076
 42
0.000000
  0
VERTEX
  8
PG_SILKSCREEN_BOTTOM
 10
31.042889
 20
21.344941
 40
0.100076
 41
0.100076
 42
0.000000
  0
SEQEND
  0
CIRCLE
  8
PIN_BOTTOM
 10
24.067567
 20
15.258263
 40
0.228600
  0
CIRCLE
  8
PIN_BOTTOM
 10
24.067567
 20
14.458163
 40
0.228600
  0
POLYLINE
  8
PG_SILKSCREEN_BOTTOM
 66
1
 70
0
 40
0.000000
 41
0.000000
 39
0.000000
  0
VERTEX
  8
PG_SILKSCREEN_BOTTOM
 10
24.448567
 20
14.012901
 40
0.100076
 41
0.100076
 42
0.000000
  0
VERTEX
  8
PG_SILKSCREEN_BOTTOM
 10
23.686567
 20
14.012901
 40
0.100076
 41
0.100076
 42
0.000000
  0
VERTEX
  8
PG_SILKSCREEN_BOTTOM
 10
23.686567
 20
15.703525
 40
0.100076
 41
0.100076
 42
0.000000
  0
VERTEX
  8
PG_SILKSCREEN_BOTTOM
 10
24.448567
 20
15.703525
 40
0.100076
 41
0.100076
 42
0.000000
  0
VERTEX
  8
PG_SILKSCREEN_BOTTOM
 10
24.448567
 20
14.012901
 40
0.100076
 41
0.100076
 42
0.000000
  0
SEQEND
  0
CIRCLE
  8
PIN_BOTTOM
 10
29.765777
 20
14.572031
 40
0.228600
  0
CIRCLE
  8
PIN_BOTTOM
 10
30.565877
 20
14.572031
 40
0.228600
  0
POLYLINE
  8
PG_SILKSCREEN_BOTTOM
 66
1
 70
0
 40
0.000000
 41
0.000000
 39
0.000000
  0
VERTEX
  8
PG_SILKSCREEN_BOTTOM
 10
31.011139
 20
14.953031
 40
0.100076
 41
0.100076
 42
0.000000
  0
VERTEX
  8
PG_SILKSCREEN_BOTTOM
 10
31.011139
 20
14.191031
 40
0.100076
 41
0.100076
 42
0.000000
  0
VERTEX
  8
PG_SILKSCREEN_BOTTOM
 10
29.320515
 20
14.191031
 40
0.100076
 41
0.100076
 42
0.000000
  0
VERTEX
  8
PG_SILKSCREEN_BOTTOM
 10
29.320515
 20
14.953031
 40
0.100076
 41
0.100076
 42
0.000000
  0
VERTEX
  8
PG_SILKSCREEN_BOTTOM
 10
31.011139
 20
14.953031
 40
0.100076
 41
0.100076
 42
0.000000
  0
SEQEND
  0
CIRCLE
  8
PIN_BOTTOM
 10
29.777969
 20
18.596153
 40
0.228600
  0
CIRCLE
  8
PIN_BOTTOM
 10
30.578069
 20
18.596153
 40
0.228600
  0
POLYLINE
  8
PG_SILKSCREEN_BOTTOM
 66
1
 70
0
 40
0.000000
 41
0.000000
 39
0.000000
  0
VERTEX
  8
PG_SILKSCREEN_BOTTOM
 10
31.023331
 20
18.977153
 40
0.100076
 41
0.100076
 42
0.000000
  0
VERTEX
  8
PG_SILKSCREEN_BOTTOM
 10
31.023331
 20
18.215153
 40
0.100076
 41
0.100076
 42
0.000000
  0
VERTEX
  8
PG_SILKSCREEN_BOTTOM
 10
29.332707
 20
18.215153
 40
0.100076
 41
0.100076
 42
0.000000
  0
VERTEX
  8
PG_SILKSCREEN_BOTTOM
 10
29.332707
 20
18.977153
 40
0.100076
 41
0.100076
 42
0.000000
  0
VERTEX
  8
PG_SILKSCREEN_BOTTOM
 10
31.023331
 20
18.977153
 40
0.100076
 41
0.100076
 42
0.000000
  0
SEQEND
  0
CIRCLE
  8
PIN_BOTTOM
 10
23.189159
 20
21.740825
 40
0.228600
  0
CIRCLE
  8
PIN_BOTTOM
 10
22.389059
 20
21.740825
 40
0.228600
  0
POLYLINE
  8
PG_SILKSCREEN_BOTTOM
 66
1
 70
0
 40
0.000000
 41
0.000000
 39
0.000000
  0
VERTEX
  8
PG_SILKSCREEN_BOTTOM
 10
21.943797
 20
21.359825
 40
0.100076
 41
0.100076
 42
0.000000
  0
VERTEX
  8
PG_SILKSCREEN_BOTTOM
 10
21.943797
 20
22.121825
 40
0.100076
 41
0.100076
 42
0.000000
  0
VERTEX
  8
PG_SILKSCREEN_BOTTOM
 10
23.634421
 20
22.121825
 40
0.100076
 41
0.100076
 42
0.000000
  0
VERTEX
  8
PG_SILKSCREEN_BOTTOM
 10
23.634421
 20
21.359825
 40
0.100076
 41
0.100076
 42
0.000000
  0
VERTEX
  8
PG_SILKSCREEN_BOTTOM
 10
21.943797
 20
21.359825
 40
0.100076
 41
0.100076
 42
0.000000
  0
SEQEND
  0
CIRCLE
  8
PIN_BOTTOM
 10
23.242499
 20
19.417233
 40
0.228600
  0
CIRCLE
  8
PIN_BOTTOM
 10
22.442399
 20
19.417233
 40
0.228600
  0
POLYLINE
  8
PG_SILKSCREEN_BOTTOM
 66
1
 70
0
 40
0.000000
 41
0.000000
 39
0.000000
  0
VERTEX
  8
PG_SILKSCREEN_BOTTOM
 10
21.997137
 20
19.036233
 40
0.100076
 41
0.100076
 42
0.000000
  0
VERTEX
  8
PG_SILKSCREEN_BOTTOM
 10
21.997137
 20
19.798233
 40
0.100076
 41
0.100076
 42
0.000000
  0
VERTEX
  8
PG_SILKSCREEN_BOTTOM
 10
23.687761
 20
19.798233
 40
0.100076
 41
0.100076
 42
0.000000
  0
VERTEX
  8
PG_SILKSCREEN_BOTTOM
 10
23.687761
 20
19.036233
 40
0.100076
 41
0.100076
 42
0.000000
  0
VERTEX
  8
PG_SILKSCREEN_BOTTOM
 10
21.997137
 20
19.036233
 40
0.100076
 41
0.100076
 42
0.000000
  0
SEQEND
  0
CIRCLE
  8
PIN_BOTTOM
 10
23.263581
 20
18.597829
 40
0.228600
  0
CIRCLE
  8
PIN_BOTTOM
 10
22.463481
 20
18.597829
 40
0.228600
  0
POLYLINE
  8
PG_SILKSCREEN_BOTTOM
 66
1
 70
0
 40
0.000000
 41
0.000000
 39
0.000000
  0
VERTEX
  8
PG_SILKSCREEN_BOTTOM
 10
22.018219
 20
18.216829
 40
0.100076
 41
0.100076
 42
0.000000
  0
VERTEX
  8
PG_SILKSCREEN_BOTTOM
 10
22.018219
 20
18.978829
 40
0.100076
 41
0.100076
 42
0.000000
  0
VERTEX
  8
PG_SILKSCREEN_BOTTOM
 10
23.708843
 20
18.978829
 40
0.100076
 41
0.100076
 42
0.000000
  0
VERTEX
  8
PG_SILKSCREEN_BOTTOM
 10
23.708843
 20
18.216829
 40
0.100076
 41
0.100076
 42
0.000000
  0
VERTEX
  8
PG_SILKSCREEN_BOTTOM
 10
22.018219
 20
18.216829
 40
0.100076
 41
0.100076
 42
0.000000
  0
SEQEND
  0
CIRCLE
  8
PIN_BOTTOM
 10
23.271277
 20
15.261057
 40
0.228600
  0
CIRCLE
  8
PIN_BOTTOM
 10
23.271277
 20
14.460957
 40
0.228600
  0
POLYLINE
  8
PG_SILKSCREEN_BOTTOM
 66
1
 70
0
 40
0.000000
 41
0.000000
 39
0.000000
  0
VERTEX
  8
PG_SILKSCREEN_BOTTOM
 10
23.652277
 20
14.015695
 40
0.100076
 41
0.100076
 42
0.000000
  0
VERTEX
  8
PG_SILKSCREEN_BOTTOM
 10
22.890277
 20
14.015695
 40
0.100076
 41
0.100076
 42
0.000000
  0
VERTEX
  8
PG_SILKSCREEN_BOTTOM
 10
22.890277
 20
15.706319
 40
0.100076
 41
0.100076
 42
0.000000
  0
VERTEX
  8
PG_SILKSCREEN_BOTTOM
 10
23.652277
 20
15.706319
 40
0.100076
 41
0.100076
 42
0.000000
  0
VERTEX
  8
PG_SILKSCREEN_BOTTOM
 10
23.652277
 20
14.015695
 40
0.100076
 41
0.100076
 42
0.000000
  0
SEQEND
  0
CIRCLE
  8
PIN_BOTTOM
 10
61.731271
 20
14.639823
 40
0.228600
  0
CIRCLE
  8
PIN_BOTTOM
 10
61.731271
 20
13.839723
 40
0.228600
  0
POLYLINE
  8
PG_SILKSCREEN_BOTTOM
 66
1
 70
0
 40
0.000000
 41
0.000000
 39
0.000000
  0
VERTEX
  8
PG_SILKSCREEN_BOTTOM
 10
62.112271
 20
13.394461
 40
0.100076
 41
0.100076
 42
0.000000
  0
VERTEX
  8
PG_SILKSCREEN_BOTTOM
 10
61.350271
 20
13.394461
 40
0.100076
 41
0.100076
 42
0.000000
  0
VERTEX
  8
PG_SILKSCREEN_BOTTOM
 10
61.350271
 20
15.085085
 40
0.100076
 41
0.100076
 42
0.000000
  0
VERTEX
  8
PG_SILKSCREEN_BOTTOM
 10
62.112271
 20
15.085085
 40
0.100076
 41
0.100076
 42
0.000000
  0
VERTEX
  8
PG_SILKSCREEN_BOTTOM
 10
62.112271
 20
13.394461
 40
0.100076
 41
0.100076
 42
0.000000
  0
SEQEND
  0
CIRCLE
  8
PIN_BOTTOM
 10
61.824337
 20
20.953857
 40
0.228600
  0
CIRCLE
  8
PIN_BOTTOM
 10
62.624437
 20
20.953857
 40
0.228600
  0
POLYLINE
  8
PG_SILKSCREEN_BOTTOM
 66
1
 70
0
 40
0.000000
 41
0.000000
 39
0.000000
  0
VERTEX
  8
PG_SILKSCREEN_BOTTOM
 10
63.069699
 20
21.334857
 40
0.100076
 41
0.100076
 42
0.000000
  0
VERTEX
  8
PG_SILKSCREEN_BOTTOM
 10
63.069699
 20
20.572857
 40
0.100076
 41
0.100076
 42
0.000000
  0
VERTEX
  8
PG_SILKSCREEN_BOTTOM
 10
61.379075
 20
20.572857
 40
0.100076
 41
0.100076
 42
0.000000
  0
VERTEX
  8
PG_SILKSCREEN_BOTTOM
 10
61.379075
 20
21.334857
 40
0.100076
 41
0.100076
 42
0.000000
  0
VERTEX
  8
PG_SILKSCREEN_BOTTOM
 10
63.069699
 20
21.334857
 40
0.100076
 41
0.100076
 42
0.000000
  0
SEQEND
  0
CIRCLE
  8
PIN_BOTTOM
 10
65.988057
 20
14.650999
 40
0.228600
  0
CIRCLE
  8
PIN_BOTTOM
 10
65.988057
 20
13.850899
 40
0.228600
  0
POLYLINE
  8
PG_SILKSCREEN_BOTTOM
 66
1
 70
0
 40
0.000000
 41
0.000000
 39
0.000000
  0
VERTEX
  8
PG_SILKSCREEN_BOTTOM
 10
66.369057
 20
13.405637
 40
0.100076
 41
0.100076
 42
0.000000
  0
VERTEX
  8
PG_SILKSCREEN_BOTTOM
 10
65.607057
 20
13.405637
 40
0.100076
 41
0.100076
 42
0.000000
  0
VERTEX
  8
PG_SILKSCREEN_BOTTOM
 10
65.607057
 20
15.096261
 40
0.100076
 41
0.100076
 42
0.000000
  0
VERTEX
  8
PG_SILKSCREEN_BOTTOM
 10
66.369057
 20
15.096261
 40
0.100076
 41
0.100076
 42
0.000000
  0
VERTEX
  8
PG_SILKSCREEN_BOTTOM
 10
66.369057
 20
13.405637
 40
0.100076
 41
0.100076
 42
0.000000
  0
SEQEND
  0
CIRCLE
  8
PIN_BOTTOM
 10
67.625189
 20
20.188301
 40
0.228600
  0
CIRCLE
  8
PIN_BOTTOM
 10
68.425289
 20
20.188301
 40
0.228600
  0
POLYLINE
  8
PG_SILKSCREEN_BOTTOM
 66
1
 70
0
 40
0.000000
 41
0.000000
 39
0.000000
  0
VERTEX
  8
PG_SILKSCREEN_BOTTOM
 10
68.870551
 20
20.569301
 40
0.100076
 41
0.100076
 42
0.000000
  0
VERTEX
  8
PG_SILKSCREEN_BOTTOM
 10
68.870551
 20
19.807301
 40
0.100076
 41
0.100076
 42
0.000000
  0
VERTEX
  8
PG_SILKSCREEN_BOTTOM
 10
67.179927
 20
19.807301
 40
0.100076
 41
0.100076
 42
0.000000
  0
VERTEX
  8
PG_SILKSCREEN_BOTTOM
 10
67.179927
 20
20.569301
 40
0.100076
 41
0.100076
 42
0.000000
  0
VERTEX
  8
PG_SILKSCREEN_BOTTOM
 10
68.870551
 20
20.569301
 40
0.100076
 41
0.100076
 42
0.000000
  0
SEQEND
  0
CIRCLE
  8
PIN_BOTTOM
 10
65.890927
 20
19.341465
 40
0.228600
  0
CIRCLE
  8
PIN_BOTTOM
 10
65.090827
 20
19.341465
 40
0.228600
  0
POLYLINE
  8
PG_SILKSCREEN_BOTTOM
 66
1
 70
0
 40
0.000000
 41
0.000000
 39
0.000000
  0
VERTEX
  8
PG_SILKSCREEN_BOTTOM
 10
64.645565
 20
18.960465
 40
0.100076
 41
0.100076
 42
0.000000
  0
VERTEX
  8
PG_SILKSCREEN_BOTTOM
 10
64.645565
 20
19.722465
 40
0.100076
 41
0.100076
 42
0.000000
  0
VERTEX
  8
PG_SILKSCREEN_BOTTOM
 10
66.336189
 20
19.722465
 40
0.100076
 41
0.100076
 42
0.000000
  0
VERTEX
  8
PG_SILKSCREEN_BOTTOM
 10
66.336189
 20
18.960465
 40
0.100076
 41
0.100076
 42
0.000000
  0
VERTEX
  8
PG_SILKSCREEN_BOTTOM
 10
64.645565
 20
18.960465
 40
0.100076
 41
0.100076
 42
0.000000
  0
SEQEND
  0
CIRCLE
  8
PIN_BOTTOM
 10
61.788015
 20
18.608167
 40
0.228600
  0
CIRCLE
  8
PIN_BOTTOM
 10
62.588115
 20
18.608167
 40
0.228600
  0
POLYLINE
  8
PG_SILKSCREEN_BOTTOM
 66
1
 70
0
 40
0.000000
 41
0.000000
 39
0.000000
  0
VERTEX
  8
PG_SILKSCREEN_BOTTOM
 10
63.033377
 20
18.989167
 40
0.100076
 41
0.100076
 42
0.000000
  0
VERTEX
  8
PG_SILKSCREEN_BOTTOM
 10
63.033377
 20
18.227167
 40
0.100076
 41
0.100076
 42
0.000000
  0
VERTEX
  8
PG_SILKSCREEN_BOTTOM
 10
61.342753
 20
18.227167
 40
0.100076
 41
0.100076
 42
0.000000
  0
VERTEX
  8
PG_SILKSCREEN_BOTTOM
 10
61.342753
 20
18.989167
 40
0.100076
 41
0.100076
 42
0.000000
  0
VERTEX
  8
PG_SILKSCREEN_BOTTOM
 10
63.033377
 20
18.989167
 40
0.100076
 41
0.100076
 42
0.000000
  0
SEQEND
  0
CIRCLE
  8
PIN_BOTTOM
 10
72.525611
 20
8.147431
 40
0.228600
  0
CIRCLE
  8
PIN_BOTTOM
 10
73.325711
 20
8.147431
 40
0.228600
  0
POLYLINE
  8
PG_SILKSCREEN_BOTTOM
 66
1
 70
0
 40
0.000000
 41
0.000000
 39
0.000000
  0
VERTEX
  8
PG_SILKSCREEN_BOTTOM
 10
73.770973
 20
8.528431
 40
0.100076
 41
0.100076
 42
0.000000
  0
VERTEX
  8
PG_SILKSCREEN_BOTTOM
 10
73.770973
 20
7.766431
 40
0.100076
 41
0.100076
 42
0.000000
  0
VERTEX
  8
PG_SILKSCREEN_BOTTOM
 10
72.080349
 20
7.766431
 40
0.100076
 41
0.100076
 42
0.000000
  0
VERTEX
  8
PG_SILKSCREEN_BOTTOM
 10
72.080349
 20
8.528431
 40
0.100076
 41
0.100076
 42
0.000000
  0
VERTEX
  8
PG_SILKSCREEN_BOTTOM
 10
73.770973
 20
8.528431
 40
0.100076
 41
0.100076
 42
0.000000
  0
SEQEND
  0
CIRCLE
  8
PIN_BOTTOM
 10
55.213275
 20
19.347561
 40
0.228600
  0
CIRCLE
  8
PIN_BOTTOM
 10
54.413175
 20
19.347561
 40
0.228600
  0
POLYLINE
  8
PG_SILKSCREEN_BOTTOM
 66
1
 70
0
 40
0.000000
 41
0.000000
 39
0.000000
  0
VERTEX
  8
PG_SILKSCREEN_BOTTOM
 10
53.967913
 20
18.966561
 40
0.100076
 41
0.100076
 42
0.000000
  0
VERTEX
  8
PG_SILKSCREEN_BOTTOM
 10
53.967913
 20
19.728561
 40
0.100076
 41
0.100076
 42
0.000000
  0
VERTEX
  8
PG_SILKSCREEN_BOTTOM
 10
55.658537
 20
19.728561
 40
0.100076
 41
0.100076
 42
0.000000
  0
VERTEX
  8
PG_SILKSCREEN_BOTTOM
 10
55.658537
 20
18.966561
 40
0.100076
 41
0.100076
 42
0.000000
  0
VERTEX
  8
PG_SILKSCREEN_BOTTOM
 10
53.967913
 20
18.966561
 40
0.100076
 41
0.100076
 42
0.000000
  0
SEQEND
  0
CIRCLE
  8
PIN_BOTTOM
 10
65.920899
 20
9.015349
 40
0.228600
  0
CIRCLE
  8
PIN_BOTTOM
 10
65.120799
 20
9.015349
 40
0.228600
  0
POLYLINE
  8
PG_SILKSCREEN_BOTTOM
 66
1
 70
0
 40
0.000000
 41
0.000000
 39
0.000000
  0
VERTEX
  8
PG_SILKSCREEN_BOTTOM
 10
64.675537
 20
8.634349
 40
0.100076
 41
0.100076
 42
0.000000
  0
VERTEX
  8
PG_SILKSCREEN_BOTTOM
 10
64.675537
 20
9.396349
 40
0.100076
 41
0.100076
 42
0.000000
  0
VERTEX
  8
PG_SILKSCREEN_BOTTOM
 10
66.366161
 20
9.396349
 40
0.100076
 41
0.100076
 42
0.000000
  0
VERTEX
  8
PG_SILKSCREEN_BOTTOM
 10
66.366161
 20
8.634349
 40
0.100076
 41
0.100076
 42
0.000000
  0
VERTEX
  8
PG_SILKSCREEN_BOTTOM
 10
64.675537
 20
8.634349
 40
0.100076
 41
0.100076
 42
0.000000
  0
SEQEND
  0
CIRCLE
  8
PIN_BOTTOM
 10
72.455507
 20
16.203549
 40
0.228600
  0
CIRCLE
  8
PIN_BOTTOM
 10
73.255607
 20
16.203549
 40
0.228600
  0
POLYLINE
  8
PG_SILKSCREEN_BOTTOM
 66
1
 70
0
 40
0.000000
 41
0.000000
 39
0.000000
  0
VERTEX
  8
PG_SILKSCREEN_BOTTOM
 10
73.700869
 20
16.584549
 40
0.100076
 41
0.100076
 42
0.000000
  0
VERTEX
  8
PG_SILKSCREEN_BOTTOM
 10
73.700869
 20
15.822549
 40
0.100076
 41
0.100076
 42
0.000000
  0
VERTEX
  8
PG_SILKSCREEN_BOTTOM
 10
72.010245
 20
15.822549
 40
0.100076
 41
0.100076
 42
0.000000
  0
VERTEX
  8
PG_SILKSCREEN_BOTTOM
 10
72.010245
 20
16.584549
 40
0.100076
 41
0.100076
 42
0.000000
  0
VERTEX
  8
PG_SILKSCREEN_BOTTOM
 10
73.700869
 20
16.584549
 40
0.100076
 41
0.100076
 42
0.000000
  0
SEQEND
  0
CIRCLE
  8
PIN_BOTTOM
 10
56.978779
 20
20.875371
 40
0.228600
  0
CIRCLE
  8
PIN_BOTTOM
 10
57.778879
 20
20.875371
 40
0.228600
  0
POLYLINE
  8
PG_SILKSCREEN_BOTTOM
 66
1
 70
0
 40
0.000000
 41
0.000000
 39
0.000000
  0
VERTEX
  8
PG_SILKSCREEN_BOTTOM
 10
58.224141
 20
21.256371
 40
0.100076
 41
0.100076
 42
0.000000
  0
VERTEX
  8
PG_SILKSCREEN_BOTTOM
 10
58.224141
 20
20.494371
 40
0.100076
 41
0.100076
 42
0.000000
  0
VERTEX
  8
PG_SILKSCREEN_BOTTOM
 10
56.533517
 20
20.494371
 40
0.100076
 41
0.100076
 42
0.000000
  0
VERTEX
  8
PG_SILKSCREEN_BOTTOM
 10
56.533517
 20
21.256371
 40
0.100076
 41
0.100076
 42
0.000000
  0
VERTEX
  8
PG_SILKSCREEN_BOTTOM
 10
58.224141
 20
21.256371
 40
0.100076
 41
0.100076
 42
0.000000
  0
SEQEND
  0
CIRCLE
  8
PIN_BOTTOM
 10
61.798683
 20
16.222599
 40
0.228600
  0
CIRCLE
  8
PIN_BOTTOM
 10
62.598783
 20
16.222599
 40
0.228600
  0
POLYLINE
  8
PG_SILKSCREEN_BOTTOM
 66
1
 70
0
 40
0.000000
 41
0.000000
 39
0.000000
  0
VERTEX
  8
PG_SILKSCREEN_BOTTOM
 10
63.044045
 20
16.603599
 40
0.100076
 41
0.100076
 42
0.000000
  0
VERTEX
  8
PG_SILKSCREEN_BOTTOM
 10
63.044045
 20
15.841599
 40
0.100076
 41
0.100076
 42
0.000000
  0
VERTEX
  8
PG_SILKSCREEN_BOTTOM
 10
61.353421
 20
15.841599
 40
0.100076
 41
0.100076
 42
0.000000
  0
VERTEX
  8
PG_SILKSCREEN_BOTTOM
 10
61.353421
 20
16.603599
 40
0.100076
 41
0.100076
 42
0.000000
  0
VERTEX
  8
PG_SILKSCREEN_BOTTOM
 10
63.044045
 20
16.603599
 40
0.100076
 41
0.100076
 42
0.000000
  0
SEQEND
  0
CIRCLE
  8
PIN_BOTTOM
 10
72.399271
 20
14.587499
 40
0.228600
  0
CIRCLE
  8
PIN_BOTTOM
 10
72.399271
 20
13.787399
 40
0.228600
  0
POLYLINE
  8
PG_SILKSCREEN_BOTTOM
 66
1
 70
0
 40
0.000000
 41
0.000000
 39
0.000000
  0
VERTEX
  8
PG_SILKSCREEN_BOTTOM
 10
72.780271
 20
13.342137
 40
0.100076
 41
0.100076
 42
0.000000
  0
VERTEX
  8
PG_SILKSCREEN_BOTTOM
 10
72.018271
 20
13.342137
 40
0.100076
 41
0.100076
 42
0.000000
  0
VERTEX
  8
PG_SILKSCREEN_BOTTOM
 10
72.018271
 20
15.032761
 40
0.100076
 41
0.100076
 42
0.000000
  0
VERTEX
  8
PG_SILKSCREEN_BOTTOM
 10
72.780271
 20
15.032761
 40
0.100076
 41
0.100076
 42
0.000000
  0
VERTEX
  8
PG_SILKSCREEN_BOTTOM
 10
72.780271
 20
13.342137
 40
0.100076
 41
0.100076
 42
0.000000
  0
SEQEND
  0
CIRCLE
  8
PIN_BOTTOM
 10
60.057563
 20
16.895953
 40
0.228600
  0
CIRCLE
  8
PIN_BOTTOM
 10
59.257463
 20
16.895953
 40
0.228600
  0
POLYLINE
  8
PG_SILKSCREEN_BOTTOM
 66
1
 70
0
 40
0.000000
 41
0.000000
 39
0.000000
  0
VERTEX
  8
PG_SILKSCREEN_BOTTOM
 10
58.812201
 20
16.514953
 40
0.100076
 41
0.100076
 42
0.000000
  0
VERTEX
  8
PG_SILKSCREEN_BOTTOM
 10
58.812201
 20
17.276953
 40
0.100076
 41
0.100076
 42
0.000000
  0
VERTEX
  8
PG_SILKSCREEN_BOTTOM
 10
60.502825
 20
17.276953
 40
0.100076
 41
0.100076
 42
0.000000
  0
VERTEX
  8
PG_SILKSCREEN_BOTTOM
 10
60.502825
 20
16.514953
 40
0.100076
 41
0.100076
 42
0.000000
  0
VERTEX
  8
PG_SILKSCREEN_BOTTOM
 10
58.812201
 20
16.514953
 40
0.100076
 41
0.100076
 42
0.000000
  0
SEQEND
  0
CIRCLE
  8
PIN_BOTTOM
 10
65.928011
 20
16.889095
 40
0.228600
  0
CIRCLE
  8
PIN_BOTTOM
 10
65.127911
 20
16.889095
 40
0.228600
  0
POLYLINE
  8
PG_SILKSCREEN_BOTTOM
 66
1
 70
0
 40
0.000000
 41
0.000000
 39
0.000000
  0
VERTEX
  8
PG_SILKSCREEN_BOTTOM
 10
64.682649
 20
16.508095
 40
0.100076
 41
0.100076
 42
0.000000
  0
VERTEX
  8
PG_SILKSCREEN_BOTTOM
 10
64.682649
 20
17.270095
 40
0.100076
 41
0.100076
 42
0.000000
  0
VERTEX
  8
PG_SILKSCREEN_BOTTOM
 10
66.373273
 20
17.270095
 40
0.100076
 41
0.100076
 42
0.000000
  0
VERTEX
  8
PG_SILKSCREEN_BOTTOM
 10
66.373273
 20
16.508095
 40
0.100076
 41
0.100076
 42
0.000000
  0
VERTEX
  8
PG_SILKSCREEN_BOTTOM
 10
64.682649
 20
16.508095
 40
0.100076
 41
0.100076
 42
0.000000
  0
SEQEND
  0
CIRCLE
  8
PIN_BOTTOM
 10
73.325355
 20
15.019045
 40
0.228600
  0
CIRCLE
  8
PIN_BOTTOM
 10
73.325355
 20
14.218945
 40
0.228600
  0
POLYLINE
  8
PG_SILKSCREEN_BOTTOM
 66
1
 70
0
 40
0.000000
 41
0.000000
 39
0.000000
  0
VERTEX
  8
PG_SILKSCREEN_BOTTOM
 10
73.706355
 20
13.773683
 40
0.100076
 41
0.100076
 42
0.000000
  0
VERTEX
  8
PG_SILKSCREEN_BOTTOM
 10
72.944355
 20
13.773683
 40
0.100076
 41
0.100076
 42
0.000000
  0
VERTEX
  8
PG_SILKSCREEN_BOTTOM
 10
72.944355
 20
15.464307
 40
0.100076
 41
0.100076
 42
0.000000
  0
VERTEX
  8
PG_SILKSCREEN_BOTTOM
 10
73.706355
 20
15.464307
 40
0.100076
 41
0.100076
 42
0.000000
  0
VERTEX
  8
PG_SILKSCREEN_BOTTOM
 10
73.706355
 20
13.773683
 40
0.100076
 41
0.100076
 42
0.000000
  0
SEQEND
  0
CIRCLE
  8
PIN_BOTTOM
 10
55.280839
 20
9.703435
 40
0.228600
  0
CIRCLE
  8
PIN_BOTTOM
 10
54.480739
 20
9.703435
 40
0.228600
  0
POLYLINE
  8
PG_SILKSCREEN_BOTTOM
 66
1
 70
0
 40
0.000000
 41
0.000000
 39
0.000000
  0
VERTEX
  8
PG_SILKSCREEN_BOTTOM
 10
54.035477
 20
9.322435
 40
0.100076
 41
0.100076
 42
0.000000
  0
VERTEX
  8
PG_SILKSCREEN_BOTTOM
 10
54.035477
 20
10.084435
 40
0.100076
 41
0.100076
 42
0.000000
  0
VERTEX
  8
PG_SILKSCREEN_BOTTOM
 10
55.726101
 20
10.084435
 40
0.100076
 41
0.100076
 42
0.000000
  0
VERTEX
  8
PG_SILKSCREEN_BOTTOM
 10
55.726101
 20
9.322435
 40
0.100076
 41
0.100076
 42
0.000000
  0
VERTEX
  8
PG_SILKSCREEN_BOTTOM
 10
54.035477
 20
9.322435
 40
0.100076
 41
0.100076
 42
0.000000
  0
SEQEND
  0
CIRCLE
  8
PIN_BOTTOM
 10
61.832973
 20
8.174101
 40
0.228600
  0
CIRCLE
  8
PIN_BOTTOM
 10
62.633073
 20
8.174101
 40
0.228600
  0
POLYLINE
  8
PG_SILKSCREEN_BOTTOM
 66
1
 70
0
 40
0.000000
 41
0.000000
 39
0.000000
  0
VERTEX
  8
PG_SILKSCREEN_BOTTOM
 10
63.078335
 20
8.555101
 40
0.100076
 41
0.100076
 42
0.000000
  0
VERTEX
  8
PG_SILKSCREEN_BOTTOM
 10
63.078335
 20
7.793101
 40
0.100076
 41
0.100076
 42
0.000000
  0
VERTEX
  8
PG_SILKSCREEN_BOTTOM
 10
61.387711
 20
7.793101
 40
0.100076
 41
0.100076
 42
0.000000
  0
VERTEX
  8
PG_SILKSCREEN_BOTTOM
 10
61.387711
 20
8.555101
 40
0.100076
 41
0.100076
 42
0.000000
  0
VERTEX
  8
PG_SILKSCREEN_BOTTOM
 10
63.078335
 20
8.555101
 40
0.100076
 41
0.100076
 42
0.000000
  0
SEQEND
  0
CIRCLE
  8
PIN_BOTTOM
 10
72.452205
 20
12.214225
 40
0.228600
  0
CIRCLE
  8
PIN_BOTTOM
 10
73.252305
 20
12.214225
 40
0.228600
  0
POLYLINE
  8
PG_SILKSCREEN_BOTTOM
 66
1
 70
0
 40
0.000000
 41
0.000000
 39
0.000000
  0
VERTEX
  8
PG_SILKSCREEN_BOTTOM
 10
73.697567
 20
12.595225
 40
0.100076
 41
0.100076
 42
0.000000
  0
VERTEX
  8
PG_SILKSCREEN_BOTTOM
 10
73.697567
 20
11.833225
 40
0.100076
 41
0.100076
 42
0.000000
  0
VERTEX
  8
PG_SILKSCREEN_BOTTOM
 10
72.006943
 20
11.833225
 40
0.100076
 41
0.100076
 42
0.000000
  0
VERTEX
  8
PG_SILKSCREEN_BOTTOM
 10
72.006943
 20
12.595225
 40
0.100076
 41
0.100076
 42
0.000000
  0
VERTEX
  8
PG_SILKSCREEN_BOTTOM
 10
73.697567
 20
12.595225
 40
0.100076
 41
0.100076
 42
0.000000
  0
SEQEND
  0
CIRCLE
  8
PIN_BOTTOM
 10
66.001417
 20
17.730851
 40
0.228600
  0
CIRCLE
  8
PIN_BOTTOM
 10
65.201317
 20
17.730851
 40
0.228600
  0
POLYLINE
  8
PG_SILKSCREEN_BOTTOM
 66
1
 70
0
 40
0.000000
 41
0.000000
 39
0.000000
  0
VERTEX
  8
PG_SILKSCREEN_BOTTOM
 10
64.756055
 20
17.349851
 40
0.100076
 41
0.100076
 42
0.000000
  0
VERTEX
  8
PG_SILKSCREEN_BOTTOM
 10
64.756055
 20
18.111851
 40
0.100076
 41
0.100076
 42
0.000000
  0
VERTEX
  8
PG_SILKSCREEN_BOTTOM
 10
66.446679
 20
18.111851
 40
0.100076
 41
0.100076
 42
0.000000
  0
VERTEX
  8
PG_SILKSCREEN_BOTTOM
 10
66.446679
 20
17.349851
 40
0.100076
 41
0.100076
 42
0.000000
  0
VERTEX
  8
PG_SILKSCREEN_BOTTOM
 10
64.756055
 20
17.349851
 40
0.100076
 41
0.100076
 42
0.000000
  0
SEQEND
  0
CIRCLE
  8
PIN_BOTTOM
 10
65.784755
 20
21.793581
 40
0.228600
  0
CIRCLE
  8
PIN_BOTTOM
 10
64.984655
 20
21.793581
 40
0.228600
  0
POLYLINE
  8
PG_SILKSCREEN_BOTTOM
 66
1
 70
0
 40
0.000000
 41
0.000000
 39
0.000000
  0
VERTEX
  8
PG_SILKSCREEN_BOTTOM
 10
64.539393
 20
21.412581
 40
0.100076
 41
0.100076
 42
0.000000
  0
VERTEX
  8
PG_SILKSCREEN_BOTTOM
 10
64.539393
 20
22.174581
 40
0.100076
 41
0.100076
 42
0.000000
  0
VERTEX
  8
PG_SILKSCREEN_BOTTOM
 10
66.230017
 20
22.174581
 40
0.100076
 41
0.100076
 42
0.000000
  0
VERTEX
  8
PG_SILKSCREEN_BOTTOM
 10
66.230017
 20
21.412581
 40
0.100076
 41
0.100076
 42
0.000000
  0
VERTEX
  8
PG_SILKSCREEN_BOTTOM
 10
64.539393
 20
21.412581
 40
0.100076
 41
0.100076
 42
0.000000
  0
SEQEND
  0
CIRCLE
  8
PIN_BOTTOM
 10
72.431123
 20
18.590133
 40
0.228600
  0
CIRCLE
  8
PIN_BOTTOM
 10
73.231223
 20
18.590133
 40
0.228600
  0
POLYLINE
  8
PG_SILKSCREEN_BOTTOM
 66
1
 70
0
 40
0.000000
 41
0.000000
 39
0.000000
  0
VERTEX
  8
PG_SILKSCREEN_BOTTOM
 10
73.676485
 20
18.971133
 40
0.100076
 41
0.100076
 42
0.000000
  0
VERTEX
  8
PG_SILKSCREEN_BOTTOM
 10
73.676485
 20
18.209133
 40
0.100076
 41
0.100076
 42
0.000000
  0
VERTEX
  8
PG_SILKSCREEN_BOTTOM
 10
71.985861
 20
18.209133
 40
0.100076
 41
0.100076
 42
0.000000
  0
VERTEX
  8
PG_SILKSCREEN_BOTTOM
 10
71.985861
 20
18.971133
 40
0.100076
 41
0.100076
 42
0.000000
  0
VERTEX
  8
PG_SILKSCREEN_BOTTOM
 10
73.676485
 20
18.971133
 40
0.100076
 41
0.100076
 42
0.000000
  0
SEQEND
  0
CIRCLE
  8
PIN_BOTTOM
 10
70.756043
 20
16.919321
 40
0.228600
  0
CIRCLE
  8
PIN_BOTTOM
 10
69.955943
 20
16.919321
 40
0.228600
  0
POLYLINE
  8
PG_SILKSCREEN_BOTTOM
 66
1
 70
0
 40
0.000000
 41
0.000000
 39
0.000000
  0
VERTEX
  8
PG_SILKSCREEN_BOTTOM
 10
69.510681
 20
16.538321
 40
0.100076
 41
0.100076
 42
0.000000
  0
VERTEX
  8
PG_SILKSCREEN_BOTTOM
 10
69.510681
 20
17.300321
 40
0.100076
 41
0.100076
 42
0.000000
  0
VERTEX
  8
PG_SILKSCREEN_BOTTOM
 10
71.201305
 20
17.300321
 40
0.100076
 41
0.100076
 42
0.000000
  0
VERTEX
  8
PG_SILKSCREEN_BOTTOM
 10
71.201305
 20
16.538321
 40
0.100076
 41
0.100076
 42
0.000000
  0
VERTEX
  8
PG_SILKSCREEN_BOTTOM
 10
69.510681
 20
16.538321
 40
0.100076
 41
0.100076
 42
0.000000
  0
SEQEND
  0
CIRCLE
  8
PIN_BOTTOM
 10
72.446769
 20
21.016443
 40
0.228600
  0
CIRCLE
  8
PIN_BOTTOM
 10
72.446769
 20
21.816543
 40
0.228600
  0
POLYLINE
  8
PG_SILKSCREEN_BOTTOM
 66
1
 70
0
 40
0.000000
 41
0.000000
 39
0.000000
  0
VERTEX
  8
PG_SILKSCREEN_BOTTOM
 10
72.065769
 20
22.261805
 40
0.100076
 41
0.100076
 42
0.000000
  0
VERTEX
  8
PG_SILKSCREEN_BOTTOM
 10
72.827769
 20
22.261805
 40
0.100076
 41
0.100076
 42
0.000000
  0
VERTEX
  8
PG_SILKSCREEN_BOTTOM
 10
72.827769
 20
20.571181
 40
0.100076
 41
0.100076
 42
0.000000
  0
VERTEX
  8
PG_SILKSCREEN_BOTTOM
 10
72.065769
 20
20.571181
 40
0.100076
 41
0.100076
 42
0.000000
  0
VERTEX
  8
PG_SILKSCREEN_BOTTOM
 10
72.065769
 20
22.261805
 40
0.100076
 41
0.100076
 42
0.000000
  0
SEQEND
  0
CIRCLE
  8
PIN_BOTTOM
 10
61.749153
 20
12.181459
 40
0.228600
  0
CIRCLE
  8
PIN_BOTTOM
 10
62.549253
 20
12.181459
 40
0.228600
  0
POLYLINE
  8
PG_SILKSCREEN_BOTTOM
 66
1
 70
0
 40
0.000000
 41
0.000000
 39
0.000000
  0
VERTEX
  8
PG_SILKSCREEN_BOTTOM
 10
62.994515
 20
12.562459
 40
0.100076
 41
0.100076
 42
0.000000
  0
VERTEX
  8
PG_SILKSCREEN_BOTTOM
 10
62.994515
 20
11.800459
 40
0.100076
 41
0.100076
 42
0.000000
  0
VERTEX
  8
PG_SILKSCREEN_BOTTOM
 10
61.303891
 20
11.800459
 40
0.100076
 41
0.100076
 42
0.000000
  0
VERTEX
  8
PG_SILKSCREEN_BOTTOM
 10
61.303891
 20
12.562459
 40
0.100076
 41
0.100076
 42
0.000000
  0
VERTEX
  8
PG_SILKSCREEN_BOTTOM
 10
62.994515
 20
12.562459
 40
0.100076
 41
0.100076
 42
0.000000
  0
SEQEND
  0
CIRCLE
  8
PIN_BOTTOM
 10
55.299229
 20
14.644395
 40
0.228600
  0
CIRCLE
  8
PIN_BOTTOM
 10
55.299229
 20
13.844295
 40
0.228600
  0
POLYLINE
  8
PG_SILKSCREEN_BOTTOM
 66
1
 70
0
 40
0.000000
 41
0.000000
 39
0.000000
  0
VERTEX
  8
PG_SILKSCREEN_BOTTOM
 10
55.680229
 20
13.399033
 40
0.100076
 41
0.100076
 42
0.000000
  0
VERTEX
  8
PG_SILKSCREEN_BOTTOM
 10
54.918229
 20
13.399033
 40
0.100076
 41
0.100076
 42
0.000000
  0
VERTEX
  8
PG_SILKSCREEN_BOTTOM
 10
54.918229
 20
15.089657
 40
0.100076
 41
0.100076
 42
0.000000
  0
VERTEX
  8
PG_SILKSCREEN_BOTTOM
 10
55.680229
 20
15.089657
 40
0.100076
 41
0.100076
 42
0.000000
  0
VERTEX
  8
PG_SILKSCREEN_BOTTOM
 10
55.680229
 20
13.399033
 40
0.100076
 41
0.100076
 42
0.000000
  0
SEQEND
  0
CIRCLE
  8
PIN_BOTTOM
 10
55.279315
 20
16.911701
 40
0.228600
  0
CIRCLE
  8
PIN_BOTTOM
 10
54.479215
 20
16.911701
 40
0.228600
  0
POLYLINE
  8
PG_SILKSCREEN_BOTTOM
 66
1
 70
0
 40
0.000000
 41
0.000000
 39
0.000000
  0
VERTEX
  8
PG_SILKSCREEN_BOTTOM
 10
54.033953
 20
16.530701
 40
0.100076
 41
0.100076
 42
0.000000
  0
VERTEX
  8
PG_SILKSCREEN_BOTTOM
 10
54.033953
 20
17.292701
 40
0.100076
 41
0.100076
 42
0.000000
  0
VERTEX
  8
PG_SILKSCREEN_BOTTOM
 10
55.724577
 20
17.292701
 40
0.100076
 41
0.100076
 42
0.000000
  0
VERTEX
  8
PG_SILKSCREEN_BOTTOM
 10
55.724577
 20
16.530701
 40
0.100076
 41
0.100076
 42
0.000000
  0
VERTEX
  8
PG_SILKSCREEN_BOTTOM
 10
54.033953
 20
16.530701
 40
0.100076
 41
0.100076
 42
0.000000
  0
SEQEND
  0
CIRCLE
  8
PIN_BOTTOM
 10
55.179493
 20
21.725509
 40
0.228600
  0
CIRCLE
  8
PIN_BOTTOM
 10
54.379393
 20
21.725509
 40
0.228600
  0
POLYLINE
  8
PG_SILKSCREEN_BOTTOM
 66
1
 70
0
 40
0.000000
 41
0.000000
 39
0.000000
  0
VERTEX
  8
PG_SILKSCREEN_BOTTOM
 10
53.934131
 20
21.344509
 40
0.100076
 41
0.100076
 42
0.000000
  0
VERTEX
  8
PG_SILKSCREEN_BOTTOM
 10
53.934131
 20
22.106509
 40
0.100076
 41
0.100076
 42
0.000000
  0
VERTEX
  8
PG_SILKSCREEN_BOTTOM
 10
55.624755
 20
22.106509
 40
0.100076
 41
0.100076
 42
0.000000
  0
VERTEX
  8
PG_SILKSCREEN_BOTTOM
 10
55.624755
 20
21.344509
 40
0.100076
 41
0.100076
 42
0.000000
  0
VERTEX
  8
PG_SILKSCREEN_BOTTOM
 10
53.934131
 20
21.344509
 40
0.100076
 41
0.100076
 42
0.000000
  0
SEQEND
  0
CIRCLE
  8
PIN_BOTTOM
 10
17.454905
 20
5.932297
 40
0.228600
  0
CIRCLE
  8
PIN_BOTTOM
 10
16.654805
 20
5.932297
 40
0.228600
  0
POLYLINE
  8
PG_SILKSCREEN_BOTTOM
 66
1
 70
0
 40
0.000000
 41
0.000000
 39
0.000000
  0
VERTEX
  8
PG_SILKSCREEN_BOTTOM
 10
16.209543
 20
5.551297
 40
0.100076
 41
0.100076
 42
0.000000
  0
VERTEX
  8
PG_SILKSCREEN_BOTTOM
 10
16.209543
 20
6.313297
 40
0.100076
 41
0.100076
 42
0.000000
  0
VERTEX
  8
PG_SILKSCREEN_BOTTOM
 10
17.900167
 20
6.313297
 40
0.100076
 41
0.100076
 42
0.000000
  0
VERTEX
  8
PG_SILKSCREEN_BOTTOM
 10
17.900167
 20
5.551297
 40
0.100076
 41
0.100076
 42
0.000000
  0
VERTEX
  8
PG_SILKSCREEN_BOTTOM
 10
16.209543
 20
5.551297
 40
0.100076
 41
0.100076
 42
0.000000
  0
SEQEND
  0
CIRCLE
  8
PIN_BOTTOM
 10
49.806479
 20
38.672364
 40
0.228600
  0
CIRCLE
  8
PIN_BOTTOM
 10
49.806479
 20
39.472464
 40
0.228600
  0
POLYLINE
  8
PG_SILKSCREEN_BOTTOM
 66
1
 70
0
 40
0.000000
 41
0.000000
 39
0.000000
  0
VERTEX
  8
PG_SILKSCREEN_BOTTOM
 10
49.425479
 20
39.917726
 40
0.100076
 41
0.100076
 42
0.000000
  0
VERTEX
  8
PG_SILKSCREEN_BOTTOM
 10
50.187479
 20
39.917726
 40
0.100076
 41
0.100076
 42
0.000000
  0
VERTEX
  8
PG_SILKSCREEN_BOTTOM
 10
50.187479
 20
38.227102
 40
0.100076
 41
0.100076
 42
0.000000
  0
VERTEX
  8
PG_SILKSCREEN_BOTTOM
 10
49.425479
 20
38.227102
 40
0.100076
 41
0.100076
 42
0.000000
  0
VERTEX
  8
PG_SILKSCREEN_BOTTOM
 10
49.425479
 20
39.917726
 40
0.100076
 41
0.100076
 42
0.000000
  0
SEQEND
  0
CIRCLE
  8
PIN_BOTTOM
 10
51.815873
 20
36.699038
 40
0.228600
  0
CIRCLE
  8
PIN_BOTTOM
 10
51.815873
 20
37.499138
 40
0.228600
  0
POLYLINE
  8
PG_SILKSCREEN_BOTTOM
 66
1
 70
0
 40
0.000000
 41
0.000000
 39
0.000000
  0
VERTEX
  8
PG_SILKSCREEN_BOTTOM
 10
51.434873
 20
37.944400
 40
0.100076
 41
0.100076
 42
0.000000
  0
VERTEX
  8
PG_SILKSCREEN_BOTTOM
 10
52.196873
 20
37.944400
 40
0.100076
 41
0.100076
 42
0.000000
  0
VERTEX
  8
PG_SILKSCREEN_BOTTOM
 10
52.196873
 20
36.253776
 40
0.100076
 41
0.100076
 42
0.000000
  0
VERTEX
  8
PG_SILKSCREEN_BOTTOM
 10
51.434873
 20
36.253776
 40
0.100076
 41
0.100076
 42
0.000000
  0
VERTEX
  8
PG_SILKSCREEN_BOTTOM
 10
51.434873
 20
37.944400
 40
0.100076
 41
0.100076
 42
0.000000
  0
SEQEND
  0
CIRCLE
  8
PIN_BOTTOM
 10
50.782626
 20
39.383183
 40
0.228600
  0
CIRCLE
  8
PIN_BOTTOM
 10
50.782626
 20
38.583083
 40
0.228600
  0
POLYLINE
  8
PG_SILKSCREEN_BOTTOM
 66
1
 70
0
 40
0.000000
 41
0.000000
 39
0.000000
  0
VERTEX
  8
PG_SILKSCREEN_BOTTOM
 10
51.163626
 20
38.137821
 40
0.100076
 41
0.100076
 42
0.000000
  0
VERTEX
  8
PG_SILKSCREEN_BOTTOM
 10
50.401626
 20
38.137821
 40
0.100076
 41
0.100076
 42
0.000000
  0
VERTEX
  8
PG_SILKSCREEN_BOTTOM
 10
50.401626
 20
39.828445
 40
0.100076
 41
0.100076
 42
0.000000
  0
VERTEX
  8
PG_SILKSCREEN_BOTTOM
 10
51.163626
 20
39.828445
 40
0.100076
 41
0.100076
 42
0.000000
  0
VERTEX
  8
PG_SILKSCREEN_BOTTOM
 10
51.163626
 20
38.137821
 40
0.100076
 41
0.100076
 42
0.000000
  0
SEQEND
  0
CIRCLE
  8
PIN_BOTTOM
 10
46.576894
 20
38.442265
 40
0.228600
  0
CIRCLE
  8
PIN_BOTTOM
 10
45.776794
 20
38.442265
 40
0.228600
  0
POLYLINE
  8
PG_SILKSCREEN_BOTTOM
 66
1
 70
0
 40
0.000000
 41
0.000000
 39
0.000000
  0
VERTEX
  8
PG_SILKSCREEN_BOTTOM
 10
45.331532
 20
38.061265
 40
0.100076
 41
0.100076
 42
0.000000
  0
VERTEX
  8
PG_SILKSCREEN_BOTTOM
 10
45.331532
 20
38.823265
 40
0.100076
 41
0.100076
 42
0.000000
  0
VERTEX
  8
PG_SILKSCREEN_BOTTOM
 10
47.022156
 20
38.823265
 40
0.100076
 41
0.100076
 42
0.000000
  0
VERTEX
  8
PG_SILKSCREEN_BOTTOM
 10
47.022156
 20
38.061265
 40
0.100076
 41
0.100076
 42
0.000000
  0
VERTEX
  8
PG_SILKSCREEN_BOTTOM
 10
45.331532
 20
38.061265
 40
0.100076
 41
0.100076
 42
0.000000
  0
SEQEND
  0
CIRCLE
  8
PIN_BOTTOM
 10
47.795053
 20
38.616484
 40
0.228600
  0
CIRCLE
  8
PIN_BOTTOM
 10
47.795053
 20
39.416584
 40
0.228600
  0
POLYLINE
  8
PG_SILKSCREEN_BOTTOM
 66
1
 70
0
 40
0.000000
 41
0.000000
 39
0.000000
  0
VERTEX
  8
PG_SILKSCREEN_BOTTOM
 10
47.414053
 20
39.861846
 40
0.100076
 41
0.100076
 42
0.000000
  0
VERTEX
  8
PG_SILKSCREEN_BOTTOM
 10
48.176053
 20
39.861846
 40
0.100076
 41
0.100076
 42
0.000000
  0
VERTEX
  8
PG_SILKSCREEN_BOTTOM
 10
48.176053
 20
38.171222
 40
0.100076
 41
0.100076
 42
0.000000
  0
VERTEX
  8
PG_SILKSCREEN_BOTTOM
 10
47.414053
 20
38.171222
 40
0.100076
 41
0.100076
 42
0.000000
  0
VERTEX
  8
PG_SILKSCREEN_BOTTOM
 10
47.414053
 20
39.861846
 40
0.100076
 41
0.100076
 42
0.000000
  0
SEQEND
  0
CIRCLE
  8
PIN_BOTTOM
 10
51.861568
 20
38.558089
 40
0.228600
  0
CIRCLE
  8
PIN_BOTTOM
 10
52.661668
 20
38.558089
 40
0.228600
  0
POLYLINE
  8
PG_SILKSCREEN_BOTTOM
 66
1
 70
0
 40
0.000000
 41
0.000000
 39
0.000000
  0
VERTEX
  8
PG_SILKSCREEN_BOTTOM
 10
53.106930
 20
38.939089
 40
0.100076
 41
0.100076
 42
0.000000
  0
VERTEX
  8
PG_SILKSCREEN_BOTTOM
 10
53.106930
 20
38.177089
 40
0.100076
 41
0.100076
 42
0.000000
  0
VERTEX
  8
PG_SILKSCREEN_BOTTOM
 10
51.416306
 20
38.177089
 40
0.100076
 41
0.100076
 42
0.000000
  0
VERTEX
  8
PG_SILKSCREEN_BOTTOM
 10
51.416306
 20
38.939089
 40
0.100076
 41
0.100076
 42
0.000000
  0
VERTEX
  8
PG_SILKSCREEN_BOTTOM
 10
53.106930
 20
38.939089
 40
0.100076
 41
0.100076
 42
0.000000
  0
SEQEND
  0
CIRCLE
  8
PIN_BOTTOM
 10
47.909582
 20
37.549963
 40
0.228600
  0
CIRCLE
  8
PIN_BOTTOM
 10
48.709682
 20
37.549963
 40
0.228600
  0
POLYLINE
  8
PG_SILKSCREEN_BOTTOM
 66
1
 70
0
 40
0.000000
 41
0.000000
 39
0.000000
  0
VERTEX
  8
PG_SILKSCREEN_BOTTOM
 10
49.154944
 20
37.930963
 40
0.100076
 41
0.100076
 42
0.000000
  0
VERTEX
  8
PG_SILKSCREEN_BOTTOM
 10
49.154944
 20
37.168963
 40
0.100076
 41
0.100076
 42
0.000000
  0
VERTEX
  8
PG_SILKSCREEN_BOTTOM
 10
47.464320
 20
37.168963
 40
0.100076
 41
0.100076
 42
0.000000
  0
VERTEX
  8
PG_SILKSCREEN_BOTTOM
 10
47.464320
 20
37.930963
 40
0.100076
 41
0.100076
 42
0.000000
  0
VERTEX
  8
PG_SILKSCREEN_BOTTOM
 10
49.154944
 20
37.930963
 40
0.100076
 41
0.100076
 42
0.000000
  0
SEQEND
  0
CIRCLE
  8
PIN_BOTTOM
 10
48.833405
 20
39.482674
 40
0.228600
  0
CIRCLE
  8
PIN_BOTTOM
 10
48.833405
 20
38.682574
 40
0.228600
  0
POLYLINE
  8
PG_SILKSCREEN_BOTTOM
 66
1
 70
0
 40
0.000000
 41
0.000000
 39
0.000000
  0
VERTEX
  8
PG_SILKSCREEN_BOTTOM
 10
49.214405
 20
38.237312
 40
0.100076
 41
0.100076
 42
0.000000
  0
VERTEX
  8
PG_SILKSCREEN_BOTTOM
 10
48.452405
 20
38.237312
 40
0.100076
 41
0.100076
 42
0.000000
  0
VERTEX
  8
PG_SILKSCREEN_BOTTOM
 10
48.452405
 20
39.927936
 40
0.100076
 41
0.100076
 42
0.000000
  0
VERTEX
  8
PG_SILKSCREEN_BOTTOM
 10
49.214405
 20
39.927936
 40
0.100076
 41
0.100076
 42
0.000000
  0
VERTEX
  8
PG_SILKSCREEN_BOTTOM
 10
49.214405
 20
38.237312
 40
0.100076
 41
0.100076
 42
0.000000
  0
SEQEND
  0
CIRCLE
  8
PIN_BOTTOM
 10
51.861314
 20
39.543863
 40
0.228600
  0
CIRCLE
  8
PIN_BOTTOM
 10
52.661414
 20
39.543863
 40
0.228600
  0
POLYLINE
  8
PG_SILKSCREEN_BOTTOM
 66
1
 70
0
 40
0.000000
 41
0.000000
 39
0.000000
  0
VERTEX
  8
PG_SILKSCREEN_BOTTOM
 10
53.106676
 20
39.924863
 40
0.100076
 41
0.100076
 42
0.000000
  0
VERTEX
  8
PG_SILKSCREEN_BOTTOM
 10
53.106676
 20
39.162863
 40
0.100076
 41
0.100076
 42
0.000000
  0
VERTEX
  8
PG_SILKSCREEN_BOTTOM
 10
51.416052
 20
39.162863
 40
0.100076
 41
0.100076
 42
0.000000
  0
VERTEX
  8
PG_SILKSCREEN_BOTTOM
 10
51.416052
 20
39.924863
 40
0.100076
 41
0.100076
 42
0.000000
  0
VERTEX
  8
PG_SILKSCREEN_BOTTOM
 10
53.106676
 20
39.924863
 40
0.100076
 41
0.100076
 42
0.000000
  0
SEQEND
  0
CIRCLE
  8
PIN_BOTTOM
 10
49.598047
 20
54.707892
 40
0.228600
  0
CIRCLE
  8
PIN_BOTTOM
 10
48.797947
 20
54.707892
 40
0.228600
  0
POLYLINE
  8
PG_SILKSCREEN_BOTTOM
 66
1
 70
0
 40
0.000000
 41
0.000000
 39
0.000000
  0
VERTEX
  8
PG_SILKSCREEN_BOTTOM
 10
48.352685
 20
54.326892
 40
0.100076
 41
0.100076
 42
0.000000
  0
VERTEX
  8
PG_SILKSCREEN_BOTTOM
 10
48.352685
 20
55.088892
 40
0.100076
 41
0.100076
 42
0.000000
  0
VERTEX
  8
PG_SILKSCREEN_BOTTOM
 10
50.043309
 20
55.088892
 40
0.100076
 41
0.100076
 42
0.000000
  0
VERTEX
  8
PG_SILKSCREEN_BOTTOM
 10
50.043309
 20
54.326892
 40
0.100076
 41
0.100076
 42
0.000000
  0
VERTEX
  8
PG_SILKSCREEN_BOTTOM
 10
48.352685
 20
54.326892
 40
0.100076
 41
0.100076
 42
0.000000
  0
SEQEND
  0
CIRCLE
  8
PIN_BOTTOM
 10
47.033967
 20
56.452414
 40
0.228600
  0
CIRCLE
  8
PIN_BOTTOM
 10
47.834067
 20
56.452414
 40
0.228600
  0
POLYLINE
  8
PG_SILKSCREEN_BOTTOM
 66
1
 70
0
 40
0.000000
 41
0.000000
 39
0.000000
  0
VERTEX
  8
PG_SILKSCREEN_BOTTOM
 10
48.279329
 20
56.833414
 40
0.100076
 41
0.100076
 42
0.000000
  0
VERTEX
  8
PG_SILKSCREEN_BOTTOM
 10
48.279329
 20
56.071414
 40
0.100076
 41
0.100076
 42
0.000000
  0
VERTEX
  8
PG_SILKSCREEN_BOTTOM
 10
46.588705
 20
56.071414
 40
0.100076
 41
0.100076
 42
0.000000
  0
VERTEX
  8
PG_SILKSCREEN_BOTTOM
 10
46.588705
 20
56.833414
 40
0.100076
 41
0.100076
 42
0.000000
  0
VERTEX
  8
PG_SILKSCREEN_BOTTOM
 10
48.279329
 20
56.833414
 40
0.100076
 41
0.100076
 42
0.000000
  0
SEQEND
  0
CIRCLE
  8
PIN_BOTTOM
 10
40.028139
 20
55.691938
 40
0.228600
  0
CIRCLE
  8
PIN_BOTTOM
 10
40.828239
 20
55.691938
 40
0.228600
  0
POLYLINE
  8
PG_SILKSCREEN_BOTTOM
 66
1
 70
0
 40
0.000000
 41
0.000000
 39
0.000000
  0
VERTEX
  8
PG_SILKSCREEN_BOTTOM
 10
41.273501
 20
56.072938
 40
0.100076
 41
0.100076
 42
0.000000
  0
VERTEX
  8
PG_SILKSCREEN_BOTTOM
 10
41.273501
 20
55.310938
 40
0.100076
 41
0.100076
 42
0.000000
  0
VERTEX
  8
PG_SILKSCREEN_BOTTOM
 10
39.582877
 20
55.310938
 40
0.100076
 41
0.100076
 42
0.000000
  0
VERTEX
  8
PG_SILKSCREEN_BOTTOM
 10
39.582877
 20
56.072938
 40
0.100076
 41
0.100076
 42
0.000000
  0
VERTEX
  8
PG_SILKSCREEN_BOTTOM
 10
41.273501
 20
56.072938
 40
0.100076
 41
0.100076
 42
0.000000
  0
SEQEND
  0
CIRCLE
  8
PIN_BOTTOM
 10
71.348117
 20
57.250254
 40
0.228600
  0
CIRCLE
  8
PIN_BOTTOM
 10
72.148217
 20
57.250254
 40
0.228600
  0
POLYLINE
  8
PG_SILKSCREEN_BOTTOM
 66
1
 70
0
 40
0.000000
 41
0.000000
 39
0.000000
  0
VERTEX
  8
PG_SILKSCREEN_BOTTOM
 10
72.593479
 20
57.631254
 40
0.100076
 41
0.100076
 42
0.000000
  0
VERTEX
  8
PG_SILKSCREEN_BOTTOM
 10
72.593479
 20
56.869254
 40
0.100076
 41
0.100076
 42
0.000000
  0
VERTEX
  8
PG_SILKSCREEN_BOTTOM
 10
70.902855
 20
56.869254
 40
0.100076
 41
0.100076
 42
0.000000
  0
VERTEX
  8
PG_SILKSCREEN_BOTTOM
 10
70.902855
 20
57.631254
 40
0.100076
 41
0.100076
 42
0.000000
  0
VERTEX
  8
PG_SILKSCREEN_BOTTOM
 10
72.593479
 20
57.631254
 40
0.100076
 41
0.100076
 42
0.000000
  0
SEQEND
  0
CIRCLE
  8
PIN_BOTTOM
 10
71.796935
 20
56.028387
 40
0.228600
  0
CIRCLE
  8
PIN_BOTTOM
 10
72.597035
 20
56.028387
 40
0.228600
  0
POLYLINE
  8
PG_SILKSCREEN_BOTTOM
 66
1
 70
0
 40
0.000000
 41
0.000000
 39
0.000000
  0
VERTEX
  8
PG_SILKSCREEN_BOTTOM
 10
73.042297
 20
56.409387
 40
0.100076
 41
0.100076
 42
0.000000
  0
VERTEX
  8
PG_SILKSCREEN_BOTTOM
 10
73.042297
 20
55.647387
 40
0.100076
 41
0.100076
 42
0.000000
  0
VERTEX
  8
PG_SILKSCREEN_BOTTOM
 10
71.351673
 20
55.647387
 40
0.100076
 41
0.100076
 42
0.000000
  0
VERTEX
  8
PG_SILKSCREEN_BOTTOM
 10
71.351673
 20
56.409387
 40
0.100076
 41
0.100076
 42
0.000000
  0
VERTEX
  8
PG_SILKSCREEN_BOTTOM
 10
73.042297
 20
56.409387
 40
0.100076
 41
0.100076
 42
0.000000
  0
SEQEND
  0
CIRCLE
  8
PIN_BOTTOM
 10
71.734705
 20
58.450277
 40
0.228600
  0
CIRCLE
  8
PIN_BOTTOM
 10
72.534805
 20
58.450277
 40
0.228600
  0
POLYLINE
  8
PG_SILKSCREEN_BOTTOM
 66
1
 70
0
 40
0.000000
 41
0.000000
 39
0.000000
  0
VERTEX
  8
PG_SILKSCREEN_BOTTOM
 10
72.980067
 20
58.831277
 40
0.100076
 41
0.100076
 42
0.000000
  0
VERTEX
  8
PG_SILKSCREEN_BOTTOM
 10
72.980067
 20
58.069277
 40
0.100076
 41
0.100076
 42
0.000000
  0
VERTEX
  8
PG_SILKSCREEN_BOTTOM
 10
71.289443
 20
58.069277
 40
0.100076
 41
0.100076
 42
0.000000
  0
VERTEX
  8
PG_SILKSCREEN_BOTTOM
 10
71.289443
 20
58.831277
 40
0.100076
 41
0.100076
 42
0.000000
  0
VERTEX
  8
PG_SILKSCREEN_BOTTOM
 10
72.980067
 20
58.831277
 40
0.100076
 41
0.100076
 42
0.000000
  0
SEQEND
  0
CIRCLE
  8
PIN_BOTTOM
 10
53.613025
 20
36.397387
 40
0.228600
  0
CIRCLE
  8
PIN_BOTTOM
 10
52.812925
 20
36.397387
 40
0.228600
  0
POLYLINE
  8
PG_SILKSCREEN_BOTTOM
 66
1
 70
0
 40
0.000000
 41
0.000000
 39
0.000000
  0
VERTEX
  8
PG_SILKSCREEN_BOTTOM
 10
52.367663
 20
36.016387
 40
0.100076
 41
0.100076
 42
0.000000
  0
VERTEX
  8
PG_SILKSCREEN_BOTTOM
 10
52.367663
 20
36.778387
 40
0.100076
 41
0.100076
 42
0.000000
  0
VERTEX
  8
PG_SILKSCREEN_BOTTOM
 10
54.058287
 20
36.778387
 40
0.100076
 41
0.100076
 42
0.000000
  0
VERTEX
  8
PG_SILKSCREEN_BOTTOM
 10
54.058287
 20
36.016387
 40
0.100076
 41
0.100076
 42
0.000000
  0
VERTEX
  8
PG_SILKSCREEN_BOTTOM
 10
52.367663
 20
36.016387
 40
0.100076
 41
0.100076
 42
0.000000
  0
SEQEND
  0
CIRCLE
  8
PIN_BOTTOM
 10
54.009061
 20
29.690212
 40
0.228600
  0
CIRCLE
  8
PIN_BOTTOM
 10
54.809161
 20
29.690212
 40
0.228600
  0
POLYLINE
  8
PG_SILKSCREEN_BOTTOM
 66
1
 70
0
 40
0.000000
 41
0.000000
 39
0.000000
  0
VERTEX
  8
PG_SILKSCREEN_BOTTOM
 10
55.254423
 20
30.071212
 40
0.100076
 41
0.100076
 42
0.000000
  0
VERTEX
  8
PG_SILKSCREEN_BOTTOM
 10
55.254423
 20
29.309212
 40
0.100076
 41
0.100076
 42
0.000000
  0
VERTEX
  8
PG_SILKSCREEN_BOTTOM
 10
53.563799
 20
29.309212
 40
0.100076
 41
0.100076
 42
0.000000
  0
VERTEX
  8
PG_SILKSCREEN_BOTTOM
 10
53.563799
 20
30.071212
 40
0.100076
 41
0.100076
 42
0.000000
  0
VERTEX
  8
PG_SILKSCREEN_BOTTOM
 10
55.254423
 20
30.071212
 40
0.100076
 41
0.100076
 42
0.000000
  0
SEQEND
  0
CIRCLE
  8
PIN_BOTTOM
 10
48.824769
 20
36.533480
 40
0.228600
  0
CIRCLE
  8
PIN_BOTTOM
 10
48.824769
 20
35.733380
 40
0.228600
  0
POLYLINE
  8
PG_SILKSCREEN_BOTTOM
 66
1
 70
0
 40
0.000000
 41
0.000000
 39
0.000000
  0
VERTEX
  8
PG_SILKSCREEN_BOTTOM
 10
49.205769
 20
35.288118
 40
0.100076
 41
0.100076
 42
0.000000
  0
VERTEX
  8
PG_SILKSCREEN_BOTTOM
 10
48.443769
 20
35.288118
 40
0.100076
 41
0.100076
 42
0.000000
  0
VERTEX
  8
PG_SILKSCREEN_BOTTOM
 10
48.443769
 20
36.978742
 40
0.100076
 41
0.100076
 42
0.000000
  0
VERTEX
  8
PG_SILKSCREEN_BOTTOM
 10
49.205769
 20
36.978742
 40
0.100076
 41
0.100076
 42
0.000000
  0
VERTEX
  8
PG_SILKSCREEN_BOTTOM
 10
49.205769
 20
35.288118
 40
0.100076
 41
0.100076
 42
0.000000
  0
SEQEND
  0
CIRCLE
  8
PIN_BOTTOM
 10
51.942619
 20
29.380586
 40
0.228600
  0
CIRCLE
  8
PIN_BOTTOM
 10
51.942619
 20
28.580486
 40
0.228600
  0
POLYLINE
  8
PG_SILKSCREEN_BOTTOM
 66
1
 70
0
 40
0.000000
 41
0.000000
 39
0.000000
  0
VERTEX
  8
PG_SILKSCREEN_BOTTOM
 10
52.323619
 20
28.135224
 40
0.100076
 41
0.100076
 42
0.000000
  0
VERTEX
  8
PG_SILKSCREEN_BOTTOM
 10
51.561619
 20
28.135224
 40
0.100076
 41
0.100076
 42
0.000000
  0
VERTEX
  8
PG_SILKSCREEN_BOTTOM
 10
51.561619
 20
29.825848
 40
0.100076
 41
0.100076
 42
0.000000
  0
VERTEX
  8
PG_SILKSCREEN_BOTTOM
 10
52.323619
 20
29.825848
 40
0.100076
 41
0.100076
 42
0.000000
  0
VERTEX
  8
PG_SILKSCREEN_BOTTOM
 10
52.323619
 20
28.135224
 40
0.100076
 41
0.100076
 42
0.000000
  0
SEQEND
  0
CIRCLE
  8
PIN_BOTTOM
 10
51.604139
 20
27.438452
 40
0.228600
  0
CIRCLE
  8
PIN_BOTTOM
 10
50.804039
 20
27.438452
 40
0.228600
  0
POLYLINE
  8
PG_SILKSCREEN_BOTTOM
 66
1
 70
0
 40
0.000000
 41
0.000000
 39
0.000000
  0
VERTEX
  8
PG_SILKSCREEN_BOTTOM
 10
50.358777
 20
27.057452
 40
0.100076
 41
0.100076
 42
0.000000
  0
VERTEX
  8
PG_SILKSCREEN_BOTTOM
 10
50.358777
 20
27.819452
 40
0.100076
 41
0.100076
 42
0.000000
  0
VERTEX
  8
PG_SILKSCREEN_BOTTOM
 10
52.049401
 20
27.819452
 40
0.100076
 41
0.100076
 42
0.000000
  0
VERTEX
  8
PG_SILKSCREEN_BOTTOM
 10
52.049401
 20
27.057452
 40
0.100076
 41
0.100076
 42
0.000000
  0
VERTEX
  8
PG_SILKSCREEN_BOTTOM
 10
50.358777
 20
27.057452
 40
0.100076
 41
0.100076
 42
0.000000
  0
SEQEND
  0
CIRCLE
  8
PIN_BOTTOM
 10
52.928672
 20
29.369487
 40
0.228600
  0
CIRCLE
  8
PIN_BOTTOM
 10
52.928672
 20
28.569387
 40
0.228600
  0
POLYLINE
  8
PG_SILKSCREEN_BOTTOM
 66
1
 70
0
 40
0.000000
 41
0.000000
 39
0.000000
  0
VERTEX
  8
PG_SILKSCREEN_BOTTOM
 10
53.309672
 20
28.124125
 40
0.100076
 41
0.100076
 42
0.000000
  0
VERTEX
  8
PG_SILKSCREEN_BOTTOM
 10
52.547672
 20
28.124125
 40
0.100076
 41
0.100076
 42
0.000000
  0
VERTEX
  8
PG_SILKSCREEN_BOTTOM
 10
52.547672
 20
29.814749
 40
0.100076
 41
0.100076
 42
0.000000
  0
VERTEX
  8
PG_SILKSCREEN_BOTTOM
 10
53.309672
 20
29.814749
 40
0.100076
 41
0.100076
 42
0.000000
  0
VERTEX
  8
PG_SILKSCREEN_BOTTOM
 10
53.309672
 20
28.124125
 40
0.100076
 41
0.100076
 42
0.000000
  0
SEQEND
  0
CIRCLE
  8
PIN_BOTTOM
 10
25.817322
 20
10.464800
 40
0.228600
  0
CIRCLE
  8
PIN_BOTTOM
 10
25.017222
 20
10.464800
 40
0.228600
  0
POLYLINE
  8
PG_SILKSCREEN_BOTTOM
 66
1
 70
0
 40
0.000000
 41
0.000000
 39
0.000000
  0
VERTEX
  8
PG_SILKSCREEN_BOTTOM
 10
24.571960
 20
10.083800
 40
0.100076
 41
0.100076
 42
0.000000
  0
VERTEX
  8
PG_SILKSCREEN_BOTTOM
 10
24.571960
 20
10.845800
 40
0.100076
 41
0.100076
 42
0.000000
  0
VERTEX
  8
PG_SILKSCREEN_BOTTOM
 10
26.262584
 20
10.845800
 40
0.100076
 41
0.100076
 42
0.000000
  0
VERTEX
  8
PG_SILKSCREEN_BOTTOM
 10
26.262584
 20
10.083800
 40
0.100076
 41
0.100076
 42
0.000000
  0
VERTEX
  8
PG_SILKSCREEN_BOTTOM
 10
24.571960
 20
10.083800
 40
0.100076
 41
0.100076
 42
0.000000
  0
SEQEND
  0
CIRCLE
  8
PIN_BOTTOM
 10
27.335226
 20
9.741662
 40
0.228600
  0
CIRCLE
  8
PIN_BOTTOM
 10
28.135326
 20
9.741662
 40
0.228600
  0
POLYLINE
  8
PG_SILKSCREEN_BOTTOM
 66
1
 70
0
 40
0.000000
 41
0.000000
 39
0.000000
  0
VERTEX
  8
PG_SILKSCREEN_BOTTOM
 10
28.580588
 20
10.122662
 40
0.100076
 41
0.100076
 42
0.000000
  0
VERTEX
  8
PG_SILKSCREEN_BOTTOM
 10
28.580588
 20
9.360662
 40
0.100076
 41
0.100076
 42
0.000000
  0
VERTEX
  8
PG_SILKSCREEN_BOTTOM
 10
26.889964
 20
9.360662
 40
0.100076
 41
0.100076
 42
0.000000
  0
VERTEX
  8
PG_SILKSCREEN_BOTTOM
 10
26.889964
 20
10.122662
 40
0.100076
 41
0.100076
 42
0.000000
  0
VERTEX
  8
PG_SILKSCREEN_BOTTOM
 10
28.580588
 20
10.122662
 40
0.100076
 41
0.100076
 42
0.000000
  0
SEQEND
  0
CIRCLE
  8
PIN_BOTTOM
 10
22.533864
 20
9.739884
 40
0.228600
  0
CIRCLE
  8
PIN_BOTTOM
 10
23.333964
 20
9.739884
 40
0.228600
  0
POLYLINE
  8
PG_SILKSCREEN_BOTTOM
 66
1
 70
0
 40
0.000000
 41
0.000000
 39
0.000000
  0
VERTEX
  8
PG_SILKSCREEN_BOTTOM
 10
23.779226
 20
10.120884
 40
0.100076
 41
0.100076
 42
0.000000
  0
VERTEX
  8
PG_SILKSCREEN_BOTTOM
 10
23.779226
 20
9.358884
 40
0.100076
 41
0.100076
 42
0.000000
  0
VERTEX
  8
PG_SILKSCREEN_BOTTOM
 10
22.088602
 20
9.358884
 40
0.100076
 41
0.100076
 42
0.000000
  0
VERTEX
  8
PG_SILKSCREEN_BOTTOM
 10
22.088602
 20
10.120884
 40
0.100076
 41
0.100076
 42
0.000000
  0
VERTEX
  8
PG_SILKSCREEN_BOTTOM
 10
23.779226
 20
10.120884
 40
0.100076
 41
0.100076
 42
0.000000
  0
SEQEND
  0
CIRCLE
  8
PIN_BOTTOM
 10
25.807924
 20
9.665208
 40
0.228600
  0
CIRCLE
  8
PIN_BOTTOM
 10
25.007824
 20
9.665208
 40
0.228600
  0
POLYLINE
  8
PG_SILKSCREEN_BOTTOM
 66
1
 70
0
 40
0.000000
 41
0.000000
 39
0.000000
  0
VERTEX
  8
PG_SILKSCREEN_BOTTOM
 10
24.562562
 20
9.284208
 40
0.100076
 41
0.100076
 42
0.000000
  0
VERTEX
  8
PG_SILKSCREEN_BOTTOM
 10
24.562562
 20
10.046208
 40
0.100076
 41
0.100076
 42
0.000000
  0
VERTEX
  8
PG_SILKSCREEN_BOTTOM
 10
26.253186
 20
10.046208
 40
0.100076
 41
0.100076
 42
0.000000
  0
VERTEX
  8
PG_SILKSCREEN_BOTTOM
 10
26.253186
 20
9.284208
 40
0.100076
 41
0.100076
 42
0.000000
  0
VERTEX
  8
PG_SILKSCREEN_BOTTOM
 10
24.562562
 20
9.284208
 40
0.100076
 41
0.100076
 42
0.000000
  0
SEQEND
  0
CIRCLE
  8
PIN_BOTTOM
 10
27.505914
 20
8.011668
 40
0.228600
  0
CIRCLE
  8
PIN_BOTTOM
 10
28.306014
 20
8.011668
 40
0.228600
  0
POLYLINE
  8
PG_SILKSCREEN_BOTTOM
 66
1
 70
0
 40
0.000000
 41
0.000000
 39
0.000000
  0
VERTEX
  8
PG_SILKSCREEN_BOTTOM
 10
28.751276
 20
8.392668
 40
0.100076
 41
0.100076
 42
0.000000
  0
VERTEX
  8
PG_SILKSCREEN_BOTTOM
 10
28.751276
 20
7.630668
 40
0.100076
 41
0.100076
 42
0.000000
  0
VERTEX
  8
PG_SILKSCREEN_BOTTOM
 10
27.060652
 20
7.630668
 40
0.100076
 41
0.100076
 42
0.000000
  0
VERTEX
  8
PG_SILKSCREEN_BOTTOM
 10
27.060652
 20
8.392668
 40
0.100076
 41
0.100076
 42
0.000000
  0
VERTEX
  8
PG_SILKSCREEN_BOTTOM
 10
28.751276
 20
8.392668
 40
0.100076
 41
0.100076
 42
0.000000
  0
SEQEND
  0
CIRCLE
  8
PIN_BOTTOM
 10
25.824688
 20
11.270742
 40
0.228600
  0
CIRCLE
  8
PIN_BOTTOM
 10
25.024588
 20
11.270742
 40
0.228600
  0
POLYLINE
  8
PG_SILKSCREEN_BOTTOM
 66
1
 70
0
 40
0.000000
 41
0.000000
 39
0.000000
  0
VERTEX
  8
PG_SILKSCREEN_BOTTOM
 10
24.579326
 20
10.889742
 40
0.100076
 41
0.100076
 42
0.000000
  0
VERTEX
  8
PG_SILKSCREEN_BOTTOM
 10
24.579326
 20
11.651742
 40
0.100076
 41
0.100076
 42
0.000000
  0
VERTEX
  8
PG_SILKSCREEN_BOTTOM
 10
26.269950
 20
11.651742
 40
0.100076
 41
0.100076
 42
0.000000
  0
VERTEX
  8
PG_SILKSCREEN_BOTTOM
 10
26.269950
 20
10.889742
 40
0.100076
 41
0.100076
 42
0.000000
  0
VERTEX
  8
PG_SILKSCREEN_BOTTOM
 10
24.579326
 20
10.889742
 40
0.100076
 41
0.100076
 42
0.000000
  0
SEQEND
  0
CIRCLE
  8
PIN_BOTTOM
 10
22.528530
 20
8.946134
 40
0.228600
  0
CIRCLE
  8
PIN_BOTTOM
 10
23.328630
 20
8.946134
 40
0.228600
  0
POLYLINE
  8
PG_SILKSCREEN_BOTTOM
 66
1
 70
0
 40
0.000000
 41
0.000000
 39
0.000000
  0
VERTEX
  8
PG_SILKSCREEN_BOTTOM
 10
23.773892
 20
9.327134
 40
0.100076
 41
0.100076
 42
0.000000
  0
VERTEX
  8
PG_SILKSCREEN_BOTTOM
 10
23.773892
 20
8.565134
 40
0.100076
 41
0.100076
 42
0.000000
  0
VERTEX
  8
PG_SILKSCREEN_BOTTOM
 10
22.083268
 20
8.565134
 40
0.100076
 41
0.100076
 42
0.000000
  0
VERTEX
  8
PG_SILKSCREEN_BOTTOM
 10
22.083268
 20
9.327134
 40
0.100076
 41
0.100076
 42
0.000000
  0
VERTEX
  8
PG_SILKSCREEN_BOTTOM
 10
23.773892
 20
9.327134
 40
0.100076
 41
0.100076
 42
0.000000
  0
SEQEND
  0
CIRCLE
  8
PIN_BOTTOM
 10
27.346910
 20
8.914130
 40
0.228600
  0
CIRCLE
  8
PIN_BOTTOM
 10
28.147010
 20
8.914130
 40
0.228600
  0
POLYLINE
  8
PG_SILKSCREEN_BOTTOM
 66
1
 70
0
 40
0.000000
 41
0.000000
 39
0.000000
  0
VERTEX
  8
PG_SILKSCREEN_BOTTOM
 10
28.592272
 20
9.295130
 40
0.100076
 41
0.100076
 42
0.000000
  0
VERTEX
  8
PG_SILKSCREEN_BOTTOM
 10
28.592272
 20
8.533130
 40
0.100076
 41
0.100076
 42
0.000000
  0
VERTEX
  8
PG_SILKSCREEN_BOTTOM
 10
26.901648
 20
8.533130
 40
0.100076
 41
0.100076
 42
0.000000
  0
VERTEX
  8
PG_SILKSCREEN_BOTTOM
 10
26.901648
 20
9.295130
 40
0.100076
 41
0.100076
 42
0.000000
  0
VERTEX
  8
PG_SILKSCREEN_BOTTOM
 10
28.592272
 20
9.295130
 40
0.100076
 41
0.100076
 42
0.000000
  0
SEQEND
  0
CIRCLE
  8
PIN_BOTTOM
 10
25.806908
 20
12.073636
 40
0.228600
  0
CIRCLE
  8
PIN_BOTTOM
 10
25.006808
 20
12.073636
 40
0.228600
  0
POLYLINE
  8
PG_SILKSCREEN_BOTTOM
 66
1
 70
0
 40
0.000000
 41
0.000000
 39
0.000000
  0
VERTEX
  8
PG_SILKSCREEN_BOTTOM
 10
24.561546
 20
11.692636
 40
0.100076
 41
0.100076
 42
0.000000
  0
VERTEX
  8
PG_SILKSCREEN_BOTTOM
 10
24.561546
 20
12.454636
 40
0.100076
 41
0.100076
 42
0.000000
  0
VERTEX
  8
PG_SILKSCREEN_BOTTOM
 10
26.252170
 20
12.454636
 40
0.100076
 41
0.100076
 42
0.000000
  0
VERTEX
  8
PG_SILKSCREEN_BOTTOM
 10
26.252170
 20
11.692636
 40
0.100076
 41
0.100076
 42
0.000000
  0
VERTEX
  8
PG_SILKSCREEN_BOTTOM
 10
24.561546
 20
11.692636
 40
0.100076
 41
0.100076
 42
0.000000
  0
SEQEND
  0
CIRCLE
  8
PIN_BOTTOM
 10
29.297884
 20
7.022084
 40
0.228600
  0
CIRCLE
  8
PIN_BOTTOM
 10
29.297884
 20
7.822184
 40
0.228600
  0
POLYLINE
  8
PG_SILKSCREEN_BOTTOM
 66
1
 70
0
 40
0.000000
 41
0.000000
 39
0.000000
  0
VERTEX
  8
PG_SILKSCREEN_BOTTOM
 10
28.916884
 20
8.267446
 40
0.100076
 41
0.100076
 42
0.000000
  0
VERTEX
  8
PG_SILKSCREEN_BOTTOM
 10
29.678884
 20
8.267446
 40
0.100076
 41
0.100076
 42
0.000000
  0
VERTEX
  8
PG_SILKSCREEN_BOTTOM
 10
29.678884
 20
6.576822
 40
0.100076
 41
0.100076
 42
0.000000
  0
VERTEX
  8
PG_SILKSCREEN_BOTTOM
 10
28.916884
 20
6.576822
 40
0.100076
 41
0.100076
 42
0.000000
  0
VERTEX
  8
PG_SILKSCREEN_BOTTOM
 10
28.916884
 20
8.267446
 40
0.100076
 41
0.100076
 42
0.000000
  0
SEQEND
  0
CIRCLE
  8
PIN_BOTTOM
 10
22.535642
 20
10.546080
 40
0.228600
  0
CIRCLE
  8
PIN_BOTTOM
 10
23.335742
 20
10.546080
 40
0.228600
  0
POLYLINE
  8
PG_SILKSCREEN_BOTTOM
 66
1
 70
0
 40
0.000000
 41
0.000000
 39
0.000000
  0
VERTEX
  8
PG_SILKSCREEN_BOTTOM
 10
23.781004
 20
10.927080
 40
0.100076
 41
0.100076
 42
0.000000
  0
VERTEX
  8
PG_SILKSCREEN_BOTTOM
 10
23.781004
 20
10.165080
 40
0.100076
 41
0.100076
 42
0.000000
  0
VERTEX
  8
PG_SILKSCREEN_BOTTOM
 10
22.090380
 20
10.165080
 40
0.100076
 41
0.100076
 42
0.000000
  0
VERTEX
  8
PG_SILKSCREEN_BOTTOM
 10
22.090380
 20
10.927080
 40
0.100076
 41
0.100076
 42
0.000000
  0
VERTEX
  8
PG_SILKSCREEN_BOTTOM
 10
23.781004
 20
10.927080
 40
0.100076
 41
0.100076
 42
0.000000
  0
SEQEND
  0
CIRCLE
  8
PIN_BOTTOM
 10
27.337004
 20
10.545572
 40
0.228600
  0
CIRCLE
  8
PIN_BOTTOM
 10
28.137104
 20
10.545572
 40
0.228600
  0
POLYLINE
  8
PG_SILKSCREEN_BOTTOM
 66
1
 70
0
 40
0.000000
 41
0.000000
 39
0.000000
  0
VERTEX
  8
PG_SILKSCREEN_BOTTOM
 10
28.582366
 20
10.926572
 40
0.100076
 41
0.100076
 42
0.000000
  0
VERTEX
  8
PG_SILKSCREEN_BOTTOM
 10
28.582366
 20
10.164572
 40
0.100076
 41
0.100076
 42
0.000000
  0
VERTEX
  8
PG_SILKSCREEN_BOTTOM
 10
26.891742
 20
10.164572
 40
0.100076
 41
0.100076
 42
0.000000
  0
VERTEX
  8
PG_SILKSCREEN_BOTTOM
 10
26.891742
 20
10.926572
 40
0.100076
 41
0.100076
 42
0.000000
  0
VERTEX
  8
PG_SILKSCREEN_BOTTOM
 10
28.582366
 20
10.926572
 40
0.100076
 41
0.100076
 42
0.000000
  0
SEQEND
  0
CIRCLE
  8
PIN_BOTTOM
 10
22.537166
 20
11.348466
 40
0.228600
  0
CIRCLE
  8
PIN_BOTTOM
 10
23.337266
 20
11.348466
 40
0.228600
  0
POLYLINE
  8
PG_SILKSCREEN_BOTTOM
 66
1
 70
0
 40
0.000000
 41
0.000000
 39
0.000000
  0
VERTEX
  8
PG_SILKSCREEN_BOTTOM
 10
23.782528
 20
11.729466
 40
0.100076
 41
0.100076
 42
0.000000
  0
VERTEX
  8
PG_SILKSCREEN_BOTTOM
 10
23.782528
 20
10.967466
 40
0.100076
 41
0.100076
 42
0.000000
  0
VERTEX
  8
PG_SILKSCREEN_BOTTOM
 10
22.091904
 20
10.967466
 40
0.100076
 41
0.100076
 42
0.000000
  0
VERTEX
  8
PG_SILKSCREEN_BOTTOM
 10
22.091904
 20
11.729466
 40
0.100076
 41
0.100076
 42
0.000000
  0
VERTEX
  8
PG_SILKSCREEN_BOTTOM
 10
23.782528
 20
11.729466
 40
0.100076
 41
0.100076
 42
0.000000
  0
SEQEND
  0
CIRCLE
  8
PIN_BOTTOM
 10
27.339544
 20
12.143232
 40
0.228600
  0
CIRCLE
  8
PIN_BOTTOM
 10
28.139644
 20
12.143232
 40
0.228600
  0
POLYLINE
  8
PG_SILKSCREEN_BOTTOM
 66
1
 70
0
 40
0.000000
 41
0.000000
 39
0.000000
  0
VERTEX
  8
PG_SILKSCREEN_BOTTOM
 10
28.584906
 20
12.524232
 40
0.100076
 41
0.100076
 42
0.000000
  0
VERTEX
  8
PG_SILKSCREEN_BOTTOM
 10
28.584906
 20
11.762232
 40
0.100076
 41
0.100076
 42
0.000000
  0
VERTEX
  8
PG_SILKSCREEN_BOTTOM
 10
26.894282
 20
11.762232
 40
0.100076
 41
0.100076
 42
0.000000
  0
VERTEX
  8
PG_SILKSCREEN_BOTTOM
 10
26.894282
 20
12.524232
 40
0.100076
 41
0.100076
 42
0.000000
  0
VERTEX
  8
PG_SILKSCREEN_BOTTOM
 10
28.584906
 20
12.524232
 40
0.100076
 41
0.100076
 42
0.000000
  0
SEQEND
  0
CIRCLE
  8
PIN_BOTTOM
 10
27.325320
 20
11.348212
 40
0.228600
  0
CIRCLE
  8
PIN_BOTTOM
 10
28.125420
 20
11.348212
 40
0.228600
  0
POLYLINE
  8
PG_SILKSCREEN_BOTTOM
 66
1
 70
0
 40
0.000000
 41
0.000000
 39
0.000000
  0
VERTEX
  8
PG_SILKSCREEN_BOTTOM
 10
28.570682
 20
11.729212
 40
0.100076
 41
0.100076
 42
0.000000
  0
VERTEX
  8
PG_SILKSCREEN_BOTTOM
 10
28.570682
 20
10.967212
 40
0.100076
 41
0.100076
 42
0.000000
  0
VERTEX
  8
PG_SILKSCREEN_BOTTOM
 10
26.880058
 20
10.967212
 40
0.100076
 41
0.100076
 42
0.000000
  0
VERTEX
  8
PG_SILKSCREEN_BOTTOM
 10
26.880058
 20
11.729212
 40
0.100076
 41
0.100076
 42
0.000000
  0
VERTEX
  8
PG_SILKSCREEN_BOTTOM
 10
28.570682
 20
11.729212
 40
0.100076
 41
0.100076
 42
0.000000
  0
SEQEND
  0
CIRCLE
  8
PIN_BOTTOM
 10
22.529800
 20
12.143232
 40
0.228600
  0
CIRCLE
  8
PIN_BOTTOM
 10
23.329900
 20
12.143232
 40
0.228600
  0
POLYLINE
  8
PG_SILKSCREEN_BOTTOM
 66
1
 70
0
 40
0.000000
 41
0.000000
 39
0.000000
  0
VERTEX
  8
PG_SILKSCREEN_BOTTOM
 10
23.775162
 20
12.524232
 40
0.100076
 41
0.100076
 42
0.000000
  0
VERTEX
  8
PG_SILKSCREEN_BOTTOM
 10
23.775162
 20
11.762232
 40
0.100076
 41
0.100076
 42
0.000000
  0
VERTEX
  8
PG_SILKSCREEN_BOTTOM
 10
22.084538
 20
11.762232
 40
0.100076
 41
0.100076
 42
0.000000
  0
VERTEX
  8
PG_SILKSCREEN_BOTTOM
 10
22.084538
 20
12.524232
 40
0.100076
 41
0.100076
 42
0.000000
  0
VERTEX
  8
PG_SILKSCREEN_BOTTOM
 10
23.775162
 20
12.524232
 40
0.100076
 41
0.100076
 42
0.000000
  0
SEQEND
  0
CIRCLE
  8
PIN_BOTTOM
 10
25.934924
 20
13.774928
 40
0.228600
  0
CIRCLE
  8
PIN_BOTTOM
 10
25.134824
 20
13.774928
 40
0.228600
  0
POLYLINE
  8
PG_SILKSCREEN_BOTTOM
 66
1
 70
0
 40
0.000000
 41
0.000000
 39
0.000000
  0
VERTEX
  8
PG_SILKSCREEN_BOTTOM
 10
24.689562
 20
13.393928
 40
0.100076
 41
0.100076
 42
0.000000
  0
VERTEX
  8
PG_SILKSCREEN_BOTTOM
 10
24.689562
 20
14.155928
 40
0.100076
 41
0.100076
 42
0.000000
  0
VERTEX
  8
PG_SILKSCREEN_BOTTOM
 10
26.380186
 20
14.155928
 40
0.100076
 41
0.100076
 42
0.000000
  0
VERTEX
  8
PG_SILKSCREEN_BOTTOM
 10
26.380186
 20
13.393928
 40
0.100076
 41
0.100076
 42
0.000000
  0
VERTEX
  8
PG_SILKSCREEN_BOTTOM
 10
24.689562
 20
13.393928
 40
0.100076
 41
0.100076
 42
0.000000
  0
SEQEND
  0
CIRCLE
  8
PIN_BOTTOM
 10
22.528022
 20
12.950698
 40
0.228600
  0
CIRCLE
  8
PIN_BOTTOM
 10
23.328122
 20
12.950698
 40
0.228600
  0
POLYLINE
  8
PG_SILKSCREEN_BOTTOM
 66
1
 70
0
 40
0.000000
 41
0.000000
 39
0.000000
  0
VERTEX
  8
PG_SILKSCREEN_BOTTOM
 10
23.773384
 20
13.331698
 40
0.100076
 41
0.100076
 42
0.000000
  0
VERTEX
  8
PG_SILKSCREEN_BOTTOM
 10
23.773384
 20
12.569698
 40
0.100076
 41
0.100076
 42
0.000000
  0
VERTEX
  8
PG_SILKSCREEN_BOTTOM
 10
22.082760
 20
12.569698
 40
0.100076
 41
0.100076
 42
0.000000
  0
VERTEX
  8
PG_SILKSCREEN_BOTTOM
 10
22.082760
 20
13.331698
 40
0.100076
 41
0.100076
 42
0.000000
  0
VERTEX
  8
PG_SILKSCREEN_BOTTOM
 10
23.773384
 20
13.331698
 40
0.100076
 41
0.100076
 42
0.000000
  0
SEQEND
  0
CIRCLE
  8
PIN_BOTTOM
 10
25.804876
 20
12.880340
 40
0.228600
  0
CIRCLE
  8
PIN_BOTTOM
 10
25.004776
 20
12.880340
 40
0.228600
  0
POLYLINE
  8
PG_SILKSCREEN_BOTTOM
 66
1
 70
0
 40
0.000000
 41
0.000000
 39
0.000000
  0
VERTEX
  8
PG_SILKSCREEN_BOTTOM
 10
24.559514
 20
12.499340
 40
0.100076
 41
0.100076
 42
0.000000
  0
VERTEX
  8
PG_SILKSCREEN_BOTTOM
 10
24.559514
 20
13.261340
 40
0.100076
 41
0.100076
 42
0.000000
  0
VERTEX
  8
PG_SILKSCREEN_BOTTOM
 10
26.250138
 20
13.261340
 40
0.100076
 41
0.100076
 42
0.000000
  0
VERTEX
  8
PG_SILKSCREEN_BOTTOM
 10
26.250138
 20
12.499340
 40
0.100076
 41
0.100076
 42
0.000000
  0
VERTEX
  8
PG_SILKSCREEN_BOTTOM
 10
24.559514
 20
12.499340
 40
0.100076
 41
0.100076
 42
0.000000
  0
SEQEND
  0
CIRCLE
  8
PIN_BOTTOM
 10
30.242764
 20
7.028434
 40
0.228600
  0
CIRCLE
  8
PIN_BOTTOM
 10
30.242764
 20
7.828534
 40
0.228600
  0
POLYLINE
  8
PG_SILKSCREEN_BOTTOM
 66
1
 70
0
 40
0.000000
 41
0.000000
 39
0.000000
  0
VERTEX
  8
PG_SILKSCREEN_BOTTOM
 10
29.861764
 20
8.273796
 40
0.100076
 41
0.100076
 42
0.000000
  0
VERTEX
  8
PG_SILKSCREEN_BOTTOM
 10
30.623764
 20
8.273796
 40
0.100076
 41
0.100076
 42
0.000000
  0
VERTEX
  8
PG_SILKSCREEN_BOTTOM
 10
30.623764
 20
6.583172
 40
0.100076
 41
0.100076
 42
0.000000
  0
VERTEX
  8
PG_SILKSCREEN_BOTTOM
 10
29.861764
 20
6.583172
 40
0.100076
 41
0.100076
 42
0.000000
  0
VERTEX
  8
PG_SILKSCREEN_BOTTOM
 10
29.861764
 20
8.273796
 40
0.100076
 41
0.100076
 42
0.000000
  0
SEQEND
  0
CIRCLE
  8
PIN_BOTTOM
 10
34.389416
 20
57.624345
 40
0.228600
  0
CIRCLE
  8
PIN_BOTTOM
 10
35.189516
 20
57.624345
 40
0.228600
  0
POLYLINE
  8
PG_SILKSCREEN_BOTTOM
 66
1
 70
0
 40
0.000000
 41
0.000000
 39
0.000000
  0
VERTEX
  8
PG_SILKSCREEN_BOTTOM
 10
35.634778
 20
58.005345
 40
0.100076
 41
0.100076
 42
0.000000
  0
VERTEX
  8
PG_SILKSCREEN_BOTTOM
 10
35.634778
 20
57.243345
 40
0.100076
 41
0.100076
 42
0.000000
  0
VERTEX
  8
PG_SILKSCREEN_BOTTOM
 10
33.944154
 20
57.243345
 40
0.100076
 41
0.100076
 42
0.000000
  0
VERTEX
  8
PG_SILKSCREEN_BOTTOM
 10
33.944154
 20
58.005345
 40
0.100076
 41
0.100076
 42
0.000000
  0
VERTEX
  8
PG_SILKSCREEN_BOTTOM
 10
35.634778
 20
58.005345
 40
0.100076
 41
0.100076
 42
0.000000
  0
SEQEND
  0
CIRCLE
  8
PIN_BOTTOM
 10
55.845456
 20
28.972002
 40
0.228600
  0
CIRCLE
  8
PIN_BOTTOM
 10
55.845456
 20
28.171902
 40
0.228600
  0
POLYLINE
  8
PG_SILKSCREEN_BOTTOM
 66
1
 70
0
 40
0.000000
 41
0.000000
 39
0.000000
  0
VERTEX
  8
PG_SILKSCREEN_BOTTOM
 10
56.226456
 20
27.726640
 40
0.100076
 41
0.100076
 42
0.000000
  0
VERTEX
  8
PG_SILKSCREEN_BOTTOM
 10
55.464456
 20
27.726640
 40
0.100076
 41
0.100076
 42
0.000000
  0
VERTEX
  8
PG_SILKSCREEN_BOTTOM
 10
55.464456
 20
29.417264
 40
0.100076
 41
0.100076
 42
0.000000
  0
VERTEX
  8
PG_SILKSCREEN_BOTTOM
 10
56.226456
 20
29.417264
 40
0.100076
 41
0.100076
 42
0.000000
  0
VERTEX
  8
PG_SILKSCREEN_BOTTOM
 10
56.226456
 20
27.726640
 40
0.100076
 41
0.100076
 42
0.000000
  0
SEQEND
  0
CIRCLE
  8
PIN_BOTTOM
 10
3.177540
 20
3.177540
 40
3.175000
  0
CIRCLE
  8
PIN_BOTTOM
 10
76.822452
 20
3.177540
 40
3.175000
  0
CIRCLE
  8
PIN_BOTTOM
 10
76.822452
 20
76.822452
 40
3.175000
  0
CIRCLE
  8
PIN_BOTTOM
 10
3.177540
 20
76.822452
 40
3.175000
  0
CIRCLE
  8
PIN_BOTTOM
 10
6.931914
 20
78.873096
 40
0.499999
  0
CIRCLE
  8
PIN_BOTTOM
 10
1.319784
 20
7.822438
 40
0.499999
  0
CIRCLE
  8
PIN_BOTTOM
 10
72.524874
 20
1.412748
 40
0.499999
  0
CIRCLE
  8
PIN_BOTTOM
 10
78.436216
 20
72.520556
 40
0.499999
  0
POLYLINE
  8
PIN_BOTTOM
 66
1
 70
1
 40
0.000000
 41
0.000000
 39
0.000000
  0
VERTEX
  8
PIN_BOTTOM
 10
25.358192
 20
68.659781
 40
0.000000
 41
0.000000
 42
0.000000
  0
VERTEX
  8
PIN_BOTTOM
 10
26.158292
 20
68.659781
 40
0.000000
 41
0.000000
 42
0.000000
  0
VERTEX
  8
PIN_BOTTOM
 10
26.158292
 20
69.459881
 40
0.000000
 41
0.000000
 42
0.000000
  0
VERTEX
  8
PIN_BOTTOM
 10
25.358192
 20
69.459881
 40
0.000000
 41
0.000000
 42
0.000000
  0
SEQEND
  0
POLYLINE
  8
PIN_BOTTOM
 66
1
 70
1
 40
0.000000
 41
0.000000
 39
0.000000
  0
VERTEX
  8
PIN_BOTTOM
 10
25.358192
 20
70.234581
 40
0.000000
 41
0.000000
 42
0.000000
  0
VERTEX
  8
PIN_BOTTOM
 10
26.158292
 20
70.234581
 40
0.000000
 41
0.000000
 42
0.000000
  0
VERTEX
  8
PIN_BOTTOM
 10
26.158292
 20
71.034681
 40
0.000000
 41
0.000000
 42
0.000000
  0
VERTEX
  8
PIN_BOTTOM
 10
25.358192
 20
71.034681
 40
0.000000
 41
0.000000
 42
0.000000
  0
SEQEND
  0
POLYLINE
  8
PG_SILKSCREEN_BOTTOM
 66
1
 70
0
 40
0.000000
 41
0.000000
 39
0.000000
  0
VERTEX
  8
PG_SILKSCREEN_BOTTOM
 10
25.174042
 20
71.244231
 40
0.127000
 41
0.127000
 42
0.000000
  0
VERTEX
  8
PG_SILKSCREEN_BOTTOM
 10
25.174042
 20
68.450231
 40
0.127000
 41
0.127000
 42
0.000000
  0
VERTEX
  8
PG_SILKSCREEN_BOTTOM
 10
26.342442
 20
68.450231
 40
0.127000
 41
0.127000
 42
0.000000
  0
VERTEX
  8
PG_SILKSCREEN_BOTTOM
 10
26.342442
 20
71.244231
 40
0.127000
 41
0.127000
 42
0.000000
  0
VERTEX
  8
PG_SILKSCREEN_BOTTOM
 10
25.174042
 20
71.244231
 40
0.127000
 41
0.127000
 42
0.000000
  0
SEQEND
  0
POLYLINE
  8
PIN_BOTTOM
 66
1
 70
1
 40
0.000000
 41
0.000000
 39
0.000000
  0
VERTEX
  8
PIN_BOTTOM
 10
23.929950
 20
68.659781
 40
0.000000
 41
0.000000
 42
0.000000
  0
VERTEX
  8
PIN_BOTTOM
 10
24.730050
 20
68.659781
 40
0.000000
 41
0.000000
 42
0.000000
  0
VERTEX
  8
PIN_BOTTOM
 10
24.730050
 20
69.459881
 40
0.000000
 41
0.000000
 42
0.000000
  0
VERTEX
  8
PIN_BOTTOM
 10
23.929950
 20
69.459881
 40
0.000000
 41
0.000000
 42
0.000000
  0
SEQEND
  0
POLYLINE
  8
PIN_BOTTOM
 66
1
 70
1
 40
0.000000
 41
0.000000
 39
0.000000
  0
VERTEX
  8
PIN_BOTTOM
 10
23.929950
 20
70.234581
 40
0.000000
 41
0.000000
 42
0.000000
  0
VERTEX
  8
PIN_BOTTOM
 10
24.730050
 20
70.234581
 40
0.000000
 41
0.000000
 42
0.000000
  0
VERTEX
  8
PIN_BOTTOM
 10
24.730050
 20
71.034681
 40
0.000000
 41
0.000000
 42
0.000000
  0
VERTEX
  8
PIN_BOTTOM
 10
23.929950
 20
71.034681
 40
0.000000
 41
0.000000
 42
0.000000
  0
SEQEND
  0
POLYLINE
  8
PG_SILKSCREEN_BOTTOM
 66
1
 70
0
 40
0.000000
 41
0.000000
 39
0.000000
  0
VERTEX
  8
PG_SILKSCREEN_BOTTOM
 10
23.745800
 20
71.244231
 40
0.127000
 41
0.127000
 42
0.000000
  0
VERTEX
  8
PG_SILKSCREEN_BOTTOM
 10
23.745800
 20
68.450231
 40
0.127000
 41
0.127000
 42
0.000000
  0
VERTEX
  8
PG_SILKSCREEN_BOTTOM
 10
24.914200
 20
68.450231
 40
0.127000
 41
0.127000
 42
0.000000
  0
VERTEX
  8
PG_SILKSCREEN_BOTTOM
 10
24.914200
 20
71.244231
 40
0.127000
 41
0.127000
 42
0.000000
  0
VERTEX
  8
PG_SILKSCREEN_BOTTOM
 10
23.745800
 20
71.244231
 40
0.127000
 41
0.127000
 42
0.000000
  0
SEQEND
  0
POLYLINE
  8
PIN_BOTTOM
 66
1
 70
1
 40
0.000000
 41
0.000000
 39
0.000000
  0
VERTEX
  8
PIN_BOTTOM
 10
54.904132
 20
69.842380
 40
0.000000
 41
0.000000
 42
0.000000
  0
VERTEX
  8
PIN_BOTTOM
 10
54.396132
 20
69.842380
 40
0.000000
 41
0.000000
 42
0.000000
  0
VERTEX
  8
PIN_BOTTOM
 10
54.396132
 20
69.334380
 40
0.000000
 41
0.000000
 42
0.000000
  0
VERTEX
  8
PIN_BOTTOM
 10
54.904132
 20
69.334380
 40
0.000000
 41
0.000000
 42
0.000000
  0
SEQEND
  0
POLYLINE
  8
PIN_BOTTOM
 66
1
 70
1
 40
0.000000
 41
0.000000
 39
0.000000
  0
VERTEX
  8
PIN_BOTTOM
 10
54.904132
 20
68.927980
 40
0.000000
 41
0.000000
 42
0.000000
  0
VERTEX
  8
PIN_BOTTOM
 10
54.396132
 20
68.927980
 40
0.000000
 41
0.000000
 42
0.000000
  0
VERTEX
  8
PIN_BOTTOM
 10
54.396132
 20
68.419980
 40
0.000000
 41
0.000000
 42
0.000000
  0
VERTEX
  8
PIN_BOTTOM
 10
54.904132
 20
68.419980
 40
0.000000
 41
0.000000
 42
0.000000
  0
SEQEND
  0
POLYLINE
  8
PG_SILKSCREEN_BOTTOM
 66
1
 70
0
 40
0.000000
 41
0.000000
 39
0.000000
  0
VERTEX
  8
PG_SILKSCREEN_BOTTOM
 10
54.294532
 20
68.313986
 40
0.101600
 41
0.101600
 42
0.000000
  0
VERTEX
  8
PG_SILKSCREEN_BOTTOM
 10
55.005732
 20
68.313986
 40
0.101600
 41
0.101600
 42
0.000000
  0
SEQEND
  0
POLYLINE
  8
PG_SILKSCREEN_BOTTOM
 66
1
 70
0
 40
0.000000
 41
0.000000
 39
0.000000
  0
VERTEX
  8
PG_SILKSCREEN_BOTTOM
 10
54.294532
 20
68.928005
 40
0.101600
 41
0.101600
 42
0.000000
  0
VERTEX
  8
PG_SILKSCREEN_BOTTOM
 10
54.294532
 20
68.318380
 40
0.101600
 41
0.101600
 42
0.000000
  0
SEQEND
  0
POLYLINE
  8
PG_SILKSCREEN_BOTTOM
 66
1
 70
0
 40
0.000000
 41
0.000000
 39
0.000000
  0
VERTEX
  8
PG_SILKSCREEN_BOTTOM
 10
55.005732
 20
68.318380
 40
0.101600
 41
0.101600
 42
0.000000
  0
VERTEX
  8
PG_SILKSCREEN_BOTTOM
 10
55.005732
 20
68.902555
 40
0.101600
 41
0.101600
 42
0.000000
  0
SEQEND
  0
POLYLINE
  8
PG_SILKSCREEN_BOTTOM
 66
1
 70
0
 40
0.000000
 41
0.000000
 39
0.000000
  0
VERTEX
  8
PG_SILKSCREEN_BOTTOM
 10
55.005732
 20
69.948374
 40
0.101600
 41
0.101600
 42
0.000000
  0
VERTEX
  8
PG_SILKSCREEN_BOTTOM
 10
55.005732
 20
69.338800
 40
0.101600
 41
0.101600
 42
0.000000
  0
SEQEND
  0
POLYLINE
  8
PG_SILKSCREEN_BOTTOM
 66
1
 70
0
 40
0.000000
 41
0.000000
 39
0.000000
  0
VERTEX
  8
PG_SILKSCREEN_BOTTOM
 10
54.294532
 20
69.948374
 40
0.101600
 41
0.101600
 42
0.000000
  0
VERTEX
  8
PG_SILKSCREEN_BOTTOM
 10
55.005732
 20
69.948374
 40
0.101600
 41
0.101600
 42
0.000000
  0
SEQEND
  0
POLYLINE
  8
PG_SILKSCREEN_BOTTOM
 66
1
 70
0
 40
0.000000
 41
0.000000
 39
0.000000
  0
VERTEX
  8
PG_SILKSCREEN_BOTTOM
 10
54.294532
 20
69.948374
 40
0.101600
 41
0.101600
 42
0.000000
  0
VERTEX
  8
PG_SILKSCREEN_BOTTOM
 10
54.294532
 20
69.338800
 40
0.101600
 41
0.101600
 42
0.000000
  0
SEQEND
  0
POLYLINE
  8
PIN_BOTTOM
 66
1
 70
1
 40
0.000000
 41
0.000000
 39
0.000000
  0
VERTEX
  8
PIN_BOTTOM
 10
68.258690
 20
64.997076
 40
0.000000
 41
0.000000
 42
0.000000
  0
VERTEX
  8
PIN_BOTTOM
 10
68.766690
 20
64.997076
 40
0.000000
 41
0.000000
 42
0.000000
  0
VERTEX
  8
PIN_BOTTOM
 10
68.766690
 20
65.505076
 40
0.000000
 41
0.000000
 42
0.000000
  0
VERTEX
  8
PIN_BOTTOM
 10
68.258690
 20
65.505076
 40
0.000000
 41
0.000000
 42
0.000000
  0
SEQEND
  0
POLYLINE
  8
PIN_BOTTOM
 66
1
 70
1
 40
0.000000
 41
0.000000
 39
0.000000
  0
VERTEX
  8
PIN_BOTTOM
 10
68.258690
 20
65.911476
 40
0.000000
 41
0.000000
 42
0.000000
  0
VERTEX
  8
PIN_BOTTOM
 10
68.766690
 20
65.911476
 40
0.000000
 41
0.000000
 42
0.000000
  0
VERTEX
  8
PIN_BOTTOM
 10
68.766690
 20
66.419476
 40
0.000000
 41
0.000000
 42
0.000000
  0
VERTEX
  8
PIN_BOTTOM
 10
68.258690
 20
66.419476
 40
0.000000
 41
0.000000
 42
0.000000
  0
SEQEND
  0
POLYLINE
  8
PG_SILKSCREEN_BOTTOM
 66
1
 70
0
 40
0.000000
 41
0.000000
 39
0.000000
  0
VERTEX
  8
PG_SILKSCREEN_BOTTOM
 10
68.868290
 20
66.525470
 40
0.101600
 41
0.101600
 42
0.000000
  0
VERTEX
  8
PG_SILKSCREEN_BOTTOM
 10
68.157090
 20
66.525470
 40
0.101600
 41
0.101600
 42
0.000000
  0
SEQEND
  0
POLYLINE
  8
PG_SILKSCREEN_BOTTOM
 66
1
 70
0
 40
0.000000
 41
0.000000
 39
0.000000
  0
VERTEX
  8
PG_SILKSCREEN_BOTTOM
 10
68.868290
 20
65.911476
 40
0.101600
 41
0.101600
 42
0.000000
  0
VERTEX
  8
PG_SILKSCREEN_BOTTOM
 10
68.868290
 20
66.521076
 40
0.101600
 41
0.101600
 42
0.000000
  0
SEQEND
  0
POLYLINE
  8
PG_SILKSCREEN_BOTTOM
 66
1
 70
0
 40
0.000000
 41
0.000000
 39
0.000000
  0
VERTEX
  8
PG_SILKSCREEN_BOTTOM
 10
68.157090
 20
66.521076
 40
0.101600
 41
0.101600
 42
0.000000
  0
VERTEX
  8
PG_SILKSCREEN_BOTTOM
 10
68.157090
 20
65.936876
 40
0.101600
 41
0.101600
 42
0.000000
  0
SEQEND
  0
POLYLINE
  8
PG_SILKSCREEN_BOTTOM
 66
1
 70
0
 40
0.000000
 41
0.000000
 39
0.000000
  0
VERTEX
  8
PG_SILKSCREEN_BOTTOM
 10
68.157090
 20
64.891082
 40
0.101600
 41
0.101600
 42
0.000000
  0
VERTEX
  8
PG_SILKSCREEN_BOTTOM
 10
68.157090
 20
65.500682
 40
0.101600
 41
0.101600
 42
0.000000
  0
SEQEND
  0
POLYLINE
  8
PG_SILKSCREEN_BOTTOM
 66
1
 70
0
 40
0.000000
 41
0.000000
 39
0.000000
  0
VERTEX
  8
PG_SILKSCREEN_BOTTOM
 10
68.868290
 20
64.891082
 40
0.101600
 41
0.101600
 42
0.000000
  0
VERTEX
  8
PG_SILKSCREEN_BOTTOM
 10
68.157090
 20
64.891082
 40
0.101600
 41
0.101600
 42
0.000000
  0
SEQEND
  0
POLYLINE
  8
PG_SILKSCREEN_BOTTOM
 66
1
 70
0
 40
0.000000
 41
0.000000
 39
0.000000
  0
VERTEX
  8
PG_SILKSCREEN_BOTTOM
 10
68.868290
 20
64.891082
 40
0.101600
 41
0.101600
 42
0.000000
  0
VERTEX
  8
PG_SILKSCREEN_BOTTOM
 10
68.868290
 20
65.500682
 40
0.101600
 41
0.101600
 42
0.000000
  0
SEQEND
  0
POLYLINE
  8
PIN_BOTTOM
 66
1
 70
1
 40
0.000000
 41
0.000000
 39
0.000000
  0
VERTEX
  8
PIN_BOTTOM
 10
51.692048
 20
11.159236
 40
0.000000
 41
0.000000
 42
0.000000
  0
VERTEX
  8
PIN_BOTTOM
 10
51.692048
 20
10.651236
 40
0.000000
 41
0.000000
 42
0.000000
  0
VERTEX
  8
PIN_BOTTOM
 10
52.200048
 20
10.651236
 40
0.000000
 41
0.000000
 42
0.000000
  0
VERTEX
  8
PIN_BOTTOM
 10
52.200048
 20
11.159236
 40
0.000000
 41
0.000000
 42
0.000000
  0
SEQEND
  0
POLYLINE
  8
PIN_BOTTOM
 66
1
 70
1
 40
0.000000
 41
0.000000
 39
0.000000
  0
VERTEX
  8
PIN_BOTTOM
 10
52.606448
 20
11.159236
 40
0.000000
 41
0.000000
 42
0.000000
  0
VERTEX
  8
PIN_BOTTOM
 10
52.606448
 20
10.651236
 40
0.000000
 41
0.000000
 42
0.000000
  0
VERTEX
  8
PIN_BOTTOM
 10
53.114448
 20
10.651236
 40
0.000000
 41
0.000000
 42
0.000000
  0
VERTEX
  8
PIN_BOTTOM
 10
53.114448
 20
11.159236
 40
0.000000
 41
0.000000
 42
0.000000
  0
SEQEND
  0
POLYLINE
  8
PG_SILKSCREEN_BOTTOM
 66
1
 70
0
 40
0.000000
 41
0.000000
 39
0.000000
  0
VERTEX
  8
PG_SILKSCREEN_BOTTOM
 10
53.220442
 20
10.549636
 40
0.101600
 41
0.101600
 42
0.000000
  0
VERTEX
  8
PG_SILKSCREEN_BOTTOM
 10
53.220442
 20
11.260836
 40
0.101600
 41
0.101600
 42
0.000000
  0
SEQEND
  0
POLYLINE
  8
PG_SILKSCREEN_BOTTOM
 66
1
 70
0
 40
0.000000
 41
0.000000
 39
0.000000
  0
VERTEX
  8
PG_SILKSCREEN_BOTTOM
 10
52.606448
 20
10.549636
 40
0.101600
 41
0.101600
 42
0.000000
  0
VERTEX
  8
PG_SILKSCREEN_BOTTOM
 10
53.216048
 20
10.549636
 40
0.101600
 41
0.101600
 42
0.000000
  0
SEQEND
  0
POLYLINE
  8
PG_SILKSCREEN_BOTTOM
 66
1
 70
0
 40
0.000000
 41
0.000000
 39
0.000000
  0
VERTEX
  8
PG_SILKSCREEN_BOTTOM
 10
53.216048
 20
11.260836
 40
0.101600
 41
0.101600
 42
0.000000
  0
VERTEX
  8
PG_SILKSCREEN_BOTTOM
 10
52.631848
 20
11.260836
 40
0.101600
 41
0.101600
 42
0.000000
  0
SEQEND
  0
POLYLINE
  8
PG_SILKSCREEN_BOTTOM
 66
1
 70
0
 40
0.000000
 41
0.000000
 39
0.000000
  0
VERTEX
  8
PG_SILKSCREEN_BOTTOM
 10
51.586054
 20
11.260836
 40
0.101600
 41
0.101600
 42
0.000000
  0
VERTEX
  8
PG_SILKSCREEN_BOTTOM
 10
52.195654
 20
11.260836
 40
0.101600
 41
0.101600
 42
0.000000
  0
SEQEND
  0
POLYLINE
  8
PG_SILKSCREEN_BOTTOM
 66
1
 70
0
 40
0.000000
 41
0.000000
 39
0.000000
  0
VERTEX
  8
PG_SILKSCREEN_BOTTOM
 10
51.586054
 20
10.549636
 40
0.101600
 41
0.101600
 42
0.000000
  0
VERTEX
  8
PG_SILKSCREEN_BOTTOM
 10
51.586054
 20
11.260836
 40
0.101600
 41
0.101600
 42
0.000000
  0
SEQEND
  0
POLYLINE
  8
PG_SILKSCREEN_BOTTOM
 66
1
 70
0
 40
0.000000
 41
0.000000
 39
0.000000
  0
VERTEX
  8
PG_SILKSCREEN_BOTTOM
 10
51.586054
 20
10.549636
 40
0.101600
 41
0.101600
 42
0.000000
  0
VERTEX
  8
PG_SILKSCREEN_BOTTOM
 10
52.195654
 20
10.549636
 40
0.101600
 41
0.101600
 42
0.000000
  0
SEQEND
  0
POLYLINE
  8
PIN_BOTTOM
 66
1
 70
1
 40
0.000000
 41
0.000000
 39
0.000000
  0
VERTEX
  8
PIN_BOTTOM
 10
62.337188
 20
11.065510
 40
0.000000
 41
0.000000
 42
0.000000
  0
VERTEX
  8
PIN_BOTTOM
 10
62.337188
 20
10.557510
 40
0.000000
 41
0.000000
 42
0.000000
  0
VERTEX
  8
PIN_BOTTOM
 10
62.845188
 20
10.557510
 40
0.000000
 41
0.000000
 42
0.000000
  0
VERTEX
  8
PIN_BOTTOM
 10
62.845188
 20
11.065510
 40
0.000000
 41
0.000000
 42
0.000000
  0
SEQEND
  0
POLYLINE
  8
PIN_BOTTOM
 66
1
 70
1
 40
0.000000
 41
0.000000
 39
0.000000
  0
VERTEX
  8
PIN_BOTTOM
 10
63.251588
 20
11.065510
 40
0.000000
 41
0.000000
 42
0.000000
  0
VERTEX
  8
PIN_BOTTOM
 10
63.251588
 20
10.557510
 40
0.000000
 41
0.000000
 42
0.000000
  0
VERTEX
  8
PIN_BOTTOM
 10
63.759588
 20
10.557510
 40
0.000000
 41
0.000000
 42
0.000000
  0
VERTEX
  8
PIN_BOTTOM
 10
63.759588
 20
11.065510
 40
0.000000
 41
0.000000
 42
0.000000
  0
SEQEND
  0
POLYLINE
  8
PG_SILKSCREEN_BOTTOM
 66
1
 70
0
 40
0.000000
 41
0.000000
 39
0.000000
  0
VERTEX
  8
PG_SILKSCREEN_BOTTOM
 10
63.865582
 20
10.455910
 40
0.101600
 41
0.101600
 42
0.000000
  0
VERTEX
  8
PG_SILKSCREEN_BOTTOM
 10
63.865582
 20
11.167110
 40
0.101600
 41
0.101600
 42
0.000000
  0
SEQEND
  0
POLYLINE
  8
PG_SILKSCREEN_BOTTOM
 66
1
 70
0
 40
0.000000
 41
0.000000
 39
0.000000
  0
VERTEX
  8
PG_SILKSCREEN_BOTTOM
 10
63.251588
 20
10.455910
 40
0.101600
 41
0.101600
 42
0.000000
  0
VERTEX
  8
PG_SILKSCREEN_BOTTOM
 10
63.861188
 20
10.455910
 40
0.101600
 41
0.101600
 42
0.000000
  0
SEQEND
  0
POLYLINE
  8
PG_SILKSCREEN_BOTTOM
 66
1
 70
0
 40
0.000000
 41
0.000000
 39
0.000000
  0
VERTEX
  8
PG_SILKSCREEN_BOTTOM
 10
63.861188
 20
11.167110
 40
0.101600
 41
0.101600
 42
0.000000
  0
VERTEX
  8
PG_SILKSCREEN_BOTTOM
 10
63.276988
 20
11.167110
 40
0.101600
 41
0.101600
 42
0.000000
  0
SEQEND
  0
POLYLINE
  8
PG_SILKSCREEN_BOTTOM
 66
1
 70
0
 40
0.000000
 41
0.000000
 39
0.000000
  0
VERTEX
  8
PG_SILKSCREEN_BOTTOM
 10
62.231194
 20
11.167110
 40
0.101600
 41
0.101600
 42
0.000000
  0
VERTEX
  8
PG_SILKSCREEN_BOTTOM
 10
62.840794
 20
11.167110
 40
0.101600
 41
0.101600
 42
0.000000
  0
SEQEND
  0
POLYLINE
  8
PG_SILKSCREEN_BOTTOM
 66
1
 70
0
 40
0.000000
 41
0.000000
 39
0.000000
  0
VERTEX
  8
PG_SILKSCREEN_BOTTOM
 10
62.231194
 20
10.455910
 40
0.101600
 41
0.101600
 42
0.000000
  0
VERTEX
  8
PG_SILKSCREEN_BOTTOM
 10
62.231194
 20
11.167110
 40
0.101600
 41
0.101600
 42
0.000000
  0
SEQEND
  0
POLYLINE
  8
PG_SILKSCREEN_BOTTOM
 66
1
 70
0
 40
0.000000
 41
0.000000
 39
0.000000
  0
VERTEX
  8
PG_SILKSCREEN_BOTTOM
 10
62.231194
 20
10.455910
 40
0.101600
 41
0.101600
 42
0.000000
  0
VERTEX
  8
PG_SILKSCREEN_BOTTOM
 10
62.840794
 20
10.455910
 40
0.101600
 41
0.101600
 42
0.000000
  0
SEQEND
  0
POLYLINE
  8
PIN_BOTTOM
 66
1
 70
1
 40
0.000000
 41
0.000000
 39
0.000000
  0
VERTEX
  8
PIN_BOTTOM
 10
73.024746
 20
11.180318
 40
0.000000
 41
0.000000
 42
0.000000
  0
VERTEX
  8
PIN_BOTTOM
 10
73.024746
 20
10.672318
 40
0.000000
 41
0.000000
 42
0.000000
  0
VERTEX
  8
PIN_BOTTOM
 10
73.532746
 20
10.672318
 40
0.000000
 41
0.000000
 42
0.000000
  0
VERTEX
  8
PIN_BOTTOM
 10
73.532746
 20
11.180318
 40
0.000000
 41
0.000000
 42
0.000000
  0
SEQEND
  0
POLYLINE
  8
PIN_BOTTOM
 66
1
 70
1
 40
0.000000
 41
0.000000
 39
0.000000
  0
VERTEX
  8
PIN_BOTTOM
 10
73.939146
 20
11.180318
 40
0.000000
 41
0.000000
 42
0.000000
  0
VERTEX
  8
PIN_BOTTOM
 10
73.939146
 20
10.672318
 40
0.000000
 41
0.000000
 42
0.000000
  0
VERTEX
  8
PIN_BOTTOM
 10
74.447146
 20
10.672318
 40
0.000000
 41
0.000000
 42
0.000000
  0
VERTEX
  8
PIN_BOTTOM
 10
74.447146
 20
11.180318
 40
0.000000
 41
0.000000
 42
0.000000
  0
SEQEND
  0
POLYLINE
  8
PG_SILKSCREEN_BOTTOM
 66
1
 70
0
 40
0.000000
 41
0.000000
 39
0.000000
  0
VERTEX
  8
PG_SILKSCREEN_BOTTOM
 10
74.553140
 20
10.570718
 40
0.101600
 41
0.101600
 42
0.000000
  0
VERTEX
  8
PG_SILKSCREEN_BOTTOM
 10
74.553140
 20
11.281918
 40
0.101600
 41
0.101600
 42
0.000000
  0
SEQEND
  0
POLYLINE
  8
PG_SILKSCREEN_BOTTOM
 66
1
 70
0
 40
0.000000
 41
0.000000
 39
0.000000
  0
VERTEX
  8
PG_SILKSCREEN_BOTTOM
 10
73.939146
 20
10.570718
 40
0.101600
 41
0.101600
 42
0.000000
  0
VERTEX
  8
PG_SILKSCREEN_BOTTOM
 10
74.548746
 20
10.570718
 40
0.101600
 41
0.101600
 42
0.000000
  0
SEQEND
  0
POLYLINE
  8
PG_SILKSCREEN_BOTTOM
 66
1
 70
0
 40
0.000000
 41
0.000000
 39
0.000000
  0
VERTEX
  8
PG_SILKSCREEN_BOTTOM
 10
74.548746
 20
11.281918
 40
0.101600
 41
0.101600
 42
0.000000
  0
VERTEX
  8
PG_SILKSCREEN_BOTTOM
 10
73.964546
 20
11.281918
 40
0.101600
 41
0.101600
 42
0.000000
  0
SEQEND
  0
POLYLINE
  8
PG_SILKSCREEN_BOTTOM
 66
1
 70
0
 40
0.000000
 41
0.000000
 39
0.000000
  0
VERTEX
  8
PG_SILKSCREEN_BOTTOM
 10
72.918752
 20
11.281918
 40
0.101600
 41
0.101600
 42
0.000000
  0
VERTEX
  8
PG_SILKSCREEN_BOTTOM
 10
73.528352
 20
11.281918
 40
0.101600
 41
0.101600
 42
0.000000
  0
SEQEND
  0
POLYLINE
  8
PG_SILKSCREEN_BOTTOM
 66
1
 70
0
 40
0.000000
 41
0.000000
 39
0.000000
  0
VERTEX
  8
PG_SILKSCREEN_BOTTOM
 10
72.918752
 20
10.570718
 40
0.101600
 41
0.101600
 42
0.000000
  0
VERTEX
  8
PG_SILKSCREEN_BOTTOM
 10
72.918752
 20
11.281918
 40
0.101600
 41
0.101600
 42
0.000000
  0
SEQEND
  0
POLYLINE
  8
PG_SILKSCREEN_BOTTOM
 66
1
 70
0
 40
0.000000
 41
0.000000
 39
0.000000
  0
VERTEX
  8
PG_SILKSCREEN_BOTTOM
 10
72.918752
 20
10.570718
 40
0.101600
 41
0.101600
 42
0.000000
  0
VERTEX
  8
PG_SILKSCREEN_BOTTOM
 10
73.528352
 20
10.570718
 40
0.101600
 41
0.101600
 42
0.000000
  0
SEQEND
  0
POLYLINE
  8
PIN_BOTTOM
 66
1
 70
1
 40
0.000000
 41
0.000000
 39
0.000000
  0
VERTEX
  8
PIN_BOTTOM
 10
51.695096
 20
17.582896
 40
0.000000
 41
0.000000
 42
0.000000
  0
VERTEX
  8
PIN_BOTTOM
 10
51.695096
 20
17.074896
 40
0.000000
 41
0.000000
 42
0.000000
  0
VERTEX
  8
PIN_BOTTOM
 10
52.203096
 20
17.074896
 40
0.000000
 41
0.000000
 42
0.000000
  0
VERTEX
  8
PIN_BOTTOM
 10
52.203096
 20
17.582896
 40
0.000000
 41
0.000000
 42
0.000000
  0
SEQEND
  0
POLYLINE
  8
PIN_BOTTOM
 66
1
 70
1
 40
0.000000
 41
0.000000
 39
0.000000
  0
VERTEX
  8
PIN_BOTTOM
 10
52.609496
 20
17.582896
 40
0.000000
 41
0.000000
 42
0.000000
  0
VERTEX
  8
PIN_BOTTOM
 10
52.609496
 20
17.074896
 40
0.000000
 41
0.000000
 42
0.000000
  0
VERTEX
  8
PIN_BOTTOM
 10
53.117496
 20
17.074896
 40
0.000000
 41
0.000000
 42
0.000000
  0
VERTEX
  8
PIN_BOTTOM
 10
53.117496
 20
17.582896
 40
0.000000
 41
0.000000
 42
0.000000
  0
SEQEND
  0
POLYLINE
  8
PG_SILKSCREEN_BOTTOM
 66
1
 70
0
 40
0.000000
 41
0.000000
 39
0.000000
  0
VERTEX
  8
PG_SILKSCREEN_BOTTOM
 10
53.223490
 20
16.973296
 40
0.101600
 41
0.101600
 42
0.000000
  0
VERTEX
  8
PG_SILKSCREEN_BOTTOM
 10
53.223490
 20
17.684496
 40
0.101600
 41
0.101600
 42
0.000000
  0
SEQEND
  0
POLYLINE
  8
PG_SILKSCREEN_BOTTOM
 66
1
 70
0
 40
0.000000
 41
0.000000
 39
0.000000
  0
VERTEX
  8
PG_SILKSCREEN_BOTTOM
 10
52.609496
 20
16.973296
 40
0.101600
 41
0.101600
 42
0.000000
  0
VERTEX
  8
PG_SILKSCREEN_BOTTOM
 10
53.219096
 20
16.973296
 40
0.101600
 41
0.101600
 42
0.000000
  0
SEQEND
  0
POLYLINE
  8
PG_SILKSCREEN_BOTTOM
 66
1
 70
0
 40
0.000000
 41
0.000000
 39
0.000000
  0
VERTEX
  8
PG_SILKSCREEN_BOTTOM
 10
53.219096
 20
17.684496
 40
0.101600
 41
0.101600
 42
0.000000
  0
VERTEX
  8
PG_SILKSCREEN_BOTTOM
 10
52.634896
 20
17.684496
 40
0.101600
 41
0.101600
 42
0.000000
  0
SEQEND
  0
POLYLINE
  8
PG_SILKSCREEN_BOTTOM
 66
1
 70
0
 40
0.000000
 41
0.000000
 39
0.000000
  0
VERTEX
  8
PG_SILKSCREEN_BOTTOM
 10
51.589102
 20
17.684496
 40
0.101600
 41
0.101600
 42
0.000000
  0
VERTEX
  8
PG_SILKSCREEN_BOTTOM
 10
52.198702
 20
17.684496
 40
0.101600
 41
0.101600
 42
0.000000
  0
SEQEND
  0
POLYLINE
  8
PG_SILKSCREEN_BOTTOM
 66
1
 70
0
 40
0.000000
 41
0.000000
 39
0.000000
  0
VERTEX
  8
PG_SILKSCREEN_BOTTOM
 10
51.589102
 20
16.973296
 40
0.101600
 41
0.101600
 42
0.000000
  0
VERTEX
  8
PG_SILKSCREEN_BOTTOM
 10
51.589102
 20
17.684496
 40
0.101600
 41
0.101600
 42
0.000000
  0
SEQEND
  0
POLYLINE
  8
PG_SILKSCREEN_BOTTOM
 66
1
 70
0
 40
0.000000
 41
0.000000
 39
0.000000
  0
VERTEX
  8
PG_SILKSCREEN_BOTTOM
 10
51.589102
 20
16.973296
 40
0.101600
 41
0.101600
 42
0.000000
  0
VERTEX
  8
PG_SILKSCREEN_BOTTOM
 10
52.198702
 20
16.973296
 40
0.101600
 41
0.101600
 42
0.000000
  0
SEQEND
  0
POLYLINE
  8
PIN_BOTTOM
 66
1
 70
1
 40
0.000000
 41
0.000000
 39
0.000000
  0
VERTEX
  8
PIN_BOTTOM
 10
62.344300
 20
17.584674
 40
0.000000
 41
0.000000
 42
0.000000
  0
VERTEX
  8
PIN_BOTTOM
 10
62.344300
 20
17.076674
 40
0.000000
 41
0.000000
 42
0.000000
  0
VERTEX
  8
PIN_BOTTOM
 10
62.852300
 20
17.076674
 40
0.000000
 41
0.000000
 42
0.000000
  0
VERTEX
  8
PIN_BOTTOM
 10
62.852300
 20
17.584674
 40
0.000000
 41
0.000000
 42
0.000000
  0
SEQEND
  0
POLYLINE
  8
PIN_BOTTOM
 66
1
 70
1
 40
0.000000
 41
0.000000
 39
0.000000
  0
VERTEX
  8
PIN_BOTTOM
 10
63.258700
 20
17.584674
 40
0.000000
 41
0.000000
 42
0.000000
  0
VERTEX
  8
PIN_BOTTOM
 10
63.258700
 20
17.076674
 40
0.000000
 41
0.000000
 42
0.000000
  0
VERTEX
  8
PIN_BOTTOM
 10
63.766700
 20
17.076674
 40
0.000000
 41
0.000000
 42
0.000000
  0
VERTEX
  8
PIN_BOTTOM
 10
63.766700
 20
17.584674
 40
0.000000
 41
0.000000
 42
0.000000
  0
SEQEND
  0
POLYLINE
  8
PG_SILKSCREEN_BOTTOM
 66
1
 70
0
 40
0.000000
 41
0.000000
 39
0.000000
  0
VERTEX
  8
PG_SILKSCREEN_BOTTOM
 10
63.872694
 20
16.975074
 40
0.101600
 41
0.101600
 42
0.000000
  0
VERTEX
  8
PG_SILKSCREEN_BOTTOM
 10
63.872694
 20
17.686274
 40
0.101600
 41
0.101600
 42
0.000000
  0
SEQEND
  0
POLYLINE
  8
PG_SILKSCREEN_BOTTOM
 66
1
 70
0
 40
0.000000
 41
0.000000
 39
0.000000
  0
VERTEX
  8
PG_SILKSCREEN_BOTTOM
 10
63.258700
 20
16.975074
 40
0.101600
 41
0.101600
 42
0.000000
  0
VERTEX
  8
PG_SILKSCREEN_BOTTOM
 10
63.868300
 20
16.975074
 40
0.101600
 41
0.101600
 42
0.000000
  0
SEQEND
  0
POLYLINE
  8
PG_SILKSCREEN_BOTTOM
 66
1
 70
0
 40
0.000000
 41
0.000000
 39
0.000000
  0
VERTEX
  8
PG_SILKSCREEN_BOTTOM
 10
63.868300
 20
17.686274
 40
0.101600
 41
0.101600
 42
0.000000
  0
VERTEX
  8
PG_SILKSCREEN_BOTTOM
 10
63.284100
 20
17.686274
 40
0.101600
 41
0.101600
 42
0.000000
  0
SEQEND
  0
POLYLINE
  8
PG_SILKSCREEN_BOTTOM
 66
1
 70
0
 40
0.000000
 41
0.000000
 39
0.000000
  0
VERTEX
  8
PG_SILKSCREEN_BOTTOM
 10
62.238306
 20
17.686274
 40
0.101600
 41
0.101600
 42
0.000000
  0
VERTEX
  8
PG_SILKSCREEN_BOTTOM
 10
62.847906
 20
17.686274
 40
0.101600
 41
0.101600
 42
0.000000
  0
SEQEND
  0
POLYLINE
  8
PG_SILKSCREEN_BOTTOM
 66
1
 70
0
 40
0.000000
 41
0.000000
 39
0.000000
  0
VERTEX
  8
PG_SILKSCREEN_BOTTOM
 10
62.238306
 20
16.975074
 40
0.101600
 41
0.101600
 42
0.000000
  0
VERTEX
  8
PG_SILKSCREEN_BOTTOM
 10
62.238306
 20
17.686274
 40
0.101600
 41
0.101600
 42
0.000000
  0
SEQEND
  0
POLYLINE
  8
PG_SILKSCREEN_BOTTOM
 66
1
 70
0
 40
0.000000
 41
0.000000
 39
0.000000
  0
VERTEX
  8
PG_SILKSCREEN_BOTTOM
 10
62.238306
 20
16.975074
 40
0.101600
 41
0.101600
 42
0.000000
  0
VERTEX
  8
PG_SILKSCREEN_BOTTOM
 10
62.847906
 20
16.975074
 40
0.101600
 41
0.101600
 42
0.000000
  0
SEQEND
  0
POLYLINE
  8
PIN_BOTTOM
 66
1
 70
1
 40
0.000000
 41
0.000000
 39
0.000000
  0
VERTEX
  8
PIN_BOTTOM
 10
73.013418
 20
17.582007
 40
0.000000
 41
0.000000
 42
0.000000
  0
VERTEX
  8
PIN_BOTTOM
 10
73.013418
 20
17.074007
 40
0.000000
 41
0.000000
 42
0.000000
  0
VERTEX
  8
PIN_BOTTOM
 10
73.521418
 20
17.074007
 40
0.000000
 41
0.000000
 42
0.000000
  0
VERTEX
  8
PIN_BOTTOM
 10
73.521418
 20
17.582007
 40
0.000000
 41
0.000000
 42
0.000000
  0
SEQEND
  0
POLYLINE
  8
PIN_BOTTOM
 66
1
 70
1
 40
0.000000
 41
0.000000
 39
0.000000
  0
VERTEX
  8
PIN_BOTTOM
 10
73.927818
 20
17.582007
 40
0.000000
 41
0.000000
 42
0.000000
  0
VERTEX
  8
PIN_BOTTOM
 10
73.927818
 20
17.074007
 40
0.000000
 41
0.000000
 42
0.000000
  0
VERTEX
  8
PIN_BOTTOM
 10
74.435818
 20
17.074007
 40
0.000000
 41
0.000000
 42
0.000000
  0
VERTEX
  8
PIN_BOTTOM
 10
74.435818
 20
17.582007
 40
0.000000
 41
0.000000
 42
0.000000
  0
SEQEND
  0
POLYLINE
  8
PG_SILKSCREEN_BOTTOM
 66
1
 70
0
 40
0.000000
 41
0.000000
 39
0.000000
  0
VERTEX
  8
PG_SILKSCREEN_BOTTOM
 10
74.541812
 20
16.972407
 40
0.101600
 41
0.101600
 42
0.000000
  0
VERTEX
  8
PG_SILKSCREEN_BOTTOM
 10
74.541812
 20
17.683607
 40
0.101600
 41
0.101600
 42
0.000000
  0
SEQEND
  0
POLYLINE
  8
PG_SILKSCREEN_BOTTOM
 66
1
 70
0
 40
0.000000
 41
0.000000
 39
0.000000
  0
VERTEX
  8
PG_SILKSCREEN_BOTTOM
 10
73.927818
 20
16.972407
 40
0.101600
 41
0.101600
 42
0.000000
  0
VERTEX
  8
PG_SILKSCREEN_BOTTOM
 10
74.537418
 20
16.972407
 40
0.101600
 41
0.101600
 42
0.000000
  0
SEQEND
  0
POLYLINE
  8
PG_SILKSCREEN_BOTTOM
 66
1
 70
0
 40
0.000000
 41
0.000000
 39
0.000000
  0
VERTEX
  8
PG_SILKSCREEN_BOTTOM
 10
74.537418
 20
17.683607
 40
0.101600
 41
0.101600
 42
0.000000
  0
VERTEX
  8
PG_SILKSCREEN_BOTTOM
 10
73.953218
 20
17.683607
 40
0.101600
 41
0.101600
 42
0.000000
  0
SEQEND
  0
POLYLINE
  8
PG_SILKSCREEN_BOTTOM
 66
1
 70
0
 40
0.000000
 41
0.000000
 39
0.000000
  0
VERTEX
  8
PG_SILKSCREEN_BOTTOM
 10
72.907423
 20
17.683607
 40
0.101600
 41
0.101600
 42
0.000000
  0
VERTEX
  8
PG_SILKSCREEN_BOTTOM
 10
73.517023
 20
17.683607
 40
0.101600
 41
0.101600
 42
0.000000
  0
SEQEND
  0
POLYLINE
  8
PG_SILKSCREEN_BOTTOM
 66
1
 70
0
 40
0.000000
 41
0.000000
 39
0.000000
  0
VERTEX
  8
PG_SILKSCREEN_BOTTOM
 10
72.907423
 20
16.972407
 40
0.101600
 41
0.101600
 42
0.000000
  0
VERTEX
  8
PG_SILKSCREEN_BOTTOM
 10
72.907423
 20
17.683607
 40
0.101600
 41
0.101600
 42
0.000000
  0
SEQEND
  0
POLYLINE
  8
PG_SILKSCREEN_BOTTOM
 66
1
 70
0
 40
0.000000
 41
0.000000
 39
0.000000
  0
VERTEX
  8
PG_SILKSCREEN_BOTTOM
 10
72.907423
 20
16.972407
 40
0.101600
 41
0.101600
 42
0.000000
  0
VERTEX
  8
PG_SILKSCREEN_BOTTOM
 10
73.517023
 20
16.972407
 40
0.101600
 41
0.101600
 42
0.000000
  0
SEQEND
  0
POLYLINE
  8
PIN_BOTTOM
 66
1
 70
1
 40
0.000000
 41
0.000000
 39
0.000000
  0
VERTEX
  8
PIN_BOTTOM
 10
43.523306
 20
12.317095
 40
0.000000
 41
0.000000
 42
0.000000
  0
VERTEX
  8
PIN_BOTTOM
 10
43.523306
 20
12.825095
 40
0.000000
 41
0.000000
 42
0.000000
  0
VERTEX
  8
PIN_BOTTOM
 10
43.015306
 20
12.825095
 40
0.000000
 41
0.000000
 42
0.000000
  0
VERTEX
  8
PIN_BOTTOM
 10
43.015306
 20
12.317095
 40
0.000000
 41
0.000000
 42
0.000000
  0
SEQEND
  0
POLYLINE
  8
PIN_BOTTOM
 66
1
 70
1
 40
0.000000
 41
0.000000
 39
0.000000
  0
VERTEX
  8
PIN_BOTTOM
 10
42.608906
 20
12.317095
 40
0.000000
 41
0.000000
 42
0.000000
  0
VERTEX
  8
PIN_BOTTOM
 10
42.608906
 20
12.825095
 40
0.000000
 41
0.000000
 42
0.000000
  0
VERTEX
  8
PIN_BOTTOM
 10
42.100906
 20
12.825095
 40
0.000000
 41
0.000000
 42
0.000000
  0
VERTEX
  8
PIN_BOTTOM
 10
42.100906
 20
12.317095
 40
0.000000
 41
0.000000
 42
0.000000
  0
SEQEND
  0
POLYLINE
  8
PG_SILKSCREEN_BOTTOM
 66
1
 70
0
 40
0.000000
 41
0.000000
 39
0.000000
  0
VERTEX
  8
PG_SILKSCREEN_BOTTOM
 10
41.994912
 20
12.926695
 40
0.101600
 41
0.101600
 42
0.000000
  0
VERTEX
  8
PG_SILKSCREEN_BOTTOM
 10
41.994912
 20
12.215495
 40
0.101600
 41
0.101600
 42
0.000000
  0
SEQEND
  0
POLYLINE
  8
PG_SILKSCREEN_BOTTOM
 66
1
 70
0
 40
0.000000
 41
0.000000
 39
0.000000
  0
VERTEX
  8
PG_SILKSCREEN_BOTTOM
 10
42.608906
 20
12.926695
 40
0.101600
 41
0.101600
 42
0.000000
  0
VERTEX
  8
PG_SILKSCREEN_BOTTOM
 10
41.999306
 20
12.926695
 40
0.101600
 41
0.101600
 42
0.000000
  0
SEQEND
  0
POLYLINE
  8
PG_SILKSCREEN_BOTTOM
 66
1
 70
0
 40
0.000000
 41
0.000000
 39
0.000000
  0
VERTEX
  8
PG_SILKSCREEN_BOTTOM
 10
41.999306
 20
12.215495
 40
0.101600
 41
0.101600
 42
0.000000
  0
VERTEX
  8
PG_SILKSCREEN_BOTTOM
 10
42.583506
 20
12.215495
 40
0.101600
 41
0.101600
 42
0.000000
  0
SEQEND
  0
POLYLINE
  8
PG_SILKSCREEN_BOTTOM
 66
1
 70
0
 40
0.000000
 41
0.000000
 39
0.000000
  0
VERTEX
  8
PG_SILKSCREEN_BOTTOM
 10
43.629301
 20
12.215495
 40
0.101600
 41
0.101600
 42
0.000000
  0
VERTEX
  8
PG_SILKSCREEN_BOTTOM
 10
43.019701
 20
12.215495
 40
0.101600
 41
0.101600
 42
0.000000
  0
SEQEND
  0
POLYLINE
  8
PG_SILKSCREEN_BOTTOM
 66
1
 70
0
 40
0.000000
 41
0.000000
 39
0.000000
  0
VERTEX
  8
PG_SILKSCREEN_BOTTOM
 10
43.629301
 20
12.926695
 40
0.101600
 41
0.101600
 42
0.000000
  0
VERTEX
  8
PG_SILKSCREEN_BOTTOM
 10
43.629301
 20
12.215495
 40
0.101600
 41
0.101600
 42
0.000000
  0
SEQEND
  0
POLYLINE
  8
PG_SILKSCREEN_BOTTOM
 66
1
 70
0
 40
0.000000
 41
0.000000
 39
0.000000
  0
VERTEX
  8
PG_SILKSCREEN_BOTTOM
 10
43.629301
 20
12.926695
 40
0.101600
 41
0.101600
 42
0.000000
  0
VERTEX
  8
PG_SILKSCREEN_BOTTOM
 10
43.019701
 20
12.926695
 40
0.101600
 41
0.101600
 42
0.000000
  0
SEQEND
  0
POLYLINE
  8
PIN_BOTTOM
 66
1
 70
1
 40
0.000000
 41
0.000000
 39
0.000000
  0
VERTEX
  8
PIN_BOTTOM
 10
43.528869
 20
14.672716
 40
0.000000
 41
0.000000
 42
0.000000
  0
VERTEX
  8
PIN_BOTTOM
 10
43.020869
 20
14.672716
 40
0.000000
 41
0.000000
 42
0.000000
  0
VERTEX
  8
PIN_BOTTOM
 10
43.020869
 20
14.164716
 40
0.000000
 41
0.000000
 42
0.000000
  0
VERTEX
  8
PIN_BOTTOM
 10
43.528869
 20
14.164716
 40
0.000000
 41
0.000000
 42
0.000000
  0
SEQEND
  0
POLYLINE
  8
PIN_BOTTOM
 66
1
 70
1
 40
0.000000
 41
0.000000
 39
0.000000
  0
VERTEX
  8
PIN_BOTTOM
 10
43.528869
 20
13.758316
 40
0.000000
 41
0.000000
 42
0.000000
  0
VERTEX
  8
PIN_BOTTOM
 10
43.020869
 20
13.758316
 40
0.000000
 41
0.000000
 42
0.000000
  0
VERTEX
  8
PIN_BOTTOM
 10
43.020869
 20
13.250316
 40
0.000000
 41
0.000000
 42
0.000000
  0
VERTEX
  8
PIN_BOTTOM
 10
43.528869
 20
13.250316
 40
0.000000
 41
0.000000
 42
0.000000
  0
SEQEND
  0
POLYLINE
  8
PG_SILKSCREEN_BOTTOM
 66
1
 70
0
 40
0.000000
 41
0.000000
 39
0.000000
  0
VERTEX
  8
PG_SILKSCREEN_BOTTOM
 10
42.919269
 20
13.144322
 40
0.101600
 41
0.101600
 42
0.000000
  0
VERTEX
  8
PG_SILKSCREEN_BOTTOM
 10
43.630469
 20
13.144322
 40
0.101600
 41
0.101600
 42
0.000000
  0
SEQEND
  0
POLYLINE
  8
PG_SILKSCREEN_BOTTOM
 66
1
 70
0
 40
0.000000
 41
0.000000
 39
0.000000
  0
VERTEX
  8
PG_SILKSCREEN_BOTTOM
 10
42.919269
 20
13.758316
 40
0.101600
 41
0.101600
 42
0.000000
  0
VERTEX
  8
PG_SILKSCREEN_BOTTOM
 10
42.919269
 20
13.148716
 40
0.101600
 41
0.101600
 42
0.000000
  0
SEQEND
  0
POLYLINE
  8
PG_SILKSCREEN_BOTTOM
 66
1
 70
0
 40
0.000000
 41
0.000000
 39
0.000000
  0
VERTEX
  8
PG_SILKSCREEN_BOTTOM
 10
43.630469
 20
13.148716
 40
0.101600
 41
0.101600
 42
0.000000
  0
VERTEX
  8
PG_SILKSCREEN_BOTTOM
 10
43.630469
 20
13.732916
 40
0.101600
 41
0.101600
 42
0.000000
  0
SEQEND
  0
POLYLINE
  8
PG_SILKSCREEN_BOTTOM
 66
1
 70
0
 40
0.000000
 41
0.000000
 39
0.000000
  0
VERTEX
  8
PG_SILKSCREEN_BOTTOM
 10
43.630469
 20
14.778711
 40
0.101600
 41
0.101600
 42
0.000000
  0
VERTEX
  8
PG_SILKSCREEN_BOTTOM
 10
43.630469
 20
14.169111
 40
0.101600
 41
0.101600
 42
0.000000
  0
SEQEND
  0
POLYLINE
  8
PG_SILKSCREEN_BOTTOM
 66
1
 70
0
 40
0.000000
 41
0.000000
 39
0.000000
  0
VERTEX
  8
PG_SILKSCREEN_BOTTOM
 10
42.919269
 20
14.778711
 40
0.101600
 41
0.101600
 42
0.000000
  0
VERTEX
  8
PG_SILKSCREEN_BOTTOM
 10
43.630469
 20
14.778711
 40
0.101600
 41
0.101600
 42
0.000000
  0
SEQEND
  0
POLYLINE
  8
PG_SILKSCREEN_BOTTOM
 66
1
 70
0
 40
0.000000
 41
0.000000
 39
0.000000
  0
VERTEX
  8
PG_SILKSCREEN_BOTTOM
 10
42.919269
 20
14.778711
 40
0.101600
 41
0.101600
 42
0.000000
  0
VERTEX
  8
PG_SILKSCREEN_BOTTOM
 10
42.919269
 20
14.169111
 40
0.101600
 41
0.101600
 42
0.000000
  0
SEQEND
  0
POLYLINE
  8
PIN_BOTTOM
 66
1
 70
1
 40
0.000000
 41
0.000000
 39
0.000000
  0
VERTEX
  8
PIN_BOTTOM
 10
54.173526
 20
12.429109
 40
0.000000
 41
0.000000
 42
0.000000
  0
VERTEX
  8
PIN_BOTTOM
 10
54.173526
 20
12.937109
 40
0.000000
 41
0.000000
 42
0.000000
  0
VERTEX
  8
PIN_BOTTOM
 10
53.665526
 20
12.937109
 40
0.000000
 41
0.000000
 42
0.000000
  0
VERTEX
  8
PIN_BOTTOM
 10
53.665526
 20
12.429109
 40
0.000000
 41
0.000000
 42
0.000000
  0
SEQEND
  0
POLYLINE
  8
PIN_BOTTOM
 66
1
 70
1
 40
0.000000
 41
0.000000
 39
0.000000
  0
VERTEX
  8
PIN_BOTTOM
 10
53.259126
 20
12.429109
 40
0.000000
 41
0.000000
 42
0.000000
  0
VERTEX
  8
PIN_BOTTOM
 10
53.259126
 20
12.937109
 40
0.000000
 41
0.000000
 42
0.000000
  0
VERTEX
  8
PIN_BOTTOM
 10
52.751126
 20
12.937109
 40
0.000000
 41
0.000000
 42
0.000000
  0
VERTEX
  8
PIN_BOTTOM
 10
52.751126
 20
12.429109
 40
0.000000
 41
0.000000
 42
0.000000
  0
SEQEND
  0
POLYLINE
  8
PG_SILKSCREEN_BOTTOM
 66
1
 70
0
 40
0.000000
 41
0.000000
 39
0.000000
  0
VERTEX
  8
PG_SILKSCREEN_BOTTOM
 10
52.645132
 20
13.038709
 40
0.101600
 41
0.101600
 42
0.000000
  0
VERTEX
  8
PG_SILKSCREEN_BOTTOM
 10
52.645132
 20
12.327509
 40
0.101600
 41
0.101600
 42
0.000000
  0
SEQEND
  0
POLYLINE
  8
PG_SILKSCREEN_BOTTOM
 66
1
 70
0
 40
0.000000
 41
0.000000
 39
0.000000
  0
VERTEX
  8
PG_SILKSCREEN_BOTTOM
 10
53.259126
 20
13.038709
 40
0.101600
 41
0.101600
 42
0.000000
  0
VERTEX
  8
PG_SILKSCREEN_BOTTOM
 10
52.649526
 20
13.038709
 40
0.101600
 41
0.101600
 42
0.000000
  0
SEQEND
  0
POLYLINE
  8
PG_SILKSCREEN_BOTTOM
 66
1
 70
0
 40
0.000000
 41
0.000000
 39
0.000000
  0
VERTEX
  8
PG_SILKSCREEN_BOTTOM
 10
52.649526
 20
12.327509
 40
0.101600
 41
0.101600
 42
0.000000
  0
VERTEX
  8
PG_SILKSCREEN_BOTTOM
 10
53.233726
 20
12.327509
 40
0.101600
 41
0.101600
 42
0.000000
  0
SEQEND
  0
POLYLINE
  8
PG_SILKSCREEN_BOTTOM
 66
1
 70
0
 40
0.000000
 41
0.000000
 39
0.000000
  0
VERTEX
  8
PG_SILKSCREEN_BOTTOM
 10
54.279521
 20
12.327509
 40
0.101600
 41
0.101600
 42
0.000000
  0
VERTEX
  8
PG_SILKSCREEN_BOTTOM
 10
53.669921
 20
12.327509
 40
0.101600
 41
0.101600
 42
0.000000
  0
SEQEND
  0
POLYLINE
  8
PG_SILKSCREEN_BOTTOM
 66
1
 70
0
 40
0.000000
 41
0.000000
 39
0.000000
  0
VERTEX
  8
PG_SILKSCREEN_BOTTOM
 10
54.279521
 20
13.038709
 40
0.101600
 41
0.101600
 42
0.000000
  0
VERTEX
  8
PG_SILKSCREEN_BOTTOM
 10
54.279521
 20
12.327509
 40
0.101600
 41
0.101600
 42
0.000000
  0
SEQEND
  0
POLYLINE
  8
PG_SILKSCREEN_BOTTOM
 66
1
 70
0
 40
0.000000
 41
0.000000
 39
0.000000
  0
VERTEX
  8
PG_SILKSCREEN_BOTTOM
 10
54.279521
 20
13.038709
 40
0.101600
 41
0.101600
 42
0.000000
  0
VERTEX
  8
PG_SILKSCREEN_BOTTOM
 10
53.669921
 20
13.038709
 40
0.101600
 41
0.101600
 42
0.000000
  0
SEQEND
  0
POLYLINE
  8
PIN_BOTTOM
 66
1
 70
1
 40
0.000000
 41
0.000000
 39
0.000000
  0
VERTEX
  8
PIN_BOTTOM
 10
64.807109
 20
11.456543
 40
0.000000
 41
0.000000
 42
0.000000
  0
VERTEX
  8
PIN_BOTTOM
 10
64.807109
 20
11.964543
 40
0.000000
 41
0.000000
 42
0.000000
  0
VERTEX
  8
PIN_BOTTOM
 10
64.299109
 20
11.964543
 40
0.000000
 41
0.000000
 42
0.000000
  0
VERTEX
  8
PIN_BOTTOM
 10
64.299109
 20
11.456543
 40
0.000000
 41
0.000000
 42
0.000000
  0
SEQEND
  0
POLYLINE
  8
PIN_BOTTOM
 66
1
 70
1
 40
0.000000
 41
0.000000
 39
0.000000
  0
VERTEX
  8
PIN_BOTTOM
 10
63.892709
 20
11.456543
 40
0.000000
 41
0.000000
 42
0.000000
  0
VERTEX
  8
PIN_BOTTOM
 10
63.892709
 20
11.964543
 40
0.000000
 41
0.000000
 42
0.000000
  0
VERTEX
  8
PIN_BOTTOM
 10
63.384709
 20
11.964543
 40
0.000000
 41
0.000000
 42
0.000000
  0
VERTEX
  8
PIN_BOTTOM
 10
63.384709
 20
11.456543
 40
0.000000
 41
0.000000
 42
0.000000
  0
SEQEND
  0
POLYLINE
  8
PG_SILKSCREEN_BOTTOM
 66
1
 70
0
 40
0.000000
 41
0.000000
 39
0.000000
  0
VERTEX
  8
PG_SILKSCREEN_BOTTOM
 10
63.278715
 20
12.066143
 40
0.101600
 41
0.101600
 42
0.000000
  0
VERTEX
  8
PG_SILKSCREEN_BOTTOM
 10
63.278715
 20
11.354943
 40
0.101600
 41
0.101600
 42
0.000000
  0
SEQEND
  0
POLYLINE
  8
PG_SILKSCREEN_BOTTOM
 66
1
 70
0
 40
0.000000
 41
0.000000
 39
0.000000
  0
VERTEX
  8
PG_SILKSCREEN_BOTTOM
 10
63.892709
 20
12.066143
 40
0.101600
 41
0.101600
 42
0.000000
  0
VERTEX
  8
PG_SILKSCREEN_BOTTOM
 10
63.283109
 20
12.066143
 40
0.101600
 41
0.101600
 42
0.000000
  0
SEQEND
  0
POLYLINE
  8
PG_SILKSCREEN_BOTTOM
 66
1
 70
0
 40
0.000000
 41
0.000000
 39
0.000000
  0
VERTEX
  8
PG_SILKSCREEN_BOTTOM
 10
63.283109
 20
11.354943
 40
0.101600
 41
0.101600
 42
0.000000
  0
VERTEX
  8
PG_SILKSCREEN_BOTTOM
 10
63.867309
 20
11.354943
 40
0.101600
 41
0.101600
 42
0.000000
  0
SEQEND
  0
POLYLINE
  8
PG_SILKSCREEN_BOTTOM
 66
1
 70
0
 40
0.000000
 41
0.000000
 39
0.000000
  0
VERTEX
  8
PG_SILKSCREEN_BOTTOM
 10
64.913104
 20
11.354943
 40
0.101600
 41
0.101600
 42
0.000000
  0
VERTEX
  8
PG_SILKSCREEN_BOTTOM
 10
64.303504
 20
11.354943
 40
0.101600
 41
0.101600
 42
0.000000
  0
SEQEND
  0
POLYLINE
  8
PG_SILKSCREEN_BOTTOM
 66
1
 70
0
 40
0.000000
 41
0.000000
 39
0.000000
  0
VERTEX
  8
PG_SILKSCREEN_BOTTOM
 10
64.913104
 20
12.066143
 40
0.101600
 41
0.101600
 42
0.000000
  0
VERTEX
  8
PG_SILKSCREEN_BOTTOM
 10
64.913104
 20
11.354943
 40
0.101600
 41
0.101600
 42
0.000000
  0
SEQEND
  0
POLYLINE
  8
PG_SILKSCREEN_BOTTOM
 66
1
 70
0
 40
0.000000
 41
0.000000
 39
0.000000
  0
VERTEX
  8
PG_SILKSCREEN_BOTTOM
 10
64.913104
 20
12.066143
 40
0.101600
 41
0.101600
 42
0.000000
  0
VERTEX
  8
PG_SILKSCREEN_BOTTOM
 10
64.303504
 20
12.066143
 40
0.101600
 41
0.101600
 42
0.000000
  0
SEQEND
  0
POLYLINE
  8
PIN_BOTTOM
 66
1
 70
1
 40
0.000000
 41
0.000000
 39
0.000000
  0
VERTEX
  8
PIN_BOTTOM
 10
53.996971
 20
14.782190
 40
0.000000
 41
0.000000
 42
0.000000
  0
VERTEX
  8
PIN_BOTTOM
 10
53.488971
 20
14.782190
 40
0.000000
 41
0.000000
 42
0.000000
  0
VERTEX
  8
PIN_BOTTOM
 10
53.488971
 20
14.274190
 40
0.000000
 41
0.000000
 42
0.000000
  0
VERTEX
  8
PIN_BOTTOM
 10
53.996971
 20
14.274190
 40
0.000000
 41
0.000000
 42
0.000000
  0
SEQEND
  0
POLYLINE
  8
PIN_BOTTOM
 66
1
 70
1
 40
0.000000
 41
0.000000
 39
0.000000
  0
VERTEX
  8
PIN_BOTTOM
 10
53.996971
 20
13.867790
 40
0.000000
 41
0.000000
 42
0.000000
  0
VERTEX
  8
PIN_BOTTOM
 10
53.488971
 20
13.867790
 40
0.000000
 41
0.000000
 42
0.000000
  0
VERTEX
  8
PIN_BOTTOM
 10
53.488971
 20
13.359790
 40
0.000000
 41
0.000000
 42
0.000000
  0
VERTEX
  8
PIN_BOTTOM
 10
53.996971
 20
13.359790
 40
0.000000
 41
0.000000
 42
0.000000
  0
SEQEND
  0
POLYLINE
  8
PG_SILKSCREEN_BOTTOM
 66
1
 70
0
 40
0.000000
 41
0.000000
 39
0.000000
  0
VERTEX
  8
PG_SILKSCREEN_BOTTOM
 10
53.387371
 20
13.253796
 40
0.101600
 41
0.101600
 42
0.000000
  0
VERTEX
  8
PG_SILKSCREEN_BOTTOM
 10
54.098571
 20
13.253796
 40
0.101600
 41
0.101600
 42
0.000000
  0
SEQEND
  0
POLYLINE
  8
PG_SILKSCREEN_BOTTOM
 66
1
 70
0
 40
0.000000
 41
0.000000
 39
0.000000
  0
VERTEX
  8
PG_SILKSCREEN_BOTTOM
 10
53.387371
 20
13.867790
 40
0.101600
 41
0.101600
 42
0.000000
  0
VERTEX
  8
PG_SILKSCREEN_BOTTOM
 10
53.387371
 20
13.258190
 40
0.101600
 41
0.101600
 42
0.000000
  0
SEQEND
  0
POLYLINE
  8
PG_SILKSCREEN_BOTTOM
 66
1
 70
0
 40
0.000000
 41
0.000000
 39
0.000000
  0
VERTEX
  8
PG_SILKSCREEN_BOTTOM
 10
54.098571
 20
13.258190
 40
0.101600
 41
0.101600
 42
0.000000
  0
VERTEX
  8
PG_SILKSCREEN_BOTTOM
 10
54.098571
 20
13.842390
 40
0.101600
 41
0.101600
 42
0.000000
  0
SEQEND
  0
POLYLINE
  8
PG_SILKSCREEN_BOTTOM
 66
1
 70
0
 40
0.000000
 41
0.000000
 39
0.000000
  0
VERTEX
  8
PG_SILKSCREEN_BOTTOM
 10
54.098571
 20
14.888185
 40
0.101600
 41
0.101600
 42
0.000000
  0
VERTEX
  8
PG_SILKSCREEN_BOTTOM
 10
54.098571
 20
14.278585
 40
0.101600
 41
0.101600
 42
0.000000
  0
SEQEND
  0
POLYLINE
  8
PG_SILKSCREEN_BOTTOM
 66
1
 70
0
 40
0.000000
 41
0.000000
 39
0.000000
  0
VERTEX
  8
PG_SILKSCREEN_BOTTOM
 10
53.387371
 20
14.888185
 40
0.101600
 41
0.101600
 42
0.000000
  0
VERTEX
  8
PG_SILKSCREEN_BOTTOM
 10
54.098571
 20
14.888185
 40
0.101600
 41
0.101600
 42
0.000000
  0
SEQEND
  0
POLYLINE
  8
PG_SILKSCREEN_BOTTOM
 66
1
 70
0
 40
0.000000
 41
0.000000
 39
0.000000
  0
VERTEX
  8
PG_SILKSCREEN_BOTTOM
 10
53.387371
 20
14.888185
 40
0.101600
 41
0.101600
 42
0.000000
  0
VERTEX
  8
PG_SILKSCREEN_BOTTOM
 10
53.387371
 20
14.278585
 40
0.101600
 41
0.101600
 42
0.000000
  0
SEQEND
  0
POLYLINE
  8
PIN_BOTTOM
 66
1
 70
1
 40
0.000000
 41
0.000000
 39
0.000000
  0
VERTEX
  8
PIN_BOTTOM
 10
64.814577
 20
14.711832
 40
0.000000
 41
0.000000
 42
0.000000
  0
VERTEX
  8
PIN_BOTTOM
 10
64.306577
 20
14.711832
 40
0.000000
 41
0.000000
 42
0.000000
  0
VERTEX
  8
PIN_BOTTOM
 10
64.306577
 20
14.203832
 40
0.000000
 41
0.000000
 42
0.000000
  0
VERTEX
  8
PIN_BOTTOM
 10
64.814577
 20
14.203832
 40
0.000000
 41
0.000000
 42
0.000000
  0
SEQEND
  0
POLYLINE
  8
PIN_BOTTOM
 66
1
 70
1
 40
0.000000
 41
0.000000
 39
0.000000
  0
VERTEX
  8
PIN_BOTTOM
 10
64.814577
 20
13.797432
 40
0.000000
 41
0.000000
 42
0.000000
  0
VERTEX
  8
PIN_BOTTOM
 10
64.306577
 20
13.797432
 40
0.000000
 41
0.000000
 42
0.000000
  0
VERTEX
  8
PIN_BOTTOM
 10
64.306577
 20
13.289432
 40
0.000000
 41
0.000000
 42
0.000000
  0
VERTEX
  8
PIN_BOTTOM
 10
64.814577
 20
13.289432
 40
0.000000
 41
0.000000
 42
0.000000
  0
SEQEND
  0
POLYLINE
  8
PG_SILKSCREEN_BOTTOM
 66
1
 70
0
 40
0.000000
 41
0.000000
 39
0.000000
  0
VERTEX
  8
PG_SILKSCREEN_BOTTOM
 10
64.204977
 20
13.183438
 40
0.101600
 41
0.101600
 42
0.000000
  0
VERTEX
  8
PG_SILKSCREEN_BOTTOM
 10
64.916177
 20
13.183438
 40
0.101600
 41
0.101600
 42
0.000000
  0
SEQEND
  0
POLYLINE
  8
PG_SILKSCREEN_BOTTOM
 66
1
 70
0
 40
0.000000
 41
0.000000
 39
0.000000
  0
VERTEX
  8
PG_SILKSCREEN_BOTTOM
 10
64.204977
 20
13.797432
 40
0.101600
 41
0.101600
 42
0.000000
  0
VERTEX
  8
PG_SILKSCREEN_BOTTOM
 10
64.204977
 20
13.187832
 40
0.101600
 41
0.101600
 42
0.000000
  0
SEQEND
  0
POLYLINE
  8
PG_SILKSCREEN_BOTTOM
 66
1
 70
0
 40
0.000000
 41
0.000000
 39
0.000000
  0
VERTEX
  8
PG_SILKSCREEN_BOTTOM
 10
64.916177
 20
13.187832
 40
0.101600
 41
0.101600
 42
0.000000
  0
VERTEX
  8
PG_SILKSCREEN_BOTTOM
 10
64.916177
 20
13.772032
 40
0.101600
 41
0.101600
 42
0.000000
  0
SEQEND
  0
POLYLINE
  8
PG_SILKSCREEN_BOTTOM
 66
1
 70
0
 40
0.000000
 41
0.000000
 39
0.000000
  0
VERTEX
  8
PG_SILKSCREEN_BOTTOM
 10
64.916177
 20
14.817827
 40
0.101600
 41
0.101600
 42
0.000000
  0
VERTEX
  8
PG_SILKSCREEN_BOTTOM
 10
64.916177
 20
14.208227
 40
0.101600
 41
0.101600
 42
0.000000
  0
SEQEND
  0
POLYLINE
  8
PG_SILKSCREEN_BOTTOM
 66
1
 70
0
 40
0.000000
 41
0.000000
 39
0.000000
  0
VERTEX
  8
PG_SILKSCREEN_BOTTOM
 10
64.204977
 20
14.817827
 40
0.101600
 41
0.101600
 42
0.000000
  0
VERTEX
  8
PG_SILKSCREEN_BOTTOM
 10
64.916177
 20
14.817827
 40
0.101600
 41
0.101600
 42
0.000000
  0
SEQEND
  0
POLYLINE
  8
PG_SILKSCREEN_BOTTOM
 66
1
 70
0
 40
0.000000
 41
0.000000
 39
0.000000
  0
VERTEX
  8
PG_SILKSCREEN_BOTTOM
 10
64.204977
 20
14.817827
 40
0.101600
 41
0.101600
 42
0.000000
  0
VERTEX
  8
PG_SILKSCREEN_BOTTOM
 10
64.204977
 20
14.208227
 40
0.101600
 41
0.101600
 42
0.000000
  0
SEQEND
  0
POLYLINE
  8
PIN_BOTTOM
 66
1
 70
1
 40
0.000000
 41
0.000000
 39
0.000000
  0
VERTEX
  8
PIN_BOTTOM
 10
41.009824
 20
11.049000
 40
0.000000
 41
0.000000
 42
0.000000
  0
VERTEX
  8
PIN_BOTTOM
 10
41.009824
 20
10.541000
 40
0.000000
 41
0.000000
 42
0.000000
  0
VERTEX
  8
PIN_BOTTOM
 10
41.517824
 20
10.541000
 40
0.000000
 41
0.000000
 42
0.000000
  0
VERTEX
  8
PIN_BOTTOM
 10
41.517824
 20
11.049000
 40
0.000000
 41
0.000000
 42
0.000000
  0
SEQEND
  0
POLYLINE
  8
PIN_BOTTOM
 66
1
 70
1
 40
0.000000
 41
0.000000
 39
0.000000
  0
VERTEX
  8
PIN_BOTTOM
 10
41.924224
 20
11.049000
 40
0.000000
 41
0.000000
 42
0.000000
  0
VERTEX
  8
PIN_BOTTOM
 10
41.924224
 20
10.541000
 40
0.000000
 41
0.000000
 42
0.000000
  0
VERTEX
  8
PIN_BOTTOM
 10
42.432224
 20
10.541000
 40
0.000000
 41
0.000000
 42
0.000000
  0
VERTEX
  8
PIN_BOTTOM
 10
42.432224
 20
11.049000
 40
0.000000
 41
0.000000
 42
0.000000
  0
SEQEND
  0
POLYLINE
  8
PG_SILKSCREEN_BOTTOM
 66
1
 70
0
 40
0.000000
 41
0.000000
 39
0.000000
  0
VERTEX
  8
PG_SILKSCREEN_BOTTOM
 10
42.538218
 20
10.439400
 40
0.101600
 41
0.101600
 42
0.000000
  0
VERTEX
  8
PG_SILKSCREEN_BOTTOM
 10
42.538218
 20
11.150600
 40
0.101600
 41
0.101600
 42
0.000000
  0
SEQEND
  0
POLYLINE
  8
PG_SILKSCREEN_BOTTOM
 66
1
 70
0
 40
0.000000
 41
0.000000
 39
0.000000
  0
VERTEX
  8
PG_SILKSCREEN_BOTTOM
 10
41.924224
 20
10.439400
 40
0.101600
 41
0.101600
 42
0.000000
  0
VERTEX
  8
PG_SILKSCREEN_BOTTOM
 10
42.533824
 20
10.439400
 40
0.101600
 41
0.101600
 42
0.000000
  0
SEQEND
  0
POLYLINE
  8
PG_SILKSCREEN_BOTTOM
 66
1
 70
0
 40
0.000000
 41
0.000000
 39
0.000000
  0
VERTEX
  8
PG_SILKSCREEN_BOTTOM
 10
42.533824
 20
11.150600
 40
0.101600
 41
0.101600
 42
0.000000
  0
VERTEX
  8
PG_SILKSCREEN_BOTTOM
 10
41.949624
 20
11.150600
 40
0.101600
 41
0.101600
 42
0.000000
  0
SEQEND
  0
POLYLINE
  8
PG_SILKSCREEN_BOTTOM
 66
1
 70
0
 40
0.000000
 41
0.000000
 39
0.000000
  0
VERTEX
  8
PG_SILKSCREEN_BOTTOM
 10
40.903830
 20
11.150600
 40
0.101600
 41
0.101600
 42
0.000000
  0
VERTEX
  8
PG_SILKSCREEN_BOTTOM
 10
41.513430
 20
11.150600
 40
0.101600
 41
0.101600
 42
0.000000
  0
SEQEND
  0
POLYLINE
  8
PG_SILKSCREEN_BOTTOM
 66
1
 70
0
 40
0.000000
 41
0.000000
 39
0.000000
  0
VERTEX
  8
PG_SILKSCREEN_BOTTOM
 10
40.903830
 20
10.439400
 40
0.101600
 41
0.101600
 42
0.000000
  0
VERTEX
  8
PG_SILKSCREEN_BOTTOM
 10
40.903830
 20
11.150600
 40
0.101600
 41
0.101600
 42
0.000000
  0
SEQEND
  0
POLYLINE
  8
PG_SILKSCREEN_BOTTOM
 66
1
 70
0
 40
0.000000
 41
0.000000
 39
0.000000
  0
VERTEX
  8
PG_SILKSCREEN_BOTTOM
 10
40.903830
 20
10.439400
 40
0.101600
 41
0.101600
 42
0.000000
  0
VERTEX
  8
PG_SILKSCREEN_BOTTOM
 10
41.513430
 20
10.439400
 40
0.101600
 41
0.101600
 42
0.000000
  0
SEQEND
  0
POLYLINE
  8
PIN_BOTTOM
 66
1
 70
1
 40
0.000000
 41
0.000000
 39
0.000000
  0
VERTEX
  8
PIN_BOTTOM
 10
30.343602
 20
11.189970
 40
0.000000
 41
0.000000
 42
0.000000
  0
VERTEX
  8
PIN_BOTTOM
 10
30.343602
 20
10.681970
 40
0.000000
 41
0.000000
 42
0.000000
  0
VERTEX
  8
PIN_BOTTOM
 10
30.851602
 20
10.681970
 40
0.000000
 41
0.000000
 42
0.000000
  0
VERTEX
  8
PIN_BOTTOM
 10
30.851602
 20
11.189970
 40
0.000000
 41
0.000000
 42
0.000000
  0
SEQEND
  0
POLYLINE
  8
PIN_BOTTOM
 66
1
 70
1
 40
0.000000
 41
0.000000
 39
0.000000
  0
VERTEX
  8
PIN_BOTTOM
 10
31.258002
 20
11.189970
 40
0.000000
 41
0.000000
 42
0.000000
  0
VERTEX
  8
PIN_BOTTOM
 10
31.258002
 20
10.681970
 40
0.000000
 41
0.000000
 42
0.000000
  0
VERTEX
  8
PIN_BOTTOM
 10
31.766002
 20
10.681970
 40
0.000000
 41
0.000000
 42
0.000000
  0
VERTEX
  8
PIN_BOTTOM
 10
31.766002
 20
11.189970
 40
0.000000
 41
0.000000
 42
0.000000
  0
SEQEND
  0
POLYLINE
  8
PG_SILKSCREEN_BOTTOM
 66
1
 70
0
 40
0.000000
 41
0.000000
 39
0.000000
  0
VERTEX
  8
PG_SILKSCREEN_BOTTOM
 10
31.871996
 20
10.580370
 40
0.101600
 41
0.101600
 42
0.000000
  0
VERTEX
  8
PG_SILKSCREEN_BOTTOM
 10
31.871996
 20
11.291570
 40
0.101600
 41
0.101600
 42
0.000000
  0
SEQEND
  0
POLYLINE
  8
PG_SILKSCREEN_BOTTOM
 66
1
 70
0
 40
0.000000
 41
0.000000
 39
0.000000
  0
VERTEX
  8
PG_SILKSCREEN_BOTTOM
 10
31.258002
 20
10.580370
 40
0.101600
 41
0.101600
 42
0.000000
  0
VERTEX
  8
PG_SILKSCREEN_BOTTOM
 10
31.867602
 20
10.580370
 40
0.101600
 41
0.101600
 42
0.000000
  0
SEQEND
  0
POLYLINE
  8
PG_SILKSCREEN_BOTTOM
 66
1
 70
0
 40
0.000000
 41
0.000000
 39
0.000000
  0
VERTEX
  8
PG_SILKSCREEN_BOTTOM
 10
31.867602
 20
11.291570
 40
0.101600
 41
0.101600
 42
0.000000
  0
VERTEX
  8
PG_SILKSCREEN_BOTTOM
 10
31.283402
 20
11.291570
 40
0.101600
 41
0.101600
 42
0.000000
  0
SEQEND
  0
POLYLINE
  8
PG_SILKSCREEN_BOTTOM
 66
1
 70
0
 40
0.000000
 41
0.000000
 39
0.000000
  0
VERTEX
  8
PG_SILKSCREEN_BOTTOM
 10
30.237608
 20
11.291570
 40
0.101600
 41
0.101600
 42
0.000000
  0
VERTEX
  8
PG_SILKSCREEN_BOTTOM
 10
30.847208
 20
11.291570
 40
0.101600
 41
0.101600
 42
0.000000
  0
SEQEND
  0
POLYLINE
  8
PG_SILKSCREEN_BOTTOM
 66
1
 70
0
 40
0.000000
 41
0.000000
 39
0.000000
  0
VERTEX
  8
PG_SILKSCREEN_BOTTOM
 10
30.237608
 20
10.580370
 40
0.101600
 41
0.101600
 42
0.000000
  0
VERTEX
  8
PG_SILKSCREEN_BOTTOM
 10
30.237608
 20
11.291570
 40
0.101600
 41
0.101600
 42
0.000000
  0
SEQEND
  0
POLYLINE
  8
PG_SILKSCREEN_BOTTOM
 66
1
 70
0
 40
0.000000
 41
0.000000
 39
0.000000
  0
VERTEX
  8
PG_SILKSCREEN_BOTTOM
 10
30.237608
 20
10.580370
 40
0.101600
 41
0.101600
 42
0.000000
  0
VERTEX
  8
PG_SILKSCREEN_BOTTOM
 10
30.847208
 20
10.580370
 40
0.101600
 41
0.101600
 42
0.000000
  0
SEQEND
  0
POLYLINE
  8
PIN_BOTTOM
 66
1
 70
1
 40
0.000000
 41
0.000000
 39
0.000000
  0
VERTEX
  8
PIN_BOTTOM
 10
26.901750
 20
13.442315
 40
0.000000
 41
0.000000
 42
0.000000
  0
VERTEX
  8
PIN_BOTTOM
 10
26.901750
 20
12.934315
 40
0.000000
 41
0.000000
 42
0.000000
  0
VERTEX
  8
PIN_BOTTOM
 10
27.409750
 20
12.934315
 40
0.000000
 41
0.000000
 42
0.000000
  0
VERTEX
  8
PIN_BOTTOM
 10
27.409750
 20
13.442315
 40
0.000000
 41
0.000000
 42
0.000000
  0
SEQEND
  0
POLYLINE
  8
PIN_BOTTOM
 66
1
 70
1
 40
0.000000
 41
0.000000
 39
0.000000
  0
VERTEX
  8
PIN_BOTTOM
 10
27.816150
 20
13.442315
 40
0.000000
 41
0.000000
 42
0.000000
  0
VERTEX
  8
PIN_BOTTOM
 10
27.816150
 20
12.934315
 40
0.000000
 41
0.000000
 42
0.000000
  0
VERTEX
  8
PIN_BOTTOM
 10
28.324150
 20
12.934315
 40
0.000000
 41
0.000000
 42
0.000000
  0
VERTEX
  8
PIN_BOTTOM
 10
28.324150
 20
13.442315
 40
0.000000
 41
0.000000
 42
0.000000
  0
SEQEND
  0
POLYLINE
  8
PG_SILKSCREEN_BOTTOM
 66
1
 70
0
 40
0.000000
 41
0.000000
 39
0.000000
  0
VERTEX
  8
PG_SILKSCREEN_BOTTOM
 10
28.430144
 20
12.832715
 40
0.101600
 41
0.101600
 42
0.000000
  0
VERTEX
  8
PG_SILKSCREEN_BOTTOM
 10
28.430144
 20
13.543915
 40
0.101600
 41
0.101600
 42
0.000000
  0
SEQEND
  0
POLYLINE
  8
PG_SILKSCREEN_BOTTOM
 66
1
 70
0
 40
0.000000
 41
0.000000
 39
0.000000
  0
VERTEX
  8
PG_SILKSCREEN_BOTTOM
 10
27.816150
 20
12.832715
 40
0.101600
 41
0.101600
 42
0.000000
  0
VERTEX
  8
PG_SILKSCREEN_BOTTOM
 10
28.425750
 20
12.832715
 40
0.101600
 41
0.101600
 42
0.000000
  0
SEQEND
  0
POLYLINE
  8
PG_SILKSCREEN_BOTTOM
 66
1
 70
0
 40
0.000000
 41
0.000000
 39
0.000000
  0
VERTEX
  8
PG_SILKSCREEN_BOTTOM
 10
28.425750
 20
13.543915
 40
0.101600
 41
0.101600
 42
0.000000
  0
VERTEX
  8
PG_SILKSCREEN_BOTTOM
 10
27.841550
 20
13.543915
 40
0.101600
 41
0.101600
 42
0.000000
  0
SEQEND
  0
POLYLINE
  8
PG_SILKSCREEN_BOTTOM
 66
1
 70
0
 40
0.000000
 41
0.000000
 39
0.000000
  0
VERTEX
  8
PG_SILKSCREEN_BOTTOM
 10
26.795755
 20
13.543915
 40
0.101600
 41
0.101600
 42
0.000000
  0
VERTEX
  8
PG_SILKSCREEN_BOTTOM
 10
27.405355
 20
13.543915
 40
0.101600
 41
0.101600
 42
0.000000
  0
SEQEND
  0
POLYLINE
  8
PG_SILKSCREEN_BOTTOM
 66
1
 70
0
 40
0.000000
 41
0.000000
 39
0.000000
  0
VERTEX
  8
PG_SILKSCREEN_BOTTOM
 10
26.795755
 20
12.832715
 40
0.101600
 41
0.101600
 42
0.000000
  0
VERTEX
  8
PG_SILKSCREEN_BOTTOM
 10
26.795755
 20
13.543915
 40
0.101600
 41
0.101600
 42
0.000000
  0
SEQEND
  0
POLYLINE
  8
PG_SILKSCREEN_BOTTOM
 66
1
 70
0
 40
0.000000
 41
0.000000
 39
0.000000
  0
VERTEX
  8
PG_SILKSCREEN_BOTTOM
 10
26.795755
 20
12.832715
 40
0.101600
 41
0.101600
 42
0.000000
  0
VERTEX
  8
PG_SILKSCREEN_BOTTOM
 10
27.405355
 20
12.832715
 40
0.101600
 41
0.101600
 42
0.000000
  0
SEQEND
  0
POLYLINE
  8
PIN_BOTTOM
 66
1
 70
1
 40
0.000000
 41
0.000000
 39
0.000000
  0
VERTEX
  8
PIN_BOTTOM
 10
26.901750
 20
14.293469
 40
0.000000
 41
0.000000
 42
0.000000
  0
VERTEX
  8
PIN_BOTTOM
 10
26.901750
 20
13.785469
 40
0.000000
 41
0.000000
 42
0.000000
  0
VERTEX
  8
PIN_BOTTOM
 10
27.409750
 20
13.785469
 40
0.000000
 41
0.000000
 42
0.000000
  0
VERTEX
  8
PIN_BOTTOM
 10
27.409750
 20
14.293469
 40
0.000000
 41
0.000000
 42
0.000000
  0
SEQEND
  0
POLYLINE
  8
PIN_BOTTOM
 66
1
 70
1
 40
0.000000
 41
0.000000
 39
0.000000
  0
VERTEX
  8
PIN_BOTTOM
 10
27.816150
 20
14.293469
 40
0.000000
 41
0.000000
 42
0.000000
  0
VERTEX
  8
PIN_BOTTOM
 10
27.816150
 20
13.785469
 40
0.000000
 41
0.000000
 42
0.000000
  0
VERTEX
  8
PIN_BOTTOM
 10
28.324150
 20
13.785469
 40
0.000000
 41
0.000000
 42
0.000000
  0
VERTEX
  8
PIN_BOTTOM
 10
28.324150
 20
14.293469
 40
0.000000
 41
0.000000
 42
0.000000
  0
SEQEND
  0
POLYLINE
  8
PG_SILKSCREEN_BOTTOM
 66
1
 70
0
 40
0.000000
 41
0.000000
 39
0.000000
  0
VERTEX
  8
PG_SILKSCREEN_BOTTOM
 10
28.430144
 20
13.683869
 40
0.101600
 41
0.101600
 42
0.000000
  0
VERTEX
  8
PG_SILKSCREEN_BOTTOM
 10
28.430144
 20
14.395069
 40
0.101600
 41
0.101600
 42
0.000000
  0
SEQEND
  0
POLYLINE
  8
PG_SILKSCREEN_BOTTOM
 66
1
 70
0
 40
0.000000
 41
0.000000
 39
0.000000
  0
VERTEX
  8
PG_SILKSCREEN_BOTTOM
 10
27.816150
 20
13.683869
 40
0.101600
 41
0.101600
 42
0.000000
  0
VERTEX
  8
PG_SILKSCREEN_BOTTOM
 10
28.425750
 20
13.683869
 40
0.101600
 41
0.101600
 42
0.000000
  0
SEQEND
  0
POLYLINE
  8
PG_SILKSCREEN_BOTTOM
 66
1
 70
0
 40
0.000000
 41
0.000000
 39
0.000000
  0
VERTEX
  8
PG_SILKSCREEN_BOTTOM
 10
28.425750
 20
14.395069
 40
0.101600
 41
0.101600
 42
0.000000
  0
VERTEX
  8
PG_SILKSCREEN_BOTTOM
 10
27.841550
 20
14.395069
 40
0.101600
 41
0.101600
 42
0.000000
  0
SEQEND
  0
POLYLINE
  8
PG_SILKSCREEN_BOTTOM
 66
1
 70
0
 40
0.000000
 41
0.000000
 39
0.000000
  0
VERTEX
  8
PG_SILKSCREEN_BOTTOM
 10
26.795755
 20
14.395069
 40
0.101600
 41
0.101600
 42
0.000000
  0
VERTEX
  8
PG_SILKSCREEN_BOTTOM
 10
27.405355
 20
14.395069
 40
0.101600
 41
0.101600
 42
0.000000
  0
SEQEND
  0
POLYLINE
  8
PG_SILKSCREEN_BOTTOM
 66
1
 70
0
 40
0.000000
 41
0.000000
 39
0.000000
  0
VERTEX
  8
PG_SILKSCREEN_BOTTOM
 10
26.795755
 20
13.683869
 40
0.101600
 41
0.101600
 42
0.000000
  0
VERTEX
  8
PG_SILKSCREEN_BOTTOM
 10
26.795755
 20
14.395069
 40
0.101600
 41
0.101600
 42
0.000000
  0
SEQEND
  0
POLYLINE
  8
PG_SILKSCREEN_BOTTOM
 66
1
 70
0
 40
0.000000
 41
0.000000
 39
0.000000
  0
VERTEX
  8
PG_SILKSCREEN_BOTTOM
 10
26.795755
 20
13.683869
 40
0.101600
 41
0.101600
 42
0.000000
  0
VERTEX
  8
PG_SILKSCREEN_BOTTOM
 10
27.405355
 20
13.683869
 40
0.101600
 41
0.101600
 42
0.000000
  0
SEQEND
  0
POLYLINE
  8
PIN_BOTTOM
 66
1
 70
1
 40
0.000000
 41
0.000000
 39
0.000000
  0
VERTEX
  8
PIN_BOTTOM
 10
41.025826
 20
17.616678
 40
0.000000
 41
0.000000
 42
0.000000
  0
VERTEX
  8
PIN_BOTTOM
 10
41.025826
 20
17.108678
 40
0.000000
 41
0.000000
 42
0.000000
  0
VERTEX
  8
PIN_BOTTOM
 10
41.533826
 20
17.108678
 40
0.000000
 41
0.000000
 42
0.000000
  0
VERTEX
  8
PIN_BOTTOM
 10
41.533826
 20
17.616678
 40
0.000000
 41
0.000000
 42
0.000000
  0
SEQEND
  0
POLYLINE
  8
PIN_BOTTOM
 66
1
 70
1
 40
0.000000
 41
0.000000
 39
0.000000
  0
VERTEX
  8
PIN_BOTTOM
 10
41.940226
 20
17.616678
 40
0.000000
 41
0.000000
 42
0.000000
  0
VERTEX
  8
PIN_BOTTOM
 10
41.940226
 20
17.108678
 40
0.000000
 41
0.000000
 42
0.000000
  0
VERTEX
  8
PIN_BOTTOM
 10
42.448226
 20
17.108678
 40
0.000000
 41
0.000000
 42
0.000000
  0
VERTEX
  8
PIN_BOTTOM
 10
42.448226
 20
17.616678
 40
0.000000
 41
0.000000
 42
0.000000
  0
SEQEND
  0
POLYLINE
  8
PG_SILKSCREEN_BOTTOM
 66
1
 70
0
 40
0.000000
 41
0.000000
 39
0.000000
  0
VERTEX
  8
PG_SILKSCREEN_BOTTOM
 10
42.554220
 20
17.007078
 40
0.101600
 41
0.101600
 42
0.000000
  0
VERTEX
  8
PG_SILKSCREEN_BOTTOM
 10
42.554220
 20
17.718278
 40
0.101600
 41
0.101600
 42
0.000000
  0
SEQEND
  0
POLYLINE
  8
PG_SILKSCREEN_BOTTOM
 66
1
 70
0
 40
0.000000
 41
0.000000
 39
0.000000
  0
VERTEX
  8
PG_SILKSCREEN_BOTTOM
 10
41.940226
 20
17.007078
 40
0.101600
 41
0.101600
 42
0.000000
  0
VERTEX
  8
PG_SILKSCREEN_BOTTOM
 10
42.549826
 20
17.007078
 40
0.101600
 41
0.101600
 42
0.000000
  0
SEQEND
  0
POLYLINE
  8
PG_SILKSCREEN_BOTTOM
 66
1
 70
0
 40
0.000000
 41
0.000000
 39
0.000000
  0
VERTEX
  8
PG_SILKSCREEN_BOTTOM
 10
42.549826
 20
17.718278
 40
0.101600
 41
0.101600
 42
0.000000
  0
VERTEX
  8
PG_SILKSCREEN_BOTTOM
 10
41.965626
 20
17.718278
 40
0.101600
 41
0.101600
 42
0.000000
  0
SEQEND
  0
POLYLINE
  8
PG_SILKSCREEN_BOTTOM
 66
1
 70
0
 40
0.000000
 41
0.000000
 39
0.000000
  0
VERTEX
  8
PG_SILKSCREEN_BOTTOM
 10
40.919832
 20
17.718278
 40
0.101600
 41
0.101600
 42
0.000000
  0
VERTEX
  8
PG_SILKSCREEN_BOTTOM
 10
41.529432
 20
17.718278
 40
0.101600
 41
0.101600
 42
0.000000
  0
SEQEND
  0
POLYLINE
  8
PG_SILKSCREEN_BOTTOM
 66
1
 70
0
 40
0.000000
 41
0.000000
 39
0.000000
  0
VERTEX
  8
PG_SILKSCREEN_BOTTOM
 10
40.919832
 20
17.007078
 40
0.101600
 41
0.101600
 42
0.000000
  0
VERTEX
  8
PG_SILKSCREEN_BOTTOM
 10
40.919832
 20
17.718278
 40
0.101600
 41
0.101600
 42
0.000000
  0
SEQEND
  0
POLYLINE
  8
PG_SILKSCREEN_BOTTOM
 66
1
 70
0
 40
0.000000
 41
0.000000
 39
0.000000
  0
VERTEX
  8
PG_SILKSCREEN_BOTTOM
 10
40.919832
 20
17.007078
 40
0.101600
 41
0.101600
 42
0.000000
  0
VERTEX
  8
PG_SILKSCREEN_BOTTOM
 10
41.529432
 20
17.007078
 40
0.101600
 41
0.101600
 42
0.000000
  0
SEQEND
  0
POLYLINE
  8
PIN_BOTTOM
 66
1
 70
1
 40
0.000000
 41
0.000000
 39
0.000000
  0
VERTEX
  8
PIN_BOTTOM
 10
30.354524
 20
17.595596
 40
0.000000
 41
0.000000
 42
0.000000
  0
VERTEX
  8
PIN_BOTTOM
 10
30.354524
 20
17.087596
 40
0.000000
 41
0.000000
 42
0.000000
  0
VERTEX
  8
PIN_BOTTOM
 10
30.862524
 20
17.087596
 40
0.000000
 41
0.000000
 42
0.000000
  0
VERTEX
  8
PIN_BOTTOM
 10
30.862524
 20
17.595596
 40
0.000000
 41
0.000000
 42
0.000000
  0
SEQEND
  0
POLYLINE
  8
PIN_BOTTOM
 66
1
 70
1
 40
0.000000
 41
0.000000
 39
0.000000
  0
VERTEX
  8
PIN_BOTTOM
 10
31.268924
 20
17.595596
 40
0.000000
 41
0.000000
 42
0.000000
  0
VERTEX
  8
PIN_BOTTOM
 10
31.268924
 20
17.087596
 40
0.000000
 41
0.000000
 42
0.000000
  0
VERTEX
  8
PIN_BOTTOM
 10
31.776924
 20
17.087596
 40
0.000000
 41
0.000000
 42
0.000000
  0
VERTEX
  8
PIN_BOTTOM
 10
31.776924
 20
17.595596
 40
0.000000
 41
0.000000
 42
0.000000
  0
SEQEND
  0
POLYLINE
  8
PG_SILKSCREEN_BOTTOM
 66
1
 70
0
 40
0.000000
 41
0.000000
 39
0.000000
  0
VERTEX
  8
PG_SILKSCREEN_BOTTOM
 10
31.882918
 20
16.985996
 40
0.101600
 41
0.101600
 42
0.000000
  0
VERTEX
  8
PG_SILKSCREEN_BOTTOM
 10
31.882918
 20
17.697196
 40
0.101600
 41
0.101600
 42
0.000000
  0
SEQEND
  0
POLYLINE
  8
PG_SILKSCREEN_BOTTOM
 66
1
 70
0
 40
0.000000
 41
0.000000
 39
0.000000
  0
VERTEX
  8
PG_SILKSCREEN_BOTTOM
 10
31.268924
 20
16.985996
 40
0.101600
 41
0.101600
 42
0.000000
  0
VERTEX
  8
PG_SILKSCREEN_BOTTOM
 10
31.878524
 20
16.985996
 40
0.101600
 41
0.101600
 42
0.000000
  0
SEQEND
  0
POLYLINE
  8
PG_SILKSCREEN_BOTTOM
 66
1
 70
0
 40
0.000000
 41
0.000000
 39
0.000000
  0
VERTEX
  8
PG_SILKSCREEN_BOTTOM
 10
31.878524
 20
17.697196
 40
0.101600
 41
0.101600
 42
0.000000
  0
VERTEX
  8
PG_SILKSCREEN_BOTTOM
 10
31.294324
 20
17.697196
 40
0.101600
 41
0.101600
 42
0.000000
  0
SEQEND
  0
POLYLINE
  8
PG_SILKSCREEN_BOTTOM
 66
1
 70
0
 40
0.000000
 41
0.000000
 39
0.000000
  0
VERTEX
  8
PG_SILKSCREEN_BOTTOM
 10
30.248530
 20
17.697196
 40
0.101600
 41
0.101600
 42
0.000000
  0
VERTEX
  8
PG_SILKSCREEN_BOTTOM
 10
30.858130
 20
17.697196
 40
0.101600
 41
0.101600
 42
0.000000
  0
SEQEND
  0
POLYLINE
  8
PG_SILKSCREEN_BOTTOM
 66
1
 70
0
 40
0.000000
 41
0.000000
 39
0.000000
  0
VERTEX
  8
PG_SILKSCREEN_BOTTOM
 10
30.248530
 20
16.985996
 40
0.101600
 41
0.101600
 42
0.000000
  0
VERTEX
  8
PG_SILKSCREEN_BOTTOM
 10
30.248530
 20
17.697196
 40
0.101600
 41
0.101600
 42
0.000000
  0
SEQEND
  0
POLYLINE
  8
PG_SILKSCREEN_BOTTOM
 66
1
 70
0
 40
0.000000
 41
0.000000
 39
0.000000
  0
VERTEX
  8
PG_SILKSCREEN_BOTTOM
 10
30.248530
 20
16.985996
 40
0.101600
 41
0.101600
 42
0.000000
  0
VERTEX
  8
PG_SILKSCREEN_BOTTOM
 10
30.858130
 20
16.985996
 40
0.101600
 41
0.101600
 42
0.000000
  0
SEQEND
  0
POLYLINE
  8
PIN_BOTTOM
 66
1
 70
1
 40
0.000000
 41
0.000000
 39
0.000000
  0
VERTEX
  8
PIN_BOTTOM
 10
53.074418
 20
53.939821
 40
0.000000
 41
0.000000
 42
0.000000
  0
VERTEX
  8
PIN_BOTTOM
 10
53.074418
 20
53.431821
 40
0.000000
 41
0.000000
 42
0.000000
  0
VERTEX
  8
PIN_BOTTOM
 10
53.582418
 20
53.431821
 40
0.000000
 41
0.000000
 42
0.000000
  0
VERTEX
  8
PIN_BOTTOM
 10
53.582418
 20
53.939821
 40
0.000000
 41
0.000000
 42
0.000000
  0
SEQEND
  0
POLYLINE
  8
PIN_BOTTOM
 66
1
 70
1
 40
0.000000
 41
0.000000
 39
0.000000
  0
VERTEX
  8
PIN_BOTTOM
 10
53.988818
 20
53.939821
 40
0.000000
 41
0.000000
 42
0.000000
  0
VERTEX
  8
PIN_BOTTOM
 10
53.988818
 20
53.431821
 40
0.000000
 41
0.000000
 42
0.000000
  0
VERTEX
  8
PIN_BOTTOM
 10
54.496818
 20
53.431821
 40
0.000000
 41
0.000000
 42
0.000000
  0
VERTEX
  8
PIN_BOTTOM
 10
54.496818
 20
53.939821
 40
0.000000
 41
0.000000
 42
0.000000
  0
SEQEND
  0
POLYLINE
  8
PG_SILKSCREEN_BOTTOM
 66
1
 70
0
 40
0.000000
 41
0.000000
 39
0.000000
  0
VERTEX
  8
PG_SILKSCREEN_BOTTOM
 10
54.602812
 20
53.330221
 40
0.101600
 41
0.101600
 42
0.000000
  0
VERTEX
  8
PG_SILKSCREEN_BOTTOM
 10
54.602812
 20
54.041421
 40
0.101600
 41
0.101600
 42
0.000000
  0
SEQEND
  0
POLYLINE
  8
PG_SILKSCREEN_BOTTOM
 66
1
 70
0
 40
0.000000
 41
0.000000
 39
0.000000
  0
VERTEX
  8
PG_SILKSCREEN_BOTTOM
 10
53.988818
 20
53.330221
 40
0.101600
 41
0.101600
 42
0.000000
  0
VERTEX
  8
PG_SILKSCREEN_BOTTOM
 10
54.598418
 20
53.330221
 40
0.101600
 41
0.101600
 42
0.000000
  0
SEQEND
  0
POLYLINE
  8
PG_SILKSCREEN_BOTTOM
 66
1
 70
0
 40
0.000000
 41
0.000000
 39
0.000000
  0
VERTEX
  8
PG_SILKSCREEN_BOTTOM
 10
54.598418
 20
54.041421
 40
0.101600
 41
0.101600
 42
0.000000
  0
VERTEX
  8
PG_SILKSCREEN_BOTTOM
 10
54.014218
 20
54.041421
 40
0.101600
 41
0.101600
 42
0.000000
  0
SEQEND
  0
POLYLINE
  8
PG_SILKSCREEN_BOTTOM
 66
1
 70
0
 40
0.000000
 41
0.000000
 39
0.000000
  0
VERTEX
  8
PG_SILKSCREEN_BOTTOM
 10
52.968423
 20
54.041421
 40
0.101600
 41
0.101600
 42
0.000000
  0
VERTEX
  8
PG_SILKSCREEN_BOTTOM
 10
53.578023
 20
54.041421
 40
0.101600
 41
0.101600
 42
0.000000
  0
SEQEND
  0
POLYLINE
  8
PG_SILKSCREEN_BOTTOM
 66
1
 70
0
 40
0.000000
 41
0.000000
 39
0.000000
  0
VERTEX
  8
PG_SILKSCREEN_BOTTOM
 10
52.968423
 20
53.330221
 40
0.101600
 41
0.101600
 42
0.000000
  0
VERTEX
  8
PG_SILKSCREEN_BOTTOM
 10
52.968423
 20
54.041421
 40
0.101600
 41
0.101600
 42
0.000000
  0
SEQEND
  0
POLYLINE
  8
PG_SILKSCREEN_BOTTOM
 66
1
 70
0
 40
0.000000
 41
0.000000
 39
0.000000
  0
VERTEX
  8
PG_SILKSCREEN_BOTTOM
 10
52.968423
 20
53.330221
 40
0.101600
 41
0.101600
 42
0.000000
  0
VERTEX
  8
PG_SILKSCREEN_BOTTOM
 10
53.578023
 20
53.330221
 40
0.101600
 41
0.101600
 42
0.000000
  0
SEQEND
  0
POLYLINE
  8
PIN_BOTTOM
 66
1
 70
1
 40
0.000000
 41
0.000000
 39
0.000000
  0
VERTEX
  8
PIN_BOTTOM
 10
35.538816
 20
40.196135
 40
0.000000
 41
0.000000
 42
0.000000
  0
VERTEX
  8
PIN_BOTTOM
 10
35.538816
 20
40.704135
 40
0.000000
 41
0.000000
 42
0.000000
  0
VERTEX
  8
PIN_BOTTOM
 10
35.030816
 20
40.704135
 40
0.000000
 41
0.000000
 42
0.000000
  0
VERTEX
  8
PIN_BOTTOM
 10
35.030816
 20
40.196135
 40
0.000000
 41
0.000000
 42
0.000000
  0
SEQEND
  0
POLYLINE
  8
PIN_BOTTOM
 66
1
 70
1
 40
0.000000
 41
0.000000
 39
0.000000
  0
VERTEX
  8
PIN_BOTTOM
 10
34.624416
 20
40.196135
 40
0.000000
 41
0.000000
 42
0.000000
  0
VERTEX
  8
PIN_BOTTOM
 10
34.624416
 20
40.704135
 40
0.000000
 41
0.000000
 42
0.000000
  0
VERTEX
  8
PIN_BOTTOM
 10
34.116416
 20
40.704135
 40
0.000000
 41
0.000000
 42
0.000000
  0
VERTEX
  8
PIN_BOTTOM
 10
34.116416
 20
40.196135
 40
0.000000
 41
0.000000
 42
0.000000
  0
SEQEND
  0
POLYLINE
  8
PG_SILKSCREEN_BOTTOM
 66
1
 70
0
 40
0.000000
 41
0.000000
 39
0.000000
  0
VERTEX
  8
PG_SILKSCREEN_BOTTOM
 10
34.010422
 20
40.805735
 40
0.101600
 41
0.101600
 42
0.000000
  0
VERTEX
  8
PG_SILKSCREEN_BOTTOM
 10
34.010422
 20
40.094535
 40
0.101600
 41
0.101600
 42
0.000000
  0
SEQEND
  0
POLYLINE
  8
PG_SILKSCREEN_BOTTOM
 66
1
 70
0
 40
0.000000
 41
0.000000
 39
0.000000
  0
VERTEX
  8
PG_SILKSCREEN_BOTTOM
 10
34.624416
 20
40.805735
 40
0.101600
 41
0.101600
 42
0.000000
  0
VERTEX
  8
PG_SILKSCREEN_BOTTOM
 10
34.014816
 20
40.805735
 40
0.101600
 41
0.101600
 42
0.000000
  0
SEQEND
  0
POLYLINE
  8
PG_SILKSCREEN_BOTTOM
 66
1
 70
0
 40
0.000000
 41
0.000000
 39
0.000000
  0
VERTEX
  8
PG_SILKSCREEN_BOTTOM
 10
34.014816
 20
40.094535
 40
0.101600
 41
0.101600
 42
0.000000
  0
VERTEX
  8
PG_SILKSCREEN_BOTTOM
 10
34.599016
 20
40.094535
 40
0.101600
 41
0.101600
 42
0.000000
  0
SEQEND
  0
POLYLINE
  8
PG_SILKSCREEN_BOTTOM
 66
1
 70
0
 40
0.000000
 41
0.000000
 39
0.000000
  0
VERTEX
  8
PG_SILKSCREEN_BOTTOM
 10
35.644811
 20
40.094535
 40
0.101600
 41
0.101600
 42
0.000000
  0
VERTEX
  8
PG_SILKSCREEN_BOTTOM
 10
35.035211
 20
40.094535
 40
0.101600
 41
0.101600
 42
0.000000
  0
SEQEND
  0
POLYLINE
  8
PG_SILKSCREEN_BOTTOM
 66
1
 70
0
 40
0.000000
 41
0.000000
 39
0.000000
  0
VERTEX
  8
PG_SILKSCREEN_BOTTOM
 10
35.644811
 20
40.805735
 40
0.101600
 41
0.101600
 42
0.000000
  0
VERTEX
  8
PG_SILKSCREEN_BOTTOM
 10
35.644811
 20
40.094535
 40
0.101600
 41
0.101600
 42
0.000000
  0
SEQEND
  0
POLYLINE
  8
PG_SILKSCREEN_BOTTOM
 66
1
 70
0
 40
0.000000
 41
0.000000
 39
0.000000
  0
VERTEX
  8
PG_SILKSCREEN_BOTTOM
 10
35.644811
 20
40.805735
 40
0.101600
 41
0.101600
 42
0.000000
  0
VERTEX
  8
PG_SILKSCREEN_BOTTOM
 10
35.035211
 20
40.805735
 40
0.101600
 41
0.101600
 42
0.000000
  0
SEQEND
  0
POLYLINE
  8
PIN_BOTTOM
 66
1
 70
1
 40
0.000000
 41
0.000000
 39
0.000000
  0
VERTEX
  8
PIN_BOTTOM
 10
64.834491
 20
7.245452
 40
0.000000
 41
0.000000
 42
0.000000
  0
VERTEX
  8
PIN_BOTTOM
 10
64.834491
 20
7.753452
 40
0.000000
 41
0.000000
 42
0.000000
  0
VERTEX
  8
PIN_BOTTOM
 10
64.326491
 20
7.753452
 40
0.000000
 41
0.000000
 42
0.000000
  0
VERTEX
  8
PIN_BOTTOM
 10
64.326491
 20
7.245452
 40
0.000000
 41
0.000000
 42
0.000000
  0
SEQEND
  0
POLYLINE
  8
PIN_BOTTOM
 66
1
 70
1
 40
0.000000
 41
0.000000
 39
0.000000
  0
VERTEX
  8
PIN_BOTTOM
 10
63.920091
 20
7.245452
 40
0.000000
 41
0.000000
 42
0.000000
  0
VERTEX
  8
PIN_BOTTOM
 10
63.920091
 20
7.753452
 40
0.000000
 41
0.000000
 42
0.000000
  0
VERTEX
  8
PIN_BOTTOM
 10
63.412091
 20
7.753452
 40
0.000000
 41
0.000000
 42
0.000000
  0
VERTEX
  8
PIN_BOTTOM
 10
63.412091
 20
7.245452
 40
0.000000
 41
0.000000
 42
0.000000
  0
SEQEND
  0
POLYLINE
  8
PG_SILKSCREEN_BOTTOM
 66
1
 70
0
 40
0.000000
 41
0.000000
 39
0.000000
  0
VERTEX
  8
PG_SILKSCREEN_BOTTOM
 10
63.306071
 20
7.855052
 40
0.101600
 41
0.101600
 42
0.000000
  0
VERTEX
  8
PG_SILKSCREEN_BOTTOM
 10
63.306071
 20
7.143852
 40
0.101600
 41
0.101600
 42
0.000000
  0
SEQEND
  0
POLYLINE
  8
PG_SILKSCREEN_BOTTOM
 66
1
 70
0
 40
0.000000
 41
0.000000
 39
0.000000
  0
VERTEX
  8
PG_SILKSCREEN_BOTTOM
 10
63.920091
 20
7.855052
 40
0.101600
 41
0.101600
 42
0.000000
  0
VERTEX
  8
PG_SILKSCREEN_BOTTOM
 10
63.310491
 20
7.855052
 40
0.101600
 41
0.101600
 42
0.000000
  0
SEQEND
  0
POLYLINE
  8
PG_SILKSCREEN_BOTTOM
 66
1
 70
0
 40
0.000000
 41
0.000000
 39
0.000000
  0
VERTEX
  8
PG_SILKSCREEN_BOTTOM
 10
63.310491
 20
7.143852
 40
0.101600
 41
0.101600
 42
0.000000
  0
VERTEX
  8
PG_SILKSCREEN_BOTTOM
 10
63.894691
 20
7.143852
 40
0.101600
 41
0.101600
 42
0.000000
  0
SEQEND
  0
POLYLINE
  8
PG_SILKSCREEN_BOTTOM
 66
1
 70
0
 40
0.000000
 41
0.000000
 39
0.000000
  0
VERTEX
  8
PG_SILKSCREEN_BOTTOM
 10
64.940485
 20
7.143852
 40
0.101600
 41
0.101600
 42
0.000000
  0
VERTEX
  8
PG_SILKSCREEN_BOTTOM
 10
64.330885
 20
7.143852
 40
0.101600
 41
0.101600
 42
0.000000
  0
SEQEND
  0
POLYLINE
  8
PG_SILKSCREEN_BOTTOM
 66
1
 70
0
 40
0.000000
 41
0.000000
 39
0.000000
  0
VERTEX
  8
PG_SILKSCREEN_BOTTOM
 10
64.940485
 20
7.855052
 40
0.101600
 41
0.101600
 42
0.000000
  0
VERTEX
  8
PG_SILKSCREEN_BOTTOM
 10
64.940485
 20
7.143852
 40
0.101600
 41
0.101600
 42
0.000000
  0
SEQEND
  0
POLYLINE
  8
PG_SILKSCREEN_BOTTOM
 66
1
 70
0
 40
0.000000
 41
0.000000
 39
0.000000
  0
VERTEX
  8
PG_SILKSCREEN_BOTTOM
 10
64.940485
 20
7.855052
 40
0.101600
 41
0.101600
 42
0.000000
  0
VERTEX
  8
PG_SILKSCREEN_BOTTOM
 10
64.330885
 20
7.855052
 40
0.101600
 41
0.101600
 42
0.000000
  0
SEQEND
  0
POLYLINE
  8
PIN_BOTTOM
 66
1
 70
1
 40
0.000000
 41
0.000000
 39
0.000000
  0
VERTEX
  8
PIN_BOTTOM
 10
64.834491
 20
6.394044
 40
0.000000
 41
0.000000
 42
0.000000
  0
VERTEX
  8
PIN_BOTTOM
 10
64.834491
 20
6.902044
 40
0.000000
 41
0.000000
 42
0.000000
  0
VERTEX
  8
PIN_BOTTOM
 10
64.326491
 20
6.902044
 40
0.000000
 41
0.000000
 42
0.000000
  0
VERTEX
  8
PIN_BOTTOM
 10
64.326491
 20
6.394044
 40
0.000000
 41
0.000000
 42
0.000000
  0
SEQEND
  0
POLYLINE
  8
PIN_BOTTOM
 66
1
 70
1
 40
0.000000
 41
0.000000
 39
0.000000
  0
VERTEX
  8
PIN_BOTTOM
 10
63.920091
 20
6.394044
 40
0.000000
 41
0.000000
 42
0.000000
  0
VERTEX
  8
PIN_BOTTOM
 10
63.920091
 20
6.902044
 40
0.000000
 41
0.000000
 42
0.000000
  0
VERTEX
  8
PIN_BOTTOM
 10
63.412091
 20
6.902044
 40
0.000000
 41
0.000000
 42
0.000000
  0
VERTEX
  8
PIN_BOTTOM
 10
63.412091
 20
6.394044
 40
0.000000
 41
0.000000
 42
0.000000
  0
SEQEND
  0
POLYLINE
  8
PG_SILKSCREEN_BOTTOM
 66
1
 70
0
 40
0.000000
 41
0.000000
 39
0.000000
  0
VERTEX
  8
PG_SILKSCREEN_BOTTOM
 10
63.306071
 20
7.003644
 40
0.101600
 41
0.101600
 42
0.000000
  0
VERTEX
  8
PG_SILKSCREEN_BOTTOM
 10
63.306071
 20
6.292444
 40
0.101600
 41
0.101600
 42
0.000000
  0
SEQEND
  0
POLYLINE
  8
PG_SILKSCREEN_BOTTOM
 66
1
 70
0
 40
0.000000
 41
0.000000
 39
0.000000
  0
VERTEX
  8
PG_SILKSCREEN_BOTTOM
 10
63.920091
 20
7.003644
 40
0.101600
 41
0.101600
 42
0.000000
  0
VERTEX
  8
PG_SILKSCREEN_BOTTOM
 10
63.310491
 20
7.003644
 40
0.101600
 41
0.101600
 42
0.000000
  0
SEQEND
  0
POLYLINE
  8
PG_SILKSCREEN_BOTTOM
 66
1
 70
0
 40
0.000000
 41
0.000000
 39
0.000000
  0
VERTEX
  8
PG_SILKSCREEN_BOTTOM
 10
63.310491
 20
6.292444
 40
0.101600
 41
0.101600
 42
0.000000
  0
VERTEX
  8
PG_SILKSCREEN_BOTTOM
 10
63.894691
 20
6.292444
 40
0.101600
 41
0.101600
 42
0.000000
  0
SEQEND
  0
POLYLINE
  8
PG_SILKSCREEN_BOTTOM
 66
1
 70
0
 40
0.000000
 41
0.000000
 39
0.000000
  0
VERTEX
  8
PG_SILKSCREEN_BOTTOM
 10
64.940485
 20
6.292444
 40
0.101600
 41
0.101600
 42
0.000000
  0
VERTEX
  8
PG_SILKSCREEN_BOTTOM
 10
64.330885
 20
6.292444
 40
0.101600
 41
0.101600
 42
0.000000
  0
SEQEND
  0
POLYLINE
  8
PG_SILKSCREEN_BOTTOM
 66
1
 70
0
 40
0.000000
 41
0.000000
 39
0.000000
  0
VERTEX
  8
PG_SILKSCREEN_BOTTOM
 10
64.940485
 20
7.003644
 40
0.101600
 41
0.101600
 42
0.000000
  0
VERTEX
  8
PG_SILKSCREEN_BOTTOM
 10
64.940485
 20
6.292444
 40
0.101600
 41
0.101600
 42
0.000000
  0
SEQEND
  0
POLYLINE
  8
PG_SILKSCREEN_BOTTOM
 66
1
 70
0
 40
0.000000
 41
0.000000
 39
0.000000
  0
VERTEX
  8
PG_SILKSCREEN_BOTTOM
 10
64.940485
 20
7.003644
 40
0.101600
 41
0.101600
 42
0.000000
  0
VERTEX
  8
PG_SILKSCREEN_BOTTOM
 10
64.330885
 20
7.003644
 40
0.101600
 41
0.101600
 42
0.000000
  0
SEQEND
  0
POLYLINE
  8
PIN_BOTTOM
 66
1
 70
1
 40
0.000000
 41
0.000000
 39
0.000000
  0
VERTEX
  8
PIN_BOTTOM
 10
58.117461
 20
67.316452
 40
0.000000
 41
0.000000
 42
0.000000
  0
VERTEX
  8
PIN_BOTTOM
 10
58.117461
 20
67.824452
 40
0.000000
 41
0.000000
 42
0.000000
  0
VERTEX
  8
PIN_BOTTOM
 10
57.609461
 20
67.824452
 40
0.000000
 41
0.000000
 42
0.000000
  0
VERTEX
  8
PIN_BOTTOM
 10
57.609461
 20
67.316452
 40
0.000000
 41
0.000000
 42
0.000000
  0
SEQEND
  0
POLYLINE
  8
PIN_BOTTOM
 66
1
 70
1
 40
0.000000
 41
0.000000
 39
0.000000
  0
VERTEX
  8
PIN_BOTTOM
 10
57.203061
 20
67.316452
 40
0.000000
 41
0.000000
 42
0.000000
  0
VERTEX
  8
PIN_BOTTOM
 10
57.203061
 20
67.824452
 40
0.000000
 41
0.000000
 42
0.000000
  0
VERTEX
  8
PIN_BOTTOM
 10
56.695061
 20
67.824452
 40
0.000000
 41
0.000000
 42
0.000000
  0
VERTEX
  8
PIN_BOTTOM
 10
56.695061
 20
67.316452
 40
0.000000
 41
0.000000
 42
0.000000
  0
SEQEND
  0
POLYLINE
  8
PG_SILKSCREEN_BOTTOM
 66
1
 70
0
 40
0.000000
 41
0.000000
 39
0.000000
  0
VERTEX
  8
PG_SILKSCREEN_BOTTOM
 10
56.589041
 20
67.926052
 40
0.101600
 41
0.101600
 42
0.000000
  0
VERTEX
  8
PG_SILKSCREEN_BOTTOM
 10
56.589041
 20
67.214852
 40
0.101600
 41
0.101600
 42
0.000000
  0
SEQEND
  0
POLYLINE
  8
PG_SILKSCREEN_BOTTOM
 66
1
 70
0
 40
0.000000
 41
0.000000
 39
0.000000
  0
VERTEX
  8
PG_SILKSCREEN_BOTTOM
 10
57.203061
 20
67.926052
 40
0.101600
 41
0.101600
 42
0.000000
  0
VERTEX
  8
PG_SILKSCREEN_BOTTOM
 10
56.593461
 20
67.926052
 40
0.101600
 41
0.101600
 42
0.000000
  0
SEQEND
  0
POLYLINE
  8
PG_SILKSCREEN_BOTTOM
 66
1
 70
0
 40
0.000000
 41
0.000000
 39
0.000000
  0
VERTEX
  8
PG_SILKSCREEN_BOTTOM
 10
56.593461
 20
67.214852
 40
0.101600
 41
0.101600
 42
0.000000
  0
VERTEX
  8
PG_SILKSCREEN_BOTTOM
 10
57.177661
 20
67.214852
 40
0.101600
 41
0.101600
 42
0.000000
  0
SEQEND
  0
POLYLINE
  8
PG_SILKSCREEN_BOTTOM
 66
1
 70
0
 40
0.000000
 41
0.000000
 39
0.000000
  0
VERTEX
  8
PG_SILKSCREEN_BOTTOM
 10
58.223455
 20
67.214852
 40
0.101600
 41
0.101600
 42
0.000000
  0
VERTEX
  8
PG_SILKSCREEN_BOTTOM
 10
57.613855
 20
67.214852
 40
0.101600
 41
0.101600
 42
0.000000
  0
SEQEND
  0
POLYLINE
  8
PG_SILKSCREEN_BOTTOM
 66
1
 70
0
 40
0.000000
 41
0.000000
 39
0.000000
  0
VERTEX
  8
PG_SILKSCREEN_BOTTOM
 10
58.223455
 20
67.926052
 40
0.101600
 41
0.101600
 42
0.000000
  0
VERTEX
  8
PG_SILKSCREEN_BOTTOM
 10
58.223455
 20
67.214852
 40
0.101600
 41
0.101600
 42
0.000000
  0
SEQEND
  0
POLYLINE
  8
PG_SILKSCREEN_BOTTOM
 66
1
 70
0
 40
0.000000
 41
0.000000
 39
0.000000
  0
VERTEX
  8
PG_SILKSCREEN_BOTTOM
 10
58.223455
 20
67.926052
 40
0.101600
 41
0.101600
 42
0.000000
  0
VERTEX
  8
PG_SILKSCREEN_BOTTOM
 10
57.613855
 20
67.926052
 40
0.101600
 41
0.101600
 42
0.000000
  0
SEQEND
  0
POLYLINE
  8
PIN_BOTTOM
 66
1
 70
1
 40
0.000000
 41
0.000000
 39
0.000000
  0
VERTEX
  8
PIN_BOTTOM
 10
68.196714
 20
60.201048
 40
0.000000
 41
0.000000
 42
0.000000
  0
VERTEX
  8
PIN_BOTTOM
 10
68.196714
 20
59.693048
 40
0.000000
 41
0.000000
 42
0.000000
  0
VERTEX
  8
PIN_BOTTOM
 10
68.704714
 20
59.693048
 40
0.000000
 41
0.000000
 42
0.000000
  0
VERTEX
  8
PIN_BOTTOM
 10
68.704714
 20
60.201048
 40
0.000000
 41
0.000000
 42
0.000000
  0
SEQEND
  0
POLYLINE
  8
PIN_BOTTOM
 66
1
 70
1
 40
0.000000
 41
0.000000
 39
0.000000
  0
VERTEX
  8
PIN_BOTTOM
 10
69.111114
 20
60.201048
 40
0.000000
 41
0.000000
 42
0.000000
  0
VERTEX
  8
PIN_BOTTOM
 10
69.111114
 20
59.693048
 40
0.000000
 41
0.000000
 42
0.000000
  0
VERTEX
  8
PIN_BOTTOM
 10
69.619114
 20
59.693048
 40
0.000000
 41
0.000000
 42
0.000000
  0
VERTEX
  8
PIN_BOTTOM
 10
69.619114
 20
60.201048
 40
0.000000
 41
0.000000
 42
0.000000
  0
SEQEND
  0
POLYLINE
  8
PG_SILKSCREEN_BOTTOM
 66
1
 70
0
 40
0.000000
 41
0.000000
 39
0.000000
  0
VERTEX
  8
PG_SILKSCREEN_BOTTOM
 10
69.725134
 20
59.591448
 40
0.101600
 41
0.101600
 42
0.000000
  0
VERTEX
  8
PG_SILKSCREEN_BOTTOM
 10
69.725134
 20
60.302648
 40
0.101600
 41
0.101600
 42
0.000000
  0
SEQEND
  0
POLYLINE
  8
PG_SILKSCREEN_BOTTOM
 66
1
 70
0
 40
0.000000
 41
0.000000
 39
0.000000
  0
VERTEX
  8
PG_SILKSCREEN_BOTTOM
 10
69.111114
 20
59.591448
 40
0.101600
 41
0.101600
 42
0.000000
  0
VERTEX
  8
PG_SILKSCREEN_BOTTOM
 10
69.720714
 20
59.591448
 40
0.101600
 41
0.101600
 42
0.000000
  0
SEQEND
  0
POLYLINE
  8
PG_SILKSCREEN_BOTTOM
 66
1
 70
0
 40
0.000000
 41
0.000000
 39
0.000000
  0
VERTEX
  8
PG_SILKSCREEN_BOTTOM
 10
69.720714
 20
60.302648
 40
0.101600
 41
0.101600
 42
0.000000
  0
VERTEX
  8
PG_SILKSCREEN_BOTTOM
 10
69.136514
 20
60.302648
 40
0.101600
 41
0.101600
 42
0.000000
  0
SEQEND
  0
POLYLINE
  8
PG_SILKSCREEN_BOTTOM
 66
1
 70
0
 40
0.000000
 41
0.000000
 39
0.000000
  0
VERTEX
  8
PG_SILKSCREEN_BOTTOM
 10
68.090720
 20
60.302648
 40
0.101600
 41
0.101600
 42
0.000000
  0
VERTEX
  8
PG_SILKSCREEN_BOTTOM
 10
68.700320
 20
60.302648
 40
0.101600
 41
0.101600
 42
0.000000
  0
SEQEND
  0
POLYLINE
  8
PG_SILKSCREEN_BOTTOM
 66
1
 70
0
 40
0.000000
 41
0.000000
 39
0.000000
  0
VERTEX
  8
PG_SILKSCREEN_BOTTOM
 10
68.090720
 20
59.591448
 40
0.101600
 41
0.101600
 42
0.000000
  0
VERTEX
  8
PG_SILKSCREEN_BOTTOM
 10
68.090720
 20
60.302648
 40
0.101600
 41
0.101600
 42
0.000000
  0
SEQEND
  0
POLYLINE
  8
PG_SILKSCREEN_BOTTOM
 66
1
 70
0
 40
0.000000
 41
0.000000
 39
0.000000
  0
VERTEX
  8
PG_SILKSCREEN_BOTTOM
 10
68.090720
 20
59.591448
 40
0.101600
 41
0.101600
 42
0.000000
  0
VERTEX
  8
PG_SILKSCREEN_BOTTOM
 10
68.700320
 20
59.591448
 40
0.101600
 41
0.101600
 42
0.000000
  0
SEQEND
  0
POLYLINE
  8
PIN_BOTTOM
 66
1
 70
1
 40
0.000000
 41
0.000000
 39
0.000000
  0
VERTEX
  8
PIN_BOTTOM
 10
11.517122
 20
10.835132
 40
0.000000
 41
0.000000
 42
0.000000
  0
VERTEX
  8
PIN_BOTTOM
 10
11.517122
 20
11.343132
 40
0.000000
 41
0.000000
 42
0.000000
  0
VERTEX
  8
PIN_BOTTOM
 10
11.009122
 20
11.343132
 40
0.000000
 41
0.000000
 42
0.000000
  0
VERTEX
  8
PIN_BOTTOM
 10
11.009122
 20
10.835132
 40
0.000000
 41
0.000000
 42
0.000000
  0
SEQEND
  0
POLYLINE
  8
PIN_BOTTOM
 66
1
 70
1
 40
0.000000
 41
0.000000
 39
0.000000
  0
VERTEX
  8
PIN_BOTTOM
 10
10.602722
 20
10.835132
 40
0.000000
 41
0.000000
 42
0.000000
  0
VERTEX
  8
PIN_BOTTOM
 10
10.602722
 20
11.343132
 40
0.000000
 41
0.000000
 42
0.000000
  0
VERTEX
  8
PIN_BOTTOM
 10
10.094722
 20
11.343132
 40
0.000000
 41
0.000000
 42
0.000000
  0
VERTEX
  8
PIN_BOTTOM
 10
10.094722
 20
10.835132
 40
0.000000
 41
0.000000
 42
0.000000
  0
SEQEND
  0
POLYLINE
  8
PG_SILKSCREEN_BOTTOM
 66
1
 70
0
 40
0.000000
 41
0.000000
 39
0.000000
  0
VERTEX
  8
PG_SILKSCREEN_BOTTOM
 10
9.988702
 20
11.444732
 40
0.101600
 41
0.101600
 42
0.000000
  0
VERTEX
  8
PG_SILKSCREEN_BOTTOM
 10
9.988702
 20
10.733532
 40
0.101600
 41
0.101600
 42
0.000000
  0
SEQEND
  0
POLYLINE
  8
PG_SILKSCREEN_BOTTOM
 66
1
 70
0
 40
0.000000
 41
0.000000
 39
0.000000
  0
VERTEX
  8
PG_SILKSCREEN_BOTTOM
 10
10.602722
 20
11.444732
 40
0.101600
 41
0.101600
 42
0.000000
  0
VERTEX
  8
PG_SILKSCREEN_BOTTOM
 10
9.993122
 20
11.444732
 40
0.101600
 41
0.101600
 42
0.000000
  0
SEQEND
  0
POLYLINE
  8
PG_SILKSCREEN_BOTTOM
 66
1
 70
0
 40
0.000000
 41
0.000000
 39
0.000000
  0
VERTEX
  8
PG_SILKSCREEN_BOTTOM
 10
9.993122
 20
10.733532
 40
0.101600
 41
0.101600
 42
0.000000
  0
VERTEX
  8
PG_SILKSCREEN_BOTTOM
 10
10.577322
 20
10.733532
 40
0.101600
 41
0.101600
 42
0.000000
  0
SEQEND
  0
POLYLINE
  8
PG_SILKSCREEN_BOTTOM
 66
1
 70
0
 40
0.000000
 41
0.000000
 39
0.000000
  0
VERTEX
  8
PG_SILKSCREEN_BOTTOM
 10
11.623116
 20
10.733532
 40
0.101600
 41
0.101600
 42
0.000000
  0
VERTEX
  8
PG_SILKSCREEN_BOTTOM
 10
11.013516
 20
10.733532
 40
0.101600
 41
0.101600
 42
0.000000
  0
SEQEND
  0
POLYLINE
  8
PG_SILKSCREEN_BOTTOM
 66
1
 70
0
 40
0.000000
 41
0.000000
 39
0.000000
  0
VERTEX
  8
PG_SILKSCREEN_BOTTOM
 10
11.623116
 20
11.444732
 40
0.101600
 41
0.101600
 42
0.000000
  0
VERTEX
  8
PG_SILKSCREEN_BOTTOM
 10
11.623116
 20
10.733532
 40
0.101600
 41
0.101600
 42
0.000000
  0
SEQEND
  0
POLYLINE
  8
PG_SILKSCREEN_BOTTOM
 66
1
 70
0
 40
0.000000
 41
0.000000
 39
0.000000
  0
VERTEX
  8
PG_SILKSCREEN_BOTTOM
 10
11.623116
 20
11.444732
 40
0.101600
 41
0.101600
 42
0.000000
  0
VERTEX
  8
PG_SILKSCREEN_BOTTOM
 10
11.013516
 20
11.444732
 40
0.101600
 41
0.101600
 42
0.000000
  0
SEQEND
  0
POLYLINE
  8
PIN_BOTTOM
 66
1
 70
1
 40
0.000000
 41
0.000000
 39
0.000000
  0
VERTEX
  8
PIN_BOTTOM
 10
33.413040
 20
27.875001
 40
0.000000
 41
0.000000
 42
0.000000
  0
VERTEX
  8
PIN_BOTTOM
 10
33.921040
 20
27.875001
 40
0.000000
 41
0.000000
 42
0.000000
  0
VERTEX
  8
PIN_BOTTOM
 10
33.921040
 20
28.383001
 40
0.000000
 41
0.000000
 42
0.000000
  0
VERTEX
  8
PIN_BOTTOM
 10
33.413040
 20
28.383001
 40
0.000000
 41
0.000000
 42
0.000000
  0
SEQEND
  0
POLYLINE
  8
PIN_BOTTOM
 66
1
 70
1
 40
0.000000
 41
0.000000
 39
0.000000
  0
VERTEX
  8
PIN_BOTTOM
 10
33.413040
 20
28.789401
 40
0.000000
 41
0.000000
 42
0.000000
  0
VERTEX
  8
PIN_BOTTOM
 10
33.921040
 20
28.789401
 40
0.000000
 41
0.000000
 42
0.000000
  0
VERTEX
  8
PIN_BOTTOM
 10
33.921040
 20
29.297401
 40
0.000000
 41
0.000000
 42
0.000000
  0
VERTEX
  8
PIN_BOTTOM
 10
33.413040
 20
29.297401
 40
0.000000
 41
0.000000
 42
0.000000
  0
SEQEND
  0
POLYLINE
  8
PG_SILKSCREEN_BOTTOM
 66
1
 70
0
 40
0.000000
 41
0.000000
 39
0.000000
  0
VERTEX
  8
PG_SILKSCREEN_BOTTOM
 10
34.022640
 20
29.403421
 40
0.101600
 41
0.101600
 42
0.000000
  0
VERTEX
  8
PG_SILKSCREEN_BOTTOM
 10
33.311440
 20
29.403421
 40
0.101600
 41
0.101600
 42
0.000000
  0
SEQEND
  0
POLYLINE
  8
PG_SILKSCREEN_BOTTOM
 66
1
 70
0
 40
0.000000
 41
0.000000
 39
0.000000
  0
VERTEX
  8
PG_SILKSCREEN_BOTTOM
 10
34.022640
 20
28.789401
 40
0.101600
 41
0.101600
 42
0.000000
  0
VERTEX
  8
PG_SILKSCREEN_BOTTOM
 10
34.022640
 20
29.399001
 40
0.101600
 41
0.101600
 42
0.000000
  0
SEQEND
  0
POLYLINE
  8
PG_SILKSCREEN_BOTTOM
 66
1
 70
0
 40
0.000000
 41
0.000000
 39
0.000000
  0
VERTEX
  8
PG_SILKSCREEN_BOTTOM
 10
33.311440
 20
29.399001
 40
0.101600
 41
0.101600
 42
0.000000
  0
VERTEX
  8
PG_SILKSCREEN_BOTTOM
 10
33.311440
 20
28.814801
 40
0.101600
 41
0.101600
 42
0.000000
  0
SEQEND
  0
POLYLINE
  8
PG_SILKSCREEN_BOTTOM
 66
1
 70
0
 40
0.000000
 41
0.000000
 39
0.000000
  0
VERTEX
  8
PG_SILKSCREEN_BOTTOM
 10
33.311440
 20
27.769007
 40
0.101600
 41
0.101600
 42
0.000000
  0
VERTEX
  8
PG_SILKSCREEN_BOTTOM
 10
33.311440
 20
28.378607
 40
0.101600
 41
0.101600
 42
0.000000
  0
SEQEND
  0
POLYLINE
  8
PG_SILKSCREEN_BOTTOM
 66
1
 70
0
 40
0.000000
 41
0.000000
 39
0.000000
  0
VERTEX
  8
PG_SILKSCREEN_BOTTOM
 10
34.022640
 20
27.769007
 40
0.101600
 41
0.101600
 42
0.000000
  0
VERTEX
  8
PG_SILKSCREEN_BOTTOM
 10
33.311440
 20
27.769007
 40
0.101600
 41
0.101600
 42
0.000000
  0
SEQEND
  0
POLYLINE
  8
PG_SILKSCREEN_BOTTOM
 66
1
 70
0
 40
0.000000
 41
0.000000
 39
0.000000
  0
VERTEX
  8
PG_SILKSCREEN_BOTTOM
 10
34.022640
 20
27.769007
 40
0.101600
 41
0.101600
 42
0.000000
  0
VERTEX
  8
PG_SILKSCREEN_BOTTOM
 10
34.022640
 20
28.378607
 40
0.101600
 41
0.101600
 42
0.000000
  0
SEQEND
  0
POLYLINE
  8
PIN_BOTTOM
 66
1
 70
1
 40
0.000000
 41
0.000000
 39
0.000000
  0
VERTEX
  8
PIN_BOTTOM
 10
40.921584
 20
26.276021
 40
0.000000
 41
0.000000
 42
0.000000
  0
VERTEX
  8
PIN_BOTTOM
 10
40.413584
 20
26.276021
 40
0.000000
 41
0.000000
 42
0.000000
  0
VERTEX
  8
PIN_BOTTOM
 10
40.413584
 20
25.768021
 40
0.000000
 41
0.000000
 42
0.000000
  0
VERTEX
  8
PIN_BOTTOM
 10
40.921584
 20
25.768021
 40
0.000000
 41
0.000000
 42
0.000000
  0
SEQEND
  0
POLYLINE
  8
PIN_BOTTOM
 66
1
 70
1
 40
0.000000
 41
0.000000
 39
0.000000
  0
VERTEX
  8
PIN_BOTTOM
 10
40.921584
 20
25.361621
 40
0.000000
 41
0.000000
 42
0.000000
  0
VERTEX
  8
PIN_BOTTOM
 10
40.413584
 20
25.361621
 40
0.000000
 41
0.000000
 42
0.000000
  0
VERTEX
  8
PIN_BOTTOM
 10
40.413584
 20
24.853621
 40
0.000000
 41
0.000000
 42
0.000000
  0
VERTEX
  8
PIN_BOTTOM
 10
40.921584
 20
24.853621
 40
0.000000
 41
0.000000
 42
0.000000
  0
SEQEND
  0
POLYLINE
  8
PG_SILKSCREEN_BOTTOM
 66
1
 70
0
 40
0.000000
 41
0.000000
 39
0.000000
  0
VERTEX
  8
PG_SILKSCREEN_BOTTOM
 10
40.311984
 20
24.747601
 40
0.101600
 41
0.101600
 42
0.000000
  0
VERTEX
  8
PG_SILKSCREEN_BOTTOM
 10
41.023184
 20
24.747601
 40
0.101600
 41
0.101600
 42
0.000000
  0
SEQEND
  0
POLYLINE
  8
PG_SILKSCREEN_BOTTOM
 66
1
 70
0
 40
0.000000
 41
0.000000
 39
0.000000
  0
VERTEX
  8
PG_SILKSCREEN_BOTTOM
 10
40.311984
 20
25.361621
 40
0.101600
 41
0.101600
 42
0.000000
  0
VERTEX
  8
PG_SILKSCREEN_BOTTOM
 10
40.311984
 20
24.752021
 40
0.101600
 41
0.101600
 42
0.000000
  0
SEQEND
  0
POLYLINE
  8
PG_SILKSCREEN_BOTTOM
 66
1
 70
0
 40
0.000000
 41
0.000000
 39
0.000000
  0
VERTEX
  8
PG_SILKSCREEN_BOTTOM
 10
41.023184
 20
24.752021
 40
0.101600
 41
0.101600
 42
0.000000
  0
VERTEX
  8
PG_SILKSCREEN_BOTTOM
 10
41.023184
 20
25.336221
 40
0.101600
 41
0.101600
 42
0.000000
  0
SEQEND
  0
POLYLINE
  8
PG_SILKSCREEN_BOTTOM
 66
1
 70
0
 40
0.000000
 41
0.000000
 39
0.000000
  0
VERTEX
  8
PG_SILKSCREEN_BOTTOM
 10
41.023184
 20
26.382015
 40
0.101600
 41
0.101600
 42
0.000000
  0
VERTEX
  8
PG_SILKSCREEN_BOTTOM
 10
41.023184
 20
25.772415
 40
0.101600
 41
0.101600
 42
0.000000
  0
SEQEND
  0
POLYLINE
  8
PG_SILKSCREEN_BOTTOM
 66
1
 70
0
 40
0.000000
 41
0.000000
 39
0.000000
  0
VERTEX
  8
PG_SILKSCREEN_BOTTOM
 10
40.311984
 20
26.382015
 40
0.101600
 41
0.101600
 42
0.000000
  0
VERTEX
  8
PG_SILKSCREEN_BOTTOM
 10
41.023184
 20
26.382015
 40
0.101600
 41
0.101600
 42
0.000000
  0
SEQEND
  0
POLYLINE
  8
PG_SILKSCREEN_BOTTOM
 66
1
 70
0
 40
0.000000
 41
0.000000
 39
0.000000
  0
VERTEX
  8
PG_SILKSCREEN_BOTTOM
 10
40.311984
 20
26.382015
 40
0.101600
 41
0.101600
 42
0.000000
  0
VERTEX
  8
PG_SILKSCREEN_BOTTOM
 10
40.311984
 20
25.772415
 40
0.101600
 41
0.101600
 42
0.000000
  0
SEQEND
  0
POLYLINE
  8
PIN_BOTTOM
 66
1
 70
1
 40
0.000000
 41
0.000000
 39
0.000000
  0
VERTEX
  8
PIN_BOTTOM
 10
7.839456
 20
27.638502
 40
0.000000
 41
0.000000
 42
0.000000
  0
VERTEX
  8
PIN_BOTTOM
 10
8.347456
 20
27.638502
 40
0.000000
 41
0.000000
 42
0.000000
  0
VERTEX
  8
PIN_BOTTOM
 10
8.347456
 20
28.146502
 40
0.000000
 41
0.000000
 42
0.000000
  0
VERTEX
  8
PIN_BOTTOM
 10
7.839456
 20
28.146502
 40
0.000000
 41
0.000000
 42
0.000000
  0
SEQEND
  0
POLYLINE
  8
PIN_BOTTOM
 66
1
 70
1
 40
0.000000
 41
0.000000
 39
0.000000
  0
VERTEX
  8
PIN_BOTTOM
 10
7.839456
 20
28.552902
 40
0.000000
 41
0.000000
 42
0.000000
  0
VERTEX
  8
PIN_BOTTOM
 10
8.347456
 20
28.552902
 40
0.000000
 41
0.000000
 42
0.000000
  0
VERTEX
  8
PIN_BOTTOM
 10
8.347456
 20
29.060902
 40
0.000000
 41
0.000000
 42
0.000000
  0
VERTEX
  8
PIN_BOTTOM
 10
7.839456
 20
29.060902
 40
0.000000
 41
0.000000
 42
0.000000
  0
SEQEND
  0
POLYLINE
  8
PG_SILKSCREEN_BOTTOM
 66
1
 70
0
 40
0.000000
 41
0.000000
 39
0.000000
  0
VERTEX
  8
PG_SILKSCREEN_BOTTOM
 10
8.449056
 20
29.166896
 40
0.101600
 41
0.101600
 42
0.000000
  0
VERTEX
  8
PG_SILKSCREEN_BOTTOM
 10
7.737856
 20
29.166896
 40
0.101600
 41
0.101600
 42
0.000000
  0
SEQEND
  0
POLYLINE
  8
PG_SILKSCREEN_BOTTOM
 66
1
 70
0
 40
0.000000
 41
0.000000
 39
0.000000
  0
VERTEX
  8
PG_SILKSCREEN_BOTTOM
 10
8.449056
 20
28.552902
 40
0.101600
 41
0.101600
 42
0.000000
  0
VERTEX
  8
PG_SILKSCREEN_BOTTOM
 10
8.449056
 20
29.162502
 40
0.101600
 41
0.101600
 42
0.000000
  0
SEQEND
  0
POLYLINE
  8
PG_SILKSCREEN_BOTTOM
 66
1
 70
0
 40
0.000000
 41
0.000000
 39
0.000000
  0
VERTEX
  8
PG_SILKSCREEN_BOTTOM
 10
7.737856
 20
29.162502
 40
0.101600
 41
0.101600
 42
0.000000
  0
VERTEX
  8
PG_SILKSCREEN_BOTTOM
 10
7.737856
 20
28.578302
 40
0.101600
 41
0.101600
 42
0.000000
  0
SEQEND
  0
POLYLINE
  8
PG_SILKSCREEN_BOTTOM
 66
1
 70
0
 40
0.000000
 41
0.000000
 39
0.000000
  0
VERTEX
  8
PG_SILKSCREEN_BOTTOM
 10
7.737856
 20
27.532508
 40
0.101600
 41
0.101600
 42
0.000000
  0
VERTEX
  8
PG_SILKSCREEN_BOTTOM
 10
7.737856
 20
28.142108
 40
0.101600
 41
0.101600
 42
0.000000
  0
SEQEND
  0
POLYLINE
  8
PG_SILKSCREEN_BOTTOM
 66
1
 70
0
 40
0.000000
 41
0.000000
 39
0.000000
  0
VERTEX
  8
PG_SILKSCREEN_BOTTOM
 10
8.449056
 20
27.532508
 40
0.101600
 41
0.101600
 42
0.000000
  0
VERTEX
  8
PG_SILKSCREEN_BOTTOM
 10
7.737856
 20
27.532508
 40
0.101600
 41
0.101600
 42
0.000000
  0
SEQEND
  0
POLYLINE
  8
PG_SILKSCREEN_BOTTOM
 66
1
 70
0
 40
0.000000
 41
0.000000
 39
0.000000
  0
VERTEX
  8
PG_SILKSCREEN_BOTTOM
 10
8.449056
 20
27.532508
 40
0.101600
 41
0.101600
 42
0.000000
  0
VERTEX
  8
PG_SILKSCREEN_BOTTOM
 10
8.449056
 20
28.142108
 40
0.101600
 41
0.101600
 42
0.000000
  0
SEQEND
  0
POLYLINE
  8
PIN_BOTTOM
 66
1
 70
1
 40
0.000000
 41
0.000000
 39
0.000000
  0
VERTEX
  8
PIN_BOTTOM
 10
3.360776
 20
68.834381
 40
0.000000
 41
0.000000
 42
0.000000
  0
VERTEX
  8
PIN_BOTTOM
 10
3.360776
 20
68.326381
 40
0.000000
 41
0.000000
 42
0.000000
  0
VERTEX
  8
PIN_BOTTOM
 10
3.868776
 20
68.326381
 40
0.000000
 41
0.000000
 42
0.000000
  0
VERTEX
  8
PIN_BOTTOM
 10
3.868776
 20
68.834381
 40
0.000000
 41
0.000000
 42
0.000000
  0
SEQEND
  0
POLYLINE
  8
PIN_BOTTOM
 66
1
 70
1
 40
0.000000
 41
0.000000
 39
0.000000
  0
VERTEX
  8
PIN_BOTTOM
 10
4.275176
 20
68.834381
 40
0.000000
 41
0.000000
 42
0.000000
  0
VERTEX
  8
PIN_BOTTOM
 10
4.275176
 20
68.326381
 40
0.000000
 41
0.000000
 42
0.000000
  0
VERTEX
  8
PIN_BOTTOM
 10
4.783176
 20
68.326381
 40
0.000000
 41
0.000000
 42
0.000000
  0
VERTEX
  8
PIN_BOTTOM
 10
4.783176
 20
68.834381
 40
0.000000
 41
0.000000
 42
0.000000
  0
SEQEND
  0
POLYLINE
  8
PG_SILKSCREEN_BOTTOM
 66
1
 70
0
 40
0.000000
 41
0.000000
 39
0.000000
  0
VERTEX
  8
PG_SILKSCREEN_BOTTOM
 10
4.889170
 20
68.224781
 40
0.101600
 41
0.101600
 42
0.000000
  0
VERTEX
  8
PG_SILKSCREEN_BOTTOM
 10
4.889170
 20
68.935981
 40
0.101600
 41
0.101600
 42
0.000000
  0
SEQEND
  0
POLYLINE
  8
PG_SILKSCREEN_BOTTOM
 66
1
 70
0
 40
0.000000
 41
0.000000
 39
0.000000
  0
VERTEX
  8
PG_SILKSCREEN_BOTTOM
 10
4.275176
 20
68.224781
 40
0.101600
 41
0.101600
 42
0.000000
  0
VERTEX
  8
PG_SILKSCREEN_BOTTOM
 10
4.884776
 20
68.224781
 40
0.101600
 41
0.101600
 42
0.000000
  0
SEQEND
  0
POLYLINE
  8
PG_SILKSCREEN_BOTTOM
 66
1
 70
0
 40
0.000000
 41
0.000000
 39
0.000000
  0
VERTEX
  8
PG_SILKSCREEN_BOTTOM
 10
4.884776
 20
68.935981
 40
0.101600
 41
0.101600
 42
0.000000
  0
VERTEX
  8
PG_SILKSCREEN_BOTTOM
 10
4.300576
 20
68.935981
 40
0.101600
 41
0.101600
 42
0.000000
  0
SEQEND
  0
POLYLINE
  8
PG_SILKSCREEN_BOTTOM
 66
1
 70
0
 40
0.000000
 41
0.000000
 39
0.000000
  0
VERTEX
  8
PG_SILKSCREEN_BOTTOM
 10
3.254781
 20
68.935981
 40
0.101600
 41
0.101600
 42
0.000000
  0
VERTEX
  8
PG_SILKSCREEN_BOTTOM
 10
3.864381
 20
68.935981
 40
0.101600
 41
0.101600
 42
0.000000
  0
SEQEND
  0
POLYLINE
  8
PG_SILKSCREEN_BOTTOM
 66
1
 70
0
 40
0.000000
 41
0.000000
 39
0.000000
  0
VERTEX
  8
PG_SILKSCREEN_BOTTOM
 10
3.254781
 20
68.224781
 40
0.101600
 41
0.101600
 42
0.000000
  0
VERTEX
  8
PG_SILKSCREEN_BOTTOM
 10
3.254781
 20
68.935981
 40
0.101600
 41
0.101600
 42
0.000000
  0
SEQEND
  0
POLYLINE
  8
PG_SILKSCREEN_BOTTOM
 66
1
 70
0
 40
0.000000
 41
0.000000
 39
0.000000
  0
VERTEX
  8
PG_SILKSCREEN_BOTTOM
 10
3.254781
 20
68.224781
 40
0.101600
 41
0.101600
 42
0.000000
  0
VERTEX
  8
PG_SILKSCREEN_BOTTOM
 10
3.864381
 20
68.224781
 40
0.101600
 41
0.101600
 42
0.000000
  0
SEQEND
  0
POLYLINE
  8
PIN_BOTTOM
 66
1
 70
1
 40
0.000000
 41
0.000000
 39
0.000000
  0
VERTEX
  8
PIN_BOTTOM
 10
20.098004
 20
67.105530
 40
0.000000
 41
0.000000
 42
0.000000
  0
VERTEX
  8
PIN_BOTTOM
 10
20.098004
 20
66.597530
 40
0.000000
 41
0.000000
 42
0.000000
  0
VERTEX
  8
PIN_BOTTOM
 10
20.606004
 20
66.597530
 40
0.000000
 41
0.000000
 42
0.000000
  0
VERTEX
  8
PIN_BOTTOM
 10
20.606004
 20
67.105530
 40
0.000000
 41
0.000000
 42
0.000000
  0
SEQEND
  0
POLYLINE
  8
PIN_BOTTOM
 66
1
 70
1
 40
0.000000
 41
0.000000
 39
0.000000
  0
VERTEX
  8
PIN_BOTTOM
 10
21.012404
 20
67.105530
 40
0.000000
 41
0.000000
 42
0.000000
  0
VERTEX
  8
PIN_BOTTOM
 10
21.012404
 20
66.597530
 40
0.000000
 41
0.000000
 42
0.000000
  0
VERTEX
  8
PIN_BOTTOM
 10
21.520404
 20
66.597530
 40
0.000000
 41
0.000000
 42
0.000000
  0
VERTEX
  8
PIN_BOTTOM
 10
21.520404
 20
67.105530
 40
0.000000
 41
0.000000
 42
0.000000
  0
SEQEND
  0
POLYLINE
  8
PG_SILKSCREEN_BOTTOM
 66
1
 70
0
 40
0.000000
 41
0.000000
 39
0.000000
  0
VERTEX
  8
PG_SILKSCREEN_BOTTOM
 10
21.626398
 20
66.495930
 40
0.101600
 41
0.101600
 42
0.000000
  0
VERTEX
  8
PG_SILKSCREEN_BOTTOM
 10
21.626398
 20
67.207130
 40
0.101600
 41
0.101600
 42
0.000000
  0
SEQEND
  0
POLYLINE
  8
PG_SILKSCREEN_BOTTOM
 66
1
 70
0
 40
0.000000
 41
0.000000
 39
0.000000
  0
VERTEX
  8
PG_SILKSCREEN_BOTTOM
 10
21.012404
 20
66.495930
 40
0.101600
 41
0.101600
 42
0.000000
  0
VERTEX
  8
PG_SILKSCREEN_BOTTOM
 10
21.622004
 20
66.495930
 40
0.101600
 41
0.101600
 42
0.000000
  0
SEQEND
  0
POLYLINE
  8
PG_SILKSCREEN_BOTTOM
 66
1
 70
0
 40
0.000000
 41
0.000000
 39
0.000000
  0
VERTEX
  8
PG_SILKSCREEN_BOTTOM
 10
21.622004
 20
67.207130
 40
0.101600
 41
0.101600
 42
0.000000
  0
VERTEX
  8
PG_SILKSCREEN_BOTTOM
 10
21.037804
 20
67.207130
 40
0.101600
 41
0.101600
 42
0.000000
  0
SEQEND
  0
POLYLINE
  8
PG_SILKSCREEN_BOTTOM
 66
1
 70
0
 40
0.000000
 41
0.000000
 39
0.000000
  0
VERTEX
  8
PG_SILKSCREEN_BOTTOM
 10
19.992010
 20
67.207130
 40
0.101600
 41
0.101600
 42
0.000000
  0
VERTEX
  8
PG_SILKSCREEN_BOTTOM
 10
20.601610
 20
67.207130
 40
0.101600
 41
0.101600
 42
0.000000
  0
SEQEND
  0
POLYLINE
  8
PG_SILKSCREEN_BOTTOM
 66
1
 70
0
 40
0.000000
 41
0.000000
 39
0.000000
  0
VERTEX
  8
PG_SILKSCREEN_BOTTOM
 10
19.992010
 20
66.495930
 40
0.101600
 41
0.101600
 42
0.000000
  0
VERTEX
  8
PG_SILKSCREEN_BOTTOM
 10
19.992010
 20
67.207130
 40
0.101600
 41
0.101600
 42
0.000000
  0
SEQEND
  0
POLYLINE
  8
PG_SILKSCREEN_BOTTOM
 66
1
 70
0
 40
0.000000
 41
0.000000
 39
0.000000
  0
VERTEX
  8
PG_SILKSCREEN_BOTTOM
 10
19.992010
 20
66.495930
 40
0.101600
 41
0.101600
 42
0.000000
  0
VERTEX
  8
PG_SILKSCREEN_BOTTOM
 10
20.601610
 20
66.495930
 40
0.101600
 41
0.101600
 42
0.000000
  0
SEQEND
  0
POLYLINE
  8
PIN_BOTTOM
 66
1
 70
1
 40
0.000000
 41
0.000000
 39
0.000000
  0
VERTEX
  8
PIN_BOTTOM
 10
21.934424
 20
68.784978
 40
0.000000
 41
0.000000
 42
0.000000
  0
VERTEX
  8
PIN_BOTTOM
 10
21.934424
 20
69.292978
 40
0.000000
 41
0.000000
 42
0.000000
  0
VERTEX
  8
PIN_BOTTOM
 10
21.426424
 20
69.292978
 40
0.000000
 41
0.000000
 42
0.000000
  0
VERTEX
  8
PIN_BOTTOM
 10
21.426424
 20
68.784978
 40
0.000000
 41
0.000000
 42
0.000000
  0
SEQEND
  0
POLYLINE
  8
PIN_BOTTOM
 66
1
 70
1
 40
0.000000
 41
0.000000
 39
0.000000
  0
VERTEX
  8
PIN_BOTTOM
 10
21.020024
 20
68.784978
 40
0.000000
 41
0.000000
 42
0.000000
  0
VERTEX
  8
PIN_BOTTOM
 10
21.020024
 20
69.292978
 40
0.000000
 41
0.000000
 42
0.000000
  0
VERTEX
  8
PIN_BOTTOM
 10
20.512024
 20
69.292978
 40
0.000000
 41
0.000000
 42
0.000000
  0
VERTEX
  8
PIN_BOTTOM
 10
20.512024
 20
68.784978
 40
0.000000
 41
0.000000
 42
0.000000
  0
SEQEND
  0
POLYLINE
  8
PG_SILKSCREEN_BOTTOM
 66
1
 70
0
 40
0.000000
 41
0.000000
 39
0.000000
  0
VERTEX
  8
PG_SILKSCREEN_BOTTOM
 10
20.406030
 20
69.394578
 40
0.101600
 41
0.101600
 42
0.000000
  0
VERTEX
  8
PG_SILKSCREEN_BOTTOM
 10
20.406030
 20
68.683378
 40
0.101600
 41
0.101600
 42
0.000000
  0
SEQEND
  0
POLYLINE
  8
PG_SILKSCREEN_BOTTOM
 66
1
 70
0
 40
0.000000
 41
0.000000
 39
0.000000
  0
VERTEX
  8
PG_SILKSCREEN_BOTTOM
 10
21.020024
 20
69.394578
 40
0.101600
 41
0.101600
 42
0.000000
  0
VERTEX
  8
PG_SILKSCREEN_BOTTOM
 10
20.410424
 20
69.394578
 40
0.101600
 41
0.101600
 42
0.000000
  0
SEQEND
  0
POLYLINE
  8
PG_SILKSCREEN_BOTTOM
 66
1
 70
0
 40
0.000000
 41
0.000000
 39
0.000000
  0
VERTEX
  8
PG_SILKSCREEN_BOTTOM
 10
20.410424
 20
68.683378
 40
0.101600
 41
0.101600
 42
0.000000
  0
VERTEX
  8
PG_SILKSCREEN_BOTTOM
 10
20.994624
 20
68.683378
 40
0.101600
 41
0.101600
 42
0.000000
  0
SEQEND
  0
POLYLINE
  8
PG_SILKSCREEN_BOTTOM
 66
1
 70
0
 40
0.000000
 41
0.000000
 39
0.000000
  0
VERTEX
  8
PG_SILKSCREEN_BOTTOM
 10
22.040418
 20
68.683378
 40
0.101600
 41
0.101600
 42
0.000000
  0
VERTEX
  8
PG_SILKSCREEN_BOTTOM
 10
21.430818
 20
68.683378
 40
0.101600
 41
0.101600
 42
0.000000
  0
SEQEND
  0
POLYLINE
  8
PG_SILKSCREEN_BOTTOM
 66
1
 70
0
 40
0.000000
 41
0.000000
 39
0.000000
  0
VERTEX
  8
PG_SILKSCREEN_BOTTOM
 10
22.040418
 20
69.394578
 40
0.101600
 41
0.101600
 42
0.000000
  0
VERTEX
  8
PG_SILKSCREEN_BOTTOM
 10
22.040418
 20
68.683378
 40
0.101600
 41
0.101600
 42
0.000000
  0
SEQEND
  0
POLYLINE
  8
PG_SILKSCREEN_BOTTOM
 66
1
 70
0
 40
0.000000
 41
0.000000
 39
0.000000
  0
VERTEX
  8
PG_SILKSCREEN_BOTTOM
 10
22.040418
 20
69.394578
 40
0.101600
 41
0.101600
 42
0.000000
  0
VERTEX
  8
PG_SILKSCREEN_BOTTOM
 10
21.430818
 20
69.394578
 40
0.101600
 41
0.101600
 42
0.000000
  0
SEQEND
  0
POLYLINE
  8
PIN_BOTTOM
 66
1
 70
1
 40
0.000000
 41
0.000000
 39
0.000000
  0
VERTEX
  8
PIN_BOTTOM
 10
7.816190
 20
68.866385
 40
0.000000
 41
0.000000
 42
0.000000
  0
VERTEX
  8
PIN_BOTTOM
 10
7.816190
 20
68.358385
 40
0.000000
 41
0.000000
 42
0.000000
  0
VERTEX
  8
PIN_BOTTOM
 10
8.324190
 20
68.358385
 40
0.000000
 41
0.000000
 42
0.000000
  0
VERTEX
  8
PIN_BOTTOM
 10
8.324190
 20
68.866385
 40
0.000000
 41
0.000000
 42
0.000000
  0
SEQEND
  0
POLYLINE
  8
PIN_BOTTOM
 66
1
 70
1
 40
0.000000
 41
0.000000
 39
0.000000
  0
VERTEX
  8
PIN_BOTTOM
 10
8.730590
 20
68.866385
 40
0.000000
 41
0.000000
 42
0.000000
  0
VERTEX
  8
PIN_BOTTOM
 10
8.730590
 20
68.358385
 40
0.000000
 41
0.000000
 42
0.000000
  0
VERTEX
  8
PIN_BOTTOM
 10
9.238590
 20
68.358385
 40
0.000000
 41
0.000000
 42
0.000000
  0
VERTEX
  8
PIN_BOTTOM
 10
9.238590
 20
68.866385
 40
0.000000
 41
0.000000
 42
0.000000
  0
SEQEND
  0
POLYLINE
  8
PG_SILKSCREEN_BOTTOM
 66
1
 70
0
 40
0.000000
 41
0.000000
 39
0.000000
  0
VERTEX
  8
PG_SILKSCREEN_BOTTOM
 10
9.344584
 20
68.256785
 40
0.101600
 41
0.101600
 42
0.000000
  0
VERTEX
  8
PG_SILKSCREEN_BOTTOM
 10
9.344584
 20
68.967985
 40
0.101600
 41
0.101600
 42
0.000000
  0
SEQEND
  0
POLYLINE
  8
PG_SILKSCREEN_BOTTOM
 66
1
 70
0
 40
0.000000
 41
0.000000
 39
0.000000
  0
VERTEX
  8
PG_SILKSCREEN_BOTTOM
 10
8.730590
 20
68.256785
 40
0.101600
 41
0.101600
 42
0.000000
  0
VERTEX
  8
PG_SILKSCREEN_BOTTOM
 10
9.340190
 20
68.256785
 40
0.101600
 41
0.101600
 42
0.000000
  0
SEQEND
  0
POLYLINE
  8
PG_SILKSCREEN_BOTTOM
 66
1
 70
0
 40
0.000000
 41
0.000000
 39
0.000000
  0
VERTEX
  8
PG_SILKSCREEN_BOTTOM
 10
9.340190
 20
68.967985
 40
0.101600
 41
0.101600
 42
0.000000
  0
VERTEX
  8
PG_SILKSCREEN_BOTTOM
 10
8.755990
 20
68.967985
 40
0.101600
 41
0.101600
 42
0.000000
  0
SEQEND
  0
POLYLINE
  8
PG_SILKSCREEN_BOTTOM
 66
1
 70
0
 40
0.000000
 41
0.000000
 39
0.000000
  0
VERTEX
  8
PG_SILKSCREEN_BOTTOM
 10
7.710195
 20
68.967985
 40
0.101600
 41
0.101600
 42
0.000000
  0
VERTEX
  8
PG_SILKSCREEN_BOTTOM
 10
8.319795
 20
68.967985
 40
0.101600
 41
0.101600
 42
0.000000
  0
SEQEND
  0
POLYLINE
  8
PG_SILKSCREEN_BOTTOM
 66
1
 70
0
 40
0.000000
 41
0.000000
 39
0.000000
  0
VERTEX
  8
PG_SILKSCREEN_BOTTOM
 10
7.710195
 20
68.256785
 40
0.101600
 41
0.101600
 42
0.000000
  0
VERTEX
  8
PG_SILKSCREEN_BOTTOM
 10
7.710195
 20
68.967985
 40
0.101600
 41
0.101600
 42
0.000000
  0
SEQEND
  0
POLYLINE
  8
PG_SILKSCREEN_BOTTOM
 66
1
 70
0
 40
0.000000
 41
0.000000
 39
0.000000
  0
VERTEX
  8
PG_SILKSCREEN_BOTTOM
 10
7.710195
 20
68.256785
 40
0.101600
 41
0.101600
 42
0.000000
  0
VERTEX
  8
PG_SILKSCREEN_BOTTOM
 10
8.319795
 20
68.256785
 40
0.101600
 41
0.101600
 42
0.000000
  0
SEQEND
  0
POLYLINE
  8
PIN_BOTTOM
 66
1
 70
1
 40
0.000000
 41
0.000000
 39
0.000000
  0
VERTEX
  8
PIN_BOTTOM
 10
20.512024
 20
70.174358
 40
0.000000
 41
0.000000
 42
0.000000
  0
VERTEX
  8
PIN_BOTTOM
 10
20.512024
 20
69.666358
 40
0.000000
 41
0.000000
 42
0.000000
  0
VERTEX
  8
PIN_BOTTOM
 10
21.020024
 20
69.666358
 40
0.000000
 41
0.000000
 42
0.000000
  0
VERTEX
  8
PIN_BOTTOM
 10
21.020024
 20
70.174358
 40
0.000000
 41
0.000000
 42
0.000000
  0
SEQEND
  0
POLYLINE
  8
PIN_BOTTOM
 66
1
 70
1
 40
0.000000
 41
0.000000
 39
0.000000
  0
VERTEX
  8
PIN_BOTTOM
 10
21.426424
 20
70.174358
 40
0.000000
 41
0.000000
 42
0.000000
  0
VERTEX
  8
PIN_BOTTOM
 10
21.426424
 20
69.666358
 40
0.000000
 41
0.000000
 42
0.000000
  0
VERTEX
  8
PIN_BOTTOM
 10
21.934424
 20
69.666358
 40
0.000000
 41
0.000000
 42
0.000000
  0
VERTEX
  8
PIN_BOTTOM
 10
21.934424
 20
70.174358
 40
0.000000
 41
0.000000
 42
0.000000
  0
SEQEND
  0
POLYLINE
  8
PG_SILKSCREEN_BOTTOM
 66
1
 70
0
 40
0.000000
 41
0.000000
 39
0.000000
  0
VERTEX
  8
PG_SILKSCREEN_BOTTOM
 10
22.040418
 20
69.564758
 40
0.101600
 41
0.101600
 42
0.000000
  0
VERTEX
  8
PG_SILKSCREEN_BOTTOM
 10
22.040418
 20
70.275958
 40
0.101600
 41
0.101600
 42
0.000000
  0
SEQEND
  0
POLYLINE
  8
PG_SILKSCREEN_BOTTOM
 66
1
 70
0
 40
0.000000
 41
0.000000
 39
0.000000
  0
VERTEX
  8
PG_SILKSCREEN_BOTTOM
 10
21.426424
 20
69.564758
 40
0.101600
 41
0.101600
 42
0.000000
  0
VERTEX
  8
PG_SILKSCREEN_BOTTOM
 10
22.036024
 20
69.564758
 40
0.101600
 41
0.101600
 42
0.000000
  0
SEQEND
  0
POLYLINE
  8
PG_SILKSCREEN_BOTTOM
 66
1
 70
0
 40
0.000000
 41
0.000000
 39
0.000000
  0
VERTEX
  8
PG_SILKSCREEN_BOTTOM
 10
22.036024
 20
70.275958
 40
0.101600
 41
0.101600
 42
0.000000
  0
VERTEX
  8
PG_SILKSCREEN_BOTTOM
 10
21.451824
 20
70.275958
 40
0.101600
 41
0.101600
 42
0.000000
  0
SEQEND
  0
POLYLINE
  8
PG_SILKSCREEN_BOTTOM
 66
1
 70
0
 40
0.000000
 41
0.000000
 39
0.000000
  0
VERTEX
  8
PG_SILKSCREEN_BOTTOM
 10
20.406030
 20
70.275958
 40
0.101600
 41
0.101600
 42
0.000000
  0
VERTEX
  8
PG_SILKSCREEN_BOTTOM
 10
21.015630
 20
70.275958
 40
0.101600
 41
0.101600
 42
0.000000
  0
SEQEND
  0
POLYLINE
  8
PG_SILKSCREEN_BOTTOM
 66
1
 70
0
 40
0.000000
 41
0.000000
 39
0.000000
  0
VERTEX
  8
PG_SILKSCREEN_BOTTOM
 10
20.406030
 20
69.564758
 40
0.101600
 41
0.101600
 42
0.000000
  0
VERTEX
  8
PG_SILKSCREEN_BOTTOM
 10
20.406030
 20
70.275958
 40
0.101600
 41
0.101600
 42
0.000000
  0
SEQEND
  0
POLYLINE
  8
PG_SILKSCREEN_BOTTOM
 66
1
 70
0
 40
0.000000
 41
0.000000
 39
0.000000
  0
VERTEX
  8
PG_SILKSCREEN_BOTTOM
 10
20.406030
 20
69.564758
 40
0.101600
 41
0.101600
 42
0.000000
  0
VERTEX
  8
PG_SILKSCREEN_BOTTOM
 10
21.015630
 20
69.564758
 40
0.101600
 41
0.101600
 42
0.000000
  0
SEQEND
  0
POLYLINE
  8
PIN_BOTTOM
 66
1
 70
1
 40
0.000000
 41
0.000000
 39
0.000000
  0
VERTEX
  8
PIN_BOTTOM
 10
9.078087
 20
68.034306
 40
0.000000
 41
0.000000
 42
0.000000
  0
VERTEX
  8
PIN_BOTTOM
 10
8.570087
 20
68.034306
 40
0.000000
 41
0.000000
 42
0.000000
  0
VERTEX
  8
PIN_BOTTOM
 10
8.570087
 20
67.526306
 40
0.000000
 41
0.000000
 42
0.000000
  0
VERTEX
  8
PIN_BOTTOM
 10
9.078087
 20
67.526306
 40
0.000000
 41
0.000000
 42
0.000000
  0
SEQEND
  0
POLYLINE
  8
PIN_BOTTOM
 66
1
 70
1
 40
0.000000
 41
0.000000
 39
0.000000
  0
VERTEX
  8
PIN_BOTTOM
 10
9.078087
 20
67.119906
 40
0.000000
 41
0.000000
 42
0.000000
  0
VERTEX
  8
PIN_BOTTOM
 10
8.570087
 20
67.119906
 40
0.000000
 41
0.000000
 42
0.000000
  0
VERTEX
  8
PIN_BOTTOM
 10
8.570087
 20
66.611906
 40
0.000000
 41
0.000000
 42
0.000000
  0
VERTEX
  8
PIN_BOTTOM
 10
9.078087
 20
66.611906
 40
0.000000
 41
0.000000
 42
0.000000
  0
SEQEND
  0
POLYLINE
  8
PG_SILKSCREEN_BOTTOM
 66
1
 70
0
 40
0.000000
 41
0.000000
 39
0.000000
  0
VERTEX
  8
PG_SILKSCREEN_BOTTOM
 10
8.468487
 20
66.505912
 40
0.101600
 41
0.101600
 42
0.000000
  0
VERTEX
  8
PG_SILKSCREEN_BOTTOM
 10
9.179687
 20
66.505912
 40
0.101600
 41
0.101600
 42
0.000000
  0
SEQEND
  0
POLYLINE
  8
PG_SILKSCREEN_BOTTOM
 66
1
 70
0
 40
0.000000
 41
0.000000
 39
0.000000
  0
VERTEX
  8
PG_SILKSCREEN_BOTTOM
 10
8.468487
 20
67.119906
 40
0.101600
 41
0.101600
 42
0.000000
  0
VERTEX
  8
PG_SILKSCREEN_BOTTOM
 10
8.468487
 20
66.510306
 40
0.101600
 41
0.101600
 42
0.000000
  0
SEQEND
  0
POLYLINE
  8
PG_SILKSCREEN_BOTTOM
 66
1
 70
0
 40
0.000000
 41
0.000000
 39
0.000000
  0
VERTEX
  8
PG_SILKSCREEN_BOTTOM
 10
9.179687
 20
66.510306
 40
0.101600
 41
0.101600
 42
0.000000
  0
VERTEX
  8
PG_SILKSCREEN_BOTTOM
 10
9.179687
 20
67.094506
 40
0.101600
 41
0.101600
 42
0.000000
  0
SEQEND
  0
POLYLINE
  8
PG_SILKSCREEN_BOTTOM
 66
1
 70
0
 40
0.000000
 41
0.000000
 39
0.000000
  0
VERTEX
  8
PG_SILKSCREEN_BOTTOM
 10
9.179687
 20
68.140301
 40
0.101600
 41
0.101600
 42
0.000000
  0
VERTEX
  8
PG_SILKSCREEN_BOTTOM
 10
9.179687
 20
67.530701
 40
0.101600
 41
0.101600
 42
0.000000
  0
SEQEND
  0
POLYLINE
  8
PG_SILKSCREEN_BOTTOM
 66
1
 70
0
 40
0.000000
 41
0.000000
 39
0.000000
  0
VERTEX
  8
PG_SILKSCREEN_BOTTOM
 10
8.468487
 20
68.140301
 40
0.101600
 41
0.101600
 42
0.000000
  0
VERTEX
  8
PG_SILKSCREEN_BOTTOM
 10
9.179687
 20
68.140301
 40
0.101600
 41
0.101600
 42
0.000000
  0
SEQEND
  0
POLYLINE
  8
PG_SILKSCREEN_BOTTOM
 66
1
 70
0
 40
0.000000
 41
0.000000
 39
0.000000
  0
VERTEX
  8
PG_SILKSCREEN_BOTTOM
 10
8.468487
 20
68.140301
 40
0.101600
 41
0.101600
 42
0.000000
  0
VERTEX
  8
PG_SILKSCREEN_BOTTOM
 10
8.468487
 20
67.530701
 40
0.101600
 41
0.101600
 42
0.000000
  0
SEQEND
  0
POLYLINE
  8
PIN_BOTTOM
 66
1
 70
1
 40
0.000000
 41
0.000000
 39
0.000000
  0
VERTEX
  8
PIN_BOTTOM
 10
9.703918
 20
66.378709
 40
0.000000
 41
0.000000
 42
0.000000
  0
VERTEX
  8
PIN_BOTTOM
 10
9.703918
 20
65.870709
 40
0.000000
 41
0.000000
 42
0.000000
  0
VERTEX
  8
PIN_BOTTOM
 10
10.211918
 20
65.870709
 40
0.000000
 41
0.000000
 42
0.000000
  0
VERTEX
  8
PIN_BOTTOM
 10
10.211918
 20
66.378709
 40
0.000000
 41
0.000000
 42
0.000000
  0
SEQEND
  0
POLYLINE
  8
PIN_BOTTOM
 66
1
 70
1
 40
0.000000
 41
0.000000
 39
0.000000
  0
VERTEX
  8
PIN_BOTTOM
 10
10.618318
 20
66.378709
 40
0.000000
 41
0.000000
 42
0.000000
  0
VERTEX
  8
PIN_BOTTOM
 10
10.618318
 20
65.870709
 40
0.000000
 41
0.000000
 42
0.000000
  0
VERTEX
  8
PIN_BOTTOM
 10
11.126318
 20
65.870709
 40
0.000000
 41
0.000000
 42
0.000000
  0
VERTEX
  8
PIN_BOTTOM
 10
11.126318
 20
66.378709
 40
0.000000
 41
0.000000
 42
0.000000
  0
SEQEND
  0
POLYLINE
  8
PG_SILKSCREEN_BOTTOM
 66
1
 70
0
 40
0.000000
 41
0.000000
 39
0.000000
  0
VERTEX
  8
PG_SILKSCREEN_BOTTOM
 10
11.232312
 20
65.769109
 40
0.101600
 41
0.101600
 42
0.000000
  0
VERTEX
  8
PG_SILKSCREEN_BOTTOM
 10
11.232312
 20
66.480309
 40
0.101600
 41
0.101600
 42
0.000000
  0
SEQEND
  0
POLYLINE
  8
PG_SILKSCREEN_BOTTOM
 66
1
 70
0
 40
0.000000
 41
0.000000
 39
0.000000
  0
VERTEX
  8
PG_SILKSCREEN_BOTTOM
 10
10.618318
 20
65.769109
 40
0.101600
 41
0.101600
 42
0.000000
  0
VERTEX
  8
PG_SILKSCREEN_BOTTOM
 10
11.227918
 20
65.769109
 40
0.101600
 41
0.101600
 42
0.000000
  0
SEQEND
  0
POLYLINE
  8
PG_SILKSCREEN_BOTTOM
 66
1
 70
0
 40
0.000000
 41
0.000000
 39
0.000000
  0
VERTEX
  8
PG_SILKSCREEN_BOTTOM
 10
11.227918
 20
66.480309
 40
0.101600
 41
0.101600
 42
0.000000
  0
VERTEX
  8
PG_SILKSCREEN_BOTTOM
 10
10.643718
 20
66.480309
 40
0.101600
 41
0.101600
 42
0.000000
  0
SEQEND
  0
POLYLINE
  8
PG_SILKSCREEN_BOTTOM
 66
1
 70
0
 40
0.000000
 41
0.000000
 39
0.000000
  0
VERTEX
  8
PG_SILKSCREEN_BOTTOM
 10
9.597923
 20
66.480309
 40
0.101600
 41
0.101600
 42
0.000000
  0
VERTEX
  8
PG_SILKSCREEN_BOTTOM
 10
10.207523
 20
66.480309
 40
0.101600
 41
0.101600
 42
0.000000
  0
SEQEND
  0
POLYLINE
  8
PG_SILKSCREEN_BOTTOM
 66
1
 70
0
 40
0.000000
 41
0.000000
 39
0.000000
  0
VERTEX
  8
PG_SILKSCREEN_BOTTOM
 10
9.597923
 20
65.769109
 40
0.101600
 41
0.101600
 42
0.000000
  0
VERTEX
  8
PG_SILKSCREEN_BOTTOM
 10
9.597923
 20
66.480309
 40
0.101600
 41
0.101600
 42
0.000000
  0
SEQEND
  0
POLYLINE
  8
PG_SILKSCREEN_BOTTOM
 66
1
 70
0
 40
0.000000
 41
0.000000
 39
0.000000
  0
VERTEX
  8
PG_SILKSCREEN_BOTTOM
 10
9.597923
 20
65.769109
 40
0.101600
 41
0.101600
 42
0.000000
  0
VERTEX
  8
PG_SILKSCREEN_BOTTOM
 10
10.207523
 20
65.769109
 40
0.101600
 41
0.101600
 42
0.000000
  0
SEQEND
  0
POLYLINE
  8
PIN_BOTTOM
 66
1
 70
1
 40
0.000000
 41
0.000000
 39
0.000000
  0
VERTEX
  8
PIN_BOTTOM
 10
9.972904
 20
67.261486
 40
0.000000
 41
0.000000
 42
0.000000
  0
VERTEX
  8
PIN_BOTTOM
 10
9.972904
 20
66.753486
 40
0.000000
 41
0.000000
 42
0.000000
  0
VERTEX
  8
PIN_BOTTOM
 10
10.480904
 20
66.753486
 40
0.000000
 41
0.000000
 42
0.000000
  0
VERTEX
  8
PIN_BOTTOM
 10
10.480904
 20
67.261486
 40
0.000000
 41
0.000000
 42
0.000000
  0
SEQEND
  0
POLYLINE
  8
PIN_BOTTOM
 66
1
 70
1
 40
0.000000
 41
0.000000
 39
0.000000
  0
VERTEX
  8
PIN_BOTTOM
 10
10.887304
 20
67.261486
 40
0.000000
 41
0.000000
 42
0.000000
  0
VERTEX
  8
PIN_BOTTOM
 10
10.887304
 20
66.753486
 40
0.000000
 41
0.000000
 42
0.000000
  0
VERTEX
  8
PIN_BOTTOM
 10
11.395304
 20
66.753486
 40
0.000000
 41
0.000000
 42
0.000000
  0
VERTEX
  8
PIN_BOTTOM
 10
11.395304
 20
67.261486
 40
0.000000
 41
0.000000
 42
0.000000
  0
SEQEND
  0
POLYLINE
  8
PG_SILKSCREEN_BOTTOM
 66
1
 70
0
 40
0.000000
 41
0.000000
 39
0.000000
  0
VERTEX
  8
PG_SILKSCREEN_BOTTOM
 10
11.501298
 20
66.651886
 40
0.101600
 41
0.101600
 42
0.000000
  0
VERTEX
  8
PG_SILKSCREEN_BOTTOM
 10
11.501298
 20
67.363086
 40
0.101600
 41
0.101600
 42
0.000000
  0
SEQEND
  0
POLYLINE
  8
PG_SILKSCREEN_BOTTOM
 66
1
 70
0
 40
0.000000
 41
0.000000
 39
0.000000
  0
VERTEX
  8
PG_SILKSCREEN_BOTTOM
 10
10.887304
 20
66.651886
 40
0.101600
 41
0.101600
 42
0.000000
  0
VERTEX
  8
PG_SILKSCREEN_BOTTOM
 10
11.496904
 20
66.651886
 40
0.101600
 41
0.101600
 42
0.000000
  0
SEQEND
  0
POLYLINE
  8
PG_SILKSCREEN_BOTTOM
 66
1
 70
0
 40
0.000000
 41
0.000000
 39
0.000000
  0
VERTEX
  8
PG_SILKSCREEN_BOTTOM
 10
11.496904
 20
67.363086
 40
0.101600
 41
0.101600
 42
0.000000
  0
VERTEX
  8
PG_SILKSCREEN_BOTTOM
 10
10.912704
 20
67.363086
 40
0.101600
 41
0.101600
 42
0.000000
  0
SEQEND
  0
POLYLINE
  8
PG_SILKSCREEN_BOTTOM
 66
1
 70
0
 40
0.000000
 41
0.000000
 39
0.000000
  0
VERTEX
  8
PG_SILKSCREEN_BOTTOM
 10
9.866909
 20
67.363086
 40
0.101600
 41
0.101600
 42
0.000000
  0
VERTEX
  8
PG_SILKSCREEN_BOTTOM
 10
10.476509
 20
67.363086
 40
0.101600
 41
0.101600
 42
0.000000
  0
SEQEND
  0
POLYLINE
  8
PG_SILKSCREEN_BOTTOM
 66
1
 70
0
 40
0.000000
 41
0.000000
 39
0.000000
  0
VERTEX
  8
PG_SILKSCREEN_BOTTOM
 10
9.866909
 20
66.651886
 40
0.101600
 41
0.101600
 42
0.000000
  0
VERTEX
  8
PG_SILKSCREEN_BOTTOM
 10
9.866909
 20
67.363086
 40
0.101600
 41
0.101600
 42
0.000000
  0
SEQEND
  0
POLYLINE
  8
PG_SILKSCREEN_BOTTOM
 66
1
 70
0
 40
0.000000
 41
0.000000
 39
0.000000
  0
VERTEX
  8
PG_SILKSCREEN_BOTTOM
 10
9.866909
 20
66.651886
 40
0.101600
 41
0.101600
 42
0.000000
  0
VERTEX
  8
PG_SILKSCREEN_BOTTOM
 10
10.476509
 20
66.651886
 40
0.101600
 41
0.101600
 42
0.000000
  0
SEQEND
  0
POLYLINE
  8
PIN_BOTTOM
 66
1
 70
1
 40
0.000000
 41
0.000000
 39
0.000000
  0
VERTEX
  8
PIN_BOTTOM
 10
10.313264
 20
68.109211
 40
0.000000
 41
0.000000
 42
0.000000
  0
VERTEX
  8
PIN_BOTTOM
 10
10.313264
 20
67.601211
 40
0.000000
 41
0.000000
 42
0.000000
  0
VERTEX
  8
PIN_BOTTOM
 10
10.821264
 20
67.601211
 40
0.000000
 41
0.000000
 42
0.000000
  0
VERTEX
  8
PIN_BOTTOM
 10
10.821264
 20
68.109211
 40
0.000000
 41
0.000000
 42
0.000000
  0
SEQEND
  0
POLYLINE
  8
PIN_BOTTOM
 66
1
 70
1
 40
0.000000
 41
0.000000
 39
0.000000
  0
VERTEX
  8
PIN_BOTTOM
 10
11.227664
 20
68.109211
 40
0.000000
 41
0.000000
 42
0.000000
  0
VERTEX
  8
PIN_BOTTOM
 10
11.227664
 20
67.601211
 40
0.000000
 41
0.000000
 42
0.000000
  0
VERTEX
  8
PIN_BOTTOM
 10
11.735664
 20
67.601211
 40
0.000000
 41
0.000000
 42
0.000000
  0
VERTEX
  8
PIN_BOTTOM
 10
11.735664
 20
68.109211
 40
0.000000
 41
0.000000
 42
0.000000
  0
SEQEND
  0
POLYLINE
  8
PG_SILKSCREEN_BOTTOM
 66
1
 70
0
 40
0.000000
 41
0.000000
 39
0.000000
  0
VERTEX
  8
PG_SILKSCREEN_BOTTOM
 10
11.841658
 20
67.499611
 40
0.101600
 41
0.101600
 42
0.000000
  0
VERTEX
  8
PG_SILKSCREEN_BOTTOM
 10
11.841658
 20
68.210811
 40
0.101600
 41
0.101600
 42
0.000000
  0
SEQEND
  0
POLYLINE
  8
PG_SILKSCREEN_BOTTOM
 66
1
 70
0
 40
0.000000
 41
0.000000
 39
0.000000
  0
VERTEX
  8
PG_SILKSCREEN_BOTTOM
 10
11.227664
 20
67.499611
 40
0.101600
 41
0.101600
 42
0.000000
  0
VERTEX
  8
PG_SILKSCREEN_BOTTOM
 10
11.837264
 20
67.499611
 40
0.101600
 41
0.101600
 42
0.000000
  0
SEQEND
  0
POLYLINE
  8
PG_SILKSCREEN_BOTTOM
 66
1
 70
0
 40
0.000000
 41
0.000000
 39
0.000000
  0
VERTEX
  8
PG_SILKSCREEN_BOTTOM
 10
11.837264
 20
68.210811
 40
0.101600
 41
0.101600
 42
0.000000
  0
VERTEX
  8
PG_SILKSCREEN_BOTTOM
 10
11.253064
 20
68.210811
 40
0.101600
 41
0.101600
 42
0.000000
  0
SEQEND
  0
POLYLINE
  8
PG_SILKSCREEN_BOTTOM
 66
1
 70
0
 40
0.000000
 41
0.000000
 39
0.000000
  0
VERTEX
  8
PG_SILKSCREEN_BOTTOM
 10
10.207269
 20
68.210811
 40
0.101600
 41
0.101600
 42
0.000000
  0
VERTEX
  8
PG_SILKSCREEN_BOTTOM
 10
10.816869
 20
68.210811
 40
0.101600
 41
0.101600
 42
0.000000
  0
SEQEND
  0
POLYLINE
  8
PG_SILKSCREEN_BOTTOM
 66
1
 70
0
 40
0.000000
 41
0.000000
 39
0.000000
  0
VERTEX
  8
PG_SILKSCREEN_BOTTOM
 10
10.207269
 20
67.499611
 40
0.101600
 41
0.101600
 42
0.000000
  0
VERTEX
  8
PG_SILKSCREEN_BOTTOM
 10
10.207269
 20
68.210811
 40
0.101600
 41
0.101600
 42
0.000000
  0
SEQEND
  0
POLYLINE
  8
PG_SILKSCREEN_BOTTOM
 66
1
 70
0
 40
0.000000
 41
0.000000
 39
0.000000
  0
VERTEX
  8
PG_SILKSCREEN_BOTTOM
 10
10.207269
 20
67.499611
 40
0.101600
 41
0.101600
 42
0.000000
  0
VERTEX
  8
PG_SILKSCREEN_BOTTOM
 10
10.816869
 20
67.499611
 40
0.101600
 41
0.101600
 42
0.000000
  0
SEQEND
  0
POLYLINE
  8
PIN_BOTTOM
 66
1
 70
1
 40
0.000000
 41
0.000000
 39
0.000000
  0
VERTEX
  8
PIN_BOTTOM
 10
4.060317
 20
67.841266
 40
0.000000
 41
0.000000
 42
0.000000
  0
VERTEX
  8
PIN_BOTTOM
 10
3.552317
 20
67.841266
 40
0.000000
 41
0.000000
 42
0.000000
  0
VERTEX
  8
PIN_BOTTOM
 10
3.552317
 20
67.333266
 40
0.000000
 41
0.000000
 42
0.000000
  0
VERTEX
  8
PIN_BOTTOM
 10
4.060317
 20
67.333266
 40
0.000000
 41
0.000000
 42
0.000000
  0
SEQEND
  0
POLYLINE
  8
PIN_BOTTOM
 66
1
 70
1
 40
0.000000
 41
0.000000
 39
0.000000
  0
VERTEX
  8
PIN_BOTTOM
 10
4.060317
 20
66.926866
 40
0.000000
 41
0.000000
 42
0.000000
  0
VERTEX
  8
PIN_BOTTOM
 10
3.552317
 20
66.926866
 40
0.000000
 41
0.000000
 42
0.000000
  0
VERTEX
  8
PIN_BOTTOM
 10
3.552317
 20
66.418866
 40
0.000000
 41
0.000000
 42
0.000000
  0
VERTEX
  8
PIN_BOTTOM
 10
4.060317
 20
66.418866
 40
0.000000
 41
0.000000
 42
0.000000
  0
SEQEND
  0
POLYLINE
  8
PG_SILKSCREEN_BOTTOM
 66
1
 70
0
 40
0.000000
 41
0.000000
 39
0.000000
  0
VERTEX
  8
PG_SILKSCREEN_BOTTOM
 10
3.450717
 20
66.312872
 40
0.101600
 41
0.101600
 42
0.000000
  0
VERTEX
  8
PG_SILKSCREEN_BOTTOM
 10
4.161917
 20
66.312872
 40
0.101600
 41
0.101600
 42
0.000000
  0
SEQEND
  0
POLYLINE
  8
PG_SILKSCREEN_BOTTOM
 66
1
 70
0
 40
0.000000
 41
0.000000
 39
0.000000
  0
VERTEX
  8
PG_SILKSCREEN_BOTTOM
 10
3.450717
 20
66.926866
 40
0.101600
 41
0.101600
 42
0.000000
  0
VERTEX
  8
PG_SILKSCREEN_BOTTOM
 10
3.450717
 20
66.317266
 40
0.101600
 41
0.101600
 42
0.000000
  0
SEQEND
  0
POLYLINE
  8
PG_SILKSCREEN_BOTTOM
 66
1
 70
0
 40
0.000000
 41
0.000000
 39
0.000000
  0
VERTEX
  8
PG_SILKSCREEN_BOTTOM
 10
4.161917
 20
66.317266
 40
0.101600
 41
0.101600
 42
0.000000
  0
VERTEX
  8
PG_SILKSCREEN_BOTTOM
 10
4.161917
 20
66.901466
 40
0.101600
 41
0.101600
 42
0.000000
  0
SEQEND
  0
POLYLINE
  8
PG_SILKSCREEN_BOTTOM
 66
1
 70
0
 40
0.000000
 41
0.000000
 39
0.000000
  0
VERTEX
  8
PG_SILKSCREEN_BOTTOM
 10
4.161917
 20
67.947261
 40
0.101600
 41
0.101600
 42
0.000000
  0
VERTEX
  8
PG_SILKSCREEN_BOTTOM
 10
4.161917
 20
67.337661
 40
0.101600
 41
0.101600
 42
0.000000
  0
SEQEND
  0
POLYLINE
  8
PG_SILKSCREEN_BOTTOM
 66
1
 70
0
 40
0.000000
 41
0.000000
 39
0.000000
  0
VERTEX
  8
PG_SILKSCREEN_BOTTOM
 10
3.450717
 20
67.947261
 40
0.101600
 41
0.101600
 42
0.000000
  0
VERTEX
  8
PG_SILKSCREEN_BOTTOM
 10
4.161917
 20
67.947261
 40
0.101600
 41
0.101600
 42
0.000000
  0
SEQEND
  0
POLYLINE
  8
PG_SILKSCREEN_BOTTOM
 66
1
 70
0
 40
0.000000
 41
0.000000
 39
0.000000
  0
VERTEX
  8
PG_SILKSCREEN_BOTTOM
 10
3.450717
 20
67.947261
 40
0.101600
 41
0.101600
 42
0.000000
  0
VERTEX
  8
PG_SILKSCREEN_BOTTOM
 10
3.450717
 20
67.337661
 40
0.101600
 41
0.101600
 42
0.000000
  0
SEQEND
  0
POLYLINE
  8
PIN_BOTTOM
 66
1
 70
1
 40
0.000000
 41
0.000000
 39
0.000000
  0
VERTEX
  8
PIN_BOTTOM
 10
4.458310
 20
67.673093
 40
0.000000
 41
0.000000
 42
0.000000
  0
VERTEX
  8
PIN_BOTTOM
 10
4.458310
 20
67.165093
 40
0.000000
 41
0.000000
 42
0.000000
  0
VERTEX
  8
PIN_BOTTOM
 10
4.966310
 20
67.165093
 40
0.000000
 41
0.000000
 42
0.000000
  0
VERTEX
  8
PIN_BOTTOM
 10
4.966310
 20
67.673093
 40
0.000000
 41
0.000000
 42
0.000000
  0
SEQEND
  0
POLYLINE
  8
PIN_BOTTOM
 66
1
 70
1
 40
0.000000
 41
0.000000
 39
0.000000
  0
VERTEX
  8
PIN_BOTTOM
 10
5.372710
 20
67.673093
 40
0.000000
 41
0.000000
 42
0.000000
  0
VERTEX
  8
PIN_BOTTOM
 10
5.372710
 20
67.165093
 40
0.000000
 41
0.000000
 42
0.000000
  0
VERTEX
  8
PIN_BOTTOM
 10
5.880710
 20
67.165093
 40
0.000000
 41
0.000000
 42
0.000000
  0
VERTEX
  8
PIN_BOTTOM
 10
5.880710
 20
67.673093
 40
0.000000
 41
0.000000
 42
0.000000
  0
SEQEND
  0
POLYLINE
  8
PG_SILKSCREEN_BOTTOM
 66
1
 70
0
 40
0.000000
 41
0.000000
 39
0.000000
  0
VERTEX
  8
PG_SILKSCREEN_BOTTOM
 10
5.986704
 20
67.063493
 40
0.101600
 41
0.101600
 42
0.000000
  0
VERTEX
  8
PG_SILKSCREEN_BOTTOM
 10
5.986704
 20
67.774693
 40
0.101600
 41
0.101600
 42
0.000000
  0
SEQEND
  0
POLYLINE
  8
PG_SILKSCREEN_BOTTOM
 66
1
 70
0
 40
0.000000
 41
0.000000
 39
0.000000
  0
VERTEX
  8
PG_SILKSCREEN_BOTTOM
 10
5.372710
 20
67.063493
 40
0.101600
 41
0.101600
 42
0.000000
  0
VERTEX
  8
PG_SILKSCREEN_BOTTOM
 10
5.982310
 20
67.063493
 40
0.101600
 41
0.101600
 42
0.000000
  0
SEQEND
  0
POLYLINE
  8
PG_SILKSCREEN_BOTTOM
 66
1
 70
0
 40
0.000000
 41
0.000000
 39
0.000000
  0
VERTEX
  8
PG_SILKSCREEN_BOTTOM
 10
5.982310
 20
67.774693
 40
0.101600
 41
0.101600
 42
0.000000
  0
VERTEX
  8
PG_SILKSCREEN_BOTTOM
 10
5.398110
 20
67.774693
 40
0.101600
 41
0.101600
 42
0.000000
  0
SEQEND
  0
POLYLINE
  8
PG_SILKSCREEN_BOTTOM
 66
1
 70
0
 40
0.000000
 41
0.000000
 39
0.000000
  0
VERTEX
  8
PG_SILKSCREEN_BOTTOM
 10
4.352315
 20
67.774693
 40
0.101600
 41
0.101600
 42
0.000000
  0
VERTEX
  8
PG_SILKSCREEN_BOTTOM
 10
4.961915
 20
67.774693
 40
0.101600
 41
0.101600
 42
0.000000
  0
SEQEND
  0
POLYLINE
  8
PG_SILKSCREEN_BOTTOM
 66
1
 70
0
 40
0.000000
 41
0.000000
 39
0.000000
  0
VERTEX
  8
PG_SILKSCREEN_BOTTOM
 10
4.352315
 20
67.063493
 40
0.101600
 41
0.101600
 42
0.000000
  0
VERTEX
  8
PG_SILKSCREEN_BOTTOM
 10
4.352315
 20
67.774693
 40
0.101600
 41
0.101600
 42
0.000000
  0
SEQEND
  0
POLYLINE
  8
PG_SILKSCREEN_BOTTOM
 66
1
 70
0
 40
0.000000
 41
0.000000
 39
0.000000
  0
VERTEX
  8
PG_SILKSCREEN_BOTTOM
 10
4.352315
 20
67.063493
 40
0.101600
 41
0.101600
 42
0.000000
  0
VERTEX
  8
PG_SILKSCREEN_BOTTOM
 10
4.961915
 20
67.063493
 40
0.101600
 41
0.101600
 42
0.000000
  0
SEQEND
  0
POLYLINE
  8
PIN_BOTTOM
 66
1
 70
1
 40
0.000000
 41
0.000000
 39
0.000000
  0
VERTEX
  8
PIN_BOTTOM
 10
14.058392
 20
66.885566
 40
0.000000
 41
0.000000
 42
0.000000
  0
VERTEX
  8
PIN_BOTTOM
 10
14.058392
 20
66.377566
 40
0.000000
 41
0.000000
 42
0.000000
  0
VERTEX
  8
PIN_BOTTOM
 10
14.566392
 20
66.377566
 40
0.000000
 41
0.000000
 42
0.000000
  0
VERTEX
  8
PIN_BOTTOM
 10
14.566392
 20
66.885566
 40
0.000000
 41
0.000000
 42
0.000000
  0
SEQEND
  0
POLYLINE
  8
PIN_BOTTOM
 66
1
 70
1
 40
0.000000
 41
0.000000
 39
0.000000
  0
VERTEX
  8
PIN_BOTTOM
 10
14.972792
 20
66.885566
 40
0.000000
 41
0.000000
 42
0.000000
  0
VERTEX
  8
PIN_BOTTOM
 10
14.972792
 20
66.377566
 40
0.000000
 41
0.000000
 42
0.000000
  0
VERTEX
  8
PIN_BOTTOM
 10
15.480792
 20
66.377566
 40
0.000000
 41
0.000000
 42
0.000000
  0
VERTEX
  8
PIN_BOTTOM
 10
15.480792
 20
66.885566
 40
0.000000
 41
0.000000
 42
0.000000
  0
SEQEND
  0
POLYLINE
  8
PG_SILKSCREEN_BOTTOM
 66
1
 70
0
 40
0.000000
 41
0.000000
 39
0.000000
  0
VERTEX
  8
PG_SILKSCREEN_BOTTOM
 10
15.586786
 20
66.275966
 40
0.101600
 41
0.101600
 42
0.000000
  0
VERTEX
  8
PG_SILKSCREEN_BOTTOM
 10
15.586786
 20
66.987166
 40
0.101600
 41
0.101600
 42
0.000000
  0
SEQEND
  0
POLYLINE
  8
PG_SILKSCREEN_BOTTOM
 66
1
 70
0
 40
0.000000
 41
0.000000
 39
0.000000
  0
VERTEX
  8
PG_SILKSCREEN_BOTTOM
 10
14.972792
 20
66.275966
 40
0.101600
 41
0.101600
 42
0.000000
  0
VERTEX
  8
PG_SILKSCREEN_BOTTOM
 10
15.582392
 20
66.275966
 40
0.101600
 41
0.101600
 42
0.000000
  0
SEQEND
  0
POLYLINE
  8
PG_SILKSCREEN_BOTTOM
 66
1
 70
0
 40
0.000000
 41
0.000000
 39
0.000000
  0
VERTEX
  8
PG_SILKSCREEN_BOTTOM
 10
15.582392
 20
66.987166
 40
0.101600
 41
0.101600
 42
0.000000
  0
VERTEX
  8
PG_SILKSCREEN_BOTTOM
 10
14.998192
 20
66.987166
 40
0.101600
 41
0.101600
 42
0.000000
  0
SEQEND
  0
POLYLINE
  8
PG_SILKSCREEN_BOTTOM
 66
1
 70
0
 40
0.000000
 41
0.000000
 39
0.000000
  0
VERTEX
  8
PG_SILKSCREEN_BOTTOM
 10
13.952398
 20
66.987166
 40
0.101600
 41
0.101600
 42
0.000000
  0
VERTEX
  8
PG_SILKSCREEN_BOTTOM
 10
14.561998
 20
66.987166
 40
0.101600
 41
0.101600
 42
0.000000
  0
SEQEND
  0
POLYLINE
  8
PG_SILKSCREEN_BOTTOM
 66
1
 70
0
 40
0.000000
 41
0.000000
 39
0.000000
  0
VERTEX
  8
PG_SILKSCREEN_BOTTOM
 10
13.952398
 20
66.275966
 40
0.101600
 41
0.101600
 42
0.000000
  0
VERTEX
  8
PG_SILKSCREEN_BOTTOM
 10
13.952398
 20
66.987166
 40
0.101600
 41
0.101600
 42
0.000000
  0
SEQEND
  0
POLYLINE
  8
PG_SILKSCREEN_BOTTOM
 66
1
 70
0
 40
0.000000
 41
0.000000
 39
0.000000
  0
VERTEX
  8
PG_SILKSCREEN_BOTTOM
 10
13.952398
 20
66.275966
 40
0.101600
 41
0.101600
 42
0.000000
  0
VERTEX
  8
PG_SILKSCREEN_BOTTOM
 10
14.561998
 20
66.275966
 40
0.101600
 41
0.101600
 42
0.000000
  0
SEQEND
  0
POLYLINE
  8
PIN_BOTTOM
 66
1
 70
1
 40
0.000000
 41
0.000000
 39
0.000000
  0
VERTEX
  8
PIN_BOTTOM
 10
18.298668
 20
67.110864
 40
0.000000
 41
0.000000
 42
0.000000
  0
VERTEX
  8
PIN_BOTTOM
 10
18.298668
 20
66.602864
 40
0.000000
 41
0.000000
 42
0.000000
  0
VERTEX
  8
PIN_BOTTOM
 10
18.806668
 20
66.602864
 40
0.000000
 41
0.000000
 42
0.000000
  0
VERTEX
  8
PIN_BOTTOM
 10
18.806668
 20
67.110864
 40
0.000000
 41
0.000000
 42
0.000000
  0
SEQEND
  0
POLYLINE
  8
PIN_BOTTOM
 66
1
 70
1
 40
0.000000
 41
0.000000
 39
0.000000
  0
VERTEX
  8
PIN_BOTTOM
 10
19.213068
 20
67.110864
 40
0.000000
 41
0.000000
 42
0.000000
  0
VERTEX
  8
PIN_BOTTOM
 10
19.213068
 20
66.602864
 40
0.000000
 41
0.000000
 42
0.000000
  0
VERTEX
  8
PIN_BOTTOM
 10
19.721068
 20
66.602864
 40
0.000000
 41
0.000000
 42
0.000000
  0
VERTEX
  8
PIN_BOTTOM
 10
19.721068
 20
67.110864
 40
0.000000
 41
0.000000
 42
0.000000
  0
SEQEND
  0
POLYLINE
  8
PG_SILKSCREEN_BOTTOM
 66
1
 70
0
 40
0.000000
 41
0.000000
 39
0.000000
  0
VERTEX
  8
PG_SILKSCREEN_BOTTOM
 10
19.827062
 20
66.501264
 40
0.101600
 41
0.101600
 42
0.000000
  0
VERTEX
  8
PG_SILKSCREEN_BOTTOM
 10
19.827062
 20
67.212464
 40
0.101600
 41
0.101600
 42
0.000000
  0
SEQEND
  0
POLYLINE
  8
PG_SILKSCREEN_BOTTOM
 66
1
 70
0
 40
0.000000
 41
0.000000
 39
0.000000
  0
VERTEX
  8
PG_SILKSCREEN_BOTTOM
 10
19.213068
 20
66.501264
 40
0.101600
 41
0.101600
 42
0.000000
  0
VERTEX
  8
PG_SILKSCREEN_BOTTOM
 10
19.822668
 20
66.501264
 40
0.101600
 41
0.101600
 42
0.000000
  0
SEQEND
  0
POLYLINE
  8
PG_SILKSCREEN_BOTTOM
 66
1
 70
0
 40
0.000000
 41
0.000000
 39
0.000000
  0
VERTEX
  8
PG_SILKSCREEN_BOTTOM
 10
19.822668
 20
67.212464
 40
0.101600
 41
0.101600
 42
0.000000
  0
VERTEX
  8
PG_SILKSCREEN_BOTTOM
 10
19.238468
 20
67.212464
 40
0.101600
 41
0.101600
 42
0.000000
  0
SEQEND
  0
POLYLINE
  8
PG_SILKSCREEN_BOTTOM
 66
1
 70
0
 40
0.000000
 41
0.000000
 39
0.000000
  0
VERTEX
  8
PG_SILKSCREEN_BOTTOM
 10
18.192674
 20
67.212464
 40
0.101600
 41
0.101600
 42
0.000000
  0
VERTEX
  8
PG_SILKSCREEN_BOTTOM
 10
18.802274
 20
67.212464
 40
0.101600
 41
0.101600
 42
0.000000
  0
SEQEND
  0
POLYLINE
  8
PG_SILKSCREEN_BOTTOM
 66
1
 70
0
 40
0.000000
 41
0.000000
 39
0.000000
  0
VERTEX
  8
PG_SILKSCREEN_BOTTOM
 10
18.192674
 20
66.501264
 40
0.101600
 41
0.101600
 42
0.000000
  0
VERTEX
  8
PG_SILKSCREEN_BOTTOM
 10
18.192674
 20
67.212464
 40
0.101600
 41
0.101600
 42
0.000000
  0
SEQEND
  0
POLYLINE
  8
PG_SILKSCREEN_BOTTOM
 66
1
 70
0
 40
0.000000
 41
0.000000
 39
0.000000
  0
VERTEX
  8
PG_SILKSCREEN_BOTTOM
 10
18.192674
 20
66.501264
 40
0.101600
 41
0.101600
 42
0.000000
  0
VERTEX
  8
PG_SILKSCREEN_BOTTOM
 10
18.802274
 20
66.501264
 40
0.101600
 41
0.101600
 42
0.000000
  0
SEQEND
  0
POLYLINE
  8
PIN_BOTTOM
 66
1
 70
1
 40
0.000000
 41
0.000000
 39
0.000000
  0
VERTEX
  8
PIN_BOTTOM
 10
7.253122
 20
64.542187
 40
0.000000
 41
0.000000
 42
0.000000
  0
VERTEX
  8
PIN_BOTTOM
 10
7.253122
 20
65.050187
 40
0.000000
 41
0.000000
 42
0.000000
  0
VERTEX
  8
PIN_BOTTOM
 10
6.745122
 20
65.050187
 40
0.000000
 41
0.000000
 42
0.000000
  0
VERTEX
  8
PIN_BOTTOM
 10
6.745122
 20
64.542187
 40
0.000000
 41
0.000000
 42
0.000000
  0
SEQEND
  0
POLYLINE
  8
PIN_BOTTOM
 66
1
 70
1
 40
0.000000
 41
0.000000
 39
0.000000
  0
VERTEX
  8
PIN_BOTTOM
 10
6.338722
 20
64.542187
 40
0.000000
 41
0.000000
 42
0.000000
  0
VERTEX
  8
PIN_BOTTOM
 10
6.338722
 20
65.050187
 40
0.000000
 41
0.000000
 42
0.000000
  0
VERTEX
  8
PIN_BOTTOM
 10
5.830722
 20
65.050187
 40
0.000000
 41
0.000000
 42
0.000000
  0
VERTEX
  8
PIN_BOTTOM
 10
5.830722
 20
64.542187
 40
0.000000
 41
0.000000
 42
0.000000
  0
SEQEND
  0
POLYLINE
  8
PG_SILKSCREEN_BOTTOM
 66
1
 70
0
 40
0.000000
 41
0.000000
 39
0.000000
  0
VERTEX
  8
PG_SILKSCREEN_BOTTOM
 10
5.724728
 20
65.151787
 40
0.101600
 41
0.101600
 42
0.000000
  0
VERTEX
  8
PG_SILKSCREEN_BOTTOM
 10
5.724728
 20
64.440587
 40
0.101600
 41
0.101600
 42
0.000000
  0
SEQEND
  0
POLYLINE
  8
PG_SILKSCREEN_BOTTOM
 66
1
 70
0
 40
0.000000
 41
0.000000
 39
0.000000
  0
VERTEX
  8
PG_SILKSCREEN_BOTTOM
 10
6.338722
 20
65.151787
 40
0.101600
 41
0.101600
 42
0.000000
  0
VERTEX
  8
PG_SILKSCREEN_BOTTOM
 10
5.729122
 20
65.151787
 40
0.101600
 41
0.101600
 42
0.000000
  0
SEQEND
  0
POLYLINE
  8
PG_SILKSCREEN_BOTTOM
 66
1
 70
0
 40
0.000000
 41
0.000000
 39
0.000000
  0
VERTEX
  8
PG_SILKSCREEN_BOTTOM
 10
5.729122
 20
64.440587
 40
0.101600
 41
0.101600
 42
0.000000
  0
VERTEX
  8
PG_SILKSCREEN_BOTTOM
 10
6.313322
 20
64.440587
 40
0.101600
 41
0.101600
 42
0.000000
  0
SEQEND
  0
POLYLINE
  8
PG_SILKSCREEN_BOTTOM
 66
1
 70
0
 40
0.000000
 41
0.000000
 39
0.000000
  0
VERTEX
  8
PG_SILKSCREEN_BOTTOM
 10
7.359117
 20
64.440587
 40
0.101600
 41
0.101600
 42
0.000000
  0
VERTEX
  8
PG_SILKSCREEN_BOTTOM
 10
6.749517
 20
64.440587
 40
0.101600
 41
0.101600
 42
0.000000
  0
SEQEND
  0
POLYLINE
  8
PG_SILKSCREEN_BOTTOM
 66
1
 70
0
 40
0.000000
 41
0.000000
 39
0.000000
  0
VERTEX
  8
PG_SILKSCREEN_BOTTOM
 10
7.359117
 20
65.151787
 40
0.101600
 41
0.101600
 42
0.000000
  0
VERTEX
  8
PG_SILKSCREEN_BOTTOM
 10
7.359117
 20
64.440587
 40
0.101600
 41
0.101600
 42
0.000000
  0
SEQEND
  0
POLYLINE
  8
PG_SILKSCREEN_BOTTOM
 66
1
 70
0
 40
0.000000
 41
0.000000
 39
0.000000
  0
VERTEX
  8
PG_SILKSCREEN_BOTTOM
 10
7.359117
 20
65.151787
 40
0.101600
 41
0.101600
 42
0.000000
  0
VERTEX
  8
PG_SILKSCREEN_BOTTOM
 10
6.749517
 20
65.151787
 40
0.101600
 41
0.101600
 42
0.000000
  0
SEQEND
  0
POLYLINE
  8
PIN_BOTTOM
 66
1
 70
1
 40
0.000000
 41
0.000000
 39
0.000000
  0
VERTEX
  8
PIN_BOTTOM
 10
4.441800
 20
66.825495
 40
0.000000
 41
0.000000
 42
0.000000
  0
VERTEX
  8
PIN_BOTTOM
 10
4.441800
 20
66.317495
 40
0.000000
 41
0.000000
 42
0.000000
  0
VERTEX
  8
PIN_BOTTOM
 10
4.949800
 20
66.317495
 40
0.000000
 41
0.000000
 42
0.000000
  0
VERTEX
  8
PIN_BOTTOM
 10
4.949800
 20
66.825495
 40
0.000000
 41
0.000000
 42
0.000000
  0
SEQEND
  0
POLYLINE
  8
PIN_BOTTOM
 66
1
 70
1
 40
0.000000
 41
0.000000
 39
0.000000
  0
VERTEX
  8
PIN_BOTTOM
 10
5.356200
 20
66.825495
 40
0.000000
 41
0.000000
 42
0.000000
  0
VERTEX
  8
PIN_BOTTOM
 10
5.356200
 20
66.317495
 40
0.000000
 41
0.000000
 42
0.000000
  0
VERTEX
  8
PIN_BOTTOM
 10
5.864200
 20
66.317495
 40
0.000000
 41
0.000000
 42
0.000000
  0
VERTEX
  8
PIN_BOTTOM
 10
5.864200
 20
66.825495
 40
0.000000
 41
0.000000
 42
0.000000
  0
SEQEND
  0
POLYLINE
  8
PG_SILKSCREEN_BOTTOM
 66
1
 70
0
 40
0.000000
 41
0.000000
 39
0.000000
  0
VERTEX
  8
PG_SILKSCREEN_BOTTOM
 10
5.970194
 20
66.215895
 40
0.101600
 41
0.101600
 42
0.000000
  0
VERTEX
  8
PG_SILKSCREEN_BOTTOM
 10
5.970194
 20
66.927095
 40
0.101600
 41
0.101600
 42
0.000000
  0
SEQEND
  0
POLYLINE
  8
PG_SILKSCREEN_BOTTOM
 66
1
 70
0
 40
0.000000
 41
0.000000
 39
0.000000
  0
VERTEX
  8
PG_SILKSCREEN_BOTTOM
 10
5.356200
 20
66.215895
 40
0.101600
 41
0.101600
 42
0.000000
  0
VERTEX
  8
PG_SILKSCREEN_BOTTOM
 10
5.965800
 20
66.215895
 40
0.101600
 41
0.101600
 42
0.000000
  0
SEQEND
  0
POLYLINE
  8
PG_SILKSCREEN_BOTTOM
 66
1
 70
0
 40
0.000000
 41
0.000000
 39
0.000000
  0
VERTEX
  8
PG_SILKSCREEN_BOTTOM
 10
5.965800
 20
66.927095
 40
0.101600
 41
0.101600
 42
0.000000
  0
VERTEX
  8
PG_SILKSCREEN_BOTTOM
 10
5.381600
 20
66.927095
 40
0.101600
 41
0.101600
 42
0.000000
  0
SEQEND
  0
POLYLINE
  8
PG_SILKSCREEN_BOTTOM
 66
1
 70
0
 40
0.000000
 41
0.000000
 39
0.000000
  0
VERTEX
  8
PG_SILKSCREEN_BOTTOM
 10
4.335805
 20
66.927095
 40
0.101600
 41
0.101600
 42
0.000000
  0
VERTEX
  8
PG_SILKSCREEN_BOTTOM
 10
4.945405
 20
66.927095
 40
0.101600
 41
0.101600
 42
0.000000
  0
SEQEND
  0
POLYLINE
  8
PG_SILKSCREEN_BOTTOM
 66
1
 70
0
 40
0.000000
 41
0.000000
 39
0.000000
  0
VERTEX
  8
PG_SILKSCREEN_BOTTOM
 10
4.335805
 20
66.215895
 40
0.101600
 41
0.101600
 42
0.000000
  0
VERTEX
  8
PG_SILKSCREEN_BOTTOM
 10
4.335805
 20
66.927095
 40
0.101600
 41
0.101600
 42
0.000000
  0
SEQEND
  0
POLYLINE
  8
PG_SILKSCREEN_BOTTOM
 66
1
 70
0
 40
0.000000
 41
0.000000
 39
0.000000
  0
VERTEX
  8
PG_SILKSCREEN_BOTTOM
 10
4.335805
 20
66.215895
 40
0.101600
 41
0.101600
 42
0.000000
  0
VERTEX
  8
PG_SILKSCREEN_BOTTOM
 10
4.945405
 20
66.215895
 40
0.101600
 41
0.101600
 42
0.000000
  0
SEQEND
  0
POLYLINE
  8
PIN_BOTTOM
 66
1
 70
1
 40
0.000000
 41
0.000000
 39
0.000000
  0
VERTEX
  8
PIN_BOTTOM
 10
31.020614
 20
66.385796
 40
0.000000
 41
0.000000
 42
0.000000
  0
VERTEX
  8
PIN_BOTTOM
 10
31.528614
 20
66.385796
 40
0.000000
 41
0.000000
 42
0.000000
  0
VERTEX
  8
PIN_BOTTOM
 10
31.528614
 20
66.893796
 40
0.000000
 41
0.000000
 42
0.000000
  0
VERTEX
  8
PIN_BOTTOM
 10
31.020614
 20
66.893796
 40
0.000000
 41
0.000000
 42
0.000000
  0
SEQEND
  0
POLYLINE
  8
PIN_BOTTOM
 66
1
 70
1
 40
0.000000
 41
0.000000
 39
0.000000
  0
VERTEX
  8
PIN_BOTTOM
 10
31.020614
 20
67.300196
 40
0.000000
 41
0.000000
 42
0.000000
  0
VERTEX
  8
PIN_BOTTOM
 10
31.528614
 20
67.300196
 40
0.000000
 41
0.000000
 42
0.000000
  0
VERTEX
  8
PIN_BOTTOM
 10
31.528614
 20
67.808196
 40
0.000000
 41
0.000000
 42
0.000000
  0
VERTEX
  8
PIN_BOTTOM
 10
31.020614
 20
67.808196
 40
0.000000
 41
0.000000
 42
0.000000
  0
SEQEND
  0
POLYLINE
  8
PG_SILKSCREEN_BOTTOM
 66
1
 70
0
 40
0.000000
 41
0.000000
 39
0.000000
  0
VERTEX
  8
PG_SILKSCREEN_BOTTOM
 10
31.630214
 20
67.914190
 40
0.101600
 41
0.101600
 42
0.000000
  0
VERTEX
  8
PG_SILKSCREEN_BOTTOM
 10
30.919014
 20
67.914190
 40
0.101600
 41
0.101600
 42
0.000000
  0
SEQEND
  0
POLYLINE
  8
PG_SILKSCREEN_BOTTOM
 66
1
 70
0
 40
0.000000
 41
0.000000
 39
0.000000
  0
VERTEX
  8
PG_SILKSCREEN_BOTTOM
 10
31.630214
 20
67.300196
 40
0.101600
 41
0.101600
 42
0.000000
  0
VERTEX
  8
PG_SILKSCREEN_BOTTOM
 10
31.630214
 20
67.909796
 40
0.101600
 41
0.101600
 42
0.000000
  0
SEQEND
  0
POLYLINE
  8
PG_SILKSCREEN_BOTTOM
 66
1
 70
0
 40
0.000000
 41
0.000000
 39
0.000000
  0
VERTEX
  8
PG_SILKSCREEN_BOTTOM
 10
30.919014
 20
67.909796
 40
0.101600
 41
0.101600
 42
0.000000
  0
VERTEX
  8
PG_SILKSCREEN_BOTTOM
 10
30.919014
 20
67.325596
 40
0.101600
 41
0.101600
 42
0.000000
  0
SEQEND
  0
POLYLINE
  8
PG_SILKSCREEN_BOTTOM
 66
1
 70
0
 40
0.000000
 41
0.000000
 39
0.000000
  0
VERTEX
  8
PG_SILKSCREEN_BOTTOM
 10
30.919014
 20
66.279801
 40
0.101600
 41
0.101600
 42
0.000000
  0
VERTEX
  8
PG_SILKSCREEN_BOTTOM
 10
30.919014
 20
66.889401
 40
0.101600
 41
0.101600
 42
0.000000
  0
SEQEND
  0
POLYLINE
  8
PG_SILKSCREEN_BOTTOM
 66
1
 70
0
 40
0.000000
 41
0.000000
 39
0.000000
  0
VERTEX
  8
PG_SILKSCREEN_BOTTOM
 10
31.630214
 20
66.279801
 40
0.101600
 41
0.101600
 42
0.000000
  0
VERTEX
  8
PG_SILKSCREEN_BOTTOM
 10
30.919014
 20
66.279801
 40
0.101600
 41
0.101600
 42
0.000000
  0
SEQEND
  0
POLYLINE
  8
PG_SILKSCREEN_BOTTOM
 66
1
 70
0
 40
0.000000
 41
0.000000
 39
0.000000
  0
VERTEX
  8
PG_SILKSCREEN_BOTTOM
 10
31.630214
 20
66.279801
 40
0.101600
 41
0.101600
 42
0.000000
  0
VERTEX
  8
PG_SILKSCREEN_BOTTOM
 10
31.630214
 20
66.889401
 40
0.101600
 41
0.101600
 42
0.000000
  0
SEQEND
  0
POLYLINE
  8
PIN_BOTTOM
 66
1
 70
1
 40
0.000000
 41
0.000000
 39
0.000000
  0
VERTEX
  8
PIN_BOTTOM
 10
19.947128
 20
35.636200
 40
0.000000
 41
0.000000
 42
0.000000
  0
VERTEX
  8
PIN_BOTTOM
 10
20.455128
 20
35.636200
 40
0.000000
 41
0.000000
 42
0.000000
  0
VERTEX
  8
PIN_BOTTOM
 10
20.455128
 20
36.144200
 40
0.000000
 41
0.000000
 42
0.000000
  0
VERTEX
  8
PIN_BOTTOM
 10
19.947128
 20
36.144200
 40
0.000000
 41
0.000000
 42
0.000000
  0
SEQEND
  0
POLYLINE
  8
PIN_BOTTOM
 66
1
 70
1
 40
0.000000
 41
0.000000
 39
0.000000
  0
VERTEX
  8
PIN_BOTTOM
 10
19.947128
 20
36.550600
 40
0.000000
 41
0.000000
 42
0.000000
  0
VERTEX
  8
PIN_BOTTOM
 10
20.455128
 20
36.550600
 40
0.000000
 41
0.000000
 42
0.000000
  0
VERTEX
  8
PIN_BOTTOM
 10
20.455128
 20
37.058600
 40
0.000000
 41
0.000000
 42
0.000000
  0
VERTEX
  8
PIN_BOTTOM
 10
19.947128
 20
37.058600
 40
0.000000
 41
0.000000
 42
0.000000
  0
SEQEND
  0
POLYLINE
  8
PG_SILKSCREEN_BOTTOM
 66
1
 70
0
 40
0.000000
 41
0.000000
 39
0.000000
  0
VERTEX
  8
PG_SILKSCREEN_BOTTOM
 10
20.556728
 20
37.164594
 40
0.101600
 41
0.101600
 42
0.000000
  0
VERTEX
  8
PG_SILKSCREEN_BOTTOM
 10
19.845528
 20
37.164594
 40
0.101600
 41
0.101600
 42
0.000000
  0
SEQEND
  0
POLYLINE
  8
PG_SILKSCREEN_BOTTOM
 66
1
 70
0
 40
0.000000
 41
0.000000
 39
0.000000
  0
VERTEX
  8
PG_SILKSCREEN_BOTTOM
 10
20.556728
 20
36.550600
 40
0.101600
 41
0.101600
 42
0.000000
  0
VERTEX
  8
PG_SILKSCREEN_BOTTOM
 10
20.556728
 20
37.160200
 40
0.101600
 41
0.101600
 42
0.000000
  0
SEQEND
  0
POLYLINE
  8
PG_SILKSCREEN_BOTTOM
 66
1
 70
0
 40
0.000000
 41
0.000000
 39
0.000000
  0
VERTEX
  8
PG_SILKSCREEN_BOTTOM
 10
19.845528
 20
37.160200
 40
0.101600
 41
0.101600
 42
0.000000
  0
VERTEX
  8
PG_SILKSCREEN_BOTTOM
 10
19.845528
 20
36.576000
 40
0.101600
 41
0.101600
 42
0.000000
  0
SEQEND
  0
POLYLINE
  8
PG_SILKSCREEN_BOTTOM
 66
1
 70
0
 40
0.000000
 41
0.000000
 39
0.000000
  0
VERTEX
  8
PG_SILKSCREEN_BOTTOM
 10
19.845528
 20
35.530206
 40
0.101600
 41
0.101600
 42
0.000000
  0
VERTEX
  8
PG_SILKSCREEN_BOTTOM
 10
19.845528
 20
36.139806
 40
0.101600
 41
0.101600
 42
0.000000
  0
SEQEND
  0
POLYLINE
  8
PG_SILKSCREEN_BOTTOM
 66
1
 70
0
 40
0.000000
 41
0.000000
 39
0.000000
  0
VERTEX
  8
PG_SILKSCREEN_BOTTOM
 10
20.556728
 20
35.530206
 40
0.101600
 41
0.101600
 42
0.000000
  0
VERTEX
  8
PG_SILKSCREEN_BOTTOM
 10
19.845528
 20
35.530206
 40
0.101600
 41
0.101600
 42
0.000000
  0
SEQEND
  0
POLYLINE
  8
PG_SILKSCREEN_BOTTOM
 66
1
 70
0
 40
0.000000
 41
0.000000
 39
0.000000
  0
VERTEX
  8
PG_SILKSCREEN_BOTTOM
 10
20.556728
 20
35.530206
 40
0.101600
 41
0.101600
 42
0.000000
  0
VERTEX
  8
PG_SILKSCREEN_BOTTOM
 10
20.556728
 20
36.139806
 40
0.101600
 41
0.101600
 42
0.000000
  0
SEQEND
  0
POLYLINE
  8
PIN_BOTTOM
 66
1
 70
1
 40
0.000000
 41
0.000000
 39
0.000000
  0
VERTEX
  8
PIN_BOTTOM
 10
19.854164
 20
40.748966
 40
0.000000
 41
0.000000
 42
0.000000
  0
VERTEX
  8
PIN_BOTTOM
 10
19.854164
 20
41.256966
 40
0.000000
 41
0.000000
 42
0.000000
  0
VERTEX
  8
PIN_BOTTOM
 10
19.346164
 20
41.256966
 40
0.000000
 41
0.000000
 42
0.000000
  0
VERTEX
  8
PIN_BOTTOM
 10
19.346164
 20
40.748966
 40
0.000000
 41
0.000000
 42
0.000000
  0
SEQEND
  0
POLYLINE
  8
PIN_BOTTOM
 66
1
 70
1
 40
0.000000
 41
0.000000
 39
0.000000
  0
VERTEX
  8
PIN_BOTTOM
 10
18.939764
 20
40.748966
 40
0.000000
 41
0.000000
 42
0.000000
  0
VERTEX
  8
PIN_BOTTOM
 10
18.939764
 20
41.256966
 40
0.000000
 41
0.000000
 42
0.000000
  0
VERTEX
  8
PIN_BOTTOM
 10
18.431764
 20
41.256966
 40
0.000000
 41
0.000000
 42
0.000000
  0
VERTEX
  8
PIN_BOTTOM
 10
18.431764
 20
40.748966
 40
0.000000
 41
0.000000
 42
0.000000
  0
SEQEND
  0
POLYLINE
  8
PG_SILKSCREEN_BOTTOM
 66
1
 70
0
 40
0.000000
 41
0.000000
 39
0.000000
  0
VERTEX
  8
PG_SILKSCREEN_BOTTOM
 10
18.325770
 20
41.358566
 40
0.101600
 41
0.101600
 42
0.000000
  0
VERTEX
  8
PG_SILKSCREEN_BOTTOM
 10
18.325770
 20
40.647366
 40
0.101600
 41
0.101600
 42
0.000000
  0
SEQEND
  0
POLYLINE
  8
PG_SILKSCREEN_BOTTOM
 66
1
 70
0
 40
0.000000
 41
0.000000
 39
0.000000
  0
VERTEX
  8
PG_SILKSCREEN_BOTTOM
 10
18.939764
 20
41.358566
 40
0.101600
 41
0.101600
 42
0.000000
  0
VERTEX
  8
PG_SILKSCREEN_BOTTOM
 10
18.330164
 20
41.358566
 40
0.101600
 41
0.101600
 42
0.000000
  0
SEQEND
  0
POLYLINE
  8
PG_SILKSCREEN_BOTTOM
 66
1
 70
0
 40
0.000000
 41
0.000000
 39
0.000000
  0
VERTEX
  8
PG_SILKSCREEN_BOTTOM
 10
18.330164
 20
40.647366
 40
0.101600
 41
0.101600
 42
0.000000
  0
VERTEX
  8
PG_SILKSCREEN_BOTTOM
 10
18.914364
 20
40.647366
 40
0.101600
 41
0.101600
 42
0.000000
  0
SEQEND
  0
POLYLINE
  8
PG_SILKSCREEN_BOTTOM
 66
1
 70
0
 40
0.000000
 41
0.000000
 39
0.000000
  0
VERTEX
  8
PG_SILKSCREEN_BOTTOM
 10
19.960158
 20
40.647366
 40
0.101600
 41
0.101600
 42
0.000000
  0
VERTEX
  8
PG_SILKSCREEN_BOTTOM
 10
19.350558
 20
40.647366
 40
0.101600
 41
0.101600
 42
0.000000
  0
SEQEND
  0
POLYLINE
  8
PG_SILKSCREEN_BOTTOM
 66
1
 70
0
 40
0.000000
 41
0.000000
 39
0.000000
  0
VERTEX
  8
PG_SILKSCREEN_BOTTOM
 10
19.960158
 20
41.358566
 40
0.101600
 41
0.101600
 42
0.000000
  0
VERTEX
  8
PG_SILKSCREEN_BOTTOM
 10
19.960158
 20
40.647366
 40
0.101600
 41
0.101600
 42
0.000000
  0
SEQEND
  0
POLYLINE
  8
PG_SILKSCREEN_BOTTOM
 66
1
 70
0
 40
0.000000
 41
0.000000
 39
0.000000
  0
VERTEX
  8
PG_SILKSCREEN_BOTTOM
 10
19.960158
 20
41.358566
 40
0.101600
 41
0.101600
 42
0.000000
  0
VERTEX
  8
PG_SILKSCREEN_BOTTOM
 10
19.350558
 20
41.358566
 40
0.101600
 41
0.101600
 42
0.000000
  0
SEQEND
  0
POLYLINE
  8
PIN_BOTTOM
 66
1
 70
1
 40
0.000000
 41
0.000000
 39
0.000000
  0
VERTEX
  8
PIN_BOTTOM
 10
17.396968
 20
35.655504
 40
0.000000
 41
0.000000
 42
0.000000
  0
VERTEX
  8
PIN_BOTTOM
 10
17.904968
 20
35.655504
 40
0.000000
 41
0.000000
 42
0.000000
  0
VERTEX
  8
PIN_BOTTOM
 10
17.904968
 20
36.163504
 40
0.000000
 41
0.000000
 42
0.000000
  0
VERTEX
  8
PIN_BOTTOM
 10
17.396968
 20
36.163504
 40
0.000000
 41
0.000000
 42
0.000000
  0
SEQEND
  0
POLYLINE
  8
PIN_BOTTOM
 66
1
 70
1
 40
0.000000
 41
0.000000
 39
0.000000
  0
VERTEX
  8
PIN_BOTTOM
 10
17.396968
 20
36.569904
 40
0.000000
 41
0.000000
 42
0.000000
  0
VERTEX
  8
PIN_BOTTOM
 10
17.904968
 20
36.569904
 40
0.000000
 41
0.000000
 42
0.000000
  0
VERTEX
  8
PIN_BOTTOM
 10
17.904968
 20
37.077904
 40
0.000000
 41
0.000000
 42
0.000000
  0
VERTEX
  8
PIN_BOTTOM
 10
17.396968
 20
37.077904
 40
0.000000
 41
0.000000
 42
0.000000
  0
SEQEND
  0
POLYLINE
  8
PG_SILKSCREEN_BOTTOM
 66
1
 70
0
 40
0.000000
 41
0.000000
 39
0.000000
  0
VERTEX
  8
PG_SILKSCREEN_BOTTOM
 10
18.006568
 20
37.183898
 40
0.101600
 41
0.101600
 42
0.000000
  0
VERTEX
  8
PG_SILKSCREEN_BOTTOM
 10
17.295368
 20
37.183898
 40
0.101600
 41
0.101600
 42
0.000000
  0
SEQEND
  0
POLYLINE
  8
PG_SILKSCREEN_BOTTOM
 66
1
 70
0
 40
0.000000
 41
0.000000
 39
0.000000
  0
VERTEX
  8
PG_SILKSCREEN_BOTTOM
 10
18.006568
 20
36.569904
 40
0.101600
 41
0.101600
 42
0.000000
  0
VERTEX
  8
PG_SILKSCREEN_BOTTOM
 10
18.006568
 20
37.179504
 40
0.101600
 41
0.101600
 42
0.000000
  0
SEQEND
  0
POLYLINE
  8
PG_SILKSCREEN_BOTTOM
 66
1
 70
0
 40
0.000000
 41
0.000000
 39
0.000000
  0
VERTEX
  8
PG_SILKSCREEN_BOTTOM
 10
17.295368
 20
37.179504
 40
0.101600
 41
0.101600
 42
0.000000
  0
VERTEX
  8
PG_SILKSCREEN_BOTTOM
 10
17.295368
 20
36.595304
 40
0.101600
 41
0.101600
 42
0.000000
  0
SEQEND
  0
POLYLINE
  8
PG_SILKSCREEN_BOTTOM
 66
1
 70
0
 40
0.000000
 41
0.000000
 39
0.000000
  0
VERTEX
  8
PG_SILKSCREEN_BOTTOM
 10
17.295368
 20
35.549510
 40
0.101600
 41
0.101600
 42
0.000000
  0
VERTEX
  8
PG_SILKSCREEN_BOTTOM
 10
17.295368
 20
36.159110
 40
0.101600
 41
0.101600
 42
0.000000
  0
SEQEND
  0
POLYLINE
  8
PG_SILKSCREEN_BOTTOM
 66
1
 70
0
 40
0.000000
 41
0.000000
 39
0.000000
  0
VERTEX
  8
PG_SILKSCREEN_BOTTOM
 10
18.006568
 20
35.549510
 40
0.101600
 41
0.101600
 42
0.000000
  0
VERTEX
  8
PG_SILKSCREEN_BOTTOM
 10
17.295368
 20
35.549510
 40
0.101600
 41
0.101600
 42
0.000000
  0
SEQEND
  0
POLYLINE
  8
PG_SILKSCREEN_BOTTOM
 66
1
 70
0
 40
0.000000
 41
0.000000
 39
0.000000
  0
VERTEX
  8
PG_SILKSCREEN_BOTTOM
 10
18.006568
 20
35.549510
 40
0.101600
 41
0.101600
 42
0.000000
  0
VERTEX
  8
PG_SILKSCREEN_BOTTOM
 10
18.006568
 20
36.159110
 40
0.101600
 41
0.101600
 42
0.000000
  0
SEQEND
  0
POLYLINE
  8
PIN_BOTTOM
 66
1
 70
1
 40
0.000000
 41
0.000000
 39
0.000000
  0
VERTEX
  8
PIN_BOTTOM
 10
19.937222
 20
25.622758
 40
0.000000
 41
0.000000
 42
0.000000
  0
VERTEX
  8
PIN_BOTTOM
 10
20.445222
 20
25.622758
 40
0.000000
 41
0.000000
 42
0.000000
  0
VERTEX
  8
PIN_BOTTOM
 10
20.445222
 20
26.130758
 40
0.000000
 41
0.000000
 42
0.000000
  0
VERTEX
  8
PIN_BOTTOM
 10
19.937222
 20
26.130758
 40
0.000000
 41
0.000000
 42
0.000000
  0
SEQEND
  0
POLYLINE
  8
PIN_BOTTOM
 66
1
 70
1
 40
0.000000
 41
0.000000
 39
0.000000
  0
VERTEX
  8
PIN_BOTTOM
 10
19.937222
 20
26.537158
 40
0.000000
 41
0.000000
 42
0.000000
  0
VERTEX
  8
PIN_BOTTOM
 10
20.445222
 20
26.537158
 40
0.000000
 41
0.000000
 42
0.000000
  0
VERTEX
  8
PIN_BOTTOM
 10
20.445222
 20
27.045158
 40
0.000000
 41
0.000000
 42
0.000000
  0
VERTEX
  8
PIN_BOTTOM
 10
19.937222
 20
27.045158
 40
0.000000
 41
0.000000
 42
0.000000
  0
SEQEND
  0
POLYLINE
  8
PG_SILKSCREEN_BOTTOM
 66
1
 70
0
 40
0.000000
 41
0.000000
 39
0.000000
  0
VERTEX
  8
PG_SILKSCREEN_BOTTOM
 10
20.546822
 20
27.151152
 40
0.101600
 41
0.101600
 42
0.000000
  0
VERTEX
  8
PG_SILKSCREEN_BOTTOM
 10
19.835622
 20
27.151152
 40
0.101600
 41
0.101600
 42
0.000000
  0
SEQEND
  0
POLYLINE
  8
PG_SILKSCREEN_BOTTOM
 66
1
 70
0
 40
0.000000
 41
0.000000
 39
0.000000
  0
VERTEX
  8
PG_SILKSCREEN_BOTTOM
 10
20.546822
 20
26.537158
 40
0.101600
 41
0.101600
 42
0.000000
  0
VERTEX
  8
PG_SILKSCREEN_BOTTOM
 10
20.546822
 20
27.146758
 40
0.101600
 41
0.101600
 42
0.000000
  0
SEQEND
  0
POLYLINE
  8
PG_SILKSCREEN_BOTTOM
 66
1
 70
0
 40
0.000000
 41
0.000000
 39
0.000000
  0
VERTEX
  8
PG_SILKSCREEN_BOTTOM
 10
19.835622
 20
27.146758
 40
0.101600
 41
0.101600
 42
0.000000
  0
VERTEX
  8
PG_SILKSCREEN_BOTTOM
 10
19.835622
 20
26.562558
 40
0.101600
 41
0.101600
 42
0.000000
  0
SEQEND
  0
POLYLINE
  8
PG_SILKSCREEN_BOTTOM
 66
1
 70
0
 40
0.000000
 41
0.000000
 39
0.000000
  0
VERTEX
  8
PG_SILKSCREEN_BOTTOM
 10
19.835622
 20
25.516764
 40
0.101600
 41
0.101600
 42
0.000000
  0
VERTEX
  8
PG_SILKSCREEN_BOTTOM
 10
19.835622
 20
26.126364
 40
0.101600
 41
0.101600
 42
0.000000
  0
SEQEND
  0
POLYLINE
  8
PG_SILKSCREEN_BOTTOM
 66
1
 70
0
 40
0.000000
 41
0.000000
 39
0.000000
  0
VERTEX
  8
PG_SILKSCREEN_BOTTOM
 10
20.546822
 20
25.516764
 40
0.101600
 41
0.101600
 42
0.000000
  0
VERTEX
  8
PG_SILKSCREEN_BOTTOM
 10
19.835622
 20
25.516764
 40
0.101600
 41
0.101600
 42
0.000000
  0
SEQEND
  0
POLYLINE
  8
PG_SILKSCREEN_BOTTOM
 66
1
 70
0
 40
0.000000
 41
0.000000
 39
0.000000
  0
VERTEX
  8
PG_SILKSCREEN_BOTTOM
 10
20.546822
 20
25.516764
 40
0.101600
 41
0.101600
 42
0.000000
  0
VERTEX
  8
PG_SILKSCREEN_BOTTOM
 10
20.546822
 20
26.126364
 40
0.101600
 41
0.101600
 42
0.000000
  0
SEQEND
  0
POLYLINE
  8
PIN_BOTTOM
 66
1
 70
1
 40
0.000000
 41
0.000000
 39
0.000000
  0
VERTEX
  8
PIN_BOTTOM
 10
19.171158
 20
31.459678
 40
0.000000
 41
0.000000
 42
0.000000
  0
VERTEX
  8
PIN_BOTTOM
 10
18.663158
 20
31.459678
 40
0.000000
 41
0.000000
 42
0.000000
  0
VERTEX
  8
PIN_BOTTOM
 10
18.663158
 20
30.951678
 40
0.000000
 41
0.000000
 42
0.000000
  0
VERTEX
  8
PIN_BOTTOM
 10
19.171158
 20
30.951678
 40
0.000000
 41
0.000000
 42
0.000000
  0
SEQEND
  0
POLYLINE
  8
PIN_BOTTOM
 66
1
 70
1
 40
0.000000
 41
0.000000
 39
0.000000
  0
VERTEX
  8
PIN_BOTTOM
 10
19.171158
 20
30.545278
 40
0.000000
 41
0.000000
 42
0.000000
  0
VERTEX
  8
PIN_BOTTOM
 10
18.663158
 20
30.545278
 40
0.000000
 41
0.000000
 42
0.000000
  0
VERTEX
  8
PIN_BOTTOM
 10
18.663158
 20
30.037278
 40
0.000000
 41
0.000000
 42
0.000000
  0
VERTEX
  8
PIN_BOTTOM
 10
19.171158
 20
30.037278
 40
0.000000
 41
0.000000
 42
0.000000
  0
SEQEND
  0
POLYLINE
  8
PG_SILKSCREEN_BOTTOM
 66
1
 70
0
 40
0.000000
 41
0.000000
 39
0.000000
  0
VERTEX
  8
PG_SILKSCREEN_BOTTOM
 10
18.561558
 20
29.931284
 40
0.101600
 41
0.101600
 42
0.000000
  0
VERTEX
  8
PG_SILKSCREEN_BOTTOM
 10
19.272758
 20
29.931284
 40
0.101600
 41
0.101600
 42
0.000000
  0
SEQEND
  0
POLYLINE
  8
PG_SILKSCREEN_BOTTOM
 66
1
 70
0
 40
0.000000
 41
0.000000
 39
0.000000
  0
VERTEX
  8
PG_SILKSCREEN_BOTTOM
 10
18.561558
 20
30.545278
 40
0.101600
 41
0.101600
 42
0.000000
  0
VERTEX
  8
PG_SILKSCREEN_BOTTOM
 10
18.561558
 20
29.935678
 40
0.101600
 41
0.101600
 42
0.000000
  0
SEQEND
  0
POLYLINE
  8
PG_SILKSCREEN_BOTTOM
 66
1
 70
0
 40
0.000000
 41
0.000000
 39
0.000000
  0
VERTEX
  8
PG_SILKSCREEN_BOTTOM
 10
19.272758
 20
29.935678
 40
0.101600
 41
0.101600
 42
0.000000
  0
VERTEX
  8
PG_SILKSCREEN_BOTTOM
 10
19.272758
 20
30.519878
 40
0.101600
 41
0.101600
 42
0.000000
  0
SEQEND
  0
POLYLINE
  8
PG_SILKSCREEN_BOTTOM
 66
1
 70
0
 40
0.000000
 41
0.000000
 39
0.000000
  0
VERTEX
  8
PG_SILKSCREEN_BOTTOM
 10
19.272758
 20
31.565672
 40
0.101600
 41
0.101600
 42
0.000000
  0
VERTEX
  8
PG_SILKSCREEN_BOTTOM
 10
19.272758
 20
30.956072
 40
0.101600
 41
0.101600
 42
0.000000
  0
SEQEND
  0
POLYLINE
  8
PG_SILKSCREEN_BOTTOM
 66
1
 70
0
 40
0.000000
 41
0.000000
 39
0.000000
  0
VERTEX
  8
PG_SILKSCREEN_BOTTOM
 10
18.561558
 20
31.565672
 40
0.101600
 41
0.101600
 42
0.000000
  0
VERTEX
  8
PG_SILKSCREEN_BOTTOM
 10
19.272758
 20
31.565672
 40
0.101600
 41
0.101600
 42
0.000000
  0
SEQEND
  0
POLYLINE
  8
PG_SILKSCREEN_BOTTOM
 66
1
 70
0
 40
0.000000
 41
0.000000
 39
0.000000
  0
VERTEX
  8
PG_SILKSCREEN_BOTTOM
 10
18.561558
 20
31.565672
 40
0.101600
 41
0.101600
 42
0.000000
  0
VERTEX
  8
PG_SILKSCREEN_BOTTOM
 10
18.561558
 20
30.956072
 40
0.101600
 41
0.101600
 42
0.000000
  0
SEQEND
  0
POLYLINE
  8
PIN_BOTTOM
 66
1
 70
1
 40
0.000000
 41
0.000000
 39
0.000000
  0
VERTEX
  8
PIN_BOTTOM
 10
17.401540
 20
25.678384
 40
0.000000
 41
0.000000
 42
0.000000
  0
VERTEX
  8
PIN_BOTTOM
 10
17.909540
 20
25.678384
 40
0.000000
 41
0.000000
 42
0.000000
  0
VERTEX
  8
PIN_BOTTOM
 10
17.909540
 20
26.186384
 40
0.000000
 41
0.000000
 42
0.000000
  0
VERTEX
  8
PIN_BOTTOM
 10
17.401540
 20
26.186384
 40
0.000000
 41
0.000000
 42
0.000000
  0
SEQEND
  0
POLYLINE
  8
PIN_BOTTOM
 66
1
 70
1
 40
0.000000
 41
0.000000
 39
0.000000
  0
VERTEX
  8
PIN_BOTTOM
 10
17.401540
 20
26.592784
 40
0.000000
 41
0.000000
 42
0.000000
  0
VERTEX
  8
PIN_BOTTOM
 10
17.909540
 20
26.592784
 40
0.000000
 41
0.000000
 42
0.000000
  0
VERTEX
  8
PIN_BOTTOM
 10
17.909540
 20
27.100784
 40
0.000000
 41
0.000000
 42
0.000000
  0
VERTEX
  8
PIN_BOTTOM
 10
17.401540
 20
27.100784
 40
0.000000
 41
0.000000
 42
0.000000
  0
SEQEND
  0
POLYLINE
  8
PG_SILKSCREEN_BOTTOM
 66
1
 70
0
 40
0.000000
 41
0.000000
 39
0.000000
  0
VERTEX
  8
PG_SILKSCREEN_BOTTOM
 10
18.011140
 20
27.206778
 40
0.101600
 41
0.101600
 42
0.000000
  0
VERTEX
  8
PG_SILKSCREEN_BOTTOM
 10
17.299940
 20
27.206778
 40
0.101600
 41
0.101600
 42
0.000000
  0
SEQEND
  0
POLYLINE
  8
PG_SILKSCREEN_BOTTOM
 66
1
 70
0
 40
0.000000
 41
0.000000
 39
0.000000
  0
VERTEX
  8
PG_SILKSCREEN_BOTTOM
 10
18.011140
 20
26.592784
 40
0.101600
 41
0.101600
 42
0.000000
  0
VERTEX
  8
PG_SILKSCREEN_BOTTOM
 10
18.011140
 20
27.202384
 40
0.101600
 41
0.101600
 42
0.000000
  0
SEQEND
  0
POLYLINE
  8
PG_SILKSCREEN_BOTTOM
 66
1
 70
0
 40
0.000000
 41
0.000000
 39
0.000000
  0
VERTEX
  8
PG_SILKSCREEN_BOTTOM
 10
17.299940
 20
27.202384
 40
0.101600
 41
0.101600
 42
0.000000
  0
VERTEX
  8
PG_SILKSCREEN_BOTTOM
 10
17.299940
 20
26.618184
 40
0.101600
 41
0.101600
 42
0.000000
  0
SEQEND
  0
POLYLINE
  8
PG_SILKSCREEN_BOTTOM
 66
1
 70
0
 40
0.000000
 41
0.000000
 39
0.000000
  0
VERTEX
  8
PG_SILKSCREEN_BOTTOM
 10
17.299940
 20
25.572390
 40
0.101600
 41
0.101600
 42
0.000000
  0
VERTEX
  8
PG_SILKSCREEN_BOTTOM
 10
17.299940
 20
26.181990
 40
0.101600
 41
0.101600
 42
0.000000
  0
SEQEND
  0
POLYLINE
  8
PG_SILKSCREEN_BOTTOM
 66
1
 70
0
 40
0.000000
 41
0.000000
 39
0.000000
  0
VERTEX
  8
PG_SILKSCREEN_BOTTOM
 10
18.011140
 20
25.572390
 40
0.101600
 41
0.101600
 42
0.000000
  0
VERTEX
  8
PG_SILKSCREEN_BOTTOM
 10
17.299940
 20
25.572390
 40
0.101600
 41
0.101600
 42
0.000000
  0
SEQEND
  0
POLYLINE
  8
PG_SILKSCREEN_BOTTOM
 66
1
 70
0
 40
0.000000
 41
0.000000
 39
0.000000
  0
VERTEX
  8
PG_SILKSCREEN_BOTTOM
 10
18.011140
 20
25.572390
 40
0.101600
 41
0.101600
 42
0.000000
  0
VERTEX
  8
PG_SILKSCREEN_BOTTOM
 10
18.011140
 20
26.181990
 40
0.101600
 41
0.101600
 42
0.000000
  0
SEQEND
  0
POLYLINE
  8
PIN_BOTTOM
 66
1
 70
1
 40
0.000000
 41
0.000000
 39
0.000000
  0
VERTEX
  8
PIN_BOTTOM
 10
13.732916
 20
2.397277
 40
0.000000
 41
0.000000
 42
0.000000
  0
VERTEX
  8
PIN_BOTTOM
 10
13.732916
 20
2.905277
 40
0.000000
 41
0.000000
 42
0.000000
  0
VERTEX
  8
PIN_BOTTOM
 10
13.224916
 20
2.905277
 40
0.000000
 41
0.000000
 42
0.000000
  0
VERTEX
  8
PIN_BOTTOM
 10
13.224916
 20
2.397277
 40
0.000000
 41
0.000000
 42
0.000000
  0
SEQEND
  0
POLYLINE
  8
PIN_BOTTOM
 66
1
 70
1
 40
0.000000
 41
0.000000
 39
0.000000
  0
VERTEX
  8
PIN_BOTTOM
 10
12.818516
 20
2.397277
 40
0.000000
 41
0.000000
 42
0.000000
  0
VERTEX
  8
PIN_BOTTOM
 10
12.818516
 20
2.905277
 40
0.000000
 41
0.000000
 42
0.000000
  0
VERTEX
  8
PIN_BOTTOM
 10
12.310516
 20
2.905277
 40
0.000000
 41
0.000000
 42
0.000000
  0
VERTEX
  8
PIN_BOTTOM
 10
12.310516
 20
2.397277
 40
0.000000
 41
0.000000
 42
0.000000
  0
SEQEND
  0
POLYLINE
  8
PG_SILKSCREEN_BOTTOM
 66
1
 70
0
 40
0.000000
 41
0.000000
 39
0.000000
  0
VERTEX
  8
PG_SILKSCREEN_BOTTOM
 10
12.204522
 20
3.006877
 40
0.101600
 41
0.101600
 42
0.000000
  0
VERTEX
  8
PG_SILKSCREEN_BOTTOM
 10
12.204522
 20
2.295677
 40
0.101600
 41
0.101600
 42
0.000000
  0
SEQEND
  0
POLYLINE
  8
PG_SILKSCREEN_BOTTOM
 66
1
 70
0
 40
0.000000
 41
0.000000
 39
0.000000
  0
VERTEX
  8
PG_SILKSCREEN_BOTTOM
 10
12.818516
 20
3.006877
 40
0.101600
 41
0.101600
 42
0.000000
  0
VERTEX
  8
PG_SILKSCREEN_BOTTOM
 10
12.208916
 20
3.006877
 40
0.101600
 41
0.101600
 42
0.000000
  0
SEQEND
  0
POLYLINE
  8
PG_SILKSCREEN_BOTTOM
 66
1
 70
0
 40
0.000000
 41
0.000000
 39
0.000000
  0
VERTEX
  8
PG_SILKSCREEN_BOTTOM
 10
12.208916
 20
2.295677
 40
0.101600
 41
0.101600
 42
0.000000
  0
VERTEX
  8
PG_SILKSCREEN_BOTTOM
 10
12.793116
 20
2.295677
 40
0.101600
 41
0.101600
 42
0.000000
  0
SEQEND
  0
POLYLINE
  8
PG_SILKSCREEN_BOTTOM
 66
1
 70
0
 40
0.000000
 41
0.000000
 39
0.000000
  0
VERTEX
  8
PG_SILKSCREEN_BOTTOM
 10
13.838911
 20
2.295677
 40
0.101600
 41
0.101600
 42
0.000000
  0
VERTEX
  8
PG_SILKSCREEN_BOTTOM
 10
13.229311
 20
2.295677
 40
0.101600
 41
0.101600
 42
0.000000
  0
SEQEND
  0
POLYLINE
  8
PG_SILKSCREEN_BOTTOM
 66
1
 70
0
 40
0.000000
 41
0.000000
 39
0.000000
  0
VERTEX
  8
PG_SILKSCREEN_BOTTOM
 10
13.838911
 20
3.006877
 40
0.101600
 41
0.101600
 42
0.000000
  0
VERTEX
  8
PG_SILKSCREEN_BOTTOM
 10
13.838911
 20
2.295677
 40
0.101600
 41
0.101600
 42
0.000000
  0
SEQEND
  0
POLYLINE
  8
PG_SILKSCREEN_BOTTOM
 66
1
 70
0
 40
0.000000
 41
0.000000
 39
0.000000
  0
VERTEX
  8
PG_SILKSCREEN_BOTTOM
 10
13.838911
 20
3.006877
 40
0.101600
 41
0.101600
 42
0.000000
  0
VERTEX
  8
PG_SILKSCREEN_BOTTOM
 10
13.229311
 20
3.006877
 40
0.101600
 41
0.101600
 42
0.000000
  0
SEQEND
  0
POLYLINE
  8
PIN_BOTTOM
 66
1
 70
1
 40
0.000000
 41
0.000000
 39
0.000000
  0
VERTEX
  8
PIN_BOTTOM
 10
14.276172
 20
2.340534
 40
0.000000
 41
0.000000
 42
0.000000
  0
VERTEX
  8
PIN_BOTTOM
 10
14.276172
 20
1.832534
 40
0.000000
 41
0.000000
 42
0.000000
  0
VERTEX
  8
PIN_BOTTOM
 10
14.784172
 20
1.832534
 40
0.000000
 41
0.000000
 42
0.000000
  0
VERTEX
  8
PIN_BOTTOM
 10
14.784172
 20
2.340534
 40
0.000000
 41
0.000000
 42
0.000000
  0
SEQEND
  0
POLYLINE
  8
PIN_BOTTOM
 66
1
 70
1
 40
0.000000
 41
0.000000
 39
0.000000
  0
VERTEX
  8
PIN_BOTTOM
 10
15.190572
 20
2.340534
 40
0.000000
 41
0.000000
 42
0.000000
  0
VERTEX
  8
PIN_BOTTOM
 10
15.190572
 20
1.832534
 40
0.000000
 41
0.000000
 42
0.000000
  0
VERTEX
  8
PIN_BOTTOM
 10
15.698572
 20
1.832534
 40
0.000000
 41
0.000000
 42
0.000000
  0
VERTEX
  8
PIN_BOTTOM
 10
15.698572
 20
2.340534
 40
0.000000
 41
0.000000
 42
0.000000
  0
SEQEND
  0
POLYLINE
  8
PG_SILKSCREEN_BOTTOM
 66
1
 70
0
 40
0.000000
 41
0.000000
 39
0.000000
  0
VERTEX
  8
PG_SILKSCREEN_BOTTOM
 10
15.804566
 20
1.730934
 40
0.101600
 41
0.101600
 42
0.000000
  0
VERTEX
  8
PG_SILKSCREEN_BOTTOM
 10
15.804566
 20
2.442134
 40
0.101600
 41
0.101600
 42
0.000000
  0
SEQEND
  0
POLYLINE
  8
PG_SILKSCREEN_BOTTOM
 66
1
 70
0
 40
0.000000
 41
0.000000
 39
0.000000
  0
VERTEX
  8
PG_SILKSCREEN_BOTTOM
 10
15.190572
 20
1.730934
 40
0.101600
 41
0.101600
 42
0.000000
  0
VERTEX
  8
PG_SILKSCREEN_BOTTOM
 10
15.800172
 20
1.730934
 40
0.101600
 41
0.101600
 42
0.000000
  0
SEQEND
  0
POLYLINE
  8
PG_SILKSCREEN_BOTTOM
 66
1
 70
0
 40
0.000000
 41
0.000000
 39
0.000000
  0
VERTEX
  8
PG_SILKSCREEN_BOTTOM
 10
15.800172
 20
2.442134
 40
0.101600
 41
0.101600
 42
0.000000
  0
VERTEX
  8
PG_SILKSCREEN_BOTTOM
 10
15.215972
 20
2.442134
 40
0.101600
 41
0.101600
 42
0.000000
  0
SEQEND
  0
POLYLINE
  8
PG_SILKSCREEN_BOTTOM
 66
1
 70
0
 40
0.000000
 41
0.000000
 39
0.000000
  0
VERTEX
  8
PG_SILKSCREEN_BOTTOM
 10
14.170177
 20
2.442134
 40
0.101600
 41
0.101600
 42
0.000000
  0
VERTEX
  8
PG_SILKSCREEN_BOTTOM
 10
14.779777
 20
2.442134
 40
0.101600
 41
0.101600
 42
0.000000
  0
SEQEND
  0
POLYLINE
  8
PG_SILKSCREEN_BOTTOM
 66
1
 70
0
 40
0.000000
 41
0.000000
 39
0.000000
  0
VERTEX
  8
PG_SILKSCREEN_BOTTOM
 10
14.170177
 20
1.730934
 40
0.101600
 41
0.101600
 42
0.000000
  0
VERTEX
  8
PG_SILKSCREEN_BOTTOM
 10
14.170177
 20
2.442134
 40
0.101600
 41
0.101600
 42
0.000000
  0
SEQEND
  0
POLYLINE
  8
PG_SILKSCREEN_BOTTOM
 66
1
 70
0
 40
0.000000
 41
0.000000
 39
0.000000
  0
VERTEX
  8
PG_SILKSCREEN_BOTTOM
 10
14.170177
 20
1.730934
 40
0.101600
 41
0.101600
 42
0.000000
  0
VERTEX
  8
PG_SILKSCREEN_BOTTOM
 10
14.779777
 20
1.730934
 40
0.101600
 41
0.101600
 42
0.000000
  0
SEQEND
  0
POLYLINE
  8
PIN_BOTTOM
 66
1
 70
1
 40
0.000000
 41
0.000000
 39
0.000000
  0
VERTEX
  8
PIN_BOTTOM
 10
32.814666
 20
12.455779
 40
0.000000
 41
0.000000
 42
0.000000
  0
VERTEX
  8
PIN_BOTTOM
 10
32.814666
 20
12.963779
 40
0.000000
 41
0.000000
 42
0.000000
  0
VERTEX
  8
PIN_BOTTOM
 10
32.306666
 20
12.963779
 40
0.000000
 41
0.000000
 42
0.000000
  0
VERTEX
  8
PIN_BOTTOM
 10
32.306666
 20
12.455779
 40
0.000000
 41
0.000000
 42
0.000000
  0
SEQEND
  0
POLYLINE
  8
PIN_BOTTOM
 66
1
 70
1
 40
0.000000
 41
0.000000
 39
0.000000
  0
VERTEX
  8
PIN_BOTTOM
 10
31.900266
 20
12.455779
 40
0.000000
 41
0.000000
 42
0.000000
  0
VERTEX
  8
PIN_BOTTOM
 10
31.900266
 20
12.963779
 40
0.000000
 41
0.000000
 42
0.000000
  0
VERTEX
  8
PIN_BOTTOM
 10
31.392266
 20
12.963779
 40
0.000000
 41
0.000000
 42
0.000000
  0
VERTEX
  8
PIN_BOTTOM
 10
31.392266
 20
12.455779
 40
0.000000
 41
0.000000
 42
0.000000
  0
SEQEND
  0
POLYLINE
  8
PG_SILKSCREEN_BOTTOM
 66
1
 70
0
 40
0.000000
 41
0.000000
 39
0.000000
  0
VERTEX
  8
PG_SILKSCREEN_BOTTOM
 10
31.286272
 20
13.065379
 40
0.101600
 41
0.101600
 42
0.000000
  0
VERTEX
  8
PG_SILKSCREEN_BOTTOM
 10
31.286272
 20
12.354179
 40
0.101600
 41
0.101600
 42
0.000000
  0
SEQEND
  0
POLYLINE
  8
PG_SILKSCREEN_BOTTOM
 66
1
 70
0
 40
0.000000
 41
0.000000
 39
0.000000
  0
VERTEX
  8
PG_SILKSCREEN_BOTTOM
 10
31.900266
 20
13.065379
 40
0.101600
 41
0.101600
 42
0.000000
  0
VERTEX
  8
PG_SILKSCREEN_BOTTOM
 10
31.290666
 20
13.065379
 40
0.101600
 41
0.101600
 42
0.000000
  0
SEQEND
  0
POLYLINE
  8
PG_SILKSCREEN_BOTTOM
 66
1
 70
0
 40
0.000000
 41
0.000000
 39
0.000000
  0
VERTEX
  8
PG_SILKSCREEN_BOTTOM
 10
31.290666
 20
12.354179
 40
0.101600
 41
0.101600
 42
0.000000
  0
VERTEX
  8
PG_SILKSCREEN_BOTTOM
 10
31.874866
 20
12.354179
 40
0.101600
 41
0.101600
 42
0.000000
  0
SEQEND
  0
POLYLINE
  8
PG_SILKSCREEN_BOTTOM
 66
1
 70
0
 40
0.000000
 41
0.000000
 39
0.000000
  0
VERTEX
  8
PG_SILKSCREEN_BOTTOM
 10
32.920661
 20
12.354179
 40
0.101600
 41
0.101600
 42
0.000000
  0
VERTEX
  8
PG_SILKSCREEN_BOTTOM
 10
32.311061
 20
12.354179
 40
0.101600
 41
0.101600
 42
0.000000
  0
SEQEND
  0
POLYLINE
  8
PG_SILKSCREEN_BOTTOM
 66
1
 70
0
 40
0.000000
 41
0.000000
 39
0.000000
  0
VERTEX
  8
PG_SILKSCREEN_BOTTOM
 10
32.920661
 20
13.065379
 40
0.101600
 41
0.101600
 42
0.000000
  0
VERTEX
  8
PG_SILKSCREEN_BOTTOM
 10
32.920661
 20
12.354179
 40
0.101600
 41
0.101600
 42
0.000000
  0
SEQEND
  0
POLYLINE
  8
PG_SILKSCREEN_BOTTOM
 66
1
 70
0
 40
0.000000
 41
0.000000
 39
0.000000
  0
VERTEX
  8
PG_SILKSCREEN_BOTTOM
 10
32.920661
 20
13.065379
 40
0.101600
 41
0.101600
 42
0.000000
  0
VERTEX
  8
PG_SILKSCREEN_BOTTOM
 10
32.311061
 20
13.065379
 40
0.101600
 41
0.101600
 42
0.000000
  0
SEQEND
  0
POLYLINE
  8
PIN_BOTTOM
 66
1
 70
1
 40
0.000000
 41
0.000000
 39
0.000000
  0
VERTEX
  8
PIN_BOTTOM
 10
32.621271
 20
14.770329
 40
0.000000
 41
0.000000
 42
0.000000
  0
VERTEX
  8
PIN_BOTTOM
 10
32.113271
 20
14.770329
 40
0.000000
 41
0.000000
 42
0.000000
  0
VERTEX
  8
PIN_BOTTOM
 10
32.113271
 20
14.262329
 40
0.000000
 41
0.000000
 42
0.000000
  0
VERTEX
  8
PIN_BOTTOM
 10
32.621271
 20
14.262329
 40
0.000000
 41
0.000000
 42
0.000000
  0
SEQEND
  0
POLYLINE
  8
PIN_BOTTOM
 66
1
 70
1
 40
0.000000
 41
0.000000
 39
0.000000
  0
VERTEX
  8
PIN_BOTTOM
 10
32.621271
 20
13.855929
 40
0.000000
 41
0.000000
 42
0.000000
  0
VERTEX
  8
PIN_BOTTOM
 10
32.113271
 20
13.855929
 40
0.000000
 41
0.000000
 42
0.000000
  0
VERTEX
  8
PIN_BOTTOM
 10
32.113271
 20
13.347929
 40
0.000000
 41
0.000000
 42
0.000000
  0
VERTEX
  8
PIN_BOTTOM
 10
32.621271
 20
13.347929
 40
0.000000
 41
0.000000
 42
0.000000
  0
SEQEND
  0
POLYLINE
  8
PG_SILKSCREEN_BOTTOM
 66
1
 70
0
 40
0.000000
 41
0.000000
 39
0.000000
  0
VERTEX
  8
PG_SILKSCREEN_BOTTOM
 10
32.011671
 20
13.241934
 40
0.101600
 41
0.101600
 42
0.000000
  0
VERTEX
  8
PG_SILKSCREEN_BOTTOM
 10
32.722871
 20
13.241934
 40
0.101600
 41
0.101600
 42
0.000000
  0
SEQEND
  0
POLYLINE
  8
PG_SILKSCREEN_BOTTOM
 66
1
 70
0
 40
0.000000
 41
0.000000
 39
0.000000
  0
VERTEX
  8
PG_SILKSCREEN_BOTTOM
 10
32.011671
 20
13.855929
 40
0.101600
 41
0.101600
 42
0.000000
  0
VERTEX
  8
PG_SILKSCREEN_BOTTOM
 10
32.011671
 20
13.246329
 40
0.101600
 41
0.101600
 42
0.000000
  0
SEQEND
  0
POLYLINE
  8
PG_SILKSCREEN_BOTTOM
 66
1
 70
0
 40
0.000000
 41
0.000000
 39
0.000000
  0
VERTEX
  8
PG_SILKSCREEN_BOTTOM
 10
32.722871
 20
13.246329
 40
0.101600
 41
0.101600
 42
0.000000
  0
VERTEX
  8
PG_SILKSCREEN_BOTTOM
 10
32.722871
 20
13.830529
 40
0.101600
 41
0.101600
 42
0.000000
  0
SEQEND
  0
POLYLINE
  8
PG_SILKSCREEN_BOTTOM
 66
1
 70
0
 40
0.000000
 41
0.000000
 39
0.000000
  0
VERTEX
  8
PG_SILKSCREEN_BOTTOM
 10
32.722871
 20
14.876323
 40
0.101600
 41
0.101600
 42
0.000000
  0
VERTEX
  8
PG_SILKSCREEN_BOTTOM
 10
32.722871
 20
14.266723
 40
0.101600
 41
0.101600
 42
0.000000
  0
SEQEND
  0
POLYLINE
  8
PG_SILKSCREEN_BOTTOM
 66
1
 70
0
 40
0.000000
 41
0.000000
 39
0.000000
  0
VERTEX
  8
PG_SILKSCREEN_BOTTOM
 10
32.011671
 20
14.876323
 40
0.101600
 41
0.101600
 42
0.000000
  0
VERTEX
  8
PG_SILKSCREEN_BOTTOM
 10
32.722871
 20
14.876323
 40
0.101600
 41
0.101600
 42
0.000000
  0
SEQEND
  0
POLYLINE
  8
PG_SILKSCREEN_BOTTOM
 66
1
 70
0
 40
0.000000
 41
0.000000
 39
0.000000
  0
VERTEX
  8
PG_SILKSCREEN_BOTTOM
 10
32.011671
 20
14.876323
 40
0.101600
 41
0.101600
 42
0.000000
  0
VERTEX
  8
PG_SILKSCREEN_BOTTOM
 10
32.011671
 20
14.266723
 40
0.101600
 41
0.101600
 42
0.000000
  0
SEQEND
  0
POLYLINE
  8
PIN_BOTTOM
 66
1
 70
1
 40
0.000000
 41
0.000000
 39
0.000000
  0
VERTEX
  8
PIN_BOTTOM
 10
72.288959
 20
27.417497
 40
0.000000
 41
0.000000
 42
0.000000
  0
VERTEX
  8
PIN_BOTTOM
 10
71.780959
 20
27.417497
 40
0.000000
 41
0.000000
 42
0.000000
  0
VERTEX
  8
PIN_BOTTOM
 10
71.780959
 20
26.909497
 40
0.000000
 41
0.000000
 42
0.000000
  0
VERTEX
  8
PIN_BOTTOM
 10
72.288959
 20
26.909497
 40
0.000000
 41
0.000000
 42
0.000000
  0
SEQEND
  0
POLYLINE
  8
PIN_BOTTOM
 66
1
 70
1
 40
0.000000
 41
0.000000
 39
0.000000
  0
VERTEX
  8
PIN_BOTTOM
 10
72.288959
 20
26.503097
 40
0.000000
 41
0.000000
 42
0.000000
  0
VERTEX
  8
PIN_BOTTOM
 10
71.780959
 20
26.503097
 40
0.000000
 41
0.000000
 42
0.000000
  0
VERTEX
  8
PIN_BOTTOM
 10
71.780959
 20
25.995097
 40
0.000000
 41
0.000000
 42
0.000000
  0
VERTEX
  8
PIN_BOTTOM
 10
72.288959
 20
25.995097
 40
0.000000
 41
0.000000
 42
0.000000
  0
SEQEND
  0
POLYLINE
  8
PG_SILKSCREEN_BOTTOM
 66
1
 70
0
 40
0.000000
 41
0.000000
 39
0.000000
  0
VERTEX
  8
PG_SILKSCREEN_BOTTOM
 10
71.679359
 20
25.889102
 40
0.101600
 41
0.101600
 42
0.000000
  0
VERTEX
  8
PG_SILKSCREEN_BOTTOM
 10
72.390559
 20
25.889102
 40
0.101600
 41
0.101600
 42
0.000000
  0
SEQEND
  0
POLYLINE
  8
PG_SILKSCREEN_BOTTOM
 66
1
 70
0
 40
0.000000
 41
0.000000
 39
0.000000
  0
VERTEX
  8
PG_SILKSCREEN_BOTTOM
 10
71.679359
 20
26.503097
 40
0.101600
 41
0.101600
 42
0.000000
  0
VERTEX
  8
PG_SILKSCREEN_BOTTOM
 10
71.679359
 20
25.893497
 40
0.101600
 41
0.101600
 42
0.000000
  0
SEQEND
  0
POLYLINE
  8
PG_SILKSCREEN_BOTTOM
 66
1
 70
0
 40
0.000000
 41
0.000000
 39
0.000000
  0
VERTEX
  8
PG_SILKSCREEN_BOTTOM
 10
72.390559
 20
25.893497
 40
0.101600
 41
0.101600
 42
0.000000
  0
VERTEX
  8
PG_SILKSCREEN_BOTTOM
 10
72.390559
 20
26.477697
 40
0.101600
 41
0.101600
 42
0.000000
  0
SEQEND
  0
POLYLINE
  8
PG_SILKSCREEN_BOTTOM
 66
1
 70
0
 40
0.000000
 41
0.000000
 39
0.000000
  0
VERTEX
  8
PG_SILKSCREEN_BOTTOM
 10
72.390559
 20
27.523491
 40
0.101600
 41
0.101600
 42
0.000000
  0
VERTEX
  8
PG_SILKSCREEN_BOTTOM
 10
72.390559
 20
26.913891
 40
0.101600
 41
0.101600
 42
0.000000
  0
SEQEND
  0
POLYLINE
  8
PG_SILKSCREEN_BOTTOM
 66
1
 70
0
 40
0.000000
 41
0.000000
 39
0.000000
  0
VERTEX
  8
PG_SILKSCREEN_BOTTOM
 10
71.679359
 20
27.523491
 40
0.101600
 41
0.101600
 42
0.000000
  0
VERTEX
  8
PG_SILKSCREEN_BOTTOM
 10
72.390559
 20
27.523491
 40
0.101600
 41
0.101600
 42
0.000000
  0
SEQEND
  0
POLYLINE
  8
PG_SILKSCREEN_BOTTOM
 66
1
 70
0
 40
0.000000
 41
0.000000
 39
0.000000
  0
VERTEX
  8
PG_SILKSCREEN_BOTTOM
 10
71.679359
 20
27.523491
 40
0.101600
 41
0.101600
 42
0.000000
  0
VERTEX
  8
PG_SILKSCREEN_BOTTOM
 10
71.679359
 20
26.913891
 40
0.101600
 41
0.101600
 42
0.000000
  0
SEQEND
  0
POLYLINE
  8
PIN_BOTTOM
 66
1
 70
1
 40
0.000000
 41
0.000000
 39
0.000000
  0
VERTEX
  8
PIN_BOTTOM
 10
73.160433
 20
27.417497
 40
0.000000
 41
0.000000
 42
0.000000
  0
VERTEX
  8
PIN_BOTTOM
 10
72.652433
 20
27.417497
 40
0.000000
 41
0.000000
 42
0.000000
  0
VERTEX
  8
PIN_BOTTOM
 10
72.652433
 20
26.909497
 40
0.000000
 41
0.000000
 42
0.000000
  0
VERTEX
  8
PIN_BOTTOM
 10
73.160433
 20
26.909497
 40
0.000000
 41
0.000000
 42
0.000000
  0
SEQEND
  0
POLYLINE
  8
PIN_BOTTOM
 66
1
 70
1
 40
0.000000
 41
0.000000
 39
0.000000
  0
VERTEX
  8
PIN_BOTTOM
 10
73.160433
 20
26.503097
 40
0.000000
 41
0.000000
 42
0.000000
  0
VERTEX
  8
PIN_BOTTOM
 10
72.652433
 20
26.503097
 40
0.000000
 41
0.000000
 42
0.000000
  0
VERTEX
  8
PIN_BOTTOM
 10
72.652433
 20
25.995097
 40
0.000000
 41
0.000000
 42
0.000000
  0
VERTEX
  8
PIN_BOTTOM
 10
73.160433
 20
25.995097
 40
0.000000
 41
0.000000
 42
0.000000
  0
SEQEND
  0
POLYLINE
  8
PG_SILKSCREEN_BOTTOM
 66
1
 70
0
 40
0.000000
 41
0.000000
 39
0.000000
  0
VERTEX
  8
PG_SILKSCREEN_BOTTOM
 10
72.550833
 20
25.889102
 40
0.101600
 41
0.101600
 42
0.000000
  0
VERTEX
  8
PG_SILKSCREEN_BOTTOM
 10
73.262033
 20
25.889102
 40
0.101600
 41
0.101600
 42
0.000000
  0
SEQEND
  0
POLYLINE
  8
PG_SILKSCREEN_BOTTOM
 66
1
 70
0
 40
0.000000
 41
0.000000
 39
0.000000
  0
VERTEX
  8
PG_SILKSCREEN_BOTTOM
 10
72.550833
 20
26.503097
 40
0.101600
 41
0.101600
 42
0.000000
  0
VERTEX
  8
PG_SILKSCREEN_BOTTOM
 10
72.550833
 20
25.893497
 40
0.101600
 41
0.101600
 42
0.000000
  0
SEQEND
  0
POLYLINE
  8
PG_SILKSCREEN_BOTTOM
 66
1
 70
0
 40
0.000000
 41
0.000000
 39
0.000000
  0
VERTEX
  8
PG_SILKSCREEN_BOTTOM
 10
73.262033
 20
25.893497
 40
0.101600
 41
0.101600
 42
0.000000
  0
VERTEX
  8
PG_SILKSCREEN_BOTTOM
 10
73.262033
 20
26.477697
 40
0.101600
 41
0.101600
 42
0.000000
  0
SEQEND
  0
POLYLINE
  8
PG_SILKSCREEN_BOTTOM
 66
1
 70
0
 40
0.000000
 41
0.000000
 39
0.000000
  0
VERTEX
  8
PG_SILKSCREEN_BOTTOM
 10
73.262033
 20
27.523491
 40
0.101600
 41
0.101600
 42
0.000000
  0
VERTEX
  8
PG_SILKSCREEN_BOTTOM
 10
73.262033
 20
26.913891
 40
0.101600
 41
0.101600
 42
0.000000
  0
SEQEND
  0
POLYLINE
  8
PG_SILKSCREEN_BOTTOM
 66
1
 70
0
 40
0.000000
 41
0.000000
 39
0.000000
  0
VERTEX
  8
PG_SILKSCREEN_BOTTOM
 10
72.550833
 20
27.523491
 40
0.101600
 41
0.101600
 42
0.000000
  0
VERTEX
  8
PG_SILKSCREEN_BOTTOM
 10
73.262033
 20
27.523491
 40
0.101600
 41
0.101600
 42
0.000000
  0
SEQEND
  0
POLYLINE
  8
PG_SILKSCREEN_BOTTOM
 66
1
 70
0
 40
0.000000
 41
0.000000
 39
0.000000
  0
VERTEX
  8
PG_SILKSCREEN_BOTTOM
 10
72.550833
 20
27.523491
 40
0.101600
 41
0.101600
 42
0.000000
  0
VERTEX
  8
PG_SILKSCREEN_BOTTOM
 10
72.550833
 20
26.913891
 40
0.101600
 41
0.101600
 42
0.000000
  0
SEQEND
  0
POLYLINE
  8
PIN_BOTTOM
 66
1
 70
1
 40
0.000000
 41
0.000000
 39
0.000000
  0
VERTEX
  8
PIN_BOTTOM
 10
9.726041
 20
41.001264
 40
0.000000
 41
0.000000
 42
0.000000
  0
VERTEX
  8
PIN_BOTTOM
 10
9.726041
 20
41.801364
 40
0.000000
 41
0.000000
 42
0.000000
  0
VERTEX
  8
PIN_BOTTOM
 10
9.225940
 20
41.801364
 40
0.000000
 41
0.000000
 42
0.000000
  0
VERTEX
  8
PIN_BOTTOM
 10
9.225940
 20
41.001264
 40
0.000000
 41
0.000000
 42
0.000000
  0
SEQEND
  0
POLYLINE
  8
PIN_BOTTOM
 66
1
 70
1
 40
0.000000
 41
0.000000
 39
0.000000
  0
VERTEX
  8
PIN_BOTTOM
 10
9.726041
 20
39.201268
 40
0.000000
 41
0.000000
 42
0.000000
  0
VERTEX
  8
PIN_BOTTOM
 10
9.726041
 20
40.001368
 40
0.000000
 41
0.000000
 42
0.000000
  0
VERTEX
  8
PIN_BOTTOM
 10
9.225940
 20
40.001368
 40
0.000000
 41
0.000000
 42
0.000000
  0
VERTEX
  8
PIN_BOTTOM
 10
9.225940
 20
39.201268
 40
0.000000
 41
0.000000
 42
0.000000
  0
SEQEND
  0
POLYLINE
  8
PG_SILKSCREEN_BOTTOM
 66
1
 70
0
 40
0.000000
 41
0.000000
 39
0.000000
  0
VERTEX
  8
PG_SILKSCREEN_BOTTOM
 10
9.925990
 20
41.151327
 40
0.100000
 41
0.100000
 42
0.000000
  0
VERTEX
  8
PG_SILKSCREEN_BOTTOM
 10
9.025992
 20
41.151327
 40
0.100000
 41
0.100000
 42
0.000000
  0
VERTEX
  8
PG_SILKSCREEN_BOTTOM
 10
9.025992
 20
39.851330
 40
0.100000
 41
0.100000
 42
0.000000
  0
VERTEX
  8
PG_SILKSCREEN_BOTTOM
 10
9.925990
 20
39.851330
 40
0.100000
 41
0.100000
 42
0.000000
  0
VERTEX
  8
PG_SILKSCREEN_BOTTOM
 10
9.925990
 20
41.151327
 40
0.100000
 41
0.100000
 42
0.000000
  0
SEQEND
  0
POLYLINE
  8
PG_SILKSCREEN_BOTTOM
 66
1
 70
0
 40
0.000000
 41
0.000000
 39
0.000000
  0
VERTEX
  8
PG_SILKSCREEN_BOTTOM
 10
9.907778
 20
40.221916
 40
0.100000
 41
0.100000
 42
0.000000
  0
VERTEX
  8
PG_SILKSCREEN_BOTTOM
 10
9.044178
 20
40.221916
 40
0.100000
 41
0.100000
 42
0.000000
  0
SEQEND
  0
POLYLINE
  8
PG_SILKSCREEN_BOTTOM
 66
1
 70
0
 40
0.000000
 41
0.000000
 39
0.000000
  0
VERTEX
  8
PG_SILKSCREEN_BOTTOM
 10
9.907778
 20
40.145716
 40
0.100000
 41
0.100000
 42
0.000000
  0
VERTEX
  8
PG_SILKSCREEN_BOTTOM
 10
9.044178
 20
40.145716
 40
0.100000
 41
0.100000
 42
0.000000
  0
SEQEND
  0
POLYLINE
  8
PG_SILKSCREEN_BOTTOM
 66
1
 70
0
 40
0.000000
 41
0.000000
 39
0.000000
  0
VERTEX
  8
PG_SILKSCREEN_BOTTOM
 10
9.907778
 20
40.298116
 40
0.100000
 41
0.100000
 42
0.000000
  0
VERTEX
  8
PG_SILKSCREEN_BOTTOM
 10
9.044178
 20
40.298116
 40
0.100000
 41
0.100000
 42
0.000000
  0
SEQEND
  0
POLYLINE
  8
PIN_BOTTOM
 66
1
 70
1
 40
0.000000
 41
0.000000
 39
0.000000
  0
VERTEX
  8
PIN_BOTTOM
 10
48.832516
 20
69.194591
 40
0.000000
 41
0.000000
 42
0.000000
  0
VERTEX
  8
PIN_BOTTOM
 10
49.632616
 20
69.194591
 40
0.000000
 41
0.000000
 42
0.000000
  0
VERTEX
  8
PIN_BOTTOM
 10
49.632616
 20
69.694692
 40
0.000000
 41
0.000000
 42
0.000000
  0
VERTEX
  8
PIN_BOTTOM
 10
48.832516
 20
69.694692
 40
0.000000
 41
0.000000
 42
0.000000
  0
SEQEND
  0
POLYLINE
  8
PIN_BOTTOM
 66
1
 70
1
 40
0.000000
 41
0.000000
 39
0.000000
  0
VERTEX
  8
PIN_BOTTOM
 10
47.032520
 20
69.194591
 40
0.000000
 41
0.000000
 42
0.000000
  0
VERTEX
  8
PIN_BOTTOM
 10
47.832620
 20
69.194591
 40
0.000000
 41
0.000000
 42
0.000000
  0
VERTEX
  8
PIN_BOTTOM
 10
47.832620
 20
69.694692
 40
0.000000
 41
0.000000
 42
0.000000
  0
VERTEX
  8
PIN_BOTTOM
 10
47.032520
 20
69.694692
 40
0.000000
 41
0.000000
 42
0.000000
  0
SEQEND
  0
POLYLINE
  8
PG_SILKSCREEN_BOTTOM
 66
1
 70
0
 40
0.000000
 41
0.000000
 39
0.000000
  0
VERTEX
  8
PG_SILKSCREEN_BOTTOM
 10
48.982579
 20
68.994630
 40
0.100000
 41
0.100000
 42
0.000000
  0
VERTEX
  8
PG_SILKSCREEN_BOTTOM
 10
48.982579
 20
69.894628
 40
0.100000
 41
0.100000
 42
0.000000
  0
VERTEX
  8
PG_SILKSCREEN_BOTTOM
 10
47.682582
 20
69.894628
 40
0.100000
 41
0.100000
 42
0.000000
  0
VERTEX
  8
PG_SILKSCREEN_BOTTOM
 10
47.682582
 20
68.994630
 40
0.100000
 41
0.100000
 42
0.000000
  0
VERTEX
  8
PG_SILKSCREEN_BOTTOM
 10
48.982579
 20
68.994630
 40
0.100000
 41
0.100000
 42
0.000000
  0
SEQEND
  0
POLYLINE
  8
PG_SILKSCREEN_BOTTOM
 66
1
 70
0
 40
0.000000
 41
0.000000
 39
0.000000
  0
VERTEX
  8
PG_SILKSCREEN_BOTTOM
 10
48.053168
 20
69.012841
 40
0.100000
 41
0.100000
 42
0.000000
  0
VERTEX
  8
PG_SILKSCREEN_BOTTOM
 10
48.053168
 20
69.876441
 40
0.100000
 41
0.100000
 42
0.000000
  0
SEQEND
  0
POLYLINE
  8
PG_SILKSCREEN_BOTTOM
 66
1
 70
0
 40
0.000000
 41
0.000000
 39
0.000000
  0
VERTEX
  8
PG_SILKSCREEN_BOTTOM
 10
47.976968
 20
69.012841
 40
0.100000
 41
0.100000
 42
0.000000
  0
VERTEX
  8
PG_SILKSCREEN_BOTTOM
 10
47.976968
 20
69.876441
 40
0.100000
 41
0.100000
 42
0.000000
  0
SEQEND
  0
POLYLINE
  8
PG_SILKSCREEN_BOTTOM
 66
1
 70
0
 40
0.000000
 41
0.000000
 39
0.000000
  0
VERTEX
  8
PG_SILKSCREEN_BOTTOM
 10
48.129368
 20
69.012841
 40
0.100000
 41
0.100000
 42
0.000000
  0
VERTEX
  8
PG_SILKSCREEN_BOTTOM
 10
48.129368
 20
69.876441
 40
0.100000
 41
0.100000
 42
0.000000
  0
SEQEND
  0
POLYLINE
  8
PIN_BOTTOM
 66
1
 70
1
 40
0.000000
 41
0.000000
 39
0.000000
  0
VERTEX
  8
PIN_BOTTOM
 10
71.186688
 20
73.739426
 40
0.000000
 41
0.000000
 42
0.000000
  0
VERTEX
  8
PIN_BOTTOM
 10
71.186688
 20
72.939326
 40
0.000000
 41
0.000000
 42
0.000000
  0
VERTEX
  8
PIN_BOTTOM
 10
71.686788
 20
72.939326
 40
0.000000
 41
0.000000
 42
0.000000
  0
VERTEX
  8
PIN_BOTTOM
 10
71.686788
 20
73.739426
 40
0.000000
 41
0.000000
 42
0.000000
  0
SEQEND
  0
POLYLINE
  8
PIN_BOTTOM
 66
1
 70
1
 40
0.000000
 41
0.000000
 39
0.000000
  0
VERTEX
  8
PIN_BOTTOM
 10
71.186688
 20
75.539422
 40
0.000000
 41
0.000000
 42
0.000000
  0
VERTEX
  8
PIN_BOTTOM
 10
71.186688
 20
74.739322
 40
0.000000
 41
0.000000
 42
0.000000
  0
VERTEX
  8
PIN_BOTTOM
 10
71.686788
 20
74.739322
 40
0.000000
 41
0.000000
 42
0.000000
  0
VERTEX
  8
PIN_BOTTOM
 10
71.686788
 20
75.539422
 40
0.000000
 41
0.000000
 42
0.000000
  0
SEQEND
  0
POLYLINE
  8
PG_SILKSCREEN_BOTTOM
 66
1
 70
0
 40
0.000000
 41
0.000000
 39
0.000000
  0
VERTEX
  8
PG_SILKSCREEN_BOTTOM
 10
70.986726
 20
73.589363
 40
0.100000
 41
0.100000
 42
0.000000
  0
VERTEX
  8
PG_SILKSCREEN_BOTTOM
 10
71.886724
 20
73.589363
 40
0.100000
 41
0.100000
 42
0.000000
  0
VERTEX
  8
PG_SILKSCREEN_BOTTOM
 10
71.886724
 20
74.889360
 40
0.100000
 41
0.100000
 42
0.000000
  0
VERTEX
  8
PG_SILKSCREEN_BOTTOM
 10
70.986726
 20
74.889360
 40
0.100000
 41
0.100000
 42
0.000000
  0
VERTEX
  8
PG_SILKSCREEN_BOTTOM
 10
70.986726
 20
73.589363
 40
0.100000
 41
0.100000
 42
0.000000
  0
SEQEND
  0
POLYLINE
  8
PG_SILKSCREEN_BOTTOM
 66
1
 70
0
 40
0.000000
 41
0.000000
 39
0.000000
  0
VERTEX
  8
PG_SILKSCREEN_BOTTOM
 10
71.004938
 20
74.518774
 40
0.100000
 41
0.100000
 42
0.000000
  0
VERTEX
  8
PG_SILKSCREEN_BOTTOM
 10
71.868538
 20
74.518774
 40
0.100000
 41
0.100000
 42
0.000000
  0
SEQEND
  0
POLYLINE
  8
PG_SILKSCREEN_BOTTOM
 66
1
 70
0
 40
0.000000
 41
0.000000
 39
0.000000
  0
VERTEX
  8
PG_SILKSCREEN_BOTTOM
 10
71.004938
 20
74.594974
 40
0.100000
 41
0.100000
 42
0.000000
  0
VERTEX
  8
PG_SILKSCREEN_BOTTOM
 10
71.868538
 20
74.594974
 40
0.100000
 41
0.100000
 42
0.000000
  0
SEQEND
  0
POLYLINE
  8
PG_SILKSCREEN_BOTTOM
 66
1
 70
0
 40
0.000000
 41
0.000000
 39
0.000000
  0
VERTEX
  8
PG_SILKSCREEN_BOTTOM
 10
71.004938
 20
74.442574
 40
0.100000
 41
0.100000
 42
0.000000
  0
VERTEX
  8
PG_SILKSCREEN_BOTTOM
 10
71.868538
 20
74.442574
 40
0.100000
 41
0.100000
 42
0.000000
  0
SEQEND
  0
POLYLINE
  8
PIN_BOTTOM
 66
1
 70
1
 40
0.000000
 41
0.000000
 39
0.000000
  0
VERTEX
  8
PIN_BOTTOM
 10
70.450380
 20
43.260124
 40
0.000000
 41
0.000000
 42
0.000000
  0
VERTEX
  8
PIN_BOTTOM
 10
69.650280
 20
43.260124
 40
0.000000
 41
0.000000
 42
0.000000
  0
VERTEX
  8
PIN_BOTTOM
 10
69.650280
 20
42.760024
 40
0.000000
 41
0.000000
 42
0.000000
  0
VERTEX
  8
PIN_BOTTOM
 10
70.450380
 20
42.760024
 40
0.000000
 41
0.000000
 42
0.000000
  0
SEQEND
  0
POLYLINE
  8
PIN_BOTTOM
 66
1
 70
1
 40
0.000000
 41
0.000000
 39
0.000000
  0
VERTEX
  8
PIN_BOTTOM
 10
72.250376
 20
43.260124
 40
0.000000
 41
0.000000
 42
0.000000
  0
VERTEX
  8
PIN_BOTTOM
 10
71.450276
 20
43.260124
 40
0.000000
 41
0.000000
 42
0.000000
  0
VERTEX
  8
PIN_BOTTOM
 10
71.450276
 20
42.760024
 40
0.000000
 41
0.000000
 42
0.000000
  0
VERTEX
  8
PIN_BOTTOM
 10
72.250376
 20
42.760024
 40
0.000000
 41
0.000000
 42
0.000000
  0
SEQEND
  0
POLYLINE
  8
PG_SILKSCREEN_BOTTOM
 66
1
 70
0
 40
0.000000
 41
0.000000
 39
0.000000
  0
VERTEX
  8
PG_SILKSCREEN_BOTTOM
 10
70.300317
 20
43.460086
 40
0.100000
 41
0.100000
 42
0.000000
  0
VERTEX
  8
PG_SILKSCREEN_BOTTOM
 10
70.300317
 20
42.560088
 40
0.100000
 41
0.100000
 42
0.000000
  0
VERTEX
  8
PG_SILKSCREEN_BOTTOM
 10
71.600314
 20
42.560088
 40
0.100000
 41
0.100000
 42
0.000000
  0
VERTEX
  8
PG_SILKSCREEN_BOTTOM
 10
71.600314
 20
43.460086
 40
0.100000
 41
0.100000
 42
0.000000
  0
VERTEX
  8
PG_SILKSCREEN_BOTTOM
 10
70.300317
 20
43.460086
 40
0.100000
 41
0.100000
 42
0.000000
  0
SEQEND
  0
POLYLINE
  8
PG_SILKSCREEN_BOTTOM
 66
1
 70
0
 40
0.000000
 41
0.000000
 39
0.000000
  0
VERTEX
  8
PG_SILKSCREEN_BOTTOM
 10
71.229728
 20
43.441874
 40
0.100000
 41
0.100000
 42
0.000000
  0
VERTEX
  8
PG_SILKSCREEN_BOTTOM
 10
71.229728
 20
42.578274
 40
0.100000
 41
0.100000
 42
0.000000
  0
SEQEND
  0
POLYLINE
  8
PG_SILKSCREEN_BOTTOM
 66
1
 70
0
 40
0.000000
 41
0.000000
 39
0.000000
  0
VERTEX
  8
PG_SILKSCREEN_BOTTOM
 10
71.305928
 20
43.441874
 40
0.100000
 41
0.100000
 42
0.000000
  0
VERTEX
  8
PG_SILKSCREEN_BOTTOM
 10
71.305928
 20
42.578274
 40
0.100000
 41
0.100000
 42
0.000000
  0
SEQEND
  0
POLYLINE
  8
PG_SILKSCREEN_BOTTOM
 66
1
 70
0
 40
0.000000
 41
0.000000
 39
0.000000
  0
VERTEX
  8
PG_SILKSCREEN_BOTTOM
 10
71.153528
 20
43.441874
 40
0.100000
 41
0.100000
 42
0.000000
  0
VERTEX
  8
PG_SILKSCREEN_BOTTOM
 10
71.153528
 20
42.578274
 40
0.100000
 41
0.100000
 42
0.000000
  0
SEQEND
  0
POLYLINE
  8
PIN_BOTTOM
 66
1
 70
1
 40
0.000000
 41
0.000000
 39
0.000000
  0
VERTEX
  8
PIN_BOTTOM
 10
13.914704
 20
32.968324
 40
0.000000
 41
0.000000
 42
0.000000
  0
VERTEX
  8
PIN_BOTTOM
 10
14.714804
 20
32.968324
 40
0.000000
 41
0.000000
 42
0.000000
  0
VERTEX
  8
PIN_BOTTOM
 10
14.714804
 20
33.468424
 40
0.000000
 41
0.000000
 42
0.000000
  0
VERTEX
  8
PIN_BOTTOM
 10
13.914704
 20
33.468424
 40
0.000000
 41
0.000000
 42
0.000000
  0
SEQEND
  0
POLYLINE
  8
PIN_BOTTOM
 66
1
 70
1
 40
0.000000
 41
0.000000
 39
0.000000
  0
VERTEX
  8
PIN_BOTTOM
 10
12.114708
 20
32.968324
 40
0.000000
 41
0.000000
 42
0.000000
  0
VERTEX
  8
PIN_BOTTOM
 10
12.914808
 20
32.968324
 40
0.000000
 41
0.000000
 42
0.000000
  0
VERTEX
  8
PIN_BOTTOM
 10
12.914808
 20
33.468424
 40
0.000000
 41
0.000000
 42
0.000000
  0
VERTEX
  8
PIN_BOTTOM
 10
12.114708
 20
33.468424
 40
0.000000
 41
0.000000
 42
0.000000
  0
SEQEND
  0
POLYLINE
  8
PG_SILKSCREEN_BOTTOM
 66
1
 70
0
 40
0.000000
 41
0.000000
 39
0.000000
  0
VERTEX
  8
PG_SILKSCREEN_BOTTOM
 10
14.064767
 20
32.768362
 40
0.100000
 41
0.100000
 42
0.000000
  0
VERTEX
  8
PG_SILKSCREEN_BOTTOM
 10
14.064767
 20
33.668360
 40
0.100000
 41
0.100000
 42
0.000000
  0
VERTEX
  8
PG_SILKSCREEN_BOTTOM
 10
12.764770
 20
33.668360
 40
0.100000
 41
0.100000
 42
0.000000
  0
VERTEX
  8
PG_SILKSCREEN_BOTTOM
 10
12.764770
 20
32.768362
 40
0.100000
 41
0.100000
 42
0.000000
  0
VERTEX
  8
PG_SILKSCREEN_BOTTOM
 10
14.064767
 20
32.768362
 40
0.100000
 41
0.100000
 42
0.000000
  0
SEQEND
  0
POLYLINE
  8
PG_SILKSCREEN_BOTTOM
 66
1
 70
0
 40
0.000000
 41
0.000000
 39
0.000000
  0
VERTEX
  8
PG_SILKSCREEN_BOTTOM
 10
13.135356
 20
32.786574
 40
0.100000
 41
0.100000
 42
0.000000
  0
VERTEX
  8
PG_SILKSCREEN_BOTTOM
 10
13.135356
 20
33.650174
 40
0.100000
 41
0.100000
 42
0.000000
  0
SEQEND
  0
POLYLINE
  8
PG_SILKSCREEN_BOTTOM
 66
1
 70
0
 40
0.000000
 41
0.000000
 39
0.000000
  0
VERTEX
  8
PG_SILKSCREEN_BOTTOM
 10
13.059156
 20
32.786574
 40
0.100000
 41
0.100000
 42
0.000000
  0
VERTEX
  8
PG_SILKSCREEN_BOTTOM
 10
13.059156
 20
33.650174
 40
0.100000
 41
0.100000
 42
0.000000
  0
SEQEND
  0
POLYLINE
  8
PG_SILKSCREEN_BOTTOM
 66
1
 70
0
 40
0.000000
 41
0.000000
 39
0.000000
  0
VERTEX
  8
PG_SILKSCREEN_BOTTOM
 10
13.211556
 20
32.786574
 40
0.100000
 41
0.100000
 42
0.000000
  0
VERTEX
  8
PG_SILKSCREEN_BOTTOM
 10
13.211556
 20
33.650174
 40
0.100000
 41
0.100000
 42
0.000000
  0
SEQEND
  0
POLYLINE
  8
PIN_BOTTOM
 66
1
 70
1
 40
0.000000
 41
0.000000
 39
0.000000
  0
VERTEX
  8
PIN_BOTTOM
 10
17.630788
 20
49.637112
 40
0.000000
 41
0.000000
 42
0.000000
  0
VERTEX
  8
PIN_BOTTOM
 10
17.630788
 20
48.837012
 40
0.000000
 41
0.000000
 42
0.000000
  0
VERTEX
  8
PIN_BOTTOM
 10
18.130888
 20
48.837012
 40
0.000000
 41
0.000000
 42
0.000000
  0
VERTEX
  8
PIN_BOTTOM
 10
18.130888
 20
49.637112
 40
0.000000
 41
0.000000
 42
0.000000
  0
SEQEND
  0
POLYLINE
  8
PIN_BOTTOM
 66
1
 70
1
 40
0.000000
 41
0.000000
 39
0.000000
  0
VERTEX
  8
PIN_BOTTOM
 10
17.630788
 20
51.437108
 40
0.000000
 41
0.000000
 42
0.000000
  0
VERTEX
  8
PIN_BOTTOM
 10
17.630788
 20
50.637008
 40
0.000000
 41
0.000000
 42
0.000000
  0
VERTEX
  8
PIN_BOTTOM
 10
18.130888
 20
50.637008
 40
0.000000
 41
0.000000
 42
0.000000
  0
VERTEX
  8
PIN_BOTTOM
 10
18.130888
 20
51.437108
 40
0.000000
 41
0.000000
 42
0.000000
  0
SEQEND
  0
POLYLINE
  8
PG_SILKSCREEN_BOTTOM
 66
1
 70
0
 40
0.000000
 41
0.000000
 39
0.000000
  0
VERTEX
  8
PG_SILKSCREEN_BOTTOM
 10
17.430852
 20
49.487049
 40
0.100000
 41
0.100000
 42
0.000000
  0
VERTEX
  8
PG_SILKSCREEN_BOTTOM
 10
18.330850
 20
49.487049
 40
0.100000
 41
0.100000
 42
0.000000
  0
VERTEX
  8
PG_SILKSCREEN_BOTTOM
 10
18.330850
 20
50.787046
 40
0.100000
 41
0.100000
 42
0.000000
  0
VERTEX
  8
PG_SILKSCREEN_BOTTOM
 10
17.430852
 20
50.787046
 40
0.100000
 41
0.100000
 42
0.000000
  0
VERTEX
  8
PG_SILKSCREEN_BOTTOM
 10
17.430852
 20
49.487049
 40
0.100000
 41
0.100000
 42
0.000000
  0
SEQEND
  0
POLYLINE
  8
PG_SILKSCREEN_BOTTOM
 66
1
 70
0
 40
0.000000
 41
0.000000
 39
0.000000
  0
VERTEX
  8
PG_SILKSCREEN_BOTTOM
 10
17.449038
 20
50.416460
 40
0.100000
 41
0.100000
 42
0.000000
  0
VERTEX
  8
PG_SILKSCREEN_BOTTOM
 10
18.312638
 20
50.416460
 40
0.100000
 41
0.100000
 42
0.000000
  0
SEQEND
  0
POLYLINE
  8
PG_SILKSCREEN_BOTTOM
 66
1
 70
0
 40
0.000000
 41
0.000000
 39
0.000000
  0
VERTEX
  8
PG_SILKSCREEN_BOTTOM
 10
17.449038
 20
50.492660
 40
0.100000
 41
0.100000
 42
0.000000
  0
VERTEX
  8
PG_SILKSCREEN_BOTTOM
 10
18.312638
 20
50.492660
 40
0.100000
 41
0.100000
 42
0.000000
  0
SEQEND
  0
POLYLINE
  8
PG_SILKSCREEN_BOTTOM
 66
1
 70
0
 40
0.000000
 41
0.000000
 39
0.000000
  0
VERTEX
  8
PG_SILKSCREEN_BOTTOM
 10
17.449038
 20
50.340260
 40
0.100000
 41
0.100000
 42
0.000000
  0
VERTEX
  8
PG_SILKSCREEN_BOTTOM
 10
18.312638
 20
50.340260
 40
0.100000
 41
0.100000
 42
0.000000
  0
SEQEND
  0
POLYLINE
  8
PIN_BOTTOM
 66
1
 70
1
 40
0.000000
 41
0.000000
 39
0.000000
  0
VERTEX
  8
PIN_BOTTOM
 10
4.689094
 20
10.543794
 40
0.000000
 41
0.000000
 42
0.000000
  0
VERTEX
  8
PIN_BOTTOM
 10
4.689094
 20
9.743694
 40
0.000000
 41
0.000000
 42
0.000000
  0
VERTEX
  8
PIN_BOTTOM
 10
5.489194
 20
9.743694
 40
0.000000
 41
0.000000
 42
0.000000
  0
VERTEX
  8
PIN_BOTTOM
 10
5.489194
 20
10.543794
 40
0.000000
 41
0.000000
 42
0.000000
  0
SEQEND
  0
POLYLINE
  8
PIN_BOTTOM
 66
1
 70
1
 40
0.000000
 41
0.000000
 39
0.000000
  0
VERTEX
  8
PIN_BOTTOM
 10
6.213094
 20
10.543794
 40
0.000000
 41
0.000000
 42
0.000000
  0
VERTEX
  8
PIN_BOTTOM
 10
6.213094
 20
9.743694
 40
0.000000
 41
0.000000
 42
0.000000
  0
VERTEX
  8
PIN_BOTTOM
 10
7.013194
 20
9.743694
 40
0.000000
 41
0.000000
 42
0.000000
  0
VERTEX
  8
PIN_BOTTOM
 10
7.013194
 20
10.543794
 40
0.000000
 41
0.000000
 42
0.000000
  0
SEQEND
  0
POLYLINE
  8
PG_SILKSCREEN_BOTTOM
 66
1
 70
0
 40
0.000000
 41
0.000000
 39
0.000000
  0
VERTEX
  8
PG_SILKSCREEN_BOTTOM
 10
4.454144
 20
9.508744
 40
0.127000
 41
0.127000
 42
0.000000
  0
VERTEX
  8
PG_SILKSCREEN_BOTTOM
 10
7.248144
 20
9.508744
 40
0.127000
 41
0.127000
 42
0.000000
  0
SEQEND
  0
POLYLINE
  8
PG_SILKSCREEN_BOTTOM
 66
1
 70
0
 40
0.000000
 41
0.000000
 39
0.000000
  0
VERTEX
  8
PG_SILKSCREEN_BOTTOM
 10
7.248144
 20
9.508744
 40
0.127000
 41
0.127000
 42
0.000000
  0
VERTEX
  8
PG_SILKSCREEN_BOTTOM
 10
7.248144
 20
10.778744
 40
0.127000
 41
0.127000
 42
0.000000
  0
SEQEND
  0
POLYLINE
  8
PG_SILKSCREEN_BOTTOM
 66
1
 70
0
 40
0.000000
 41
0.000000
 39
0.000000
  0
VERTEX
  8
PG_SILKSCREEN_BOTTOM
 10
4.454144
 20
10.778744
 40
0.127000
 41
0.127000
 42
0.000000
  0
VERTEX
  8
PG_SILKSCREEN_BOTTOM
 10
4.454144
 20
9.508744
 40
0.127000
 41
0.127000
 42
0.000000
  0
SEQEND
  0
POLYLINE
  8
PG_SILKSCREEN_BOTTOM
 66
1
 70
0
 40
0.000000
 41
0.000000
 39
0.000000
  0
VERTEX
  8
PG_SILKSCREEN_BOTTOM
 10
7.248144
 20
10.778744
 40
0.127000
 41
0.127000
 42
0.000000
  0
VERTEX
  8
PG_SILKSCREEN_BOTTOM
 10
4.454144
 20
10.778744
 40
0.127000
 41
0.127000
 42
0.000000
  0
SEQEND
  0
POLYLINE
  8
PIN_BOTTOM
 66
1
 70
1
 40
0.000000
 41
0.000000
 39
0.000000
  0
VERTEX
  8
PIN_BOTTOM
 10
11.040872
 20
24.320246
 40
0.000000
 41
0.000000
 42
0.000000
  0
VERTEX
  8
PIN_BOTTOM
 10
11.840972
 20
24.320246
 40
0.000000
 41
0.000000
 42
0.000000
  0
VERTEX
  8
PIN_BOTTOM
 10
11.840972
 20
25.120346
 40
0.000000
 41
0.000000
 42
0.000000
  0
VERTEX
  8
PIN_BOTTOM
 10
11.040872
 20
25.120346
 40
0.000000
 41
0.000000
 42
0.000000
  0
SEQEND
  0
POLYLINE
  8
PIN_BOTTOM
 66
1
 70
1
 40
0.000000
 41
0.000000
 39
0.000000
  0
VERTEX
  8
PIN_BOTTOM
 10
11.040872
 20
25.844246
 40
0.000000
 41
0.000000
 42
0.000000
  0
VERTEX
  8
PIN_BOTTOM
 10
11.840972
 20
25.844246
 40
0.000000
 41
0.000000
 42
0.000000
  0
VERTEX
  8
PIN_BOTTOM
 10
11.840972
 20
26.644346
 40
0.000000
 41
0.000000
 42
0.000000
  0
VERTEX
  8
PIN_BOTTOM
 10
11.040872
 20
26.644346
 40
0.000000
 41
0.000000
 42
0.000000
  0
SEQEND
  0
POLYLINE
  8
PG_SILKSCREEN_BOTTOM
 66
1
 70
0
 40
0.000000
 41
0.000000
 39
0.000000
  0
VERTEX
  8
PG_SILKSCREEN_BOTTOM
 10
12.075922
 20
24.085296
 40
0.127000
 41
0.127000
 42
0.000000
  0
VERTEX
  8
PG_SILKSCREEN_BOTTOM
 10
12.075922
 20
26.879296
 40
0.127000
 41
0.127000
 42
0.000000
  0
SEQEND
  0
POLYLINE
  8
PG_SILKSCREEN_BOTTOM
 66
1
 70
0
 40
0.000000
 41
0.000000
 39
0.000000
  0
VERTEX
  8
PG_SILKSCREEN_BOTTOM
 10
12.075922
 20
26.879296
 40
0.127000
 41
0.127000
 42
0.000000
  0
VERTEX
  8
PG_SILKSCREEN_BOTTOM
 10
10.805922
 20
26.879296
 40
0.127000
 41
0.127000
 42
0.000000
  0
SEQEND
  0
POLYLINE
  8
PG_SILKSCREEN_BOTTOM
 66
1
 70
0
 40
0.000000
 41
0.000000
 39
0.000000
  0
VERTEX
  8
PG_SILKSCREEN_BOTTOM
 10
10.805922
 20
24.085296
 40
0.127000
 41
0.127000
 42
0.000000
  0
VERTEX
  8
PG_SILKSCREEN_BOTTOM
 10
12.075922
 20
24.085296
 40
0.127000
 41
0.127000
 42
0.000000
  0
SEQEND
  0
POLYLINE
  8
PG_SILKSCREEN_BOTTOM
 66
1
 70
0
 40
0.000000
 41
0.000000
 39
0.000000
  0
VERTEX
  8
PG_SILKSCREEN_BOTTOM
 10
10.805922
 20
26.879296
 40
0.127000
 41
0.127000
 42
0.000000
  0
VERTEX
  8
PG_SILKSCREEN_BOTTOM
 10
10.805922
 20
24.085296
 40
0.127000
 41
0.127000
 42
0.000000
  0
SEQEND
  0
POLYLINE
  8
PIN_BOTTOM
 66
1
 70
1
 40
0.000000
 41
0.000000
 39
0.000000
  0
VERTEX
  8
PIN_BOTTOM
 10
28.745205
 20
66.070251
 40
0.000000
 41
0.000000
 42
0.000000
  0
VERTEX
  8
PIN_BOTTOM
 10
29.545305
 20
66.070251
 40
0.000000
 41
0.000000
 42
0.000000
  0
VERTEX
  8
PIN_BOTTOM
 10
29.545305
 20
66.870351
 40
0.000000
 41
0.000000
 42
0.000000
  0
VERTEX
  8
PIN_BOTTOM
 10
28.745205
 20
66.870351
 40
0.000000
 41
0.000000
 42
0.000000
  0
SEQEND
  0
POLYLINE
  8
PIN_BOTTOM
 66
1
 70
1
 40
0.000000
 41
0.000000
 39
0.000000
  0
VERTEX
  8
PIN_BOTTOM
 10
28.745205
 20
67.594251
 40
0.000000
 41
0.000000
 42
0.000000
  0
VERTEX
  8
PIN_BOTTOM
 10
29.545305
 20
67.594251
 40
0.000000
 41
0.000000
 42
0.000000
  0
VERTEX
  8
PIN_BOTTOM
 10
29.545305
 20
68.394351
 40
0.000000
 41
0.000000
 42
0.000000
  0
VERTEX
  8
PIN_BOTTOM
 10
28.745205
 20
68.394351
 40
0.000000
 41
0.000000
 42
0.000000
  0
SEQEND
  0
POLYLINE
  8
PG_SILKSCREEN_BOTTOM
 66
1
 70
0
 40
0.000000
 41
0.000000
 39
0.000000
  0
VERTEX
  8
PG_SILKSCREEN_BOTTOM
 10
29.780255
 20
65.835301
 40
0.127000
 41
0.127000
 42
0.000000
  0
VERTEX
  8
PG_SILKSCREEN_BOTTOM
 10
29.780255
 20
68.629301
 40
0.127000
 41
0.127000
 42
0.000000
  0
SEQEND
  0
POLYLINE
  8
PG_SILKSCREEN_BOTTOM
 66
1
 70
0
 40
0.000000
 41
0.000000
 39
0.000000
  0
VERTEX
  8
PG_SILKSCREEN_BOTTOM
 10
29.780255
 20
68.629301
 40
0.127000
 41
0.127000
 42
0.000000
  0
VERTEX
  8
PG_SILKSCREEN_BOTTOM
 10
28.510255
 20
68.629301
 40
0.127000
 41
0.127000
 42
0.000000
  0
SEQEND
  0
POLYLINE
  8
PG_SILKSCREEN_BOTTOM
 66
1
 70
0
 40
0.000000
 41
0.000000
 39
0.000000
  0
VERTEX
  8
PG_SILKSCREEN_BOTTOM
 10
28.510255
 20
65.835301
 40
0.127000
 41
0.127000
 42
0.000000
  0
VERTEX
  8
PG_SILKSCREEN_BOTTOM
 10
29.780255
 20
65.835301
 40
0.127000
 41
0.127000
 42
0.000000
  0
SEQEND
  0
POLYLINE
  8
PG_SILKSCREEN_BOTTOM
 66
1
 70
0
 40
0.000000
 41
0.000000
 39
0.000000
  0
VERTEX
  8
PG_SILKSCREEN_BOTTOM
 10
28.510255
 20
68.629301
 40
0.127000
 41
0.127000
 42
0.000000
  0
VERTEX
  8
PG_SILKSCREEN_BOTTOM
 10
28.510255
 20
65.835301
 40
0.127000
 41
0.127000
 42
0.000000
  0
SEQEND
  0
POLYLINE
  8
PIN_BOTTOM
 66
1
 70
1
 40
0.000000
 41
0.000000
 39
0.000000
  0
VERTEX
  8
PIN_BOTTOM
 10
47.825939
 20
8.721750
 40
0.000000
 41
0.000000
 42
0.000000
  0
VERTEX
  8
PIN_BOTTOM
 10
47.825939
 20
7.921650
 40
0.000000
 41
0.000000
 42
0.000000
  0
VERTEX
  8
PIN_BOTTOM
 10
48.626039
 20
7.921650
 40
0.000000
 41
0.000000
 42
0.000000
  0
VERTEX
  8
PIN_BOTTOM
 10
48.626039
 20
8.721750
 40
0.000000
 41
0.000000
 42
0.000000
  0
SEQEND
  0
POLYLINE
  8
PIN_BOTTOM
 66
1
 70
1
 40
0.000000
 41
0.000000
 39
0.000000
  0
VERTEX
  8
PIN_BOTTOM
 10
49.400739
 20
8.721750
 40
0.000000
 41
0.000000
 42
0.000000
  0
VERTEX
  8
PIN_BOTTOM
 10
49.400739
 20
7.921650
 40
0.000000
 41
0.000000
 42
0.000000
  0
VERTEX
  8
PIN_BOTTOM
 10
50.200839
 20
7.921650
 40
0.000000
 41
0.000000
 42
0.000000
  0
VERTEX
  8
PIN_BOTTOM
 10
50.200839
 20
8.721750
 40
0.000000
 41
0.000000
 42
0.000000
  0
SEQEND
  0
POLYLINE
  8
PG_SILKSCREEN_BOTTOM
 66
1
 70
0
 40
0.000000
 41
0.000000
 39
0.000000
  0
VERTEX
  8
PG_SILKSCREEN_BOTTOM
 10
50.410389
 20
8.905900
 40
0.127000
 41
0.127000
 42
0.000000
  0
VERTEX
  8
PG_SILKSCREEN_BOTTOM
 10
47.616389
 20
8.905900
 40
0.127000
 41
0.127000
 42
0.000000
  0
VERTEX
  8
PG_SILKSCREEN_BOTTOM
 10
47.616389
 20
7.737500
 40
0.127000
 41
0.127000
 42
0.000000
  0
VERTEX
  8
PG_SILKSCREEN_BOTTOM
 10
50.410389
 20
7.737500
 40
0.127000
 41
0.127000
 42
0.000000
  0
VERTEX
  8
PG_SILKSCREEN_BOTTOM
 10
50.410389
 20
8.905900
 40
0.127000
 41
0.127000
 42
0.000000
  0
SEQEND
  0
POLYLINE
  8
PIN_BOTTOM
 66
1
 70
1
 40
0.000000
 41
0.000000
 39
0.000000
  0
VERTEX
  8
PIN_BOTTOM
 10
22.521901
 20
71.534630
 40
0.000000
 41
0.000000
 42
0.000000
  0
VERTEX
  8
PIN_BOTTOM
 10
22.521901
 20
72.334730
 40
0.000000
 41
0.000000
 42
0.000000
  0
VERTEX
  8
PIN_BOTTOM
 10
21.721801
 20
72.334730
 40
0.000000
 41
0.000000
 42
0.000000
  0
VERTEX
  8
PIN_BOTTOM
 10
21.721801
 20
71.534630
 40
0.000000
 41
0.000000
 42
0.000000
  0
SEQEND
  0
POLYLINE
  8
PIN_BOTTOM
 66
1
 70
1
 40
0.000000
 41
0.000000
 39
0.000000
  0
VERTEX
  8
PIN_BOTTOM
 10
20.947101
 20
71.534630
 40
0.000000
 41
0.000000
 42
0.000000
  0
VERTEX
  8
PIN_BOTTOM
 10
20.947101
 20
72.334730
 40
0.000000
 41
0.000000
 42
0.000000
  0
VERTEX
  8
PIN_BOTTOM
 10
20.147001
 20
72.334730
 40
0.000000
 41
0.000000
 42
0.000000
  0
VERTEX
  8
PIN_BOTTOM
 10
20.147001
 20
71.534630
 40
0.000000
 41
0.000000
 42
0.000000
  0
SEQEND
  0
POLYLINE
  8
PG_SILKSCREEN_BOTTOM
 66
1
 70
0
 40
0.000000
 41
0.000000
 39
0.000000
  0
VERTEX
  8
PG_SILKSCREEN_BOTTOM
 10
19.937451
 20
71.350480
 40
0.127000
 41
0.127000
 42
0.000000
  0
VERTEX
  8
PG_SILKSCREEN_BOTTOM
 10
22.731451
 20
71.350480
 40
0.127000
 41
0.127000
 42
0.000000
  0
VERTEX
  8
PG_SILKSCREEN_BOTTOM
 10
22.731451
 20
72.518880
 40
0.127000
 41
0.127000
 42
0.000000
  0
VERTEX
  8
PG_SILKSCREEN_BOTTOM
 10
19.937451
 20
72.518880
 40
0.127000
 41
0.127000
 42
0.000000
  0
VERTEX
  8
PG_SILKSCREEN_BOTTOM
 10
19.937451
 20
71.350480
 40
0.127000
 41
0.127000
 42
0.000000
  0
SEQEND
  0
POLYLINE
  8
PIN_BOTTOM
 66
1
 70
1
 40
0.000000
 41
0.000000
 39
0.000000
  0
VERTEX
  8
PIN_BOTTOM
 10
37.105996
 20
7.215759
 40
0.000000
 41
0.000000
 42
0.000000
  0
VERTEX
  8
PIN_BOTTOM
 10
37.105996
 20
8.015859
 40
0.000000
 41
0.000000
 42
0.000000
  0
VERTEX
  8
PIN_BOTTOM
 10
36.305896
 20
8.015859
 40
0.000000
 41
0.000000
 42
0.000000
  0
VERTEX
  8
PIN_BOTTOM
 10
36.305896
 20
7.215759
 40
0.000000
 41
0.000000
 42
0.000000
  0
SEQEND
  0
POLYLINE
  8
PIN_BOTTOM
 66
1
 70
1
 40
0.000000
 41
0.000000
 39
0.000000
  0
VERTEX
  8
PIN_BOTTOM
 10
35.531196
 20
7.215759
 40
0.000000
 41
0.000000
 42
0.000000
  0
VERTEX
  8
PIN_BOTTOM
 10
35.531196
 20
8.015859
 40
0.000000
 41
0.000000
 42
0.000000
  0
VERTEX
  8
PIN_BOTTOM
 10
34.731096
 20
8.015859
 40
0.000000
 41
0.000000
 42
0.000000
  0
VERTEX
  8
PIN_BOTTOM
 10
34.731096
 20
7.215759
 40
0.000000
 41
0.000000
 42
0.000000
  0
SEQEND
  0
POLYLINE
  8
PG_SILKSCREEN_BOTTOM
 66
1
 70
0
 40
0.000000
 41
0.000000
 39
0.000000
  0
VERTEX
  8
PG_SILKSCREEN_BOTTOM
 10
34.521546
 20
7.031609
 40
0.127000
 41
0.127000
 42
0.000000
  0
VERTEX
  8
PG_SILKSCREEN_BOTTOM
 10
37.315546
 20
7.031609
 40
0.127000
 41
0.127000
 42
0.000000
  0
VERTEX
  8
PG_SILKSCREEN_BOTTOM
 10
37.315546
 20
8.200009
 40
0.127000
 41
0.127000
 42
0.000000
  0
VERTEX
  8
PG_SILKSCREEN_BOTTOM
 10
34.521546
 20
8.200009
 40
0.127000
 41
0.127000
 42
0.000000
  0
VERTEX
  8
PG_SILKSCREEN_BOTTOM
 10
34.521546
 20
7.031609
 40
0.127000
 41
0.127000
 42
0.000000
  0
SEQEND
  0
POLYLINE
  8
PIN_BOTTOM
 66
1
 70
1
 40
0.000000
 41
0.000000
 39
0.000000
  0
VERTEX
  8
PIN_BOTTOM
 10
64.322046
 20
39.589837
 40
0.000000
 41
0.000000
 42
0.000000
  0
VERTEX
  8
PIN_BOTTOM
 10
64.322046
 20
38.789737
 40
0.000000
 41
0.000000
 42
0.000000
  0
VERTEX
  8
PIN_BOTTOM
 10
65.122146
 20
38.789737
 40
0.000000
 41
0.000000
 42
0.000000
  0
VERTEX
  8
PIN_BOTTOM
 10
65.122146
 20
39.589837
 40
0.000000
 41
0.000000
 42
0.000000
  0
SEQEND
  0
POLYLINE
  8
PIN_BOTTOM
 66
1
 70
1
 40
0.000000
 41
0.000000
 39
0.000000
  0
VERTEX
  8
PIN_BOTTOM
 10
65.896846
 20
39.589837
 40
0.000000
 41
0.000000
 42
0.000000
  0
VERTEX
  8
PIN_BOTTOM
 10
65.896846
 20
38.789737
 40
0.000000
 41
0.000000
 42
0.000000
  0
VERTEX
  8
PIN_BOTTOM
 10
66.696946
 20
38.789737
 40
0.000000
 41
0.000000
 42
0.000000
  0
VERTEX
  8
PIN_BOTTOM
 10
66.696946
 20
39.589837
 40
0.000000
 41
0.000000
 42
0.000000
  0
SEQEND
  0
POLYLINE
  8
PG_SILKSCREEN_BOTTOM
 66
1
 70
0
 40
0.000000
 41
0.000000
 39
0.000000
  0
VERTEX
  8
PG_SILKSCREEN_BOTTOM
 10
66.906496
 20
39.773987
 40
0.127000
 41
0.127000
 42
0.000000
  0
VERTEX
  8
PG_SILKSCREEN_BOTTOM
 10
64.112496
 20
39.773987
 40
0.127000
 41
0.127000
 42
0.000000
  0
VERTEX
  8
PG_SILKSCREEN_BOTTOM
 10
64.112496
 20
38.605587
 40
0.127000
 41
0.127000
 42
0.000000
  0
VERTEX
  8
PG_SILKSCREEN_BOTTOM
 10
66.906496
 20
38.605587
 40
0.127000
 41
0.127000
 42
0.000000
  0
VERTEX
  8
PG_SILKSCREEN_BOTTOM
 10
66.906496
 20
39.773987
 40
0.127000
 41
0.127000
 42
0.000000
  0
SEQEND
  0
POLYLINE
  8
PIN_BOTTOM
 66
1
 70
1
 40
0.000000
 41
0.000000
 39
0.000000
  0
VERTEX
  8
PIN_BOTTOM
 10
72.990024
 20
63.092152
 40
0.000000
 41
0.000000
 42
0.000000
  0
VERTEX
  8
PIN_BOTTOM
 10
72.990024
 20
65.992045
 40
0.000000
 41
0.000000
 42
0.000000
  0
VERTEX
  8
PIN_BOTTOM
 10
71.189926
 20
65.992045
 40
0.000000
 41
0.000000
 42
0.000000
  0
VERTEX
  8
PIN_BOTTOM
 10
71.189926
 20
63.092152
 40
0.000000
 41
0.000000
 42
0.000000
  0
SEQEND
  0
POLYLINE
  8
PIN_BOTTOM
 66
1
 70
1
 40
0.000000
 41
0.000000
 39
0.000000
  0
VERTEX
  8
PIN_BOTTOM
 10
78.689835
 20
63.092152
 40
0.000000
 41
0.000000
 42
0.000000
  0
VERTEX
  8
PIN_BOTTOM
 10
78.689835
 20
65.992045
 40
0.000000
 41
0.000000
 42
0.000000
  0
VERTEX
  8
PIN_BOTTOM
 10
76.889737
 20
65.992045
 40
0.000000
 41
0.000000
 42
0.000000
  0
VERTEX
  8
PIN_BOTTOM
 10
76.889737
 20
63.092152
 40
0.000000
 41
0.000000
 42
0.000000
  0
SEQEND
  0
POLYLINE
  8
PG_SILKSCREEN_BOTTOM
 66
1
 70
0
 40
0.000000
 41
0.000000
 39
0.000000
  0
VERTEX
  8
PG_SILKSCREEN_BOTTOM
 10
71.289875
 20
62.637111
 40
0.152400
 41
0.152400
 42
0.000000
  0
VERTEX
  8
PG_SILKSCREEN_BOTTOM
 10
71.289875
 20
62.392001
 40
0.152400
 41
0.152400
 42
0.000000
  0
VERTEX
  8
PG_SILKSCREEN_BOTTOM
 10
78.589886
 20
62.392001
 40
0.152400
 41
0.152400
 42
0.000000
  0
VERTEX
  8
PG_SILKSCREEN_BOTTOM
 10
78.589886
 20
62.637111
 40
0.152400
 41
0.152400
 42
0.000000
  0
SEQEND
  0
POLYLINE
  8
PG_SILKSCREEN_BOTTOM
 66
1
 70
0
 40
0.000000
 41
0.000000
 39
0.000000
  0
VERTEX
  8
PG_SILKSCREEN_BOTTOM
 10
78.589886
 20
66.447111
 40
0.152400
 41
0.152400
 42
0.000000
  0
VERTEX
  8
PG_SILKSCREEN_BOTTOM
 10
78.589886
 20
66.692221
 40
0.152400
 41
0.152400
 42
0.000000
  0
SEQEND
  0
POLYLINE
  8
PG_SILKSCREEN_BOTTOM
 66
1
 70
0
 40
0.000000
 41
0.000000
 39
0.000000
  0
VERTEX
  8
PG_SILKSCREEN_BOTTOM
 10
78.589886
 20
66.692221
 40
0.152400
 41
0.152400
 42
0.000000
  0
VERTEX
  8
PG_SILKSCREEN_BOTTOM
 10
71.289875
 20
66.692221
 40
0.152400
 41
0.152400
 42
0.000000
  0
VERTEX
  8
PG_SILKSCREEN_BOTTOM
 10
71.289875
 20
66.447111
 40
0.152400
 41
0.152400
 42
0.000000
  0
SEQEND
  0
POLYLINE
  8
PG_SILKSCREEN_BOTTOM
 66
1
 70
0
 40
0.000000
 41
0.000000
 39
0.000000
  0
VERTEX
  8
PG_SILKSCREEN_BOTTOM
 10
76.616281
 20
66.675711
 40
0.152400
 41
0.152400
 42
0.000000
  0
VERTEX
  8
PG_SILKSCREEN_BOTTOM
 10
76.616281
 20
62.408511
 40
0.152400
 41
0.152400
 42
0.000000
  0
SEQEND
  0
POLYLINE
  8
PG_SILKSCREEN_BOTTOM
 66
1
 70
0
 40
0.000000
 41
0.000000
 39
0.000000
  0
VERTEX
  8
PG_SILKSCREEN_BOTTOM
 10
76.463881
 20
66.675711
 40
0.152400
 41
0.152400
 42
0.000000
  0
VERTEX
  8
PG_SILKSCREEN_BOTTOM
 10
76.463881
 20
62.408511
 40
0.152400
 41
0.152400
 42
0.000000
  0
SEQEND
  0
POLYLINE
  8
PG_SILKSCREEN_BOTTOM
 66
1
 70
0
 40
0.000000
 41
0.000000
 39
0.000000
  0
VERTEX
  8
PG_SILKSCREEN_BOTTOM
 10
76.311481
 20
66.675711
 40
0.152400
 41
0.152400
 42
0.000000
  0
VERTEX
  8
PG_SILKSCREEN_BOTTOM
 10
76.311481
 20
62.408511
 40
0.152400
 41
0.152400
 42
0.000000
  0
SEQEND
  0
POLYLINE
  8
PIN_BOTTOM
 66
1
 70
1
 40
0.000000
 41
0.000000
 39
0.000000
  0
VERTEX
  8
PIN_BOTTOM
 10
8.635124
 20
77.413256
 40
0.000000
 41
0.000000
 42
0.000000
  0
VERTEX
  8
PIN_BOTTOM
 10
11.535016
 20
77.413256
 40
0.000000
 41
0.000000
 42
0.000000
  0
VERTEX
  8
PIN_BOTTOM
 10
11.535016
 20
79.213354
 40
0.000000
 41
0.000000
 42
0.000000
  0
VERTEX
  8
PIN_BOTTOM
 10
8.635124
 20
79.213354
 40
0.000000
 41
0.000000
 42
0.000000
  0
SEQEND
  0
POLYLINE
  8
PIN_BOTTOM
 66
1
 70
1
 40
0.000000
 41
0.000000
 39
0.000000
  0
VERTEX
  8
PIN_BOTTOM
 10
8.635124
 20
71.713446
 40
0.000000
 41
0.000000
 42
0.000000
  0
VERTEX
  8
PIN_BOTTOM
 10
11.535016
 20
71.713446
 40
0.000000
 41
0.000000
 42
0.000000
  0
VERTEX
  8
PIN_BOTTOM
 10
11.535016
 20
73.513544
 40
0.000000
 41
0.000000
 42
0.000000
  0
VERTEX
  8
PIN_BOTTOM
 10
8.635124
 20
73.513544
 40
0.000000
 41
0.000000
 42
0.000000
  0
SEQEND
  0
POLYLINE
  8
PG_SILKSCREEN_BOTTOM
 66
1
 70
0
 40
0.000000
 41
0.000000
 39
0.000000
  0
VERTEX
  8
PG_SILKSCREEN_BOTTOM
 10
8.180070
 20
79.113405
 40
0.152400
 41
0.152400
 42
0.000000
  0
VERTEX
  8
PG_SILKSCREEN_BOTTOM
 10
7.934960
 20
79.113405
 40
0.152400
 41
0.152400
 42
0.000000
  0
VERTEX
  8
PG_SILKSCREEN_BOTTOM
 10
7.934960
 20
71.813395
 40
0.152400
 41
0.152400
 42
0.000000
  0
VERTEX
  8
PG_SILKSCREEN_BOTTOM
 10
8.180070
 20
71.813395
 40
0.152400
 41
0.152400
 42
0.000000
  0
SEQEND
  0
POLYLINE
  8
PG_SILKSCREEN_BOTTOM
 66
1
 70
0
 40
0.000000
 41
0.000000
 39
0.000000
  0
VERTEX
  8
PG_SILKSCREEN_BOTTOM
 10
11.990070
 20
71.813395
 40
0.152400
 41
0.152400
 42
0.000000
  0
VERTEX
  8
PG_SILKSCREEN_BOTTOM
 10
12.235180
 20
71.813395
 40
0.152400
 41
0.152400
 42
0.000000
  0
SEQEND
  0
POLYLINE
  8
PG_SILKSCREEN_BOTTOM
 66
1
 70
0
 40
0.000000
 41
0.000000
 39
0.000000
  0
VERTEX
  8
PG_SILKSCREEN_BOTTOM
 10
12.235180
 20
71.813395
 40
0.152400
 41
0.152400
 42
0.000000
  0
VERTEX
  8
PG_SILKSCREEN_BOTTOM
 10
12.235180
 20
79.113405
 40
0.152400
 41
0.152400
 42
0.000000
  0
VERTEX
  8
PG_SILKSCREEN_BOTTOM
 10
11.990070
 20
79.113405
 40
0.152400
 41
0.152400
 42
0.000000
  0
SEQEND
  0
POLYLINE
  8
PG_SILKSCREEN_BOTTOM
 66
1
 70
0
 40
0.000000
 41
0.000000
 39
0.000000
  0
VERTEX
  8
PG_SILKSCREEN_BOTTOM
 10
12.218670
 20
73.787000
 40
0.152400
 41
0.152400
 42
0.000000
  0
VERTEX
  8
PG_SILKSCREEN_BOTTOM
 10
7.951470
 20
73.787000
 40
0.152400
 41
0.152400
 42
0.000000
  0
SEQEND
  0
POLYLINE
  8
PG_SILKSCREEN_BOTTOM
 66
1
 70
0
 40
0.000000
 41
0.000000
 39
0.000000
  0
VERTEX
  8
PG_SILKSCREEN_BOTTOM
 10
12.218670
 20
73.939400
 40
0.152400
 41
0.152400
 42
0.000000
  0
VERTEX
  8
PG_SILKSCREEN_BOTTOM
 10
7.951470
 20
73.939400
 40
0.152400
 41
0.152400
 42
0.000000
  0
SEQEND
  0
POLYLINE
  8
PG_SILKSCREEN_BOTTOM
 66
1
 70
0
 40
0.000000
 41
0.000000
 39
0.000000
  0
VERTEX
  8
PG_SILKSCREEN_BOTTOM
 10
12.218670
 20
74.091800
 40
0.152400
 41
0.152400
 42
0.000000
  0
VERTEX
  8
PG_SILKSCREEN_BOTTOM
 10
7.951470
 20
74.091800
 40
0.152400
 41
0.152400
 42
0.000000
  0
SEQEND
  0
POLYLINE
  8
PIN_BOTTOM
 66
1
 70
1
 40
0.000000
 41
0.000000
 39
0.000000
  0
VERTEX
  8
PIN_BOTTOM
 10
13.551294
 20
77.413256
 40
0.000000
 41
0.000000
 42
0.000000
  0
VERTEX
  8
PIN_BOTTOM
 10
16.451186
 20
77.413256
 40
0.000000
 41
0.000000
 42
0.000000
  0
VERTEX
  8
PIN_BOTTOM
 10
16.451186
 20
79.213354
 40
0.000000
 41
0.000000
 42
0.000000
  0
VERTEX
  8
PIN_BOTTOM
 10
13.551294
 20
79.213354
 40
0.000000
 41
0.000000
 42
0.000000
  0
SEQEND
  0
POLYLINE
  8
PIN_BOTTOM
 66
1
 70
1
 40
0.000000
 41
0.000000
 39
0.000000
  0
VERTEX
  8
PIN_BOTTOM
 10
13.551294
 20
71.713446
 40
0.000000
 41
0.000000
 42
0.000000
  0
VERTEX
  8
PIN_BOTTOM
 10
16.451186
 20
71.713446
 40
0.000000
 41
0.000000
 42
0.000000
  0
VERTEX
  8
PIN_BOTTOM
 10
16.451186
 20
73.513544
 40
0.000000
 41
0.000000
 42
0.000000
  0
VERTEX
  8
PIN_BOTTOM
 10
13.551294
 20
73.513544
 40
0.000000
 41
0.000000
 42
0.000000
  0
SEQEND
  0
POLYLINE
  8
PG_SILKSCREEN_BOTTOM
 66
1
 70
0
 40
0.000000
 41
0.000000
 39
0.000000
  0
VERTEX
  8
PG_SILKSCREEN_BOTTOM
 10
13.096240
 20
79.113405
 40
0.152400
 41
0.152400
 42
0.000000
  0
VERTEX
  8
PG_SILKSCREEN_BOTTOM
 10
12.851130
 20
79.113405
 40
0.152400
 41
0.152400
 42
0.000000
  0
VERTEX
  8
PG_SILKSCREEN_BOTTOM
 10
12.851130
 20
71.813420
 40
0.152400
 41
0.152400
 42
0.000000
  0
VERTEX
  8
PG_SILKSCREEN_BOTTOM
 10
13.096240
 20
71.813420
 40
0.152400
 41
0.152400
 42
0.000000
  0
SEQEND
  0
POLYLINE
  8
PG_SILKSCREEN_BOTTOM
 66
1
 70
0
 40
0.000000
 41
0.000000
 39
0.000000
  0
VERTEX
  8
PG_SILKSCREEN_BOTTOM
 10
16.906240
 20
71.813420
 40
0.152400
 41
0.152400
 42
0.000000
  0
VERTEX
  8
PG_SILKSCREEN_BOTTOM
 10
17.151350
 20
71.813420
 40
0.152400
 41
0.152400
 42
0.000000
  0
SEQEND
  0
POLYLINE
  8
PG_SILKSCREEN_BOTTOM
 66
1
 70
0
 40
0.000000
 41
0.000000
 39
0.000000
  0
VERTEX
  8
PG_SILKSCREEN_BOTTOM
 10
17.151350
 20
71.813420
 40
0.152400
 41
0.152400
 42
0.000000
  0
VERTEX
  8
PG_SILKSCREEN_BOTTOM
 10
17.151350
 20
79.113405
 40
0.152400
 41
0.152400
 42
0.000000
  0
VERTEX
  8
PG_SILKSCREEN_BOTTOM
 10
16.906240
 20
79.113405
 40
0.152400
 41
0.152400
 42
0.000000
  0
SEQEND
  0
POLYLINE
  8
PG_SILKSCREEN_BOTTOM
 66
1
 70
0
 40
0.000000
 41
0.000000
 39
0.000000
  0
VERTEX
  8
PG_SILKSCREEN_BOTTOM
 10
17.134840
 20
73.787000
 40
0.152400
 41
0.152400
 42
0.000000
  0
VERTEX
  8
PG_SILKSCREEN_BOTTOM
 10
12.867640
 20
73.787000
 40
0.152400
 41
0.152400
 42
0.000000
  0
SEQEND
  0
POLYLINE
  8
PG_SILKSCREEN_BOTTOM
 66
1
 70
0
 40
0.000000
 41
0.000000
 39
0.000000
  0
VERTEX
  8
PG_SILKSCREEN_BOTTOM
 10
17.134840
 20
73.939400
 40
0.152400
 41
0.152400
 42
0.000000
  0
VERTEX
  8
PG_SILKSCREEN_BOTTOM
 10
12.867640
 20
73.939400
 40
0.152400
 41
0.152400
 42
0.000000
  0
SEQEND
  0
POLYLINE
  8
PG_SILKSCREEN_BOTTOM
 66
1
 70
0
 40
0.000000
 41
0.000000
 39
0.000000
  0
VERTEX
  8
PG_SILKSCREEN_BOTTOM
 10
17.134840
 20
74.091800
 40
0.152400
 41
0.152400
 42
0.000000
  0
VERTEX
  8
PG_SILKSCREEN_BOTTOM
 10
12.867640
 20
74.091800
 40
0.152400
 41
0.152400
 42
0.000000
  0
SEQEND
  0
POLYLINE
  8
PIN_BOTTOM
 66
1
 70
1
 40
0.000000
 41
0.000000
 39
0.000000
  0
VERTEX
  8
PIN_BOTTOM
 10
12.703556
 20
57.340246
 40
0.000000
 41
0.000000
 42
0.000000
  0
VERTEX
  8
PIN_BOTTOM
 10
11.433556
 20
57.340246
 40
0.000000
 41
0.000000
 42
0.000000
  0
VERTEX
  8
PIN_BOTTOM
 10
11.433556
 20
56.552846
 40
0.000000
 41
0.000000
 42
0.000000
  0
VERTEX
  8
PIN_BOTTOM
 10
12.703556
 20
56.552846
 40
0.000000
 41
0.000000
 42
0.000000
  0
SEQEND
  0
POLYLINE
  8
PIN_BOTTOM
 66
1
 70
1
 40
0.000000
 41
0.000000
 39
0.000000
  0
VERTEX
  8
PIN_BOTTOM
 10
12.703556
 20
59.118246
 40
0.000000
 41
0.000000
 42
0.000000
  0
VERTEX
  8
PIN_BOTTOM
 10
11.433556
 20
59.118246
 40
0.000000
 41
0.000000
 42
0.000000
  0
VERTEX
  8
PIN_BOTTOM
 10
11.433556
 20
58.330846
 40
0.000000
 41
0.000000
 42
0.000000
  0
VERTEX
  8
PIN_BOTTOM
 10
12.703556
 20
58.330846
 40
0.000000
 41
0.000000
 42
0.000000
  0
SEQEND
  0
POLYLINE
  8
PG_SILKSCREEN_BOTTOM
 66
1
 70
0
 40
0.000000
 41
0.000000
 39
0.000000
  0
VERTEX
  8
PG_SILKSCREEN_BOTTOM
 10
12.855956
 20
56.387746
 40
0.127000
 41
0.127000
 42
0.000000
  0
VERTEX
  8
PG_SILKSCREEN_BOTTOM
 10
12.855956
 20
57.556146
 40
0.127000
 41
0.127000
 42
0.000000
  0
SEQEND
  0
POLYLINE
  8
PG_SILKSCREEN_BOTTOM
 66
1
 70
0
 40
0.000000
 41
0.000000
 39
0.000000
  0
VERTEX
  8
PG_SILKSCREEN_BOTTOM
 10
11.255756
 20
56.387746
 40
0.127000
 41
0.127000
 42
0.000000
  0
VERTEX
  8
PG_SILKSCREEN_BOTTOM
 10
12.830556
 20
56.387746
 40
0.127000
 41
0.127000
 42
0.000000
  0
SEQEND
  0
POLYLINE
  8
PG_SILKSCREEN_BOTTOM
 66
1
 70
0
 40
0.000000
 41
0.000000
 39
0.000000
  0
VERTEX
  8
PG_SILKSCREEN_BOTTOM
 10
11.255756
 20
57.581546
 40
0.127000
 41
0.127000
 42
0.000000
  0
VERTEX
  8
PG_SILKSCREEN_BOTTOM
 10
11.255756
 20
56.413146
 40
0.127000
 41
0.127000
 42
0.000000
  0
SEQEND
  0
POLYLINE
  8
PG_SILKSCREEN_BOTTOM
 66
1
 70
0
 40
0.000000
 41
0.000000
 39
0.000000
  0
VERTEX
  8
PG_SILKSCREEN_BOTTOM
 10
12.855956
 20
59.283346
 40
0.127000
 41
0.127000
 42
0.000000
  0
VERTEX
  8
PG_SILKSCREEN_BOTTOM
 10
12.855956
 20
58.114946
 40
0.127000
 41
0.127000
 42
0.000000
  0
SEQEND
  0
POLYLINE
  8
PG_SILKSCREEN_BOTTOM
 66
1
 70
0
 40
0.000000
 41
0.000000
 39
0.000000
  0
VERTEX
  8
PG_SILKSCREEN_BOTTOM
 10
11.319256
 20
59.283346
 40
0.127000
 41
0.127000
 42
0.000000
  0
VERTEX
  8
PG_SILKSCREEN_BOTTOM
 10
12.843256
 20
59.283346
 40
0.127000
 41
0.127000
 42
0.000000
  0
SEQEND
  0
POLYLINE
  8
PG_SILKSCREEN_BOTTOM
 66
1
 70
0
 40
0.000000
 41
0.000000
 39
0.000000
  0
VERTEX
  8
PG_SILKSCREEN_BOTTOM
 10
11.268456
 20
58.165746
 40
0.127000
 41
0.127000
 42
0.000000
  0
VERTEX
  8
PG_SILKSCREEN_BOTTOM
 10
11.268456
 20
59.283346
 40
0.127000
 41
0.127000
 42
0.000000
  0
SEQEND
  0
POLYLINE
  8
PIN_BOTTOM
 66
1
 70
1
 40
0.000000
 41
0.000000
 39
0.000000
  0
VERTEX
  8
PIN_BOTTOM
 10
10.470998
 20
51.168884
 40
0.000000
 41
0.000000
 42
0.000000
  0
VERTEX
  8
PIN_BOTTOM
 10
11.740998
 20
51.168884
 40
0.000000
 41
0.000000
 42
0.000000
  0
VERTEX
  8
PIN_BOTTOM
 10
11.740998
 20
51.956284
 40
0.000000
 41
0.000000
 42
0.000000
  0
VERTEX
  8
PIN_BOTTOM
 10
10.470998
 20
51.956284
 40
0.000000
 41
0.000000
 42
0.000000
  0
SEQEND
  0
POLYLINE
  8
PIN_BOTTOM
 66
1
 70
1
 40
0.000000
 41
0.000000
 39
0.000000
  0
VERTEX
  8
PIN_BOTTOM
 10
10.470998
 20
49.390884
 40
0.000000
 41
0.000000
 42
0.000000
  0
VERTEX
  8
PIN_BOTTOM
 10
11.740998
 20
49.390884
 40
0.000000
 41
0.000000
 42
0.000000
  0
VERTEX
  8
PIN_BOTTOM
 10
11.740998
 20
50.178284
 40
0.000000
 41
0.000000
 42
0.000000
  0
VERTEX
  8
PIN_BOTTOM
 10
10.470998
 20
50.178284
 40
0.000000
 41
0.000000
 42
0.000000
  0
SEQEND
  0
POLYLINE
  8
PG_SILKSCREEN_BOTTOM
 66
1
 70
0
 40
0.000000
 41
0.000000
 39
0.000000
  0
VERTEX
  8
PG_SILKSCREEN_BOTTOM
 10
10.318598
 20
52.121384
 40
0.127000
 41
0.127000
 42
0.000000
  0
VERTEX
  8
PG_SILKSCREEN_BOTTOM
 10
10.318598
 20
50.952984
 40
0.127000
 41
0.127000
 42
0.000000
  0
SEQEND
  0
POLYLINE
  8
PG_SILKSCREEN_BOTTOM
 66
1
 70
0
 40
0.000000
 41
0.000000
 39
0.000000
  0
VERTEX
  8
PG_SILKSCREEN_BOTTOM
 10
11.918798
 20
52.121384
 40
0.127000
 41
0.127000
 42
0.000000
  0
VERTEX
  8
PG_SILKSCREEN_BOTTOM
 10
10.343998
 20
52.121384
 40
0.127000
 41
0.127000
 42
0.000000
  0
SEQEND
  0
POLYLINE
  8
PG_SILKSCREEN_BOTTOM
 66
1
 70
0
 40
0.000000
 41
0.000000
 39
0.000000
  0
VERTEX
  8
PG_SILKSCREEN_BOTTOM
 10
11.918798
 20
50.927584
 40
0.127000
 41
0.127000
 42
0.000000
  0
VERTEX
  8
PG_SILKSCREEN_BOTTOM
 10
11.918798
 20
52.095984
 40
0.127000
 41
0.127000
 42
0.000000
  0
SEQEND
  0
POLYLINE
  8
PG_SILKSCREEN_BOTTOM
 66
1
 70
0
 40
0.000000
 41
0.000000
 39
0.000000
  0
VERTEX
  8
PG_SILKSCREEN_BOTTOM
 10
10.318598
 20
49.225784
 40
0.127000
 41
0.127000
 42
0.000000
  0
VERTEX
  8
PG_SILKSCREEN_BOTTOM
 10
10.318598
 20
50.394184
 40
0.127000
 41
0.127000
 42
0.000000
  0
SEQEND
  0
POLYLINE
  8
PG_SILKSCREEN_BOTTOM
 66
1
 70
0
 40
0.000000
 41
0.000000
 39
0.000000
  0
VERTEX
  8
PG_SILKSCREEN_BOTTOM
 10
11.855298
 20
49.225784
 40
0.127000
 41
0.127000
 42
0.000000
  0
VERTEX
  8
PG_SILKSCREEN_BOTTOM
 10
10.331298
 20
49.225784
 40
0.127000
 41
0.127000
 42
0.000000
  0
SEQEND
  0
POLYLINE
  8
PG_SILKSCREEN_BOTTOM
 66
1
 70
0
 40
0.000000
 41
0.000000
 39
0.000000
  0
VERTEX
  8
PG_SILKSCREEN_BOTTOM
 10
11.906098
 20
50.343384
 40
0.127000
 41
0.127000
 42
0.000000
  0
VERTEX
  8
PG_SILKSCREEN_BOTTOM
 10
11.906098
 20
49.225784
 40
0.127000
 41
0.127000
 42
0.000000
  0
SEQEND
  0
POLYLINE
  8
PIN_BOTTOM
 66
1
 70
1
 40
0.000000
 41
0.000000
 39
0.000000
  0
VERTEX
  8
PIN_BOTTOM
 10
60.547250
 20
71.276718
 40
0.000000
 41
0.000000
 42
0.000000
  0
VERTEX
  8
PIN_BOTTOM
 10
59.277250
 20
71.276718
 40
0.000000
 41
0.000000
 42
0.000000
  0
VERTEX
  8
PIN_BOTTOM
 10
59.277250
 20
70.489318
 40
0.000000
 41
0.000000
 42
0.000000
  0
VERTEX
  8
PIN_BOTTOM
 10
60.547250
 20
70.489318
 40
0.000000
 41
0.000000
 42
0.000000
  0
SEQEND
  0
POLYLINE
  8
PIN_BOTTOM
 66
1
 70
1
 40
0.000000
 41
0.000000
 39
0.000000
  0
VERTEX
  8
PIN_BOTTOM
 10
60.547250
 20
73.054718
 40
0.000000
 41
0.000000
 42
0.000000
  0
VERTEX
  8
PIN_BOTTOM
 10
59.277250
 20
73.054718
 40
0.000000
 41
0.000000
 42
0.000000
  0
VERTEX
  8
PIN_BOTTOM
 10
59.277250
 20
72.267318
 40
0.000000
 41
0.000000
 42
0.000000
  0
VERTEX
  8
PIN_BOTTOM
 10
60.547250
 20
72.267318
 40
0.000000
 41
0.000000
 42
0.000000
  0
SEQEND
  0
POLYLINE
  8
PG_SILKSCREEN_BOTTOM
 66
1
 70
0
 40
0.000000
 41
0.000000
 39
0.000000
  0
VERTEX
  8
PG_SILKSCREEN_BOTTOM
 10
60.699650
 20
70.324218
 40
0.127000
 41
0.127000
 42
0.000000
  0
VERTEX
  8
PG_SILKSCREEN_BOTTOM
 10
60.699650
 20
71.492618
 40
0.127000
 41
0.127000
 42
0.000000
  0
SEQEND
  0
POLYLINE
  8
PG_SILKSCREEN_BOTTOM
 66
1
 70
0
 40
0.000000
 41
0.000000
 39
0.000000
  0
VERTEX
  8
PG_SILKSCREEN_BOTTOM
 10
59.099450
 20
70.324218
 40
0.127000
 41
0.127000
 42
0.000000
  0
VERTEX
  8
PG_SILKSCREEN_BOTTOM
 10
60.674250
 20
70.324218
 40
0.127000
 41
0.127000
 42
0.000000
  0
SEQEND
  0
POLYLINE
  8
PG_SILKSCREEN_BOTTOM
 66
1
 70
0
 40
0.000000
 41
0.000000
 39
0.000000
  0
VERTEX
  8
PG_SILKSCREEN_BOTTOM
 10
59.099450
 20
71.518018
 40
0.127000
 41
0.127000
 42
0.000000
  0
VERTEX
  8
PG_SILKSCREEN_BOTTOM
 10
59.099450
 20
70.349618
 40
0.127000
 41
0.127000
 42
0.000000
  0
SEQEND
  0
POLYLINE
  8
PG_SILKSCREEN_BOTTOM
 66
1
 70
0
 40
0.000000
 41
0.000000
 39
0.000000
  0
VERTEX
  8
PG_SILKSCREEN_BOTTOM
 10
60.699650
 20
73.219818
 40
0.127000
 41
0.127000
 42
0.000000
  0
VERTEX
  8
PG_SILKSCREEN_BOTTOM
 10
60.699650
 20
72.051418
 40
0.127000
 41
0.127000
 42
0.000000
  0
SEQEND
  0
POLYLINE
  8
PG_SILKSCREEN_BOTTOM
 66
1
 70
0
 40
0.000000
 41
0.000000
 39
0.000000
  0
VERTEX
  8
PG_SILKSCREEN_BOTTOM
 10
59.162950
 20
73.219818
 40
0.127000
 41
0.127000
 42
0.000000
  0
VERTEX
  8
PG_SILKSCREEN_BOTTOM
 10
60.686950
 20
73.219818
 40
0.127000
 41
0.127000
 42
0.000000
  0
SEQEND
  0
POLYLINE
  8
PG_SILKSCREEN_BOTTOM
 66
1
 70
0
 40
0.000000
 41
0.000000
 39
0.000000
  0
VERTEX
  8
PG_SILKSCREEN_BOTTOM
 10
59.112150
 20
72.102218
 40
0.127000
 41
0.127000
 42
0.000000
  0
VERTEX
  8
PG_SILKSCREEN_BOTTOM
 10
59.112150
 20
73.219818
 40
0.127000
 41
0.127000
 42
0.000000
  0
SEQEND
  0
POLYLINE
  8
PIN_BOTTOM
 66
1
 70
1
 40
0.000000
 41
0.000000
 39
0.000000
  0
VERTEX
  8
PIN_BOTTOM
 10
74.852784
 20
69.759576
 40
0.000000
 41
0.000000
 42
0.000000
  0
VERTEX
  8
PIN_BOTTOM
 10
73.582784
 20
69.759576
 40
0.000000
 41
0.000000
 42
0.000000
  0
VERTEX
  8
PIN_BOTTOM
 10
73.582784
 20
68.972176
 40
0.000000
 41
0.000000
 42
0.000000
  0
VERTEX
  8
PIN_BOTTOM
 10
74.852784
 20
68.972176
 40
0.000000
 41
0.000000
 42
0.000000
  0
SEQEND
  0
POLYLINE
  8
PIN_BOTTOM
 66
1
 70
1
 40
0.000000
 41
0.000000
 39
0.000000
  0
VERTEX
  8
PIN_BOTTOM
 10
74.852784
 20
71.537576
 40
0.000000
 41
0.000000
 42
0.000000
  0
VERTEX
  8
PIN_BOTTOM
 10
73.582784
 20
71.537576
 40
0.000000
 41
0.000000
 42
0.000000
  0
VERTEX
  8
PIN_BOTTOM
 10
73.582784
 20
70.750176
 40
0.000000
 41
0.000000
 42
0.000000
  0
VERTEX
  8
PIN_BOTTOM
 10
74.852784
 20
70.750176
 40
0.000000
 41
0.000000
 42
0.000000
  0
SEQEND
  0
POLYLINE
  8
PG_SILKSCREEN_BOTTOM
 66
1
 70
0
 40
0.000000
 41
0.000000
 39
0.000000
  0
VERTEX
  8
PG_SILKSCREEN_BOTTOM
 10
75.005184
 20
68.807076
 40
0.127000
 41
0.127000
 42
0.000000
  0
VERTEX
  8
PG_SILKSCREEN_BOTTOM
 10
75.005184
 20
69.975476
 40
0.127000
 41
0.127000
 42
0.000000
  0
SEQEND
  0
POLYLINE
  8
PG_SILKSCREEN_BOTTOM
 66
1
 70
0
 40
0.000000
 41
0.000000
 39
0.000000
  0
VERTEX
  8
PG_SILKSCREEN_BOTTOM
 10
73.404984
 20
68.807076
 40
0.127000
 41
0.127000
 42
0.000000
  0
VERTEX
  8
PG_SILKSCREEN_BOTTOM
 10
74.979784
 20
68.807076
 40
0.127000
 41
0.127000
 42
0.000000
  0
SEQEND
  0
POLYLINE
  8
PG_SILKSCREEN_BOTTOM
 66
1
 70
0
 40
0.000000
 41
0.000000
 39
0.000000
  0
VERTEX
  8
PG_SILKSCREEN_BOTTOM
 10
73.404984
 20
70.000876
 40
0.127000
 41
0.127000
 42
0.000000
  0
VERTEX
  8
PG_SILKSCREEN_BOTTOM
 10
73.404984
 20
68.832476
 40
0.127000
 41
0.127000
 42
0.000000
  0
SEQEND
  0
POLYLINE
  8
PG_SILKSCREEN_BOTTOM
 66
1
 70
0
 40
0.000000
 41
0.000000
 39
0.000000
  0
VERTEX
  8
PG_SILKSCREEN_BOTTOM
 10
75.005184
 20
71.702676
 40
0.127000
 41
0.127000
 42
0.000000
  0
VERTEX
  8
PG_SILKSCREEN_BOTTOM
 10
75.005184
 20
70.534276
 40
0.127000
 41
0.127000
 42
0.000000
  0
SEQEND
  0
POLYLINE
  8
PG_SILKSCREEN_BOTTOM
 66
1
 70
0
 40
0.000000
 41
0.000000
 39
0.000000
  0
VERTEX
  8
PG_SILKSCREEN_BOTTOM
 10
73.468484
 20
71.702676
 40
0.127000
 41
0.127000
 42
0.000000
  0
VERTEX
  8
PG_SILKSCREEN_BOTTOM
 10
74.992484
 20
71.702676
 40
0.127000
 41
0.127000
 42
0.000000
  0
SEQEND
  0
POLYLINE
  8
PG_SILKSCREEN_BOTTOM
 66
1
 70
0
 40
0.000000
 41
0.000000
 39
0.000000
  0
VERTEX
  8
PG_SILKSCREEN_BOTTOM
 10
73.417684
 20
70.585076
 40
0.127000
 41
0.127000
 42
0.000000
  0
VERTEX
  8
PG_SILKSCREEN_BOTTOM
 10
73.417684
 20
71.702676
 40
0.127000
 41
0.127000
 42
0.000000
  0
SEQEND
  0
POLYLINE
  8
PIN_BOTTOM
 66
1
 70
1
 40
0.000000
 41
0.000000
 39
0.000000
  0
VERTEX
  8
PIN_BOTTOM
 10
57.131204
 20
70.662038
 40
0.000000
 41
0.000000
 42
0.000000
  0
VERTEX
  8
PIN_BOTTOM
 10
57.131204
 20
69.392038
 40
0.000000
 41
0.000000
 42
0.000000
  0
VERTEX
  8
PIN_BOTTOM
 10
57.918604
 20
69.392038
 40
0.000000
 41
0.000000
 42
0.000000
  0
VERTEX
  8
PIN_BOTTOM
 10
57.918604
 20
70.662038
 40
0.000000
 41
0.000000
 42
0.000000
  0
SEQEND
  0
POLYLINE
  8
PIN_BOTTOM
 66
1
 70
1
 40
0.000000
 41
0.000000
 39
0.000000
  0
VERTEX
  8
PIN_BOTTOM
 10
55.353204
 20
70.662038
 40
0.000000
 41
0.000000
 42
0.000000
  0
VERTEX
  8
PIN_BOTTOM
 10
55.353204
 20
69.392038
 40
0.000000
 41
0.000000
 42
0.000000
  0
VERTEX
  8
PIN_BOTTOM
 10
56.140604
 20
69.392038
 40
0.000000
 41
0.000000
 42
0.000000
  0
VERTEX
  8
PIN_BOTTOM
 10
56.140604
 20
70.662038
 40
0.000000
 41
0.000000
 42
0.000000
  0
SEQEND
  0
POLYLINE
  8
PG_SILKSCREEN_BOTTOM
 66
1
 70
0
 40
0.000000
 41
0.000000
 39
0.000000
  0
VERTEX
  8
PG_SILKSCREEN_BOTTOM
 10
58.083704
 20
70.814438
 40
0.127000
 41
0.127000
 42
0.000000
  0
VERTEX
  8
PG_SILKSCREEN_BOTTOM
 10
56.915304
 20
70.814438
 40
0.127000
 41
0.127000
 42
0.000000
  0
SEQEND
  0
POLYLINE
  8
PG_SILKSCREEN_BOTTOM
 66
1
 70
0
 40
0.000000
 41
0.000000
 39
0.000000
  0
VERTEX
  8
PG_SILKSCREEN_BOTTOM
 10
58.083704
 20
69.214238
 40
0.127000
 41
0.127000
 42
0.000000
  0
VERTEX
  8
PG_SILKSCREEN_BOTTOM
 10
58.083704
 20
70.789038
 40
0.127000
 41
0.127000
 42
0.000000
  0
SEQEND
  0
POLYLINE
  8
PG_SILKSCREEN_BOTTOM
 66
1
 70
0
 40
0.000000
 41
0.000000
 39
0.000000
  0
VERTEX
  8
PG_SILKSCREEN_BOTTOM
 10
56.889904
 20
69.214238
 40
0.127000
 41
0.127000
 42
0.000000
  0
VERTEX
  8
PG_SILKSCREEN_BOTTOM
 10
58.058304
 20
69.214238
 40
0.127000
 41
0.127000
 42
0.000000
  0
SEQEND
  0
POLYLINE
  8
PG_SILKSCREEN_BOTTOM
 66
1
 70
0
 40
0.000000
 41
0.000000
 39
0.000000
  0
VERTEX
  8
PG_SILKSCREEN_BOTTOM
 10
55.188104
 20
70.814438
 40
0.127000
 41
0.127000
 42
0.000000
  0
VERTEX
  8
PG_SILKSCREEN_BOTTOM
 10
56.356504
 20
70.814438
 40
0.127000
 41
0.127000
 42
0.000000
  0
SEQEND
  0
POLYLINE
  8
PG_SILKSCREEN_BOTTOM
 66
1
 70
0
 40
0.000000
 41
0.000000
 39
0.000000
  0
VERTEX
  8
PG_SILKSCREEN_BOTTOM
 10
55.188104
 20
69.277738
 40
0.127000
 41
0.127000
 42
0.000000
  0
VERTEX
  8
PG_SILKSCREEN_BOTTOM
 10
55.188104
 20
70.801738
 40
0.127000
 41
0.127000
 42
0.000000
  0
SEQEND
  0
POLYLINE
  8
PG_SILKSCREEN_BOTTOM
 66
1
 70
0
 40
0.000000
 41
0.000000
 39
0.000000
  0
VERTEX
  8
PG_SILKSCREEN_BOTTOM
 10
56.305704
 20
69.226938
 40
0.127000
 41
0.127000
 42
0.000000
  0
VERTEX
  8
PG_SILKSCREEN_BOTTOM
 10
55.188104
 20
69.226938
 40
0.127000
 41
0.127000
 42
0.000000
  0
SEQEND
  0
POLYLINE
  8
PIN_BOTTOM
 66
1
 70
1
 40
0.000000
 41
0.000000
 39
0.000000
  0
VERTEX
  8
PIN_BOTTOM
 10
71.521066
 20
69.140832
 40
0.000000
 41
0.000000
 42
0.000000
  0
VERTEX
  8
PIN_BOTTOM
 10
71.521066
 20
67.870832
 40
0.000000
 41
0.000000
 42
0.000000
  0
VERTEX
  8
PIN_BOTTOM
 10
72.308466
 20
67.870832
 40
0.000000
 41
0.000000
 42
0.000000
  0
VERTEX
  8
PIN_BOTTOM
 10
72.308466
 20
69.140832
 40
0.000000
 41
0.000000
 42
0.000000
  0
SEQEND
  0
POLYLINE
  8
PIN_BOTTOM
 66
1
 70
1
 40
0.000000
 41
0.000000
 39
0.000000
  0
VERTEX
  8
PIN_BOTTOM
 10
69.743066
 20
69.140832
 40
0.000000
 41
0.000000
 42
0.000000
  0
VERTEX
  8
PIN_BOTTOM
 10
69.743066
 20
67.870832
 40
0.000000
 41
0.000000
 42
0.000000
  0
VERTEX
  8
PIN_BOTTOM
 10
70.530466
 20
67.870832
 40
0.000000
 41
0.000000
 42
0.000000
  0
VERTEX
  8
PIN_BOTTOM
 10
70.530466
 20
69.140832
 40
0.000000
 41
0.000000
 42
0.000000
  0
SEQEND
  0
POLYLINE
  8
PG_SILKSCREEN_BOTTOM
 66
1
 70
0
 40
0.000000
 41
0.000000
 39
0.000000
  0
VERTEX
  8
PG_SILKSCREEN_BOTTOM
 10
72.473566
 20
69.293232
 40
0.127000
 41
0.127000
 42
0.000000
  0
VERTEX
  8
PG_SILKSCREEN_BOTTOM
 10
71.305166
 20
69.293232
 40
0.127000
 41
0.127000
 42
0.000000
  0
SEQEND
  0
POLYLINE
  8
PG_SILKSCREEN_BOTTOM
 66
1
 70
0
 40
0.000000
 41
0.000000
 39
0.000000
  0
VERTEX
  8
PG_SILKSCREEN_BOTTOM
 10
72.473566
 20
67.693032
 40
0.127000
 41
0.127000
 42
0.000000
  0
VERTEX
  8
PG_SILKSCREEN_BOTTOM
 10
72.473566
 20
69.267832
 40
0.127000
 41
0.127000
 42
0.000000
  0
SEQEND
  0
POLYLINE
  8
PG_SILKSCREEN_BOTTOM
 66
1
 70
0
 40
0.000000
 41
0.000000
 39
0.000000
  0
VERTEX
  8
PG_SILKSCREEN_BOTTOM
 10
71.279766
 20
67.693032
 40
0.127000
 41
0.127000
 42
0.000000
  0
VERTEX
  8
PG_SILKSCREEN_BOTTOM
 10
72.448166
 20
67.693032
 40
0.127000
 41
0.127000
 42
0.000000
  0
SEQEND
  0
POLYLINE
  8
PG_SILKSCREEN_BOTTOM
 66
1
 70
0
 40
0.000000
 41
0.000000
 39
0.000000
  0
VERTEX
  8
PG_SILKSCREEN_BOTTOM
 10
69.577966
 20
69.293232
 40
0.127000
 41
0.127000
 42
0.000000
  0
VERTEX
  8
PG_SILKSCREEN_BOTTOM
 10
70.746366
 20
69.293232
 40
0.127000
 41
0.127000
 42
0.000000
  0
SEQEND
  0
POLYLINE
  8
PG_SILKSCREEN_BOTTOM
 66
1
 70
0
 40
0.000000
 41
0.000000
 39
0.000000
  0
VERTEX
  8
PG_SILKSCREEN_BOTTOM
 10
69.577966
 20
67.756532
 40
0.127000
 41
0.127000
 42
0.000000
  0
VERTEX
  8
PG_SILKSCREEN_BOTTOM
 10
69.577966
 20
69.280532
 40
0.127000
 41
0.127000
 42
0.000000
  0
SEQEND
  0
POLYLINE
  8
PG_SILKSCREEN_BOTTOM
 66
1
 70
0
 40
0.000000
 41
0.000000
 39
0.000000
  0
VERTEX
  8
PG_SILKSCREEN_BOTTOM
 10
70.695566
 20
67.705732
 40
0.127000
 41
0.127000
 42
0.000000
  0
VERTEX
  8
PG_SILKSCREEN_BOTTOM
 10
69.577966
 20
67.705732
 40
0.127000
 41
0.127000
 42
0.000000
  0
SEQEND
  0
POLYLINE
  8
PIN_BOTTOM
 66
1
 70
1
 40
0.000000
 41
0.000000
 39
0.000000
  0
VERTEX
  8
PIN_BOTTOM
 10
70.447408
 20
73.712832
 40
0.000000
 41
0.000000
 42
0.000000
  0
VERTEX
  8
PIN_BOTTOM
 10
69.177408
 20
73.712832
 40
0.000000
 41
0.000000
 42
0.000000
  0
VERTEX
  8
PIN_BOTTOM
 10
69.177408
 20
72.925432
 40
0.000000
 41
0.000000
 42
0.000000
  0
VERTEX
  8
PIN_BOTTOM
 10
70.447408
 20
72.925432
 40
0.000000
 41
0.000000
 42
0.000000
  0
SEQEND
  0
POLYLINE
  8
PIN_BOTTOM
 66
1
 70
1
 40
0.000000
 41
0.000000
 39
0.000000
  0
VERTEX
  8
PIN_BOTTOM
 10
70.447408
 20
75.490832
 40
0.000000
 41
0.000000
 42
0.000000
  0
VERTEX
  8
PIN_BOTTOM
 10
69.177408
 20
75.490832
 40
0.000000
 41
0.000000
 42
0.000000
  0
VERTEX
  8
PIN_BOTTOM
 10
69.177408
 20
74.703432
 40
0.000000
 41
0.000000
 42
0.000000
  0
VERTEX
  8
PIN_BOTTOM
 10
70.447408
 20
74.703432
 40
0.000000
 41
0.000000
 42
0.000000
  0
SEQEND
  0
POLYLINE
  8
PG_SILKSCREEN_BOTTOM
 66
1
 70
0
 40
0.000000
 41
0.000000
 39
0.000000
  0
VERTEX
  8
PG_SILKSCREEN_BOTTOM
 10
70.599808
 20
72.760332
 40
0.127000
 41
0.127000
 42
0.000000
  0
VERTEX
  8
PG_SILKSCREEN_BOTTOM
 10
70.599808
 20
73.928732
 40
0.127000
 41
0.127000
 42
0.000000
  0
SEQEND
  0
POLYLINE
  8
PG_SILKSCREEN_BOTTOM
 66
1
 70
0
 40
0.000000
 41
0.000000
 39
0.000000
  0
VERTEX
  8
PG_SILKSCREEN_BOTTOM
 10
68.999608
 20
72.760332
 40
0.127000
 41
0.127000
 42
0.000000
  0
VERTEX
  8
PG_SILKSCREEN_BOTTOM
 10
70.574408
 20
72.760332
 40
0.127000
 41
0.127000
 42
0.000000
  0
SEQEND
  0
POLYLINE
  8
PG_SILKSCREEN_BOTTOM
 66
1
 70
0
 40
0.000000
 41
0.000000
 39
0.000000
  0
VERTEX
  8
PG_SILKSCREEN_BOTTOM
 10
68.999608
 20
73.954132
 40
0.127000
 41
0.127000
 42
0.000000
  0
VERTEX
  8
PG_SILKSCREEN_BOTTOM
 10
68.999608
 20
72.785732
 40
0.127000
 41
0.127000
 42
0.000000
  0
SEQEND
  0
POLYLINE
  8
PG_SILKSCREEN_BOTTOM
 66
1
 70
0
 40
0.000000
 41
0.000000
 39
0.000000
  0
VERTEX
  8
PG_SILKSCREEN_BOTTOM
 10
70.599808
 20
75.655932
 40
0.127000
 41
0.127000
 42
0.000000
  0
VERTEX
  8
PG_SILKSCREEN_BOTTOM
 10
70.599808
 20
74.487532
 40
0.127000
 41
0.127000
 42
0.000000
  0
SEQEND
  0
POLYLINE
  8
PG_SILKSCREEN_BOTTOM
 66
1
 70
0
 40
0.000000
 41
0.000000
 39
0.000000
  0
VERTEX
  8
PG_SILKSCREEN_BOTTOM
 10
69.063108
 20
75.655932
 40
0.127000
 41
0.127000
 42
0.000000
  0
VERTEX
  8
PG_SILKSCREEN_BOTTOM
 10
70.587108
 20
75.655932
 40
0.127000
 41
0.127000
 42
0.000000
  0
SEQEND
  0
POLYLINE
  8
PG_SILKSCREEN_BOTTOM
 66
1
 70
0
 40
0.000000
 41
0.000000
 39
0.000000
  0
VERTEX
  8
PG_SILKSCREEN_BOTTOM
 10
69.012308
 20
74.538332
 40
0.127000
 41
0.127000
 42
0.000000
  0
VERTEX
  8
PG_SILKSCREEN_BOTTOM
 10
69.012308
 20
75.655932
 40
0.127000
 41
0.127000
 42
0.000000
  0
SEQEND
  0
POLYLINE
  8
PIN_BOTTOM
 66
1
 70
1
 40
0.000000
 41
0.000000
 39
0.000000
  0
VERTEX
  8
PIN_BOTTOM
 10
12.852654
 20
34.110168
 40
0.000000
 41
0.000000
 42
0.000000
  0
VERTEX
  8
PIN_BOTTOM
 10
12.852654
 20
35.380168
 40
0.000000
 41
0.000000
 42
0.000000
  0
VERTEX
  8
PIN_BOTTOM
 10
12.065254
 20
35.380168
 40
0.000000
 41
0.000000
 42
0.000000
  0
VERTEX
  8
PIN_BOTTOM
 10
12.065254
 20
34.110168
 40
0.000000
 41
0.000000
 42
0.000000
  0
SEQEND
  0
POLYLINE
  8
PIN_BOTTOM
 66
1
 70
1
 40
0.000000
 41
0.000000
 39
0.000000
  0
VERTEX
  8
PIN_BOTTOM
 10
14.630654
 20
34.110168
 40
0.000000
 41
0.000000
 42
0.000000
  0
VERTEX
  8
PIN_BOTTOM
 10
14.630654
 20
35.380168
 40
0.000000
 41
0.000000
 42
0.000000
  0
VERTEX
  8
PIN_BOTTOM
 10
13.843254
 20
35.380168
 40
0.000000
 41
0.000000
 42
0.000000
  0
VERTEX
  8
PIN_BOTTOM
 10
13.843254
 20
34.110168
 40
0.000000
 41
0.000000
 42
0.000000
  0
SEQEND
  0
POLYLINE
  8
PG_SILKSCREEN_BOTTOM
 66
1
 70
0
 40
0.000000
 41
0.000000
 39
0.000000
  0
VERTEX
  8
PG_SILKSCREEN_BOTTOM
 10
11.900154
 20
33.957768
 40
0.127000
 41
0.127000
 42
0.000000
  0
VERTEX
  8
PG_SILKSCREEN_BOTTOM
 10
13.068554
 20
33.957768
 40
0.127000
 41
0.127000
 42
0.000000
  0
SEQEND
  0
POLYLINE
  8
PG_SILKSCREEN_BOTTOM
 66
1
 70
0
 40
0.000000
 41
0.000000
 39
0.000000
  0
VERTEX
  8
PG_SILKSCREEN_BOTTOM
 10
11.900154
 20
35.557968
 40
0.127000
 41
0.127000
 42
0.000000
  0
VERTEX
  8
PG_SILKSCREEN_BOTTOM
 10
11.900154
 20
33.983168
 40
0.127000
 41
0.127000
 42
0.000000
  0
SEQEND
  0
POLYLINE
  8
PG_SILKSCREEN_BOTTOM
 66
1
 70
0
 40
0.000000
 41
0.000000
 39
0.000000
  0
VERTEX
  8
PG_SILKSCREEN_BOTTOM
 10
13.093954
 20
35.557968
 40
0.127000
 41
0.127000
 42
0.000000
  0
VERTEX
  8
PG_SILKSCREEN_BOTTOM
 10
11.925554
 20
35.557968
 40
0.127000
 41
0.127000
 42
0.000000
  0
SEQEND
  0
POLYLINE
  8
PG_SILKSCREEN_BOTTOM
 66
1
 70
0
 40
0.000000
 41
0.000000
 39
0.000000
  0
VERTEX
  8
PG_SILKSCREEN_BOTTOM
 10
14.795754
 20
33.957768
 40
0.127000
 41
0.127000
 42
0.000000
  0
VERTEX
  8
PG_SILKSCREEN_BOTTOM
 10
13.627354
 20
33.957768
 40
0.127000
 41
0.127000
 42
0.000000
  0
SEQEND
  0
POLYLINE
  8
PG_SILKSCREEN_BOTTOM
 66
1
 70
0
 40
0.000000
 41
0.000000
 39
0.000000
  0
VERTEX
  8
PG_SILKSCREEN_BOTTOM
 10
14.795754
 20
35.494468
 40
0.127000
 41
0.127000
 42
0.000000
  0
VERTEX
  8
PG_SILKSCREEN_BOTTOM
 10
14.795754
 20
33.970468
 40
0.127000
 41
0.127000
 42
0.000000
  0
SEQEND
  0
POLYLINE
  8
PG_SILKSCREEN_BOTTOM
 66
1
 70
0
 40
0.000000
 41
0.000000
 39
0.000000
  0
VERTEX
  8
PG_SILKSCREEN_BOTTOM
 10
13.678154
 20
35.545268
 40
0.127000
 41
0.127000
 42
0.000000
  0
VERTEX
  8
PG_SILKSCREEN_BOTTOM
 10
14.795754
 20
35.545268
 40
0.127000
 41
0.127000
 42
0.000000
  0
SEQEND
  0
POLYLINE
  8
PIN_BOTTOM
 66
1
 70
1
 40
0.000000
 41
0.000000
 39
0.000000
  0
VERTEX
  8
PIN_BOTTOM
 10
6.866001
 20
51.201041
 40
0.000000
 41
0.000000
 42
0.000000
  0
VERTEX
  8
PIN_BOTTOM
 10
8.136001
 20
51.201041
 40
0.000000
 41
0.000000
 42
0.000000
  0
VERTEX
  8
PIN_BOTTOM
 10
8.136001
 20
51.988441
 40
0.000000
 41
0.000000
 42
0.000000
  0
VERTEX
  8
PIN_BOTTOM
 10
6.866001
 20
51.988441
 40
0.000000
 41
0.000000
 42
0.000000
  0
SEQEND
  0
POLYLINE
  8
PIN_BOTTOM
 66
1
 70
1
 40
0.000000
 41
0.000000
 39
0.000000
  0
VERTEX
  8
PIN_BOTTOM
 10
6.866001
 20
49.423041
 40
0.000000
 41
0.000000
 42
0.000000
  0
VERTEX
  8
PIN_BOTTOM
 10
8.136001
 20
49.423041
 40
0.000000
 41
0.000000
 42
0.000000
  0
VERTEX
  8
PIN_BOTTOM
 10
8.136001
 20
50.210441
 40
0.000000
 41
0.000000
 42
0.000000
  0
VERTEX
  8
PIN_BOTTOM
 10
6.866001
 20
50.210441
 40
0.000000
 41
0.000000
 42
0.000000
  0
SEQEND
  0
POLYLINE
  8
PG_SILKSCREEN_BOTTOM
 66
1
 70
0
 40
0.000000
 41
0.000000
 39
0.000000
  0
VERTEX
  8
PG_SILKSCREEN_BOTTOM
 10
6.713601
 20
52.153541
 40
0.127000
 41
0.127000
 42
0.000000
  0
VERTEX
  8
PG_SILKSCREEN_BOTTOM
 10
6.713601
 20
50.985141
 40
0.127000
 41
0.127000
 42
0.000000
  0
SEQEND
  0
POLYLINE
  8
PG_SILKSCREEN_BOTTOM
 66
1
 70
0
 40
0.000000
 41
0.000000
 39
0.000000
  0
VERTEX
  8
PG_SILKSCREEN_BOTTOM
 10
8.313801
 20
52.153541
 40
0.127000
 41
0.127000
 42
0.000000
  0
VERTEX
  8
PG_SILKSCREEN_BOTTOM
 10
6.739001
 20
52.153541
 40
0.127000
 41
0.127000
 42
0.000000
  0
SEQEND
  0
POLYLINE
  8
PG_SILKSCREEN_BOTTOM
 66
1
 70
0
 40
0.000000
 41
0.000000
 39
0.000000
  0
VERTEX
  8
PG_SILKSCREEN_BOTTOM
 10
8.313801
 20
50.959741
 40
0.127000
 41
0.127000
 42
0.000000
  0
VERTEX
  8
PG_SILKSCREEN_BOTTOM
 10
8.313801
 20
52.128141
 40
0.127000
 41
0.127000
 42
0.000000
  0
SEQEND
  0
POLYLINE
  8
PG_SILKSCREEN_BOTTOM
 66
1
 70
0
 40
0.000000
 41
0.000000
 39
0.000000
  0
VERTEX
  8
PG_SILKSCREEN_BOTTOM
 10
6.713601
 20
49.257941
 40
0.127000
 41
0.127000
 42
0.000000
  0
VERTEX
  8
PG_SILKSCREEN_BOTTOM
 10
6.713601
 20
50.426341
 40
0.127000
 41
0.127000
 42
0.000000
  0
SEQEND
  0
POLYLINE
  8
PG_SILKSCREEN_BOTTOM
 66
1
 70
0
 40
0.000000
 41
0.000000
 39
0.000000
  0
VERTEX
  8
PG_SILKSCREEN_BOTTOM
 10
8.250301
 20
49.257941
 40
0.127000
 41
0.127000
 42
0.000000
  0
VERTEX
  8
PG_SILKSCREEN_BOTTOM
 10
6.726301
 20
49.257941
 40
0.127000
 41
0.127000
 42
0.000000
  0
SEQEND
  0
POLYLINE
  8
PG_SILKSCREEN_BOTTOM
 66
1
 70
0
 40
0.000000
 41
0.000000
 39
0.000000
  0
VERTEX
  8
PG_SILKSCREEN_BOTTOM
 10
8.301101
 20
50.375541
 40
0.127000
 41
0.127000
 42
0.000000
  0
VERTEX
  8
PG_SILKSCREEN_BOTTOM
 10
8.301101
 20
49.257941
 40
0.127000
 41
0.127000
 42
0.000000
  0
SEQEND
  0
POLYLINE
  8
PIN_BOTTOM
 66
1
 70
1
 40
0.000000
 41
0.000000
 39
0.000000
  0
VERTEX
  8
PIN_BOTTOM
 10
12.370943
 20
51.168884
 40
0.000000
 41
0.000000
 42
0.000000
  0
VERTEX
  8
PIN_BOTTOM
 10
13.640943
 20
51.168884
 40
0.000000
 41
0.000000
 42
0.000000
  0
VERTEX
  8
PIN_BOTTOM
 10
13.640943
 20
51.956284
 40
0.000000
 41
0.000000
 42
0.000000
  0
VERTEX
  8
PIN_BOTTOM
 10
12.370943
 20
51.956284
 40
0.000000
 41
0.000000
 42
0.000000
  0
SEQEND
  0
POLYLINE
  8
PIN_BOTTOM
 66
1
 70
1
 40
0.000000
 41
0.000000
 39
0.000000
  0
VERTEX
  8
PIN_BOTTOM
 10
12.370943
 20
49.390884
 40
0.000000
 41
0.000000
 42
0.000000
  0
VERTEX
  8
PIN_BOTTOM
 10
13.640943
 20
49.390884
 40
0.000000
 41
0.000000
 42
0.000000
  0
VERTEX
  8
PIN_BOTTOM
 10
13.640943
 20
50.178284
 40
0.000000
 41
0.000000
 42
0.000000
  0
VERTEX
  8
PIN_BOTTOM
 10
12.370943
 20
50.178284
 40
0.000000
 41
0.000000
 42
0.000000
  0
SEQEND
  0
POLYLINE
  8
PG_SILKSCREEN_BOTTOM
 66
1
 70
0
 40
0.000000
 41
0.000000
 39
0.000000
  0
VERTEX
  8
PG_SILKSCREEN_BOTTOM
 10
12.218543
 20
52.121384
 40
0.127000
 41
0.127000
 42
0.000000
  0
VERTEX
  8
PG_SILKSCREEN_BOTTOM
 10
12.218543
 20
50.952984
 40
0.127000
 41
0.127000
 42
0.000000
  0
SEQEND
  0
POLYLINE
  8
PG_SILKSCREEN_BOTTOM
 66
1
 70
0
 40
0.000000
 41
0.000000
 39
0.000000
  0
VERTEX
  8
PG_SILKSCREEN_BOTTOM
 10
13.818743
 20
52.121384
 40
0.127000
 41
0.127000
 42
0.000000
  0
VERTEX
  8
PG_SILKSCREEN_BOTTOM
 10
12.243943
 20
52.121384
 40
0.127000
 41
0.127000
 42
0.000000
  0
SEQEND
  0
POLYLINE
  8
PG_SILKSCREEN_BOTTOM
 66
1
 70
0
 40
0.000000
 41
0.000000
 39
0.000000
  0
VERTEX
  8
PG_SILKSCREEN_BOTTOM
 10
13.818743
 20
50.927584
 40
0.127000
 41
0.127000
 42
0.000000
  0
VERTEX
  8
PG_SILKSCREEN_BOTTOM
 10
13.818743
 20
52.095984
 40
0.127000
 41
0.127000
 42
0.000000
  0
SEQEND
  0
POLYLINE
  8
PG_SILKSCREEN_BOTTOM
 66
1
 70
0
 40
0.000000
 41
0.000000
 39
0.000000
  0
VERTEX
  8
PG_SILKSCREEN_BOTTOM
 10
12.218543
 20
49.225784
 40
0.127000
 41
0.127000
 42
0.000000
  0
VERTEX
  8
PG_SILKSCREEN_BOTTOM
 10
12.218543
 20
50.394184
 40
0.127000
 41
0.127000
 42
0.000000
  0
SEQEND
  0
POLYLINE
  8
PG_SILKSCREEN_BOTTOM
 66
1
 70
0
 40
0.000000
 41
0.000000
 39
0.000000
  0
VERTEX
  8
PG_SILKSCREEN_BOTTOM
 10
13.755243
 20
49.225784
 40
0.127000
 41
0.127000
 42
0.000000
  0
VERTEX
  8
PG_SILKSCREEN_BOTTOM
 10
12.231243
 20
49.225784
 40
0.127000
 41
0.127000
 42
0.000000
  0
SEQEND
  0
POLYLINE
  8
PG_SILKSCREEN_BOTTOM
 66
1
 70
0
 40
0.000000
 41
0.000000
 39
0.000000
  0
VERTEX
  8
PG_SILKSCREEN_BOTTOM
 10
13.806043
 20
50.343384
 40
0.127000
 41
0.127000
 42
0.000000
  0
VERTEX
  8
PG_SILKSCREEN_BOTTOM
 10
13.806043
 20
49.225784
 40
0.127000
 41
0.127000
 42
0.000000
  0
SEQEND
  0
POLYLINE
  8
PIN_BOTTOM
 66
1
 70
1
 40
0.000000
 41
0.000000
 39
0.000000
  0
VERTEX
  8
PIN_BOTTOM
 10
41.438195
 20
65.711857
 40
0.000000
 41
0.000000
 42
0.000000
  0
VERTEX
  8
PIN_BOTTOM
 10
40.168195
 20
65.711857
 40
0.000000
 41
0.000000
 42
0.000000
  0
VERTEX
  8
PIN_BOTTOM
 10
40.168195
 20
64.924457
 40
0.000000
 41
0.000000
 42
0.000000
  0
VERTEX
  8
PIN_BOTTOM
 10
41.438195
 20
64.924457
 40
0.000000
 41
0.000000
 42
0.000000
  0
SEQEND
  0
POLYLINE
  8
PIN_BOTTOM
 66
1
 70
1
 40
0.000000
 41
0.000000
 39
0.000000
  0
VERTEX
  8
PIN_BOTTOM
 10
41.438195
 20
67.489857
 40
0.000000
 41
0.000000
 42
0.000000
  0
VERTEX
  8
PIN_BOTTOM
 10
40.168195
 20
67.489857
 40
0.000000
 41
0.000000
 42
0.000000
  0
VERTEX
  8
PIN_BOTTOM
 10
40.168195
 20
66.702457
 40
0.000000
 41
0.000000
 42
0.000000
  0
VERTEX
  8
PIN_BOTTOM
 10
41.438195
 20
66.702457
 40
0.000000
 41
0.000000
 42
0.000000
  0
SEQEND
  0
POLYLINE
  8
PG_SILKSCREEN_BOTTOM
 66
1
 70
0
 40
0.000000
 41
0.000000
 39
0.000000
  0
VERTEX
  8
PG_SILKSCREEN_BOTTOM
 10
41.590595
 20
64.759357
 40
0.127000
 41
0.127000
 42
0.000000
  0
VERTEX
  8
PG_SILKSCREEN_BOTTOM
 10
41.590595
 20
65.927757
 40
0.127000
 41
0.127000
 42
0.000000
  0
SEQEND
  0
POLYLINE
  8
PG_SILKSCREEN_BOTTOM
 66
1
 70
0
 40
0.000000
 41
0.000000
 39
0.000000
  0
VERTEX
  8
PG_SILKSCREEN_BOTTOM
 10
39.990395
 20
64.759357
 40
0.127000
 41
0.127000
 42
0.000000
  0
VERTEX
  8
PG_SILKSCREEN_BOTTOM
 10
41.565195
 20
64.759357
 40
0.127000
 41
0.127000
 42
0.000000
  0
SEQEND
  0
POLYLINE
  8
PG_SILKSCREEN_BOTTOM
 66
1
 70
0
 40
0.000000
 41
0.000000
 39
0.000000
  0
VERTEX
  8
PG_SILKSCREEN_BOTTOM
 10
39.990395
 20
65.953157
 40
0.127000
 41
0.127000
 42
0.000000
  0
VERTEX
  8
PG_SILKSCREEN_BOTTOM
 10
39.990395
 20
64.784757
 40
0.127000
 41
0.127000
 42
0.000000
  0
SEQEND
  0
POLYLINE
  8
PG_SILKSCREEN_BOTTOM
 66
1
 70
0
 40
0.000000
 41
0.000000
 39
0.000000
  0
VERTEX
  8
PG_SILKSCREEN_BOTTOM
 10
41.590595
 20
67.654957
 40
0.127000
 41
0.127000
 42
0.000000
  0
VERTEX
  8
PG_SILKSCREEN_BOTTOM
 10
41.590595
 20
66.486557
 40
0.127000
 41
0.127000
 42
0.000000
  0
SEQEND
  0
POLYLINE
  8
PG_SILKSCREEN_BOTTOM
 66
1
 70
0
 40
0.000000
 41
0.000000
 39
0.000000
  0
VERTEX
  8
PG_SILKSCREEN_BOTTOM
 10
40.053895
 20
67.654957
 40
0.127000
 41
0.127000
 42
0.000000
  0
VERTEX
  8
PG_SILKSCREEN_BOTTOM
 10
41.577895
 20
67.654957
 40
0.127000
 41
0.127000
 42
0.000000
  0
SEQEND
  0
POLYLINE
  8
PG_SILKSCREEN_BOTTOM
 66
1
 70
0
 40
0.000000
 41
0.000000
 39
0.000000
  0
VERTEX
  8
PG_SILKSCREEN_BOTTOM
 10
40.003095
 20
66.537357
 40
0.127000
 41
0.127000
 42
0.000000
  0
VERTEX
  8
PG_SILKSCREEN_BOTTOM
 10
40.003095
 20
67.654957
 40
0.127000
 41
0.127000
 42
0.000000
  0
SEQEND
  0
POLYLINE
  8
PIN_BOTTOM
 66
1
 70
1
 40
0.000000
 41
0.000000
 39
0.000000
  0
VERTEX
  8
PIN_BOTTOM
 10
4.559046
 20
71.119492
 40
0.000000
 41
0.000000
 42
0.000000
  0
VERTEX
  8
PIN_BOTTOM
 10
4.559046
 20
72.389492
 40
0.000000
 41
0.000000
 42
0.000000
  0
VERTEX
  8
PIN_BOTTOM
 10
3.771646
 20
72.389492
 40
0.000000
 41
0.000000
 42
0.000000
  0
VERTEX
  8
PIN_BOTTOM
 10
3.771646
 20
71.119492
 40
0.000000
 41
0.000000
 42
0.000000
  0
SEQEND
  0
POLYLINE
  8
PIN_BOTTOM
 66
1
 70
1
 40
0.000000
 41
0.000000
 39
0.000000
  0
VERTEX
  8
PIN_BOTTOM
 10
6.337046
 20
71.119492
 40
0.000000
 41
0.000000
 42
0.000000
  0
VERTEX
  8
PIN_BOTTOM
 10
6.337046
 20
72.389492
 40
0.000000
 41
0.000000
 42
0.000000
  0
VERTEX
  8
PIN_BOTTOM
 10
5.549646
 20
72.389492
 40
0.000000
 41
0.000000
 42
0.000000
  0
VERTEX
  8
PIN_BOTTOM
 10
5.549646
 20
71.119492
 40
0.000000
 41
0.000000
 42
0.000000
  0
SEQEND
  0
POLYLINE
  8
PG_SILKSCREEN_BOTTOM
 66
1
 70
0
 40
0.000000
 41
0.000000
 39
0.000000
  0
VERTEX
  8
PG_SILKSCREEN_BOTTOM
 10
3.606546
 20
70.967092
 40
0.127000
 41
0.127000
 42
0.000000
  0
VERTEX
  8
PG_SILKSCREEN_BOTTOM
 10
4.774946
 20
70.967092
 40
0.127000
 41
0.127000
 42
0.000000
  0
SEQEND
  0
POLYLINE
  8
PG_SILKSCREEN_BOTTOM
 66
1
 70
0
 40
0.000000
 41
0.000000
 39
0.000000
  0
VERTEX
  8
PG_SILKSCREEN_BOTTOM
 10
3.606546
 20
72.567292
 40
0.127000
 41
0.127000
 42
0.000000
  0
VERTEX
  8
PG_SILKSCREEN_BOTTOM
 10
3.606546
 20
70.992492
 40
0.127000
 41
0.127000
 42
0.000000
  0
SEQEND
  0
POLYLINE
  8
PG_SILKSCREEN_BOTTOM
 66
1
 70
0
 40
0.000000
 41
0.000000
 39
0.000000
  0
VERTEX
  8
PG_SILKSCREEN_BOTTOM
 10
4.800346
 20
72.567292
 40
0.127000
 41
0.127000
 42
0.000000
  0
VERTEX
  8
PG_SILKSCREEN_BOTTOM
 10
3.631946
 20
72.567292
 40
0.127000
 41
0.127000
 42
0.000000
  0
SEQEND
  0
POLYLINE
  8
PG_SILKSCREEN_BOTTOM
 66
1
 70
0
 40
0.000000
 41
0.000000
 39
0.000000
  0
VERTEX
  8
PG_SILKSCREEN_BOTTOM
 10
6.502146
 20
70.967092
 40
0.127000
 41
0.127000
 42
0.000000
  0
VERTEX
  8
PG_SILKSCREEN_BOTTOM
 10
5.333746
 20
70.967092
 40
0.127000
 41
0.127000
 42
0.000000
  0
SEQEND
  0
POLYLINE
  8
PG_SILKSCREEN_BOTTOM
 66
1
 70
0
 40
0.000000
 41
0.000000
 39
0.000000
  0
VERTEX
  8
PG_SILKSCREEN_BOTTOM
 10
6.502146
 20
72.503792
 40
0.127000
 41
0.127000
 42
0.000000
  0
VERTEX
  8
PG_SILKSCREEN_BOTTOM
 10
6.502146
 20
70.979792
 40
0.127000
 41
0.127000
 42
0.000000
  0
SEQEND
  0
POLYLINE
  8
PG_SILKSCREEN_BOTTOM
 66
1
 70
0
 40
0.000000
 41
0.000000
 39
0.000000
  0
VERTEX
  8
PG_SILKSCREEN_BOTTOM
 10
5.384546
 20
72.554592
 40
0.127000
 41
0.127000
 42
0.000000
  0
VERTEX
  8
PG_SILKSCREEN_BOTTOM
 10
6.502146
 20
72.554592
 40
0.127000
 41
0.127000
 42
0.000000
  0
SEQEND
  0
POLYLINE
  8
PIN_BOTTOM
 66
1
 70
1
 40
0.000000
 41
0.000000
 39
0.000000
  0
VERTEX
  8
PIN_BOTTOM
 10
18.509742
 20
71.251826
 40
0.000000
 41
0.000000
 42
0.000000
  0
VERTEX
  8
PIN_BOTTOM
 10
18.509742
 20
69.981826
 40
0.000000
 41
0.000000
 42
0.000000
  0
VERTEX
  8
PIN_BOTTOM
 10
19.297142
 20
69.981826
 40
0.000000
 41
0.000000
 42
0.000000
  0
VERTEX
  8
PIN_BOTTOM
 10
19.297142
 20
71.251826
 40
0.000000
 41
0.000000
 42
0.000000
  0
SEQEND
  0
POLYLINE
  8
PIN_BOTTOM
 66
1
 70
1
 40
0.000000
 41
0.000000
 39
0.000000
  0
VERTEX
  8
PIN_BOTTOM
 10
16.731742
 20
71.251826
 40
0.000000
 41
0.000000
 42
0.000000
  0
VERTEX
  8
PIN_BOTTOM
 10
16.731742
 20
69.981826
 40
0.000000
 41
0.000000
 42
0.000000
  0
VERTEX
  8
PIN_BOTTOM
 10
17.519142
 20
69.981826
 40
0.000000
 41
0.000000
 42
0.000000
  0
VERTEX
  8
PIN_BOTTOM
 10
17.519142
 20
71.251826
 40
0.000000
 41
0.000000
 42
0.000000
  0
SEQEND
  0
POLYLINE
  8
PG_SILKSCREEN_BOTTOM
 66
1
 70
0
 40
0.000000
 41
0.000000
 39
0.000000
  0
VERTEX
  8
PG_SILKSCREEN_BOTTOM
 10
19.462242
 20
71.404226
 40
0.127000
 41
0.127000
 42
0.000000
  0
VERTEX
  8
PG_SILKSCREEN_BOTTOM
 10
18.293842
 20
71.404226
 40
0.127000
 41
0.127000
 42
0.000000
  0
SEQEND
  0
POLYLINE
  8
PG_SILKSCREEN_BOTTOM
 66
1
 70
0
 40
0.000000
 41
0.000000
 39
0.000000
  0
VERTEX
  8
PG_SILKSCREEN_BOTTOM
 10
19.462242
 20
69.804026
 40
0.127000
 41
0.127000
 42
0.000000
  0
VERTEX
  8
PG_SILKSCREEN_BOTTOM
 10
19.462242
 20
71.378826
 40
0.127000
 41
0.127000
 42
0.000000
  0
SEQEND
  0
POLYLINE
  8
PG_SILKSCREEN_BOTTOM
 66
1
 70
0
 40
0.000000
 41
0.000000
 39
0.000000
  0
VERTEX
  8
PG_SILKSCREEN_BOTTOM
 10
18.268442
 20
69.804026
 40
0.127000
 41
0.127000
 42
0.000000
  0
VERTEX
  8
PG_SILKSCREEN_BOTTOM
 10
19.436842
 20
69.804026
 40
0.127000
 41
0.127000
 42
0.000000
  0
SEQEND
  0
POLYLINE
  8
PG_SILKSCREEN_BOTTOM
 66
1
 70
0
 40
0.000000
 41
0.000000
 39
0.000000
  0
VERTEX
  8
PG_SILKSCREEN_BOTTOM
 10
16.566642
 20
71.404226
 40
0.127000
 41
0.127000
 42
0.000000
  0
VERTEX
  8
PG_SILKSCREEN_BOTTOM
 10
17.735042
 20
71.404226
 40
0.127000
 41
0.127000
 42
0.000000
  0
SEQEND
  0
POLYLINE
  8
PG_SILKSCREEN_BOTTOM
 66
1
 70
0
 40
0.000000
 41
0.000000
 39
0.000000
  0
VERTEX
  8
PG_SILKSCREEN_BOTTOM
 10
16.566642
 20
69.867526
 40
0.127000
 41
0.127000
 42
0.000000
  0
VERTEX
  8
PG_SILKSCREEN_BOTTOM
 10
16.566642
 20
71.391526
 40
0.127000
 41
0.127000
 42
0.000000
  0
SEQEND
  0
POLYLINE
  8
PG_SILKSCREEN_BOTTOM
 66
1
 70
0
 40
0.000000
 41
0.000000
 39
0.000000
  0
VERTEX
  8
PG_SILKSCREEN_BOTTOM
 10
17.684242
 20
69.816726
 40
0.127000
 41
0.127000
 42
0.000000
  0
VERTEX
  8
PG_SILKSCREEN_BOTTOM
 10
16.566642
 20
69.816726
 40
0.127000
 41
0.127000
 42
0.000000
  0
SEQEND
  0
POLYLINE
  8
PIN_BOTTOM
 66
1
 70
1
 40
0.000000
 41
0.000000
 39
0.000000
  0
VERTEX
  8
PIN_BOTTOM
 10
18.554446
 20
69.487288
 40
0.000000
 41
0.000000
 42
0.000000
  0
VERTEX
  8
PIN_BOTTOM
 10
18.554446
 20
68.217288
 40
0.000000
 41
0.000000
 42
0.000000
  0
VERTEX
  8
PIN_BOTTOM
 10
19.341846
 20
68.217288
 40
0.000000
 41
0.000000
 42
0.000000
  0
VERTEX
  8
PIN_BOTTOM
 10
19.341846
 20
69.487288
 40
0.000000
 41
0.000000
 42
0.000000
  0
SEQEND
  0
POLYLINE
  8
PIN_BOTTOM
 66
1
 70
1
 40
0.000000
 41
0.000000
 39
0.000000
  0
VERTEX
  8
PIN_BOTTOM
 10
16.776446
 20
69.487288
 40
0.000000
 41
0.000000
 42
0.000000
  0
VERTEX
  8
PIN_BOTTOM
 10
16.776446
 20
68.217288
 40
0.000000
 41
0.000000
 42
0.000000
  0
VERTEX
  8
PIN_BOTTOM
 10
17.563846
 20
68.217288
 40
0.000000
 41
0.000000
 42
0.000000
  0
VERTEX
  8
PIN_BOTTOM
 10
17.563846
 20
69.487288
 40
0.000000
 41
0.000000
 42
0.000000
  0
SEQEND
  0
POLYLINE
  8
PG_SILKSCREEN_BOTTOM
 66
1
 70
0
 40
0.000000
 41
0.000000
 39
0.000000
  0
VERTEX
  8
PG_SILKSCREEN_BOTTOM
 10
19.506946
 20
69.639688
 40
0.127000
 41
0.127000
 42
0.000000
  0
VERTEX
  8
PG_SILKSCREEN_BOTTOM
 10
18.338546
 20
69.639688
 40
0.127000
 41
0.127000
 42
0.000000
  0
SEQEND
  0
POLYLINE
  8
PG_SILKSCREEN_BOTTOM
 66
1
 70
0
 40
0.000000
 41
0.000000
 39
0.000000
  0
VERTEX
  8
PG_SILKSCREEN_BOTTOM
 10
19.506946
 20
68.039488
 40
0.127000
 41
0.127000
 42
0.000000
  0
VERTEX
  8
PG_SILKSCREEN_BOTTOM
 10
19.506946
 20
69.614288
 40
0.127000
 41
0.127000
 42
0.000000
  0
SEQEND
  0
POLYLINE
  8
PG_SILKSCREEN_BOTTOM
 66
1
 70
0
 40
0.000000
 41
0.000000
 39
0.000000
  0
VERTEX
  8
PG_SILKSCREEN_BOTTOM
 10
18.313146
 20
68.039488
 40
0.127000
 41
0.127000
 42
0.000000
  0
VERTEX
  8
PG_SILKSCREEN_BOTTOM
 10
19.481546
 20
68.039488
 40
0.127000
 41
0.127000
 42
0.000000
  0
SEQEND
  0
POLYLINE
  8
PG_SILKSCREEN_BOTTOM
 66
1
 70
0
 40
0.000000
 41
0.000000
 39
0.000000
  0
VERTEX
  8
PG_SILKSCREEN_BOTTOM
 10
16.611346
 20
69.639688
 40
0.127000
 41
0.127000
 42
0.000000
  0
VERTEX
  8
PG_SILKSCREEN_BOTTOM
 10
17.779746
 20
69.639688
 40
0.127000
 41
0.127000
 42
0.000000
  0
SEQEND
  0
POLYLINE
  8
PG_SILKSCREEN_BOTTOM
 66
1
 70
0
 40
0.000000
 41
0.000000
 39
0.000000
  0
VERTEX
  8
PG_SILKSCREEN_BOTTOM
 10
16.611346
 20
68.102988
 40
0.127000
 41
0.127000
 42
0.000000
  0
VERTEX
  8
PG_SILKSCREEN_BOTTOM
 10
16.611346
 20
69.626988
 40
0.127000
 41
0.127000
 42
0.000000
  0
SEQEND
  0
POLYLINE
  8
PG_SILKSCREEN_BOTTOM
 66
1
 70
0
 40
0.000000
 41
0.000000
 39
0.000000
  0
VERTEX
  8
PG_SILKSCREEN_BOTTOM
 10
17.728946
 20
68.052188
 40
0.127000
 41
0.127000
 42
0.000000
  0
VERTEX
  8
PG_SILKSCREEN_BOTTOM
 10
16.611346
 20
68.052188
 40
0.127000
 41
0.127000
 42
0.000000
  0
SEQEND
  0
POLYLINE
  8
PIN_BOTTOM
 66
1
 70
1
 40
0.000000
 41
0.000000
 39
0.000000
  0
VERTEX
  8
PIN_BOTTOM
 10
3.502406
 20
69.277738
 40
0.000000
 41
0.000000
 42
0.000000
  0
VERTEX
  8
PIN_BOTTOM
 10
3.502406
 20
70.547738
 40
0.000000
 41
0.000000
 42
0.000000
  0
VERTEX
  8
PIN_BOTTOM
 10
2.715006
 20
70.547738
 40
0.000000
 41
0.000000
 42
0.000000
  0
VERTEX
  8
PIN_BOTTOM
 10
2.715006
 20
69.277738
 40
0.000000
 41
0.000000
 42
0.000000
  0
SEQEND
  0
POLYLINE
  8
PIN_BOTTOM
 66
1
 70
1
 40
0.000000
 41
0.000000
 39
0.000000
  0
VERTEX
  8
PIN_BOTTOM
 10
5.280406
 20
69.277738
 40
0.000000
 41
0.000000
 42
0.000000
  0
VERTEX
  8
PIN_BOTTOM
 10
5.280406
 20
70.547738
 40
0.000000
 41
0.000000
 42
0.000000
  0
VERTEX
  8
PIN_BOTTOM
 10
4.493006
 20
70.547738
 40
0.000000
 41
0.000000
 42
0.000000
  0
VERTEX
  8
PIN_BOTTOM
 10
4.493006
 20
69.277738
 40
0.000000
 41
0.000000
 42
0.000000
  0
SEQEND
  0
POLYLINE
  8
PG_SILKSCREEN_BOTTOM
 66
1
 70
0
 40
0.000000
 41
0.000000
 39
0.000000
  0
VERTEX
  8
PG_SILKSCREEN_BOTTOM
 10
2.549906
 20
69.125338
 40
0.127000
 41
0.127000
 42
0.000000
  0
VERTEX
  8
PG_SILKSCREEN_BOTTOM
 10
3.718306
 20
69.125338
 40
0.127000
 41
0.127000
 42
0.000000
  0
SEQEND
  0
POLYLINE
  8
PG_SILKSCREEN_BOTTOM
 66
1
 70
0
 40
0.000000
 41
0.000000
 39
0.000000
  0
VERTEX
  8
PG_SILKSCREEN_BOTTOM
 10
2.549906
 20
70.725538
 40
0.127000
 41
0.127000
 42
0.000000
  0
VERTEX
  8
PG_SILKSCREEN_BOTTOM
 10
2.549906
 20
69.150738
 40
0.127000
 41
0.127000
 42
0.000000
  0
SEQEND
  0
POLYLINE
  8
PG_SILKSCREEN_BOTTOM
 66
1
 70
0
 40
0.000000
 41
0.000000
 39
0.000000
  0
VERTEX
  8
PG_SILKSCREEN_BOTTOM
 10
3.743706
 20
70.725538
 40
0.127000
 41
0.127000
 42
0.000000
  0
VERTEX
  8
PG_SILKSCREEN_BOTTOM
 10
2.575306
 20
70.725538
 40
0.127000
 41
0.127000
 42
0.000000
  0
SEQEND
  0
POLYLINE
  8
PG_SILKSCREEN_BOTTOM
 66
1
 70
0
 40
0.000000
 41
0.000000
 39
0.000000
  0
VERTEX
  8
PG_SILKSCREEN_BOTTOM
 10
5.445506
 20
69.125338
 40
0.127000
 41
0.127000
 42
0.000000
  0
VERTEX
  8
PG_SILKSCREEN_BOTTOM
 10
4.277106
 20
69.125338
 40
0.127000
 41
0.127000
 42
0.000000
  0
SEQEND
  0
POLYLINE
  8
PG_SILKSCREEN_BOTTOM
 66
1
 70
0
 40
0.000000
 41
0.000000
 39
0.000000
  0
VERTEX
  8
PG_SILKSCREEN_BOTTOM
 10
5.445506
 20
70.662038
 40
0.127000
 41
0.127000
 42
0.000000
  0
VERTEX
  8
PG_SILKSCREEN_BOTTOM
 10
5.445506
 20
69.138038
 40
0.127000
 41
0.127000
 42
0.000000
  0
SEQEND
  0
POLYLINE
  8
PG_SILKSCREEN_BOTTOM
 66
1
 70
0
 40
0.000000
 41
0.000000
 39
0.000000
  0
VERTEX
  8
PG_SILKSCREEN_BOTTOM
 10
4.327906
 20
70.712838
 40
0.127000
 41
0.127000
 42
0.000000
  0
VERTEX
  8
PG_SILKSCREEN_BOTTOM
 10
5.445506
 20
70.712838
 40
0.127000
 41
0.127000
 42
0.000000
  0
SEQEND
  0
POLYLINE
  8
PIN_BOTTOM
 66
1
 70
1
 40
0.000000
 41
0.000000
 39
0.000000
  0
VERTEX
  8
PIN_BOTTOM
 10
66.057805
 20
41.474695
 40
0.000000
 41
0.000000
 42
0.000000
  0
VERTEX
  8
PIN_BOTTOM
 10
66.057805
 20
40.204695
 40
0.000000
 41
0.000000
 42
0.000000
  0
VERTEX
  8
PIN_BOTTOM
 10
66.845205
 20
40.204695
 40
0.000000
 41
0.000000
 42
0.000000
  0
VERTEX
  8
PIN_BOTTOM
 10
66.845205
 20
41.474695
 40
0.000000
 41
0.000000
 42
0.000000
  0
SEQEND
  0
POLYLINE
  8
PIN_BOTTOM
 66
1
 70
1
 40
0.000000
 41
0.000000
 39
0.000000
  0
VERTEX
  8
PIN_BOTTOM
 10
64.279805
 20
41.474695
 40
0.000000
 41
0.000000
 42
0.000000
  0
VERTEX
  8
PIN_BOTTOM
 10
64.279805
 20
40.204695
 40
0.000000
 41
0.000000
 42
0.000000
  0
VERTEX
  8
PIN_BOTTOM
 10
65.067205
 20
40.204695
 40
0.000000
 41
0.000000
 42
0.000000
  0
VERTEX
  8
PIN_BOTTOM
 10
65.067205
 20
41.474695
 40
0.000000
 41
0.000000
 42
0.000000
  0
SEQEND
  0
POLYLINE
  8
PG_SILKSCREEN_BOTTOM
 66
1
 70
0
 40
0.000000
 41
0.000000
 39
0.000000
  0
VERTEX
  8
PG_SILKSCREEN_BOTTOM
 10
67.010305
 20
41.627095
 40
0.127000
 41
0.127000
 42
0.000000
  0
VERTEX
  8
PG_SILKSCREEN_BOTTOM
 10
65.841905
 20
41.627095
 40
0.127000
 41
0.127000
 42
0.000000
  0
SEQEND
  0
POLYLINE
  8
PG_SILKSCREEN_BOTTOM
 66
1
 70
0
 40
0.000000
 41
0.000000
 39
0.000000
  0
VERTEX
  8
PG_SILKSCREEN_BOTTOM
 10
67.010305
 20
40.026895
 40
0.127000
 41
0.127000
 42
0.000000
  0
VERTEX
  8
PG_SILKSCREEN_BOTTOM
 10
67.010305
 20
41.601695
 40
0.127000
 41
0.127000
 42
0.000000
  0
SEQEND
  0
POLYLINE
  8
PG_SILKSCREEN_BOTTOM
 66
1
 70
0
 40
0.000000
 41
0.000000
 39
0.000000
  0
VERTEX
  8
PG_SILKSCREEN_BOTTOM
 10
65.816505
 20
40.026895
 40
0.127000
 41
0.127000
 42
0.000000
  0
VERTEX
  8
PG_SILKSCREEN_BOTTOM
 10
66.984905
 20
40.026895
 40
0.127000
 41
0.127000
 42
0.000000
  0
SEQEND
  0
POLYLINE
  8
PG_SILKSCREEN_BOTTOM
 66
1
 70
0
 40
0.000000
 41
0.000000
 39
0.000000
  0
VERTEX
  8
PG_SILKSCREEN_BOTTOM
 10
64.114705
 20
41.627095
 40
0.127000
 41
0.127000
 42
0.000000
  0
VERTEX
  8
PG_SILKSCREEN_BOTTOM
 10
65.283105
 20
41.627095
 40
0.127000
 41
0.127000
 42
0.000000
  0
SEQEND
  0
POLYLINE
  8
PG_SILKSCREEN_BOTTOM
 66
1
 70
0
 40
0.000000
 41
0.000000
 39
0.000000
  0
VERTEX
  8
PG_SILKSCREEN_BOTTOM
 10
64.114705
 20
40.090395
 40
0.127000
 41
0.127000
 42
0.000000
  0
VERTEX
  8
PG_SILKSCREEN_BOTTOM
 10
64.114705
 20
41.614395
 40
0.127000
 41
0.127000
 42
0.000000
  0
SEQEND
  0
POLYLINE
  8
PG_SILKSCREEN_BOTTOM
 66
1
 70
0
 40
0.000000
 41
0.000000
 39
0.000000
  0
VERTEX
  8
PG_SILKSCREEN_BOTTOM
 10
65.232305
 20
40.039595
 40
0.127000
 41
0.127000
 42
0.000000
  0
VERTEX
  8
PG_SILKSCREEN_BOTTOM
 10
64.114705
 20
40.039595
 40
0.127000
 41
0.127000
 42
0.000000
  0
SEQEND
  0
POLYLINE
  8
PIN_BOTTOM
 66
1
 70
1
 40
0.000000
 41
0.000000
 39
0.000000
  0
VERTEX
  8
PIN_BOTTOM
 10
27.247621
 20
67.954703
 40
0.000000
 41
0.000000
 42
0.000000
  0
VERTEX
  8
PIN_BOTTOM
 10
27.247621
 20
66.684703
 40
0.000000
 41
0.000000
 42
0.000000
  0
VERTEX
  8
PIN_BOTTOM
 10
28.035021
 20
66.684703
 40
0.000000
 41
0.000000
 42
0.000000
  0
VERTEX
  8
PIN_BOTTOM
 10
28.035021
 20
67.954703
 40
0.000000
 41
0.000000
 42
0.000000
  0
SEQEND
  0
POLYLINE
  8
PIN_BOTTOM
 66
1
 70
1
 40
0.000000
 41
0.000000
 39
0.000000
  0
VERTEX
  8
PIN_BOTTOM
 10
25.469621
 20
67.954703
 40
0.000000
 41
0.000000
 42
0.000000
  0
VERTEX
  8
PIN_BOTTOM
 10
25.469621
 20
66.684703
 40
0.000000
 41
0.000000
 42
0.000000
  0
VERTEX
  8
PIN_BOTTOM
 10
26.257021
 20
66.684703
 40
0.000000
 41
0.000000
 42
0.000000
  0
VERTEX
  8
PIN_BOTTOM
 10
26.257021
 20
67.954703
 40
0.000000
 41
0.000000
 42
0.000000
  0
SEQEND
  0
POLYLINE
  8
PG_SILKSCREEN_BOTTOM
 66
1
 70
0
 40
0.000000
 41
0.000000
 39
0.000000
  0
VERTEX
  8
PG_SILKSCREEN_BOTTOM
 10
28.200121
 20
68.107103
 40
0.127000
 41
0.127000
 42
0.000000
  0
VERTEX
  8
PG_SILKSCREEN_BOTTOM
 10
27.031721
 20
68.107103
 40
0.127000
 41
0.127000
 42
0.000000
  0
SEQEND
  0
POLYLINE
  8
PG_SILKSCREEN_BOTTOM
 66
1
 70
0
 40
0.000000
 41
0.000000
 39
0.000000
  0
VERTEX
  8
PG_SILKSCREEN_BOTTOM
 10
28.200121
 20
66.506903
 40
0.127000
 41
0.127000
 42
0.000000
  0
VERTEX
  8
PG_SILKSCREEN_BOTTOM
 10
28.200121
 20
68.081703
 40
0.127000
 41
0.127000
 42
0.000000
  0
SEQEND
  0
POLYLINE
  8
PG_SILKSCREEN_BOTTOM
 66
1
 70
0
 40
0.000000
 41
0.000000
 39
0.000000
  0
VERTEX
  8
PG_SILKSCREEN_BOTTOM
 10
27.006321
 20
66.506903
 40
0.127000
 41
0.127000
 42
0.000000
  0
VERTEX
  8
PG_SILKSCREEN_BOTTOM
 10
28.174721
 20
66.506903
 40
0.127000
 41
0.127000
 42
0.000000
  0
SEQEND
  0
POLYLINE
  8
PG_SILKSCREEN_BOTTOM
 66
1
 70
0
 40
0.000000
 41
0.000000
 39
0.000000
  0
VERTEX
  8
PG_SILKSCREEN_BOTTOM
 10
25.304521
 20
68.107103
 40
0.127000
 41
0.127000
 42
0.000000
  0
VERTEX
  8
PG_SILKSCREEN_BOTTOM
 10
26.472921
 20
68.107103
 40
0.127000
 41
0.127000
 42
0.000000
  0
SEQEND
  0
POLYLINE
  8
PG_SILKSCREEN_BOTTOM
 66
1
 70
0
 40
0.000000
 41
0.000000
 39
0.000000
  0
VERTEX
  8
PG_SILKSCREEN_BOTTOM
 10
25.304521
 20
66.570403
 40
0.127000
 41
0.127000
 42
0.000000
  0
VERTEX
  8
PG_SILKSCREEN_BOTTOM
 10
25.304521
 20
68.094403
 40
0.127000
 41
0.127000
 42
0.000000
  0
SEQEND
  0
POLYLINE
  8
PG_SILKSCREEN_BOTTOM
 66
1
 70
0
 40
0.000000
 41
0.000000
 39
0.000000
  0
VERTEX
  8
PG_SILKSCREEN_BOTTOM
 10
26.422121
 20
66.519603
 40
0.127000
 41
0.127000
 42
0.000000
  0
VERTEX
  8
PG_SILKSCREEN_BOTTOM
 10
25.304521
 20
66.519603
 40
0.127000
 41
0.127000
 42
0.000000
  0
SEQEND
  0
POLYLINE
  8
PIN_BOTTOM
 66
1
 70
1
 40
0.000000
 41
0.000000
 39
0.000000
  0
VERTEX
  8
PIN_BOTTOM
 10
21.892997
 20
60.599015
 40
0.000000
 41
0.000000
 42
0.000000
  0
VERTEX
  8
PIN_BOTTOM
 10
21.892997
 20
61.869015
 40
0.000000
 41
0.000000
 42
0.000000
  0
VERTEX
  8
PIN_BOTTOM
 10
21.105597
 20
61.869015
 40
0.000000
 41
0.000000
 42
0.000000
  0
VERTEX
  8
PIN_BOTTOM
 10
21.105597
 20
60.599015
 40
0.000000
 41
0.000000
 42
0.000000
  0
SEQEND
  0
POLYLINE
  8
PIN_BOTTOM
 66
1
 70
1
 40
0.000000
 41
0.000000
 39
0.000000
  0
VERTEX
  8
PIN_BOTTOM
 10
23.670997
 20
60.599015
 40
0.000000
 41
0.000000
 42
0.000000
  0
VERTEX
  8
PIN_BOTTOM
 10
23.670997
 20
61.869015
 40
0.000000
 41
0.000000
 42
0.000000
  0
VERTEX
  8
PIN_BOTTOM
 10
22.883597
 20
61.869015
 40
0.000000
 41
0.000000
 42
0.000000
  0
VERTEX
  8
PIN_BOTTOM
 10
22.883597
 20
60.599015
 40
0.000000
 41
0.000000
 42
0.000000
  0
SEQEND
  0
POLYLINE
  8
PG_SILKSCREEN_BOTTOM
 66
1
 70
0
 40
0.000000
 41
0.000000
 39
0.000000
  0
VERTEX
  8
PG_SILKSCREEN_BOTTOM
 10
20.940497
 20
60.446615
 40
0.127000
 41
0.127000
 42
0.000000
  0
VERTEX
  8
PG_SILKSCREEN_BOTTOM
 10
22.108897
 20
60.446615
 40
0.127000
 41
0.127000
 42
0.000000
  0
SEQEND
  0
POLYLINE
  8
PG_SILKSCREEN_BOTTOM
 66
1
 70
0
 40
0.000000
 41
0.000000
 39
0.000000
  0
VERTEX
  8
PG_SILKSCREEN_BOTTOM
 10
20.940497
 20
62.046815
 40
0.127000
 41
0.127000
 42
0.000000
  0
VERTEX
  8
PG_SILKSCREEN_BOTTOM
 10
20.940497
 20
60.472015
 40
0.127000
 41
0.127000
 42
0.000000
  0
SEQEND
  0
POLYLINE
  8
PG_SILKSCREEN_BOTTOM
 66
1
 70
0
 40
0.000000
 41
0.000000
 39
0.000000
  0
VERTEX
  8
PG_SILKSCREEN_BOTTOM
 10
22.134297
 20
62.046815
 40
0.127000
 41
0.127000
 42
0.000000
  0
VERTEX
  8
PG_SILKSCREEN_BOTTOM
 10
20.965897
 20
62.046815
 40
0.127000
 41
0.127000
 42
0.000000
  0
SEQEND
  0
POLYLINE
  8
PG_SILKSCREEN_BOTTOM
 66
1
 70
0
 40
0.000000
 41
0.000000
 39
0.000000
  0
VERTEX
  8
PG_SILKSCREEN_BOTTOM
 10
23.836097
 20
60.446615
 40
0.127000
 41
0.127000
 42
0.000000
  0
VERTEX
  8
PG_SILKSCREEN_BOTTOM
 10
22.667697
 20
60.446615
 40
0.127000
 41
0.127000
 42
0.000000
  0
SEQEND
  0
POLYLINE
  8
PG_SILKSCREEN_BOTTOM
 66
1
 70
0
 40
0.000000
 41
0.000000
 39
0.000000
  0
VERTEX
  8
PG_SILKSCREEN_BOTTOM
 10
23.836097
 20
61.983315
 40
0.127000
 41
0.127000
 42
0.000000
  0
VERTEX
  8
PG_SILKSCREEN_BOTTOM
 10
23.836097
 20
60.459315
 40
0.127000
 41
0.127000
 42
0.000000
  0
SEQEND
  0
POLYLINE
  8
PG_SILKSCREEN_BOTTOM
 66
1
 70
0
 40
0.000000
 41
0.000000
 39
0.000000
  0
VERTEX
  8
PG_SILKSCREEN_BOTTOM
 10
22.718497
 20
62.034115
 40
0.127000
 41
0.127000
 42
0.000000
  0
VERTEX
  8
PG_SILKSCREEN_BOTTOM
 10
23.836097
 20
62.034115
 40
0.127000
 41
0.127000
 42
0.000000
  0
SEQEND
  0
POLYLINE
  8
PIN_BOTTOM
 66
1
 70
1
 40
0.000000
 41
0.000000
 39
0.000000
  0
VERTEX
  8
PIN_BOTTOM
 10
21.910015
 20
62.454485
 40
0.000000
 41
0.000000
 42
0.000000
  0
VERTEX
  8
PIN_BOTTOM
 10
21.910015
 20
63.724485
 40
0.000000
 41
0.000000
 42
0.000000
  0
VERTEX
  8
PIN_BOTTOM
 10
21.122615
 20
63.724485
 40
0.000000
 41
0.000000
 42
0.000000
  0
VERTEX
  8
PIN_BOTTOM
 10
21.122615
 20
62.454485
 40
0.000000
 41
0.000000
 42
0.000000
  0
SEQEND
  0
POLYLINE
  8
PIN_BOTTOM
 66
1
 70
1
 40
0.000000
 41
0.000000
 39
0.000000
  0
VERTEX
  8
PIN_BOTTOM
 10
23.688015
 20
62.454485
 40
0.000000
 41
0.000000
 42
0.000000
  0
VERTEX
  8
PIN_BOTTOM
 10
23.688015
 20
63.724485
 40
0.000000
 41
0.000000
 42
0.000000
  0
VERTEX
  8
PIN_BOTTOM
 10
22.900615
 20
63.724485
 40
0.000000
 41
0.000000
 42
0.000000
  0
VERTEX
  8
PIN_BOTTOM
 10
22.900615
 20
62.454485
 40
0.000000
 41
0.000000
 42
0.000000
  0
SEQEND
  0
POLYLINE
  8
PG_SILKSCREEN_BOTTOM
 66
1
 70
0
 40
0.000000
 41
0.000000
 39
0.000000
  0
VERTEX
  8
PG_SILKSCREEN_BOTTOM
 10
20.957515
 20
62.302085
 40
0.127000
 41
0.127000
 42
0.000000
  0
VERTEX
  8
PG_SILKSCREEN_BOTTOM
 10
22.125915
 20
62.302085
 40
0.127000
 41
0.127000
 42
0.000000
  0
SEQEND
  0
POLYLINE
  8
PG_SILKSCREEN_BOTTOM
 66
1
 70
0
 40
0.000000
 41
0.000000
 39
0.000000
  0
VERTEX
  8
PG_SILKSCREEN_BOTTOM
 10
20.957515
 20
63.902285
 40
0.127000
 41
0.127000
 42
0.000000
  0
VERTEX
  8
PG_SILKSCREEN_BOTTOM
 10
20.957515
 20
62.327485
 40
0.127000
 41
0.127000
 42
0.000000
  0
SEQEND
  0
POLYLINE
  8
PG_SILKSCREEN_BOTTOM
 66
1
 70
0
 40
0.000000
 41
0.000000
 39
0.000000
  0
VERTEX
  8
PG_SILKSCREEN_BOTTOM
 10
22.151315
 20
63.902285
 40
0.127000
 41
0.127000
 42
0.000000
  0
VERTEX
  8
PG_SILKSCREEN_BOTTOM
 10
20.982915
 20
63.902285
 40
0.127000
 41
0.127000
 42
0.000000
  0
SEQEND
  0
POLYLINE
  8
PG_SILKSCREEN_BOTTOM
 66
1
 70
0
 40
0.000000
 41
0.000000
 39
0.000000
  0
VERTEX
  8
PG_SILKSCREEN_BOTTOM
 10
23.853115
 20
62.302085
 40
0.127000
 41
0.127000
 42
0.000000
  0
VERTEX
  8
PG_SILKSCREEN_BOTTOM
 10
22.684715
 20
62.302085
 40
0.127000
 41
0.127000
 42
0.000000
  0
SEQEND
  0
POLYLINE
  8
PG_SILKSCREEN_BOTTOM
 66
1
 70
0
 40
0.000000
 41
0.000000
 39
0.000000
  0
VERTEX
  8
PG_SILKSCREEN_BOTTOM
 10
23.853115
 20
63.838785
 40
0.127000
 41
0.127000
 42
0.000000
  0
VERTEX
  8
PG_SILKSCREEN_BOTTOM
 10
23.853115
 20
62.314785
 40
0.127000
 41
0.127000
 42
0.000000
  0
SEQEND
  0
POLYLINE
  8
PG_SILKSCREEN_BOTTOM
 66
1
 70
0
 40
0.000000
 41
0.000000
 39
0.000000
  0
VERTEX
  8
PG_SILKSCREEN_BOTTOM
 10
22.735515
 20
63.889585
 40
0.127000
 41
0.127000
 42
0.000000
  0
VERTEX
  8
PG_SILKSCREEN_BOTTOM
 10
23.853115
 20
63.889585
 40
0.127000
 41
0.127000
 42
0.000000
  0
SEQEND
  0
POLYLINE
  8
PIN_BOTTOM
 66
1
 70
1
 40
0.000000
 41
0.000000
 39
0.000000
  0
VERTEX
  8
PIN_BOTTOM
 10
27.247621
 20
66.129967
 40
0.000000
 41
0.000000
 42
0.000000
  0
VERTEX
  8
PIN_BOTTOM
 10
27.247621
 20
64.859967
 40
0.000000
 41
0.000000
 42
0.000000
  0
VERTEX
  8
PIN_BOTTOM
 10
28.035021
 20
64.859967
 40
0.000000
 41
0.000000
 42
0.000000
  0
VERTEX
  8
PIN_BOTTOM
 10
28.035021
 20
66.129967
 40
0.000000
 41
0.000000
 42
0.000000
  0
SEQEND
  0
POLYLINE
  8
PIN_BOTTOM
 66
1
 70
1
 40
0.000000
 41
0.000000
 39
0.000000
  0
VERTEX
  8
PIN_BOTTOM
 10
25.469621
 20
66.129967
 40
0.000000
 41
0.000000
 42
0.000000
  0
VERTEX
  8
PIN_BOTTOM
 10
25.469621
 20
64.859967
 40
0.000000
 41
0.000000
 42
0.000000
  0
VERTEX
  8
PIN_BOTTOM
 10
26.257021
 20
64.859967
 40
0.000000
 41
0.000000
 42
0.000000
  0
VERTEX
  8
PIN_BOTTOM
 10
26.257021
 20
66.129967
 40
0.000000
 41
0.000000
 42
0.000000
  0
SEQEND
  0
POLYLINE
  8
PG_SILKSCREEN_BOTTOM
 66
1
 70
0
 40
0.000000
 41
0.000000
 39
0.000000
  0
VERTEX
  8
PG_SILKSCREEN_BOTTOM
 10
28.200121
 20
66.282367
 40
0.127000
 41
0.127000
 42
0.000000
  0
VERTEX
  8
PG_SILKSCREEN_BOTTOM
 10
27.031721
 20
66.282367
 40
0.127000
 41
0.127000
 42
0.000000
  0
SEQEND
  0
POLYLINE
  8
PG_SILKSCREEN_BOTTOM
 66
1
 70
0
 40
0.000000
 41
0.000000
 39
0.000000
  0
VERTEX
  8
PG_SILKSCREEN_BOTTOM
 10
28.200121
 20
64.682167
 40
0.127000
 41
0.127000
 42
0.000000
  0
VERTEX
  8
PG_SILKSCREEN_BOTTOM
 10
28.200121
 20
66.256967
 40
0.127000
 41
0.127000
 42
0.000000
  0
SEQEND
  0
POLYLINE
  8
PG_SILKSCREEN_BOTTOM
 66
1
 70
0
 40
0.000000
 41
0.000000
 39
0.000000
  0
VERTEX
  8
PG_SILKSCREEN_BOTTOM
 10
27.006321
 20
64.682167
 40
0.127000
 41
0.127000
 42
0.000000
  0
VERTEX
  8
PG_SILKSCREEN_BOTTOM
 10
28.174721
 20
64.682167
 40
0.127000
 41
0.127000
 42
0.000000
  0
SEQEND
  0
POLYLINE
  8
PG_SILKSCREEN_BOTTOM
 66
1
 70
0
 40
0.000000
 41
0.000000
 39
0.000000
  0
VERTEX
  8
PG_SILKSCREEN_BOTTOM
 10
25.304521
 20
66.282367
 40
0.127000
 41
0.127000
 42
0.000000
  0
VERTEX
  8
PG_SILKSCREEN_BOTTOM
 10
26.472921
 20
66.282367
 40
0.127000
 41
0.127000
 42
0.000000
  0
SEQEND
  0
POLYLINE
  8
PG_SILKSCREEN_BOTTOM
 66
1
 70
0
 40
0.000000
 41
0.000000
 39
0.000000
  0
VERTEX
  8
PG_SILKSCREEN_BOTTOM
 10
25.304521
 20
64.745667
 40
0.127000
 41
0.127000
 42
0.000000
  0
VERTEX
  8
PG_SILKSCREEN_BOTTOM
 10
25.304521
 20
66.269667
 40
0.127000
 41
0.127000
 42
0.000000
  0
SEQEND
  0
POLYLINE
  8
PG_SILKSCREEN_BOTTOM
 66
1
 70
0
 40
0.000000
 41
0.000000
 39
0.000000
  0
VERTEX
  8
PG_SILKSCREEN_BOTTOM
 10
26.422121
 20
64.694867
 40
0.127000
 41
0.127000
 42
0.000000
  0
VERTEX
  8
PG_SILKSCREEN_BOTTOM
 10
25.304521
 20
64.694867
 40
0.127000
 41
0.127000
 42
0.000000
  0
SEQEND
  0
POLYLINE
  8
PIN_BOTTOM
 66
1
 70
1
 40
0.000000
 41
0.000000
 39
0.000000
  0
VERTEX
  8
PIN_BOTTOM
 10
43.681345
 20
63.855879
 40
0.000000
 41
0.000000
 42
0.000000
  0
VERTEX
  8
PIN_BOTTOM
 10
44.951345
 20
63.855879
 40
0.000000
 41
0.000000
 42
0.000000
  0
VERTEX
  8
PIN_BOTTOM
 10
44.951345
 20
64.643279
 40
0.000000
 41
0.000000
 42
0.000000
  0
VERTEX
  8
PIN_BOTTOM
 10
43.681345
 20
64.643279
 40
0.000000
 41
0.000000
 42
0.000000
  0
SEQEND
  0
POLYLINE
  8
PIN_BOTTOM
 66
1
 70
1
 40
0.000000
 41
0.000000
 39
0.000000
  0
VERTEX
  8
PIN_BOTTOM
 10
43.681345
 20
62.077879
 40
0.000000
 41
0.000000
 42
0.000000
  0
VERTEX
  8
PIN_BOTTOM
 10
44.951345
 20
62.077879
 40
0.000000
 41
0.000000
 42
0.000000
  0
VERTEX
  8
PIN_BOTTOM
 10
44.951345
 20
62.865279
 40
0.000000
 41
0.000000
 42
0.000000
  0
VERTEX
  8
PIN_BOTTOM
 10
43.681345
 20
62.865279
 40
0.000000
 41
0.000000
 42
0.000000
  0
SEQEND
  0
POLYLINE
  8
PG_SILKSCREEN_BOTTOM
 66
1
 70
0
 40
0.000000
 41
0.000000
 39
0.000000
  0
VERTEX
  8
PG_SILKSCREEN_BOTTOM
 10
43.528945
 20
64.808379
 40
0.127000
 41
0.127000
 42
0.000000
  0
VERTEX
  8
PG_SILKSCREEN_BOTTOM
 10
43.528945
 20
63.639979
 40
0.127000
 41
0.127000
 42
0.000000
  0
SEQEND
  0
POLYLINE
  8
PG_SILKSCREEN_BOTTOM
 66
1
 70
0
 40
0.000000
 41
0.000000
 39
0.000000
  0
VERTEX
  8
PG_SILKSCREEN_BOTTOM
 10
45.129145
 20
64.808379
 40
0.127000
 41
0.127000
 42
0.000000
  0
VERTEX
  8
PG_SILKSCREEN_BOTTOM
 10
43.554345
 20
64.808379
 40
0.127000
 41
0.127000
 42
0.000000
  0
SEQEND
  0
POLYLINE
  8
PG_SILKSCREEN_BOTTOM
 66
1
 70
0
 40
0.000000
 41
0.000000
 39
0.000000
  0
VERTEX
  8
PG_SILKSCREEN_BOTTOM
 10
45.129145
 20
63.614579
 40
0.127000
 41
0.127000
 42
0.000000
  0
VERTEX
  8
PG_SILKSCREEN_BOTTOM
 10
45.129145
 20
64.782979
 40
0.127000
 41
0.127000
 42
0.000000
  0
SEQEND
  0
POLYLINE
  8
PG_SILKSCREEN_BOTTOM
 66
1
 70
0
 40
0.000000
 41
0.000000
 39
0.000000
  0
VERTEX
  8
PG_SILKSCREEN_BOTTOM
 10
43.528945
 20
61.912779
 40
0.127000
 41
0.127000
 42
0.000000
  0
VERTEX
  8
PG_SILKSCREEN_BOTTOM
 10
43.528945
 20
63.081179
 40
0.127000
 41
0.127000
 42
0.000000
  0
SEQEND
  0
POLYLINE
  8
PG_SILKSCREEN_BOTTOM
 66
1
 70
0
 40
0.000000
 41
0.000000
 39
0.000000
  0
VERTEX
  8
PG_SILKSCREEN_BOTTOM
 10
45.065645
 20
61.912779
 40
0.127000
 41
0.127000
 42
0.000000
  0
VERTEX
  8
PG_SILKSCREEN_BOTTOM
 10
43.541645
 20
61.912779
 40
0.127000
 41
0.127000
 42
0.000000
  0
SEQEND
  0
POLYLINE
  8
PG_SILKSCREEN_BOTTOM
 66
1
 70
0
 40
0.000000
 41
0.000000
 39
0.000000
  0
VERTEX
  8
PG_SILKSCREEN_BOTTOM
 10
45.116445
 20
63.030379
 40
0.127000
 41
0.127000
 42
0.000000
  0
VERTEX
  8
PG_SILKSCREEN_BOTTOM
 10
45.116445
 20
61.912779
 40
0.127000
 41
0.127000
 42
0.000000
  0
SEQEND
  0
POLYLINE
  8
PIN_BOTTOM
 66
1
 70
1
 40
0.000000
 41
0.000000
 39
0.000000
  0
VERTEX
  8
PIN_BOTTOM
 10
46.871585
 20
66.458363
 40
0.000000
 41
0.000000
 42
0.000000
  0
VERTEX
  8
PIN_BOTTOM
 10
48.141585
 20
66.458363
 40
0.000000
 41
0.000000
 42
0.000000
  0
VERTEX
  8
PIN_BOTTOM
 10
48.141585
 20
67.245763
 40
0.000000
 41
0.000000
 42
0.000000
  0
VERTEX
  8
PIN_BOTTOM
 10
46.871585
 20
67.245763
 40
0.000000
 41
0.000000
 42
0.000000
  0
SEQEND
  0
POLYLINE
  8
PIN_BOTTOM
 66
1
 70
1
 40
0.000000
 41
0.000000
 39
0.000000
  0
VERTEX
  8
PIN_BOTTOM
 10
46.871585
 20
64.680363
 40
0.000000
 41
0.000000
 42
0.000000
  0
VERTEX
  8
PIN_BOTTOM
 10
48.141585
 20
64.680363
 40
0.000000
 41
0.000000
 42
0.000000
  0
VERTEX
  8
PIN_BOTTOM
 10
48.141585
 20
65.467763
 40
0.000000
 41
0.000000
 42
0.000000
  0
VERTEX
  8
PIN_BOTTOM
 10
46.871585
 20
65.467763
 40
0.000000
 41
0.000000
 42
0.000000
  0
SEQEND
  0
POLYLINE
  8
PG_SILKSCREEN_BOTTOM
 66
1
 70
0
 40
0.000000
 41
0.000000
 39
0.000000
  0
VERTEX
  8
PG_SILKSCREEN_BOTTOM
 10
46.719185
 20
67.410863
 40
0.127000
 41
0.127000
 42
0.000000
  0
VERTEX
  8
PG_SILKSCREEN_BOTTOM
 10
46.719185
 20
66.242463
 40
0.127000
 41
0.127000
 42
0.000000
  0
SEQEND
  0
POLYLINE
  8
PG_SILKSCREEN_BOTTOM
 66
1
 70
0
 40
0.000000
 41
0.000000
 39
0.000000
  0
VERTEX
  8
PG_SILKSCREEN_BOTTOM
 10
48.319385
 20
67.410863
 40
0.127000
 41
0.127000
 42
0.000000
  0
VERTEX
  8
PG_SILKSCREEN_BOTTOM
 10
46.744585
 20
67.410863
 40
0.127000
 41
0.127000
 42
0.000000
  0
SEQEND
  0
POLYLINE
  8
PG_SILKSCREEN_BOTTOM
 66
1
 70
0
 40
0.000000
 41
0.000000
 39
0.000000
  0
VERTEX
  8
PG_SILKSCREEN_BOTTOM
 10
48.319385
 20
66.217063
 40
0.127000
 41
0.127000
 42
0.000000
  0
VERTEX
  8
PG_SILKSCREEN_BOTTOM
 10
48.319385
 20
67.385463
 40
0.127000
 41
0.127000
 42
0.000000
  0
SEQEND
  0
POLYLINE
  8
PG_SILKSCREEN_BOTTOM
 66
1
 70
0
 40
0.000000
 41
0.000000
 39
0.000000
  0
VERTEX
  8
PG_SILKSCREEN_BOTTOM
 10
46.719185
 20
64.515263
 40
0.127000
 41
0.127000
 42
0.000000
  0
VERTEX
  8
PG_SILKSCREEN_BOTTOM
 10
46.719185
 20
65.683663
 40
0.127000
 41
0.127000
 42
0.000000
  0
SEQEND
  0
POLYLINE
  8
PG_SILKSCREEN_BOTTOM
 66
1
 70
0
 40
0.000000
 41
0.000000
 39
0.000000
  0
VERTEX
  8
PG_SILKSCREEN_BOTTOM
 10
48.255885
 20
64.515263
 40
0.127000
 41
0.127000
 42
0.000000
  0
VERTEX
  8
PG_SILKSCREEN_BOTTOM
 10
46.731885
 20
64.515263
 40
0.127000
 41
0.127000
 42
0.000000
  0
SEQEND
  0
POLYLINE
  8
PG_SILKSCREEN_BOTTOM
 66
1
 70
0
 40
0.000000
 41
0.000000
 39
0.000000
  0
VERTEX
  8
PG_SILKSCREEN_BOTTOM
 10
48.306685
 20
65.632863
 40
0.127000
 41
0.127000
 42
0.000000
  0
VERTEX
  8
PG_SILKSCREEN_BOTTOM
 10
48.306685
 20
64.515263
 40
0.127000
 41
0.127000
 42
0.000000
  0
SEQEND
  0
POLYLINE
  8
PIN_BOTTOM
 66
1
 70
1
 40
0.000000
 41
0.000000
 39
0.000000
  0
VERTEX
  8
PIN_BOTTOM
 10
50.109069
 20
66.344317
 40
0.000000
 41
0.000000
 42
0.000000
  0
VERTEX
  8
PIN_BOTTOM
 10
51.379069
 20
66.344317
 40
0.000000
 41
0.000000
 42
0.000000
  0
VERTEX
  8
PIN_BOTTOM
 10
51.379069
 20
67.131717
 40
0.000000
 41
0.000000
 42
0.000000
  0
VERTEX
  8
PIN_BOTTOM
 10
50.109069
 20
67.131717
 40
0.000000
 41
0.000000
 42
0.000000
  0
SEQEND
  0
POLYLINE
  8
PIN_BOTTOM
 66
1
 70
1
 40
0.000000
 41
0.000000
 39
0.000000
  0
VERTEX
  8
PIN_BOTTOM
 10
50.109069
 20
64.566317
 40
0.000000
 41
0.000000
 42
0.000000
  0
VERTEX
  8
PIN_BOTTOM
 10
51.379069
 20
64.566317
 40
0.000000
 41
0.000000
 42
0.000000
  0
VERTEX
  8
PIN_BOTTOM
 10
51.379069
 20
65.353717
 40
0.000000
 41
0.000000
 42
0.000000
  0
VERTEX
  8
PIN_BOTTOM
 10
50.109069
 20
65.353717
 40
0.000000
 41
0.000000
 42
0.000000
  0
SEQEND
  0
POLYLINE
  8
PG_SILKSCREEN_BOTTOM
 66
1
 70
0
 40
0.000000
 41
0.000000
 39
0.000000
  0
VERTEX
  8
PG_SILKSCREEN_BOTTOM
 10
49.956669
 20
67.296817
 40
0.127000
 41
0.127000
 42
0.000000
  0
VERTEX
  8
PG_SILKSCREEN_BOTTOM
 10
49.956669
 20
66.128417
 40
0.127000
 41
0.127000
 42
0.000000
  0
SEQEND
  0
POLYLINE
  8
PG_SILKSCREEN_BOTTOM
 66
1
 70
0
 40
0.000000
 41
0.000000
 39
0.000000
  0
VERTEX
  8
PG_SILKSCREEN_BOTTOM
 10
51.556869
 20
67.296817
 40
0.127000
 41
0.127000
 42
0.000000
  0
VERTEX
  8
PG_SILKSCREEN_BOTTOM
 10
49.982069
 20
67.296817
 40
0.127000
 41
0.127000
 42
0.000000
  0
SEQEND
  0
POLYLINE
  8
PG_SILKSCREEN_BOTTOM
 66
1
 70
0
 40
0.000000
 41
0.000000
 39
0.000000
  0
VERTEX
  8
PG_SILKSCREEN_BOTTOM
 10
51.556869
 20
66.103017
 40
0.127000
 41
0.127000
 42
0.000000
  0
VERTEX
  8
PG_SILKSCREEN_BOTTOM
 10
51.556869
 20
67.271417
 40
0.127000
 41
0.127000
 42
0.000000
  0
SEQEND
  0
POLYLINE
  8
PG_SILKSCREEN_BOTTOM
 66
1
 70
0
 40
0.000000
 41
0.000000
 39
0.000000
  0
VERTEX
  8
PG_SILKSCREEN_BOTTOM
 10
49.956669
 20
64.401217
 40
0.127000
 41
0.127000
 42
0.000000
  0
VERTEX
  8
PG_SILKSCREEN_BOTTOM
 10
49.956669
 20
65.569617
 40
0.127000
 41
0.127000
 42
0.000000
  0
SEQEND
  0
POLYLINE
  8
PG_SILKSCREEN_BOTTOM
 66
1
 70
0
 40
0.000000
 41
0.000000
 39
0.000000
  0
VERTEX
  8
PG_SILKSCREEN_BOTTOM
 10
51.493369
 20
64.401217
 40
0.127000
 41
0.127000
 42
0.000000
  0
VERTEX
  8
PG_SILKSCREEN_BOTTOM
 10
49.969369
 20
64.401217
 40
0.127000
 41
0.127000
 42
0.000000
  0
SEQEND
  0
POLYLINE
  8
PG_SILKSCREEN_BOTTOM
 66
1
 70
0
 40
0.000000
 41
0.000000
 39
0.000000
  0
VERTEX
  8
PG_SILKSCREEN_BOTTOM
 10
51.544169
 20
65.518817
 40
0.127000
 41
0.127000
 42
0.000000
  0
VERTEX
  8
PG_SILKSCREEN_BOTTOM
 10
51.544169
 20
64.401217
 40
0.127000
 41
0.127000
 42
0.000000
  0
SEQEND
  0
POLYLINE
  8
PIN_BOTTOM
 66
1
 70
1
 40
0.000000
 41
0.000000
 39
0.000000
  0
VERTEX
  8
PIN_BOTTOM
 10
66.428391
 20
33.198105
 40
0.000000
 41
0.000000
 42
0.000000
  0
VERTEX
  8
PIN_BOTTOM
 10
66.428391
 20
31.928105
 40
0.000000
 41
0.000000
 42
0.000000
  0
VERTEX
  8
PIN_BOTTOM
 10
67.215791
 20
31.928105
 40
0.000000
 41
0.000000
 42
0.000000
  0
VERTEX
  8
PIN_BOTTOM
 10
67.215791
 20
33.198105
 40
0.000000
 41
0.000000
 42
0.000000
  0
SEQEND
  0
POLYLINE
  8
PIN_BOTTOM
 66
1
 70
1
 40
0.000000
 41
0.000000
 39
0.000000
  0
VERTEX
  8
PIN_BOTTOM
 10
64.650391
 20
33.198105
 40
0.000000
 41
0.000000
 42
0.000000
  0
VERTEX
  8
PIN_BOTTOM
 10
64.650391
 20
31.928105
 40
0.000000
 41
0.000000
 42
0.000000
  0
VERTEX
  8
PIN_BOTTOM
 10
65.437791
 20
31.928105
 40
0.000000
 41
0.000000
 42
0.000000
  0
VERTEX
  8
PIN_BOTTOM
 10
65.437791
 20
33.198105
 40
0.000000
 41
0.000000
 42
0.000000
  0
SEQEND
  0
POLYLINE
  8
PG_SILKSCREEN_BOTTOM
 66
1
 70
0
 40
0.000000
 41
0.000000
 39
0.000000
  0
VERTEX
  8
PG_SILKSCREEN_BOTTOM
 10
67.380891
 20
33.350505
 40
0.127000
 41
0.127000
 42
0.000000
  0
VERTEX
  8
PG_SILKSCREEN_BOTTOM
 10
66.212491
 20
33.350505
 40
0.127000
 41
0.127000
 42
0.000000
  0
SEQEND
  0
POLYLINE
  8
PG_SILKSCREEN_BOTTOM
 66
1
 70
0
 40
0.000000
 41
0.000000
 39
0.000000
  0
VERTEX
  8
PG_SILKSCREEN_BOTTOM
 10
67.380891
 20
31.750305
 40
0.127000
 41
0.127000
 42
0.000000
  0
VERTEX
  8
PG_SILKSCREEN_BOTTOM
 10
67.380891
 20
33.325105
 40
0.127000
 41
0.127000
 42
0.000000
  0
SEQEND
  0
POLYLINE
  8
PG_SILKSCREEN_BOTTOM
 66
1
 70
0
 40
0.000000
 41
0.000000
 39
0.000000
  0
VERTEX
  8
PG_SILKSCREEN_BOTTOM
 10
66.187091
 20
31.750305
 40
0.127000
 41
0.127000
 42
0.000000
  0
VERTEX
  8
PG_SILKSCREEN_BOTTOM
 10
67.355491
 20
31.750305
 40
0.127000
 41
0.127000
 42
0.000000
  0
SEQEND
  0
POLYLINE
  8
PG_SILKSCREEN_BOTTOM
 66
1
 70
0
 40
0.000000
 41
0.000000
 39
0.000000
  0
VERTEX
  8
PG_SILKSCREEN_BOTTOM
 10
64.485291
 20
33.350505
 40
0.127000
 41
0.127000
 42
0.000000
  0
VERTEX
  8
PG_SILKSCREEN_BOTTOM
 10
65.653691
 20
33.350505
 40
0.127000
 41
0.127000
 42
0.000000
  0
SEQEND
  0
POLYLINE
  8
PG_SILKSCREEN_BOTTOM
 66
1
 70
0
 40
0.000000
 41
0.000000
 39
0.000000
  0
VERTEX
  8
PG_SILKSCREEN_BOTTOM
 10
64.485291
 20
31.813805
 40
0.127000
 41
0.127000
 42
0.000000
  0
VERTEX
  8
PG_SILKSCREEN_BOTTOM
 10
64.485291
 20
33.337805
 40
0.127000
 41
0.127000
 42
0.000000
  0
SEQEND
  0
POLYLINE
  8
PG_SILKSCREEN_BOTTOM
 66
1
 70
0
 40
0.000000
 41
0.000000
 39
0.000000
  0
VERTEX
  8
PG_SILKSCREEN_BOTTOM
 10
65.602891
 20
31.763005
 40
0.127000
 41
0.127000
 42
0.000000
  0
VERTEX
  8
PG_SILKSCREEN_BOTTOM
 10
64.485291
 20
31.763005
 40
0.127000
 41
0.127000
 42
0.000000
  0
SEQEND
  0
POLYLINE
  8
PIN_BOTTOM
 66
1
 70
1
 40
0.000000
 41
0.000000
 39
0.000000
  0
VERTEX
  8
PIN_BOTTOM
 10
52.916125
 20
22.771329
 40
0.000000
 41
0.000000
 42
0.000000
  0
VERTEX
  8
PIN_BOTTOM
 10
51.646125
 20
22.771329
 40
0.000000
 41
0.000000
 42
0.000000
  0
VERTEX
  8
PIN_BOTTOM
 10
51.646125
 20
21.983929
 40
0.000000
 41
0.000000
 42
0.000000
  0
VERTEX
  8
PIN_BOTTOM
 10
52.916125
 20
21.983929
 40
0.000000
 41
0.000000
 42
0.000000
  0
SEQEND
  0
POLYLINE
  8
PIN_BOTTOM
 66
1
 70
1
 40
0.000000
 41
0.000000
 39
0.000000
  0
VERTEX
  8
PIN_BOTTOM
 10
52.916125
 20
24.549329
 40
0.000000
 41
0.000000
 42
0.000000
  0
VERTEX
  8
PIN_BOTTOM
 10
51.646125
 20
24.549329
 40
0.000000
 41
0.000000
 42
0.000000
  0
VERTEX
  8
PIN_BOTTOM
 10
51.646125
 20
23.761929
 40
0.000000
 41
0.000000
 42
0.000000
  0
VERTEX
  8
PIN_BOTTOM
 10
52.916125
 20
23.761929
 40
0.000000
 41
0.000000
 42
0.000000
  0
SEQEND
  0
POLYLINE
  8
PG_SILKSCREEN_BOTTOM
 66
1
 70
0
 40
0.000000
 41
0.000000
 39
0.000000
  0
VERTEX
  8
PG_SILKSCREEN_BOTTOM
 10
53.068525
 20
21.818829
 40
0.127000
 41
0.127000
 42
0.000000
  0
VERTEX
  8
PG_SILKSCREEN_BOTTOM
 10
53.068525
 20
22.987229
 40
0.127000
 41
0.127000
 42
0.000000
  0
SEQEND
  0
POLYLINE
  8
PG_SILKSCREEN_BOTTOM
 66
1
 70
0
 40
0.000000
 41
0.000000
 39
0.000000
  0
VERTEX
  8
PG_SILKSCREEN_BOTTOM
 10
51.468325
 20
21.818829
 40
0.127000
 41
0.127000
 42
0.000000
  0
VERTEX
  8
PG_SILKSCREEN_BOTTOM
 10
53.043125
 20
21.818829
 40
0.127000
 41
0.127000
 42
0.000000
  0
SEQEND
  0
POLYLINE
  8
PG_SILKSCREEN_BOTTOM
 66
1
 70
0
 40
0.000000
 41
0.000000
 39
0.000000
  0
VERTEX
  8
PG_SILKSCREEN_BOTTOM
 10
51.468325
 20
23.012629
 40
0.127000
 41
0.127000
 42
0.000000
  0
VERTEX
  8
PG_SILKSCREEN_BOTTOM
 10
51.468325
 20
21.844229
 40
0.127000
 41
0.127000
 42
0.000000
  0
SEQEND
  0
POLYLINE
  8
PG_SILKSCREEN_BOTTOM
 66
1
 70
0
 40
0.000000
 41
0.000000
 39
0.000000
  0
VERTEX
  8
PG_SILKSCREEN_BOTTOM
 10
53.068525
 20
24.714429
 40
0.127000
 41
0.127000
 42
0.000000
  0
VERTEX
  8
PG_SILKSCREEN_BOTTOM
 10
53.068525
 20
23.546029
 40
0.127000
 41
0.127000
 42
0.000000
  0
SEQEND
  0
POLYLINE
  8
PG_SILKSCREEN_BOTTOM
 66
1
 70
0
 40
0.000000
 41
0.000000
 39
0.000000
  0
VERTEX
  8
PG_SILKSCREEN_BOTTOM
 10
51.531825
 20
24.714429
 40
0.127000
 41
0.127000
 42
0.000000
  0
VERTEX
  8
PG_SILKSCREEN_BOTTOM
 10
53.055825
 20
24.714429
 40
0.127000
 41
0.127000
 42
0.000000
  0
SEQEND
  0
POLYLINE
  8
PG_SILKSCREEN_BOTTOM
 66
1
 70
0
 40
0.000000
 41
0.000000
 39
0.000000
  0
VERTEX
  8
PG_SILKSCREEN_BOTTOM
 10
51.481025
 20
23.596829
 40
0.127000
 41
0.127000
 42
0.000000
  0
VERTEX
  8
PG_SILKSCREEN_BOTTOM
 10
51.481025
 20
24.714429
 40
0.127000
 41
0.127000
 42
0.000000
  0
SEQEND
  0
POLYLINE
  8
PIN_BOTTOM
 66
1
 70
1
 40
0.000000
 41
0.000000
 39
0.000000
  0
VERTEX
  8
PIN_BOTTOM
 10
57.889623
 20
23.218775
 40
0.000000
 41
0.000000
 42
0.000000
  0
VERTEX
  8
PIN_BOTTOM
 10
57.889623
 20
21.948775
 40
0.000000
 41
0.000000
 42
0.000000
  0
VERTEX
  8
PIN_BOTTOM
 10
58.677023
 20
21.948775
 40
0.000000
 41
0.000000
 42
0.000000
  0
VERTEX
  8
PIN_BOTTOM
 10
58.677023
 20
23.218775
 40
0.000000
 41
0.000000
 42
0.000000
  0
SEQEND
  0
POLYLINE
  8
PIN_BOTTOM
 66
1
 70
1
 40
0.000000
 41
0.000000
 39
0.000000
  0
VERTEX
  8
PIN_BOTTOM
 10
56.111623
 20
23.218775
 40
0.000000
 41
0.000000
 42
0.000000
  0
VERTEX
  8
PIN_BOTTOM
 10
56.111623
 20
21.948775
 40
0.000000
 41
0.000000
 42
0.000000
  0
VERTEX
  8
PIN_BOTTOM
 10
56.899023
 20
21.948775
 40
0.000000
 41
0.000000
 42
0.000000
  0
VERTEX
  8
PIN_BOTTOM
 10
56.899023
 20
23.218775
 40
0.000000
 41
0.000000
 42
0.000000
  0
SEQEND
  0
POLYLINE
  8
PG_SILKSCREEN_BOTTOM
 66
1
 70
0
 40
0.000000
 41
0.000000
 39
0.000000
  0
VERTEX
  8
PG_SILKSCREEN_BOTTOM
 10
58.842123
 20
23.371175
 40
0.127000
 41
0.127000
 42
0.000000
  0
VERTEX
  8
PG_SILKSCREEN_BOTTOM
 10
57.673723
 20
23.371175
 40
0.127000
 41
0.127000
 42
0.000000
  0
SEQEND
  0
POLYLINE
  8
PG_SILKSCREEN_BOTTOM
 66
1
 70
0
 40
0.000000
 41
0.000000
 39
0.000000
  0
VERTEX
  8
PG_SILKSCREEN_BOTTOM
 10
58.842123
 20
21.770975
 40
0.127000
 41
0.127000
 42
0.000000
  0
VERTEX
  8
PG_SILKSCREEN_BOTTOM
 10
58.842123
 20
23.345775
 40
0.127000
 41
0.127000
 42
0.000000
  0
SEQEND
  0
POLYLINE
  8
PG_SILKSCREEN_BOTTOM
 66
1
 70
0
 40
0.000000
 41
0.000000
 39
0.000000
  0
VERTEX
  8
PG_SILKSCREEN_BOTTOM
 10
57.648323
 20
21.770975
 40
0.127000
 41
0.127000
 42
0.000000
  0
VERTEX
  8
PG_SILKSCREEN_BOTTOM
 10
58.816723
 20
21.770975
 40
0.127000
 41
0.127000
 42
0.000000
  0
SEQEND
  0
POLYLINE
  8
PG_SILKSCREEN_BOTTOM
 66
1
 70
0
 40
0.000000
 41
0.000000
 39
0.000000
  0
VERTEX
  8
PG_SILKSCREEN_BOTTOM
 10
55.946523
 20
23.371175
 40
0.127000
 41
0.127000
 42
0.000000
  0
VERTEX
  8
PG_SILKSCREEN_BOTTOM
 10
57.114923
 20
23.371175
 40
0.127000
 41
0.127000
 42
0.000000
  0
SEQEND
  0
POLYLINE
  8
PG_SILKSCREEN_BOTTOM
 66
1
 70
0
 40
0.000000
 41
0.000000
 39
0.000000
  0
VERTEX
  8
PG_SILKSCREEN_BOTTOM
 10
55.946523
 20
21.834475
 40
0.127000
 41
0.127000
 42
0.000000
  0
VERTEX
  8
PG_SILKSCREEN_BOTTOM
 10
55.946523
 20
23.358475
 40
0.127000
 41
0.127000
 42
0.000000
  0
SEQEND
  0
POLYLINE
  8
PG_SILKSCREEN_BOTTOM
 66
1
 70
0
 40
0.000000
 41
0.000000
 39
0.000000
  0
VERTEX
  8
PG_SILKSCREEN_BOTTOM
 10
57.064123
 20
21.783675
 40
0.127000
 41
0.127000
 42
0.000000
  0
VERTEX
  8
PG_SILKSCREEN_BOTTOM
 10
55.946523
 20
21.783675
 40
0.127000
 41
0.127000
 42
0.000000
  0
SEQEND
  0
POLYLINE
  8
PIN_BOTTOM
 66
1
 70
1
 40
0.000000
 41
0.000000
 39
0.000000
  0
VERTEX
  8
PIN_BOTTOM
 10
23.986261
 20
6.901307
 40
0.000000
 41
0.000000
 42
0.000000
  0
VERTEX
  8
PIN_BOTTOM
 10
23.986261
 20
8.171307
 40
0.000000
 41
0.000000
 42
0.000000
  0
VERTEX
  8
PIN_BOTTOM
 10
23.198861
 20
8.171307
 40
0.000000
 41
0.000000
 42
0.000000
  0
VERTEX
  8
PIN_BOTTOM
 10
23.198861
 20
6.901307
 40
0.000000
 41
0.000000
 42
0.000000
  0
SEQEND
  0
POLYLINE
  8
PIN_BOTTOM
 66
1
 70
1
 40
0.000000
 41
0.000000
 39
0.000000
  0
VERTEX
  8
PIN_BOTTOM
 10
25.764261
 20
6.901307
 40
0.000000
 41
0.000000
 42
0.000000
  0
VERTEX
  8
PIN_BOTTOM
 10
25.764261
 20
8.171307
 40
0.000000
 41
0.000000
 42
0.000000
  0
VERTEX
  8
PIN_BOTTOM
 10
24.976861
 20
8.171307
 40
0.000000
 41
0.000000
 42
0.000000
  0
VERTEX
  8
PIN_BOTTOM
 10
24.976861
 20
6.901307
 40
0.000000
 41
0.000000
 42
0.000000
  0
SEQEND
  0
POLYLINE
  8
PG_SILKSCREEN_BOTTOM
 66
1
 70
0
 40
0.000000
 41
0.000000
 39
0.000000
  0
VERTEX
  8
PG_SILKSCREEN_BOTTOM
 10
23.033761
 20
6.748907
 40
0.127000
 41
0.127000
 42
0.000000
  0
VERTEX
  8
PG_SILKSCREEN_BOTTOM
 10
24.202161
 20
6.748907
 40
0.127000
 41
0.127000
 42
0.000000
  0
SEQEND
  0
POLYLINE
  8
PG_SILKSCREEN_BOTTOM
 66
1
 70
0
 40
0.000000
 41
0.000000
 39
0.000000
  0
VERTEX
  8
PG_SILKSCREEN_BOTTOM
 10
23.033761
 20
8.349107
 40
0.127000
 41
0.127000
 42
0.000000
  0
VERTEX
  8
PG_SILKSCREEN_BOTTOM
 10
23.033761
 20
6.774307
 40
0.127000
 41
0.127000
 42
0.000000
  0
SEQEND
  0
POLYLINE
  8
PG_SILKSCREEN_BOTTOM
 66
1
 70
0
 40
0.000000
 41
0.000000
 39
0.000000
  0
VERTEX
  8
PG_SILKSCREEN_BOTTOM
 10
24.227561
 20
8.349107
 40
0.127000
 41
0.127000
 42
0.000000
  0
VERTEX
  8
PG_SILKSCREEN_BOTTOM
 10
23.059161
 20
8.349107
 40
0.127000
 41
0.127000
 42
0.000000
  0
SEQEND
  0
POLYLINE
  8
PG_SILKSCREEN_BOTTOM
 66
1
 70
0
 40
0.000000
 41
0.000000
 39
0.000000
  0
VERTEX
  8
PG_SILKSCREEN_BOTTOM
 10
25.929361
 20
6.748907
 40
0.127000
 41
0.127000
 42
0.000000
  0
VERTEX
  8
PG_SILKSCREEN_BOTTOM
 10
24.760961
 20
6.748907
 40
0.127000
 41
0.127000
 42
0.000000
  0
SEQEND
  0
POLYLINE
  8
PG_SILKSCREEN_BOTTOM
 66
1
 70
0
 40
0.000000
 41
0.000000
 39
0.000000
  0
VERTEX
  8
PG_SILKSCREEN_BOTTOM
 10
25.929361
 20
8.285607
 40
0.127000
 41
0.127000
 42
0.000000
  0
VERTEX
  8
PG_SILKSCREEN_BOTTOM
 10
25.929361
 20
6.761607
 40
0.127000
 41
0.127000
 42
0.000000
  0
SEQEND
  0
POLYLINE
  8
PG_SILKSCREEN_BOTTOM
 66
1
 70
0
 40
0.000000
 41
0.000000
 39
0.000000
  0
VERTEX
  8
PG_SILKSCREEN_BOTTOM
 10
24.811761
 20
8.336407
 40
0.127000
 41
0.127000
 42
0.000000
  0
VERTEX
  8
PG_SILKSCREEN_BOTTOM
 10
25.929361
 20
8.336407
 40
0.127000
 41
0.127000
 42
0.000000
  0
SEQEND
  0
POLYLINE
  8
PIN_BOTTOM
 66
1
 70
1
 40
0.000000
 41
0.000000
 39
0.000000
  0
VERTEX
  8
PIN_BOTTOM
 10
41.834079
 20
22.635845
 40
0.000000
 41
0.000000
 42
0.000000
  0
VERTEX
  8
PIN_BOTTOM
 10
41.834079
 20
23.905845
 40
0.000000
 41
0.000000
 42
0.000000
  0
VERTEX
  8
PIN_BOTTOM
 10
41.046679
 20
23.905845
 40
0.000000
 41
0.000000
 42
0.000000
  0
VERTEX
  8
PIN_BOTTOM
 10
41.046679
 20
22.635845
 40
0.000000
 41
0.000000
 42
0.000000
  0
SEQEND
  0
POLYLINE
  8
PIN_BOTTOM
 66
1
 70
1
 40
0.000000
 41
0.000000
 39
0.000000
  0
VERTEX
  8
PIN_BOTTOM
 10
43.612079
 20
22.635845
 40
0.000000
 41
0.000000
 42
0.000000
  0
VERTEX
  8
PIN_BOTTOM
 10
43.612079
 20
23.905845
 40
0.000000
 41
0.000000
 42
0.000000
  0
VERTEX
  8
PIN_BOTTOM
 10
42.824679
 20
23.905845
 40
0.000000
 41
0.000000
 42
0.000000
  0
VERTEX
  8
PIN_BOTTOM
 10
42.824679
 20
22.635845
 40
0.000000
 41
0.000000
 42
0.000000
  0
SEQEND
  0
POLYLINE
  8
PG_SILKSCREEN_BOTTOM
 66
1
 70
0
 40
0.000000
 41
0.000000
 39
0.000000
  0
VERTEX
  8
PG_SILKSCREEN_BOTTOM
 10
40.881579
 20
22.483445
 40
0.127000
 41
0.127000
 42
0.000000
  0
VERTEX
  8
PG_SILKSCREEN_BOTTOM
 10
42.049979
 20
22.483445
 40
0.127000
 41
0.127000
 42
0.000000
  0
SEQEND
  0
POLYLINE
  8
PG_SILKSCREEN_BOTTOM
 66
1
 70
0
 40
0.000000
 41
0.000000
 39
0.000000
  0
VERTEX
  8
PG_SILKSCREEN_BOTTOM
 10
40.881579
 20
24.083645
 40
0.127000
 41
0.127000
 42
0.000000
  0
VERTEX
  8
PG_SILKSCREEN_BOTTOM
 10
40.881579
 20
22.508845
 40
0.127000
 41
0.127000
 42
0.000000
  0
SEQEND
  0
POLYLINE
  8
PG_SILKSCREEN_BOTTOM
 66
1
 70
0
 40
0.000000
 41
0.000000
 39
0.000000
  0
VERTEX
  8
PG_SILKSCREEN_BOTTOM
 10
42.075379
 20
24.083645
 40
0.127000
 41
0.127000
 42
0.000000
  0
VERTEX
  8
PG_SILKSCREEN_BOTTOM
 10
40.906979
 20
24.083645
 40
0.127000
 41
0.127000
 42
0.000000
  0
SEQEND
  0
POLYLINE
  8
PG_SILKSCREEN_BOTTOM
 66
1
 70
0
 40
0.000000
 41
0.000000
 39
0.000000
  0
VERTEX
  8
PG_SILKSCREEN_BOTTOM
 10
43.777179
 20
22.483445
 40
0.127000
 41
0.127000
 42
0.000000
  0
VERTEX
  8
PG_SILKSCREEN_BOTTOM
 10
42.608779
 20
22.483445
 40
0.127000
 41
0.127000
 42
0.000000
  0
SEQEND
  0
POLYLINE
  8
PG_SILKSCREEN_BOTTOM
 66
1
 70
0
 40
0.000000
 41
0.000000
 39
0.000000
  0
VERTEX
  8
PG_SILKSCREEN_BOTTOM
 10
43.777179
 20
24.020145
 40
0.127000
 41
0.127000
 42
0.000000
  0
VERTEX
  8
PG_SILKSCREEN_BOTTOM
 10
43.777179
 20
22.496145
 40
0.127000
 41
0.127000
 42
0.000000
  0
SEQEND
  0
POLYLINE
  8
PG_SILKSCREEN_BOTTOM
 66
1
 70
0
 40
0.000000
 41
0.000000
 39
0.000000
  0
VERTEX
  8
PG_SILKSCREEN_BOTTOM
 10
42.659579
 20
24.070945
 40
0.127000
 41
0.127000
 42
0.000000
  0
VERTEX
  8
PG_SILKSCREEN_BOTTOM
 10
43.777179
 20
24.070945
 40
0.127000
 41
0.127000
 42
0.000000
  0
SEQEND
  0
POLYLINE
  8
PIN_BOTTOM
 66
1
 70
1
 40
0.000000
 41
0.000000
 39
0.000000
  0
VERTEX
  8
PIN_BOTTOM
 10
44.907835
 20
40.947365
 40
0.000000
 41
0.000000
 42
0.000000
  0
VERTEX
  8
PIN_BOTTOM
 10
43.637835
 20
40.947365
 40
0.000000
 41
0.000000
 42
0.000000
  0
VERTEX
  8
PIN_BOTTOM
 10
43.637835
 20
40.159965
 40
0.000000
 41
0.000000
 42
0.000000
  0
VERTEX
  8
PIN_BOTTOM
 10
44.907835
 20
40.159965
 40
0.000000
 41
0.000000
 42
0.000000
  0
SEQEND
  0
POLYLINE
  8
PIN_BOTTOM
 66
1
 70
1
 40
0.000000
 41
0.000000
 39
0.000000
  0
VERTEX
  8
PIN_BOTTOM
 10
44.907835
 20
42.725365
 40
0.000000
 41
0.000000
 42
0.000000
  0
VERTEX
  8
PIN_BOTTOM
 10
43.637835
 20
42.725365
 40
0.000000
 41
0.000000
 42
0.000000
  0
VERTEX
  8
PIN_BOTTOM
 10
43.637835
 20
41.937965
 40
0.000000
 41
0.000000
 42
0.000000
  0
VERTEX
  8
PIN_BOTTOM
 10
44.907835
 20
41.937965
 40
0.000000
 41
0.000000
 42
0.000000
  0
SEQEND
  0
POLYLINE
  8
PG_SILKSCREEN_BOTTOM
 66
1
 70
0
 40
0.000000
 41
0.000000
 39
0.000000
  0
VERTEX
  8
PG_SILKSCREEN_BOTTOM
 10
45.060235
 20
39.994865
 40
0.127000
 41
0.127000
 42
0.000000
  0
VERTEX
  8
PG_SILKSCREEN_BOTTOM
 10
45.060235
 20
41.163265
 40
0.127000
 41
0.127000
 42
0.000000
  0
SEQEND
  0
POLYLINE
  8
PG_SILKSCREEN_BOTTOM
 66
1
 70
0
 40
0.000000
 41
0.000000
 39
0.000000
  0
VERTEX
  8
PG_SILKSCREEN_BOTTOM
 10
43.460035
 20
39.994865
 40
0.127000
 41
0.127000
 42
0.000000
  0
VERTEX
  8
PG_SILKSCREEN_BOTTOM
 10
45.034835
 20
39.994865
 40
0.127000
 41
0.127000
 42
0.000000
  0
SEQEND
  0
POLYLINE
  8
PG_SILKSCREEN_BOTTOM
 66
1
 70
0
 40
0.000000
 41
0.000000
 39
0.000000
  0
VERTEX
  8
PG_SILKSCREEN_BOTTOM
 10
43.460035
 20
41.188665
 40
0.127000
 41
0.127000
 42
0.000000
  0
VERTEX
  8
PG_SILKSCREEN_BOTTOM
 10
43.460035
 20
40.020265
 40
0.127000
 41
0.127000
 42
0.000000
  0
SEQEND
  0
POLYLINE
  8
PG_SILKSCREEN_BOTTOM
 66
1
 70
0
 40
0.000000
 41
0.000000
 39
0.000000
  0
VERTEX
  8
PG_SILKSCREEN_BOTTOM
 10
45.060235
 20
42.890465
 40
0.127000
 41
0.127000
 42
0.000000
  0
VERTEX
  8
PG_SILKSCREEN_BOTTOM
 10
45.060235
 20
41.722065
 40
0.127000
 41
0.127000
 42
0.000000
  0
SEQEND
  0
POLYLINE
  8
PG_SILKSCREEN_BOTTOM
 66
1
 70
0
 40
0.000000
 41
0.000000
 39
0.000000
  0
VERTEX
  8
PG_SILKSCREEN_BOTTOM
 10
43.523535
 20
42.890465
 40
0.127000
 41
0.127000
 42
0.000000
  0
VERTEX
  8
PG_SILKSCREEN_BOTTOM
 10
45.047535
 20
42.890465
 40
0.127000
 41
0.127000
 42
0.000000
  0
SEQEND
  0
POLYLINE
  8
PG_SILKSCREEN_BOTTOM
 66
1
 70
0
 40
0.000000
 41
0.000000
 39
0.000000
  0
VERTEX
  8
PG_SILKSCREEN_BOTTOM
 10
43.472735
 20
41.772865
 40
0.127000
 41
0.127000
 42
0.000000
  0
VERTEX
  8
PG_SILKSCREEN_BOTTOM
 10
43.472735
 20
42.890465
 40
0.127000
 41
0.127000
 42
0.000000
  0
SEQEND
  0
POLYLINE
  8
PIN_BOTTOM
 66
1
 70
1
 40
0.000000
 41
0.000000
 39
0.000000
  0
VERTEX
  8
PIN_BOTTOM
 10
43.662727
 20
53.314575
 40
0.000000
 41
0.000000
 42
0.000000
  0
VERTEX
  8
PIN_BOTTOM
 10
44.932727
 20
53.314575
 40
0.000000
 41
0.000000
 42
0.000000
  0
VERTEX
  8
PIN_BOTTOM
 10
44.932727
 20
54.101975
 40
0.000000
 41
0.000000
 42
0.000000
  0
VERTEX
  8
PIN_BOTTOM
 10
43.662727
 20
54.101975
 40
0.000000
 41
0.000000
 42
0.000000
  0
SEQEND
  0
POLYLINE
  8
PIN_BOTTOM
 66
1
 70
1
 40
0.000000
 41
0.000000
 39
0.000000
  0
VERTEX
  8
PIN_BOTTOM
 10
43.662727
 20
51.536575
 40
0.000000
 41
0.000000
 42
0.000000
  0
VERTEX
  8
PIN_BOTTOM
 10
44.932727
 20
51.536575
 40
0.000000
 41
0.000000
 42
0.000000
  0
VERTEX
  8
PIN_BOTTOM
 10
44.932727
 20
52.323975
 40
0.000000
 41
0.000000
 42
0.000000
  0
VERTEX
  8
PIN_BOTTOM
 10
43.662727
 20
52.323975
 40
0.000000
 41
0.000000
 42
0.000000
  0
SEQEND
  0
POLYLINE
  8
PG_SILKSCREEN_BOTTOM
 66
1
 70
0
 40
0.000000
 41
0.000000
 39
0.000000
  0
VERTEX
  8
PG_SILKSCREEN_BOTTOM
 10
43.510327
 20
54.267075
 40
0.127000
 41
0.127000
 42
0.000000
  0
VERTEX
  8
PG_SILKSCREEN_BOTTOM
 10
43.510327
 20
53.098675
 40
0.127000
 41
0.127000
 42
0.000000
  0
SEQEND
  0
POLYLINE
  8
PG_SILKSCREEN_BOTTOM
 66
1
 70
0
 40
0.000000
 41
0.000000
 39
0.000000
  0
VERTEX
  8
PG_SILKSCREEN_BOTTOM
 10
45.110527
 20
54.267075
 40
0.127000
 41
0.127000
 42
0.000000
  0
VERTEX
  8
PG_SILKSCREEN_BOTTOM
 10
43.535727
 20
54.267075
 40
0.127000
 41
0.127000
 42
0.000000
  0
SEQEND
  0
POLYLINE
  8
PG_SILKSCREEN_BOTTOM
 66
1
 70
0
 40
0.000000
 41
0.000000
 39
0.000000
  0
VERTEX
  8
PG_SILKSCREEN_BOTTOM
 10
45.110527
 20
53.073275
 40
0.127000
 41
0.127000
 42
0.000000
  0
VERTEX
  8
PG_SILKSCREEN_BOTTOM
 10
45.110527
 20
54.241675
 40
0.127000
 41
0.127000
 42
0.000000
  0
SEQEND
  0
POLYLINE
  8
PG_SILKSCREEN_BOTTOM
 66
1
 70
0
 40
0.000000
 41
0.000000
 39
0.000000
  0
VERTEX
  8
PG_SILKSCREEN_BOTTOM
 10
43.510327
 20
51.371475
 40
0.127000
 41
0.127000
 42
0.000000
  0
VERTEX
  8
PG_SILKSCREEN_BOTTOM
 10
43.510327
 20
52.539875
 40
0.127000
 41
0.127000
 42
0.000000
  0
SEQEND
  0
POLYLINE
  8
PG_SILKSCREEN_BOTTOM
 66
1
 70
0
 40
0.000000
 41
0.000000
 39
0.000000
  0
VERTEX
  8
PG_SILKSCREEN_BOTTOM
 10
45.047027
 20
51.371475
 40
0.127000
 41
0.127000
 42
0.000000
  0
VERTEX
  8
PG_SILKSCREEN_BOTTOM
 10
43.523027
 20
51.371475
 40
0.127000
 41
0.127000
 42
0.000000
  0
SEQEND
  0
POLYLINE
  8
PG_SILKSCREEN_BOTTOM
 66
1
 70
0
 40
0.000000
 41
0.000000
 39
0.000000
  0
VERTEX
  8
PG_SILKSCREEN_BOTTOM
 10
45.097827
 20
52.489075
 40
0.127000
 41
0.127000
 42
0.000000
  0
VERTEX
  8
PG_SILKSCREEN_BOTTOM
 10
45.097827
 20
51.371475
 40
0.127000
 41
0.127000
 42
0.000000
  0
SEQEND
  0
POLYLINE
  8
PIN_BOTTOM
 66
1
 70
1
 40
0.000000
 41
0.000000
 39
0.000000
  0
VERTEX
  8
PIN_BOTTOM
 10
43.635041
 20
50.002669
 40
0.000000
 41
0.000000
 42
0.000000
  0
VERTEX
  8
PIN_BOTTOM
 10
44.905041
 20
50.002669
 40
0.000000
 41
0.000000
 42
0.000000
  0
VERTEX
  8
PIN_BOTTOM
 10
44.905041
 20
50.790069
 40
0.000000
 41
0.000000
 42
0.000000
  0
VERTEX
  8
PIN_BOTTOM
 10
43.635041
 20
50.790069
 40
0.000000
 41
0.000000
 42
0.000000
  0
SEQEND
  0
POLYLINE
  8
PIN_BOTTOM
 66
1
 70
1
 40
0.000000
 41
0.000000
 39
0.000000
  0
VERTEX
  8
PIN_BOTTOM
 10
43.635041
 20
48.224669
 40
0.000000
 41
0.000000
 42
0.000000
  0
VERTEX
  8
PIN_BOTTOM
 10
44.905041
 20
48.224669
 40
0.000000
 41
0.000000
 42
0.000000
  0
VERTEX
  8
PIN_BOTTOM
 10
44.905041
 20
49.012069
 40
0.000000
 41
0.000000
 42
0.000000
  0
VERTEX
  8
PIN_BOTTOM
 10
43.635041
 20
49.012069
 40
0.000000
 41
0.000000
 42
0.000000
  0
SEQEND
  0
POLYLINE
  8
PG_SILKSCREEN_BOTTOM
 66
1
 70
0
 40
0.000000
 41
0.000000
 39
0.000000
  0
VERTEX
  8
PG_SILKSCREEN_BOTTOM
 10
43.482641
 20
50.955169
 40
0.127000
 41
0.127000
 42
0.000000
  0
VERTEX
  8
PG_SILKSCREEN_BOTTOM
 10
43.482641
 20
49.786769
 40
0.127000
 41
0.127000
 42
0.000000
  0
SEQEND
  0
POLYLINE
  8
PG_SILKSCREEN_BOTTOM
 66
1
 70
0
 40
0.000000
 41
0.000000
 39
0.000000
  0
VERTEX
  8
PG_SILKSCREEN_BOTTOM
 10
45.082841
 20
50.955169
 40
0.127000
 41
0.127000
 42
0.000000
  0
VERTEX
  8
PG_SILKSCREEN_BOTTOM
 10
43.508041
 20
50.955169
 40
0.127000
 41
0.127000
 42
0.000000
  0
SEQEND
  0
POLYLINE
  8
PG_SILKSCREEN_BOTTOM
 66
1
 70
0
 40
0.000000
 41
0.000000
 39
0.000000
  0
VERTEX
  8
PG_SILKSCREEN_BOTTOM
 10
45.082841
 20
49.761369
 40
0.127000
 41
0.127000
 42
0.000000
  0
VERTEX
  8
PG_SILKSCREEN_BOTTOM
 10
45.082841
 20
50.929769
 40
0.127000
 41
0.127000
 42
0.000000
  0
SEQEND
  0
POLYLINE
  8
PG_SILKSCREEN_BOTTOM
 66
1
 70
0
 40
0.000000
 41
0.000000
 39
0.000000
  0
VERTEX
  8
PG_SILKSCREEN_BOTTOM
 10
43.482641
 20
48.059569
 40
0.127000
 41
0.127000
 42
0.000000
  0
VERTEX
  8
PG_SILKSCREEN_BOTTOM
 10
43.482641
 20
49.227969
 40
0.127000
 41
0.127000
 42
0.000000
  0
SEQEND
  0
POLYLINE
  8
PG_SILKSCREEN_BOTTOM
 66
1
 70
0
 40
0.000000
 41
0.000000
 39
0.000000
  0
VERTEX
  8
PG_SILKSCREEN_BOTTOM
 10
45.019341
 20
48.059569
 40
0.127000
 41
0.127000
 42
0.000000
  0
VERTEX
  8
PG_SILKSCREEN_BOTTOM
 10
43.495341
 20
48.059569
 40
0.127000
 41
0.127000
 42
0.000000
  0
SEQEND
  0
POLYLINE
  8
PG_SILKSCREEN_BOTTOM
 66
1
 70
0
 40
0.000000
 41
0.000000
 39
0.000000
  0
VERTEX
  8
PG_SILKSCREEN_BOTTOM
 10
45.070141
 20
49.177169
 40
0.127000
 41
0.127000
 42
0.000000
  0
VERTEX
  8
PG_SILKSCREEN_BOTTOM
 10
45.070141
 20
48.059569
 40
0.127000
 41
0.127000
 42
0.000000
  0
SEQEND
  0
POLYLINE
  8
PIN_BOTTOM
 66
1
 70
1
 40
0.000000
 41
0.000000
 39
0.000000
  0
VERTEX
  8
PIN_BOTTOM
 10
44.933235
 20
35.928071
 40
0.000000
 41
0.000000
 42
0.000000
  0
VERTEX
  8
PIN_BOTTOM
 10
43.663235
 20
35.928071
 40
0.000000
 41
0.000000
 42
0.000000
  0
VERTEX
  8
PIN_BOTTOM
 10
43.663235
 20
35.140671
 40
0.000000
 41
0.000000
 42
0.000000
  0
VERTEX
  8
PIN_BOTTOM
 10
44.933235
 20
35.140671
 40
0.000000
 41
0.000000
 42
0.000000
  0
SEQEND
  0
POLYLINE
  8
PIN_BOTTOM
 66
1
 70
1
 40
0.000000
 41
0.000000
 39
0.000000
  0
VERTEX
  8
PIN_BOTTOM
 10
44.933235
 20
37.706071
 40
0.000000
 41
0.000000
 42
0.000000
  0
VERTEX
  8
PIN_BOTTOM
 10
43.663235
 20
37.706071
 40
0.000000
 41
0.000000
 42
0.000000
  0
VERTEX
  8
PIN_BOTTOM
 10
43.663235
 20
36.918671
 40
0.000000
 41
0.000000
 42
0.000000
  0
VERTEX
  8
PIN_BOTTOM
 10
44.933235
 20
36.918671
 40
0.000000
 41
0.000000
 42
0.000000
  0
SEQEND
  0
POLYLINE
  8
PG_SILKSCREEN_BOTTOM
 66
1
 70
0
 40
0.000000
 41
0.000000
 39
0.000000
  0
VERTEX
  8
PG_SILKSCREEN_BOTTOM
 10
45.085635
 20
34.975571
 40
0.127000
 41
0.127000
 42
0.000000
  0
VERTEX
  8
PG_SILKSCREEN_BOTTOM
 10
45.085635
 20
36.143971
 40
0.127000
 41
0.127000
 42
0.000000
  0
SEQEND
  0
POLYLINE
  8
PG_SILKSCREEN_BOTTOM
 66
1
 70
0
 40
0.000000
 41
0.000000
 39
0.000000
  0
VERTEX
  8
PG_SILKSCREEN_BOTTOM
 10
43.485435
 20
34.975571
 40
0.127000
 41
0.127000
 42
0.000000
  0
VERTEX
  8
PG_SILKSCREEN_BOTTOM
 10
45.060235
 20
34.975571
 40
0.127000
 41
0.127000
 42
0.000000
  0
SEQEND
  0
POLYLINE
  8
PG_SILKSCREEN_BOTTOM
 66
1
 70
0
 40
0.000000
 41
0.000000
 39
0.000000
  0
VERTEX
  8
PG_SILKSCREEN_BOTTOM
 10
43.485435
 20
36.169371
 40
0.127000
 41
0.127000
 42
0.000000
  0
VERTEX
  8
PG_SILKSCREEN_BOTTOM
 10
43.485435
 20
35.000971
 40
0.127000
 41
0.127000
 42
0.000000
  0
SEQEND
  0
POLYLINE
  8
PG_SILKSCREEN_BOTTOM
 66
1
 70
0
 40
0.000000
 41
0.000000
 39
0.000000
  0
VERTEX
  8
PG_SILKSCREEN_BOTTOM
 10
45.085635
 20
37.871171
 40
0.127000
 41
0.127000
 42
0.000000
  0
VERTEX
  8
PG_SILKSCREEN_BOTTOM
 10
45.085635
 20
36.702771
 40
0.127000
 41
0.127000
 42
0.000000
  0
SEQEND
  0
POLYLINE
  8
PG_SILKSCREEN_BOTTOM
 66
1
 70
0
 40
0.000000
 41
0.000000
 39
0.000000
  0
VERTEX
  8
PG_SILKSCREEN_BOTTOM
 10
43.548935
 20
37.871171
 40
0.127000
 41
0.127000
 42
0.000000
  0
VERTEX
  8
PG_SILKSCREEN_BOTTOM
 10
45.072935
 20
37.871171
 40
0.127000
 41
0.127000
 42
0.000000
  0
SEQEND
  0
POLYLINE
  8
PG_SILKSCREEN_BOTTOM
 66
1
 70
0
 40
0.000000
 41
0.000000
 39
0.000000
  0
VERTEX
  8
PG_SILKSCREEN_BOTTOM
 10
43.498135
 20
36.753571
 40
0.127000
 41
0.127000
 42
0.000000
  0
VERTEX
  8
PG_SILKSCREEN_BOTTOM
 10
43.498135
 20
37.871171
 40
0.127000
 41
0.127000
 42
0.000000
  0
SEQEND
  0
POLYLINE
  8
PIN_BOTTOM
 66
1
 70
1
 40
0.000000
 41
0.000000
 39
0.000000
  0
VERTEX
  8
PIN_BOTTOM
 10
50.457837
 20
45.703617
 40
0.000000
 41
0.000000
 42
0.000000
  0
VERTEX
  8
PIN_BOTTOM
 10
50.457837
 20
44.433617
 40
0.000000
 41
0.000000
 42
0.000000
  0
VERTEX
  8
PIN_BOTTOM
 10
51.245237
 20
44.433617
 40
0.000000
 41
0.000000
 42
0.000000
  0
VERTEX
  8
PIN_BOTTOM
 10
51.245237
 20
45.703617
 40
0.000000
 41
0.000000
 42
0.000000
  0
SEQEND
  0
POLYLINE
  8
PIN_BOTTOM
 66
1
 70
1
 40
0.000000
 41
0.000000
 39
0.000000
  0
VERTEX
  8
PIN_BOTTOM
 10
48.679837
 20
45.703617
 40
0.000000
 41
0.000000
 42
0.000000
  0
VERTEX
  8
PIN_BOTTOM
 10
48.679837
 20
44.433617
 40
0.000000
 41
0.000000
 42
0.000000
  0
VERTEX
  8
PIN_BOTTOM
 10
49.467237
 20
44.433617
 40
0.000000
 41
0.000000
 42
0.000000
  0
VERTEX
  8
PIN_BOTTOM
 10
49.467237
 20
45.703617
 40
0.000000
 41
0.000000
 42
0.000000
  0
SEQEND
  0
POLYLINE
  8
PG_SILKSCREEN_BOTTOM
 66
1
 70
0
 40
0.000000
 41
0.000000
 39
0.000000
  0
VERTEX
  8
PG_SILKSCREEN_BOTTOM
 10
51.410337
 20
45.856017
 40
0.127000
 41
0.127000
 42
0.000000
  0
VERTEX
  8
PG_SILKSCREEN_BOTTOM
 10
50.241937
 20
45.856017
 40
0.127000
 41
0.127000
 42
0.000000
  0
SEQEND
  0
POLYLINE
  8
PG_SILKSCREEN_BOTTOM
 66
1
 70
0
 40
0.000000
 41
0.000000
 39
0.000000
  0
VERTEX
  8
PG_SILKSCREEN_BOTTOM
 10
51.410337
 20
44.255817
 40
0.127000
 41
0.127000
 42
0.000000
  0
VERTEX
  8
PG_SILKSCREEN_BOTTOM
 10
51.410337
 20
45.830617
 40
0.127000
 41
0.127000
 42
0.000000
  0
SEQEND
  0
POLYLINE
  8
PG_SILKSCREEN_BOTTOM
 66
1
 70
0
 40
0.000000
 41
0.000000
 39
0.000000
  0
VERTEX
  8
PG_SILKSCREEN_BOTTOM
 10
50.216537
 20
44.255817
 40
0.127000
 41
0.127000
 42
0.000000
  0
VERTEX
  8
PG_SILKSCREEN_BOTTOM
 10
51.384937
 20
44.255817
 40
0.127000
 41
0.127000
 42
0.000000
  0
SEQEND
  0
POLYLINE
  8
PG_SILKSCREEN_BOTTOM
 66
1
 70
0
 40
0.000000
 41
0.000000
 39
0.000000
  0
VERTEX
  8
PG_SILKSCREEN_BOTTOM
 10
48.514737
 20
45.856017
 40
0.127000
 41
0.127000
 42
0.000000
  0
VERTEX
  8
PG_SILKSCREEN_BOTTOM
 10
49.683137
 20
45.856017
 40
0.127000
 41
0.127000
 42
0.000000
  0
SEQEND
  0
POLYLINE
  8
PG_SILKSCREEN_BOTTOM
 66
1
 70
0
 40
0.000000
 41
0.000000
 39
0.000000
  0
VERTEX
  8
PG_SILKSCREEN_BOTTOM
 10
48.514737
 20
44.319317
 40
0.127000
 41
0.127000
 42
0.000000
  0
VERTEX
  8
PG_SILKSCREEN_BOTTOM
 10
48.514737
 20
45.843317
 40
0.127000
 41
0.127000
 42
0.000000
  0
SEQEND
  0
POLYLINE
  8
PG_SILKSCREEN_BOTTOM
 66
1
 70
0
 40
0.000000
 41
0.000000
 39
0.000000
  0
VERTEX
  8
PG_SILKSCREEN_BOTTOM
 10
49.632337
 20
44.268517
 40
0.127000
 41
0.127000
 42
0.000000
  0
VERTEX
  8
PG_SILKSCREEN_BOTTOM
 10
48.514737
 20
44.268517
 40
0.127000
 41
0.127000
 42
0.000000
  0
SEQEND
  0
POLYLINE
  8
PIN_BOTTOM
 66
1
 70
1
 40
0.000000
 41
0.000000
 39
0.000000
  0
VERTEX
  8
PIN_BOTTOM
 10
68.632070
 20
73.739756
 40
0.000000
 41
0.000000
 42
0.000000
  0
VERTEX
  8
PIN_BOTTOM
 10
67.362070
 20
73.739756
 40
0.000000
 41
0.000000
 42
0.000000
  0
VERTEX
  8
PIN_BOTTOM
 10
67.362070
 20
72.952356
 40
0.000000
 41
0.000000
 42
0.000000
  0
VERTEX
  8
PIN_BOTTOM
 10
68.632070
 20
72.952356
 40
0.000000
 41
0.000000
 42
0.000000
  0
SEQEND
  0
POLYLINE
  8
PIN_BOTTOM
 66
1
 70
1
 40
0.000000
 41
0.000000
 39
0.000000
  0
VERTEX
  8
PIN_BOTTOM
 10
68.632070
 20
75.517756
 40
0.000000
 41
0.000000
 42
0.000000
  0
VERTEX
  8
PIN_BOTTOM
 10
67.362070
 20
75.517756
 40
0.000000
 41
0.000000
 42
0.000000
  0
VERTEX
  8
PIN_BOTTOM
 10
67.362070
 20
74.730356
 40
0.000000
 41
0.000000
 42
0.000000
  0
VERTEX
  8
PIN_BOTTOM
 10
68.632070
 20
74.730356
 40
0.000000
 41
0.000000
 42
0.000000
  0
SEQEND
  0
POLYLINE
  8
PG_SILKSCREEN_BOTTOM
 66
1
 70
0
 40
0.000000
 41
0.000000
 39
0.000000
  0
VERTEX
  8
PG_SILKSCREEN_BOTTOM
 10
68.784470
 20
72.787256
 40
0.127000
 41
0.127000
 42
0.000000
  0
VERTEX
  8
PG_SILKSCREEN_BOTTOM
 10
68.784470
 20
73.955656
 40
0.127000
 41
0.127000
 42
0.000000
  0
SEQEND
  0
POLYLINE
  8
PG_SILKSCREEN_BOTTOM
 66
1
 70
0
 40
0.000000
 41
0.000000
 39
0.000000
  0
VERTEX
  8
PG_SILKSCREEN_BOTTOM
 10
67.184270
 20
72.787256
 40
0.127000
 41
0.127000
 42
0.000000
  0
VERTEX
  8
PG_SILKSCREEN_BOTTOM
 10
68.759070
 20
72.787256
 40
0.127000
 41
0.127000
 42
0.000000
  0
SEQEND
  0
POLYLINE
  8
PG_SILKSCREEN_BOTTOM
 66
1
 70
0
 40
0.000000
 41
0.000000
 39
0.000000
  0
VERTEX
  8
PG_SILKSCREEN_BOTTOM
 10
67.184270
 20
73.981056
 40
0.127000
 41
0.127000
 42
0.000000
  0
VERTEX
  8
PG_SILKSCREEN_BOTTOM
 10
67.184270
 20
72.812656
 40
0.127000
 41
0.127000
 42
0.000000
  0
SEQEND
  0
POLYLINE
  8
PG_SILKSCREEN_BOTTOM
 66
1
 70
0
 40
0.000000
 41
0.000000
 39
0.000000
  0
VERTEX
  8
PG_SILKSCREEN_BOTTOM
 10
68.784470
 20
75.682856
 40
0.127000
 41
0.127000
 42
0.000000
  0
VERTEX
  8
PG_SILKSCREEN_BOTTOM
 10
68.784470
 20
74.514456
 40
0.127000
 41
0.127000
 42
0.000000
  0
SEQEND
  0
POLYLINE
  8
PG_SILKSCREEN_BOTTOM
 66
1
 70
0
 40
0.000000
 41
0.000000
 39
0.000000
  0
VERTEX
  8
PG_SILKSCREEN_BOTTOM
 10
67.247770
 20
75.682856
 40
0.127000
 41
0.127000
 42
0.000000
  0
VERTEX
  8
PG_SILKSCREEN_BOTTOM
 10
68.771770
 20
75.682856
 40
0.127000
 41
0.127000
 42
0.000000
  0
SEQEND
  0
POLYLINE
  8
PG_SILKSCREEN_BOTTOM
 66
1
 70
0
 40
0.000000
 41
0.000000
 39
0.000000
  0
VERTEX
  8
PG_SILKSCREEN_BOTTOM
 10
67.196970
 20
74.565256
 40
0.127000
 41
0.127000
 42
0.000000
  0
VERTEX
  8
PG_SILKSCREEN_BOTTOM
 10
67.196970
 20
75.682856
 40
0.127000
 41
0.127000
 42
0.000000
  0
SEQEND
  0
POLYLINE
  8
PIN_BOTTOM
 66
1
 70
1
 40
0.000000
 41
0.000000
 39
0.000000
  0
VERTEX
  8
PIN_BOTTOM
 10
21.717483
 20
29.998873
 40
0.000000
 41
0.000000
 42
0.000000
  0
VERTEX
  8
PIN_BOTTOM
 10
21.717483
 20
31.268873
 40
0.000000
 41
0.000000
 42
0.000000
  0
VERTEX
  8
PIN_BOTTOM
 10
20.930083
 20
31.268873
 40
0.000000
 41
0.000000
 42
0.000000
  0
VERTEX
  8
PIN_BOTTOM
 10
20.930083
 20
29.998873
 40
0.000000
 41
0.000000
 42
0.000000
  0
SEQEND
  0
POLYLINE
  8
PIN_BOTTOM
 66
1
 70
1
 40
0.000000
 41
0.000000
 39
0.000000
  0
VERTEX
  8
PIN_BOTTOM
 10
23.495483
 20
29.998873
 40
0.000000
 41
0.000000
 42
0.000000
  0
VERTEX
  8
PIN_BOTTOM
 10
23.495483
 20
31.268873
 40
0.000000
 41
0.000000
 42
0.000000
  0
VERTEX
  8
PIN_BOTTOM
 10
22.708083
 20
31.268873
 40
0.000000
 41
0.000000
 42
0.000000
  0
VERTEX
  8
PIN_BOTTOM
 10
22.708083
 20
29.998873
 40
0.000000
 41
0.000000
 42
0.000000
  0
SEQEND
  0
POLYLINE
  8
PG_SILKSCREEN_BOTTOM
 66
1
 70
0
 40
0.000000
 41
0.000000
 39
0.000000
  0
VERTEX
  8
PG_SILKSCREEN_BOTTOM
 10
20.764983
 20
29.846473
 40
0.127000
 41
0.127000
 42
0.000000
  0
VERTEX
  8
PG_SILKSCREEN_BOTTOM
 10
21.933383
 20
29.846473
 40
0.127000
 41
0.127000
 42
0.000000
  0
SEQEND
  0
POLYLINE
  8
PG_SILKSCREEN_BOTTOM
 66
1
 70
0
 40
0.000000
 41
0.000000
 39
0.000000
  0
VERTEX
  8
PG_SILKSCREEN_BOTTOM
 10
20.764983
 20
31.446673
 40
0.127000
 41
0.127000
 42
0.000000
  0
VERTEX
  8
PG_SILKSCREEN_BOTTOM
 10
20.764983
 20
29.871873
 40
0.127000
 41
0.127000
 42
0.000000
  0
SEQEND
  0
POLYLINE
  8
PG_SILKSCREEN_BOTTOM
 66
1
 70
0
 40
0.000000
 41
0.000000
 39
0.000000
  0
VERTEX
  8
PG_SILKSCREEN_BOTTOM
 10
21.958783
 20
31.446673
 40
0.127000
 41
0.127000
 42
0.000000
  0
VERTEX
  8
PG_SILKSCREEN_BOTTOM
 10
20.790383
 20
31.446673
 40
0.127000
 41
0.127000
 42
0.000000
  0
SEQEND
  0
POLYLINE
  8
PG_SILKSCREEN_BOTTOM
 66
1
 70
0
 40
0.000000
 41
0.000000
 39
0.000000
  0
VERTEX
  8
PG_SILKSCREEN_BOTTOM
 10
23.660583
 20
29.846473
 40
0.127000
 41
0.127000
 42
0.000000
  0
VERTEX
  8
PG_SILKSCREEN_BOTTOM
 10
22.492183
 20
29.846473
 40
0.127000
 41
0.127000
 42
0.000000
  0
SEQEND
  0
POLYLINE
  8
PG_SILKSCREEN_BOTTOM
 66
1
 70
0
 40
0.000000
 41
0.000000
 39
0.000000
  0
VERTEX
  8
PG_SILKSCREEN_BOTTOM
 10
23.660583
 20
31.383173
 40
0.127000
 41
0.127000
 42
0.000000
  0
VERTEX
  8
PG_SILKSCREEN_BOTTOM
 10
23.660583
 20
29.859173
 40
0.127000
 41
0.127000
 42
0.000000
  0
SEQEND
  0
POLYLINE
  8
PG_SILKSCREEN_BOTTOM
 66
1
 70
0
 40
0.000000
 41
0.000000
 39
0.000000
  0
VERTEX
  8
PG_SILKSCREEN_BOTTOM
 10
22.542983
 20
31.433973
 40
0.127000
 41
0.127000
 42
0.000000
  0
VERTEX
  8
PG_SILKSCREEN_BOTTOM
 10
23.660583
 20
31.433973
 40
0.127000
 41
0.127000
 42
0.000000
  0
SEQEND
  0
POLYLINE
  8
PIN_BOTTOM
 66
1
 70
1
 40
0.000000
 41
0.000000
 39
0.000000
  0
VERTEX
  8
PIN_BOTTOM
 10
66.125369
 20
64.044373
 40
0.000000
 41
0.000000
 42
0.000000
  0
VERTEX
  8
PIN_BOTTOM
 10
66.125369
 20
62.774373
 40
0.000000
 41
0.000000
 42
0.000000
  0
VERTEX
  8
PIN_BOTTOM
 10
66.912769
 20
62.774373
 40
0.000000
 41
0.000000
 42
0.000000
  0
VERTEX
  8
PIN_BOTTOM
 10
66.912769
 20
64.044373
 40
0.000000
 41
0.000000
 42
0.000000
  0
SEQEND
  0
POLYLINE
  8
PIN_BOTTOM
 66
1
 70
1
 40
0.000000
 41
0.000000
 39
0.000000
  0
VERTEX
  8
PIN_BOTTOM
 10
64.347369
 20
64.044373
 40
0.000000
 41
0.000000
 42
0.000000
  0
VERTEX
  8
PIN_BOTTOM
 10
64.347369
 20
62.774373
 40
0.000000
 41
0.000000
 42
0.000000
  0
VERTEX
  8
PIN_BOTTOM
 10
65.134769
 20
62.774373
 40
0.000000
 41
0.000000
 42
0.000000
  0
VERTEX
  8
PIN_BOTTOM
 10
65.134769
 20
64.044373
 40
0.000000
 41
0.000000
 42
0.000000
  0
SEQEND
  0
POLYLINE
  8
PG_SILKSCREEN_BOTTOM
 66
1
 70
0
 40
0.000000
 41
0.000000
 39
0.000000
  0
VERTEX
  8
PG_SILKSCREEN_BOTTOM
 10
67.077869
 20
64.196773
 40
0.127000
 41
0.127000
 42
0.000000
  0
VERTEX
  8
PG_SILKSCREEN_BOTTOM
 10
65.909469
 20
64.196773
 40
0.127000
 41
0.127000
 42
0.000000
  0
SEQEND
  0
POLYLINE
  8
PG_SILKSCREEN_BOTTOM
 66
1
 70
0
 40
0.000000
 41
0.000000
 39
0.000000
  0
VERTEX
  8
PG_SILKSCREEN_BOTTOM
 10
67.077869
 20
62.596573
 40
0.127000
 41
0.127000
 42
0.000000
  0
VERTEX
  8
PG_SILKSCREEN_BOTTOM
 10
67.077869
 20
64.171373
 40
0.127000
 41
0.127000
 42
0.000000
  0
SEQEND
  0
POLYLINE
  8
PG_SILKSCREEN_BOTTOM
 66
1
 70
0
 40
0.000000
 41
0.000000
 39
0.000000
  0
VERTEX
  8
PG_SILKSCREEN_BOTTOM
 10
65.884069
 20
62.596573
 40
0.127000
 41
0.127000
 42
0.000000
  0
VERTEX
  8
PG_SILKSCREEN_BOTTOM
 10
67.052469
 20
62.596573
 40
0.127000
 41
0.127000
 42
0.000000
  0
SEQEND
  0
POLYLINE
  8
PG_SILKSCREEN_BOTTOM
 66
1
 70
0
 40
0.000000
 41
0.000000
 39
0.000000
  0
VERTEX
  8
PG_SILKSCREEN_BOTTOM
 10
64.182269
 20
64.196773
 40
0.127000
 41
0.127000
 42
0.000000
  0
VERTEX
  8
PG_SILKSCREEN_BOTTOM
 10
65.350669
 20
64.196773
 40
0.127000
 41
0.127000
 42
0.000000
  0
SEQEND
  0
POLYLINE
  8
PG_SILKSCREEN_BOTTOM
 66
1
 70
0
 40
0.000000
 41
0.000000
 39
0.000000
  0
VERTEX
  8
PG_SILKSCREEN_BOTTOM
 10
64.182269
 20
62.660073
 40
0.127000
 41
0.127000
 42
0.000000
  0
VERTEX
  8
PG_SILKSCREEN_BOTTOM
 10
64.182269
 20
64.184073
 40
0.127000
 41
0.127000
 42
0.000000
  0
SEQEND
  0
POLYLINE
  8
PG_SILKSCREEN_BOTTOM
 66
1
 70
0
 40
0.000000
 41
0.000000
 39
0.000000
  0
VERTEX
  8
PG_SILKSCREEN_BOTTOM
 10
65.299869
 20
62.609273
 40
0.127000
 41
0.127000
 42
0.000000
  0
VERTEX
  8
PG_SILKSCREEN_BOTTOM
 10
64.182269
 20
62.609273
 40
0.127000
 41
0.127000
 42
0.000000
  0
SEQEND
  0
POLYLINE
  8
PIN_BOTTOM
 66
1
 70
1
 40
0.000000
 41
0.000000
 39
0.000000
  0
VERTEX
  8
PIN_BOTTOM
 10
31.511215
 20
44.440805
 40
0.000000
 41
0.000000
 42
0.000000
  0
VERTEX
  8
PIN_BOTTOM
 10
31.511215
 20
45.710805
 40
0.000000
 41
0.000000
 42
0.000000
  0
VERTEX
  8
PIN_BOTTOM
 10
30.723815
 20
45.710805
 40
0.000000
 41
0.000000
 42
0.000000
  0
VERTEX
  8
PIN_BOTTOM
 10
30.723815
 20
44.440805
 40
0.000000
 41
0.000000
 42
0.000000
  0
SEQEND
  0
POLYLINE
  8
PIN_BOTTOM
 66
1
 70
1
 40
0.000000
 41
0.000000
 39
0.000000
  0
VERTEX
  8
PIN_BOTTOM
 10
33.289215
 20
44.440805
 40
0.000000
 41
0.000000
 42
0.000000
  0
VERTEX
  8
PIN_BOTTOM
 10
33.289215
 20
45.710805
 40
0.000000
 41
0.000000
 42
0.000000
  0
VERTEX
  8
PIN_BOTTOM
 10
32.501815
 20
45.710805
 40
0.000000
 41
0.000000
 42
0.000000
  0
VERTEX
  8
PIN_BOTTOM
 10
32.501815
 20
44.440805
 40
0.000000
 41
0.000000
 42
0.000000
  0
SEQEND
  0
POLYLINE
  8
PG_SILKSCREEN_BOTTOM
 66
1
 70
0
 40
0.000000
 41
0.000000
 39
0.000000
  0
VERTEX
  8
PG_SILKSCREEN_BOTTOM
 10
30.558715
 20
44.288405
 40
0.127000
 41
0.127000
 42
0.000000
  0
VERTEX
  8
PG_SILKSCREEN_BOTTOM
 10
31.727115
 20
44.288405
 40
0.127000
 41
0.127000
 42
0.000000
  0
SEQEND
  0
POLYLINE
  8
PG_SILKSCREEN_BOTTOM
 66
1
 70
0
 40
0.000000
 41
0.000000
 39
0.000000
  0
VERTEX
  8
PG_SILKSCREEN_BOTTOM
 10
30.558715
 20
45.888605
 40
0.127000
 41
0.127000
 42
0.000000
  0
VERTEX
  8
PG_SILKSCREEN_BOTTOM
 10
30.558715
 20
44.313805
 40
0.127000
 41
0.127000
 42
0.000000
  0
SEQEND
  0
POLYLINE
  8
PG_SILKSCREEN_BOTTOM
 66
1
 70
0
 40
0.000000
 41
0.000000
 39
0.000000
  0
VERTEX
  8
PG_SILKSCREEN_BOTTOM
 10
31.752515
 20
45.888605
 40
0.127000
 41
0.127000
 42
0.000000
  0
VERTEX
  8
PG_SILKSCREEN_BOTTOM
 10
30.584115
 20
45.888605
 40
0.127000
 41
0.127000
 42
0.000000
  0
SEQEND
  0
POLYLINE
  8
PG_SILKSCREEN_BOTTOM
 66
1
 70
0
 40
0.000000
 41
0.000000
 39
0.000000
  0
VERTEX
  8
PG_SILKSCREEN_BOTTOM
 10
33.454315
 20
44.288405
 40
0.127000
 41
0.127000
 42
0.000000
  0
VERTEX
  8
PG_SILKSCREEN_BOTTOM
 10
32.285915
 20
44.288405
 40
0.127000
 41
0.127000
 42
0.000000
  0
SEQEND
  0
POLYLINE
  8
PG_SILKSCREEN_BOTTOM
 66
1
 70
0
 40
0.000000
 41
0.000000
 39
0.000000
  0
VERTEX
  8
PG_SILKSCREEN_BOTTOM
 10
33.454315
 20
45.825105
 40
0.127000
 41
0.127000
 42
0.000000
  0
VERTEX
  8
PG_SILKSCREEN_BOTTOM
 10
33.454315
 20
44.301105
 40
0.127000
 41
0.127000
 42
0.000000
  0
SEQEND
  0
POLYLINE
  8
PG_SILKSCREEN_BOTTOM
 66
1
 70
0
 40
0.000000
 41
0.000000
 39
0.000000
  0
VERTEX
  8
PG_SILKSCREEN_BOTTOM
 10
32.336715
 20
45.875905
 40
0.127000
 41
0.127000
 42
0.000000
  0
VERTEX
  8
PG_SILKSCREEN_BOTTOM
 10
33.454315
 20
45.875905
 40
0.127000
 41
0.127000
 42
0.000000
  0
SEQEND
  0
POLYLINE
  8
PIN_BOTTOM
 66
1
 70
1
 40
0.000000
 41
0.000000
 39
0.000000
  0
VERTEX
  8
PIN_BOTTOM
 10
66.125369
 20
65.879015
 40
0.000000
 41
0.000000
 42
0.000000
  0
VERTEX
  8
PIN_BOTTOM
 10
66.125369
 20
64.609015
 40
0.000000
 41
0.000000
 42
0.000000
  0
VERTEX
  8
PIN_BOTTOM
 10
66.912769
 20
64.609015
 40
0.000000
 41
0.000000
 42
0.000000
  0
VERTEX
  8
PIN_BOTTOM
 10
66.912769
 20
65.879015
 40
0.000000
 41
0.000000
 42
0.000000
  0
SEQEND
  0
POLYLINE
  8
PIN_BOTTOM
 66
1
 70
1
 40
0.000000
 41
0.000000
 39
0.000000
  0
VERTEX
  8
PIN_BOTTOM
 10
64.347369
 20
65.879015
 40
0.000000
 41
0.000000
 42
0.000000
  0
VERTEX
  8
PIN_BOTTOM
 10
64.347369
 20
64.609015
 40
0.000000
 41
0.000000
 42
0.000000
  0
VERTEX
  8
PIN_BOTTOM
 10
65.134769
 20
64.609015
 40
0.000000
 41
0.000000
 42
0.000000
  0
VERTEX
  8
PIN_BOTTOM
 10
65.134769
 20
65.879015
 40
0.000000
 41
0.000000
 42
0.000000
  0
SEQEND
  0
POLYLINE
  8
PG_SILKSCREEN_BOTTOM
 66
1
 70
0
 40
0.000000
 41
0.000000
 39
0.000000
  0
VERTEX
  8
PG_SILKSCREEN_BOTTOM
 10
67.077869
 20
66.031415
 40
0.127000
 41
0.127000
 42
0.000000
  0
VERTEX
  8
PG_SILKSCREEN_BOTTOM
 10
65.909469
 20
66.031415
 40
0.127000
 41
0.127000
 42
0.000000
  0
SEQEND
  0
POLYLINE
  8
PG_SILKSCREEN_BOTTOM
 66
1
 70
0
 40
0.000000
 41
0.000000
 39
0.000000
  0
VERTEX
  8
PG_SILKSCREEN_BOTTOM
 10
67.077869
 20
64.431215
 40
0.127000
 41
0.127000
 42
0.000000
  0
VERTEX
  8
PG_SILKSCREEN_BOTTOM
 10
67.077869
 20
66.006015
 40
0.127000
 41
0.127000
 42
0.000000
  0
SEQEND
  0
POLYLINE
  8
PG_SILKSCREEN_BOTTOM
 66
1
 70
0
 40
0.000000
 41
0.000000
 39
0.000000
  0
VERTEX
  8
PG_SILKSCREEN_BOTTOM
 10
65.884069
 20
64.431215
 40
0.127000
 41
0.127000
 42
0.000000
  0
VERTEX
  8
PG_SILKSCREEN_BOTTOM
 10
67.052469
 20
64.431215
 40
0.127000
 41
0.127000
 42
0.000000
  0
SEQEND
  0
POLYLINE
  8
PG_SILKSCREEN_BOTTOM
 66
1
 70
0
 40
0.000000
 41
0.000000
 39
0.000000
  0
VERTEX
  8
PG_SILKSCREEN_BOTTOM
 10
64.182269
 20
66.031415
 40
0.127000
 41
0.127000
 42
0.000000
  0
VERTEX
  8
PG_SILKSCREEN_BOTTOM
 10
65.350669
 20
66.031415
 40
0.127000
 41
0.127000
 42
0.000000
  0
SEQEND
  0
POLYLINE
  8
PG_SILKSCREEN_BOTTOM
 66
1
 70
0
 40
0.000000
 41
0.000000
 39
0.000000
  0
VERTEX
  8
PG_SILKSCREEN_BOTTOM
 10
64.182269
 20
64.494715
 40
0.127000
 41
0.127000
 42
0.000000
  0
VERTEX
  8
PG_SILKSCREEN_BOTTOM
 10
64.182269
 20
66.018715
 40
0.127000
 41
0.127000
 42
0.000000
  0
SEQEND
  0
POLYLINE
  8
PG_SILKSCREEN_BOTTOM
 66
1
 70
0
 40
0.000000
 41
0.000000
 39
0.000000
  0
VERTEX
  8
PG_SILKSCREEN_BOTTOM
 10
65.299869
 20
64.443915
 40
0.127000
 41
0.127000
 42
0.000000
  0
VERTEX
  8
PG_SILKSCREEN_BOTTOM
 10
64.182269
 20
64.443915
 40
0.127000
 41
0.127000
 42
0.000000
  0
SEQEND
  0
POLYLINE
  8
PIN_BOTTOM
 66
1
 70
1
 40
0.000000
 41
0.000000
 39
0.000000
  0
VERTEX
  8
PIN_BOTTOM
 10
66.114447
 20
62.061141
 40
0.000000
 41
0.000000
 42
0.000000
  0
VERTEX
  8
PIN_BOTTOM
 10
66.114447
 20
60.791141
 40
0.000000
 41
0.000000
 42
0.000000
  0
VERTEX
  8
PIN_BOTTOM
 10
66.901847
 20
60.791141
 40
0.000000
 41
0.000000
 42
0.000000
  0
VERTEX
  8
PIN_BOTTOM
 10
66.901847
 20
62.061141
 40
0.000000
 41
0.000000
 42
0.000000
  0
SEQEND
  0
POLYLINE
  8
PIN_BOTTOM
 66
1
 70
1
 40
0.000000
 41
0.000000
 39
0.000000
  0
VERTEX
  8
PIN_BOTTOM
 10
64.336447
 20
62.061141
 40
0.000000
 41
0.000000
 42
0.000000
  0
VERTEX
  8
PIN_BOTTOM
 10
64.336447
 20
60.791141
 40
0.000000
 41
0.000000
 42
0.000000
  0
VERTEX
  8
PIN_BOTTOM
 10
65.123847
 20
60.791141
 40
0.000000
 41
0.000000
 42
0.000000
  0
VERTEX
  8
PIN_BOTTOM
 10
65.123847
 20
62.061141
 40
0.000000
 41
0.000000
 42
0.000000
  0
SEQEND
  0
POLYLINE
  8
PG_SILKSCREEN_BOTTOM
 66
1
 70
0
 40
0.000000
 41
0.000000
 39
0.000000
  0
VERTEX
  8
PG_SILKSCREEN_BOTTOM
 10
67.066947
 20
62.213541
 40
0.127000
 41
0.127000
 42
0.000000
  0
VERTEX
  8
PG_SILKSCREEN_BOTTOM
 10
65.898547
 20
62.213541
 40
0.127000
 41
0.127000
 42
0.000000
  0
SEQEND
  0
POLYLINE
  8
PG_SILKSCREEN_BOTTOM
 66
1
 70
0
 40
0.000000
 41
0.000000
 39
0.000000
  0
VERTEX
  8
PG_SILKSCREEN_BOTTOM
 10
67.066947
 20
60.613341
 40
0.127000
 41
0.127000
 42
0.000000
  0
VERTEX
  8
PG_SILKSCREEN_BOTTOM
 10
67.066947
 20
62.188141
 40
0.127000
 41
0.127000
 42
0.000000
  0
SEQEND
  0
POLYLINE
  8
PG_SILKSCREEN_BOTTOM
 66
1
 70
0
 40
0.000000
 41
0.000000
 39
0.000000
  0
VERTEX
  8
PG_SILKSCREEN_BOTTOM
 10
65.873147
 20
60.613341
 40
0.127000
 41
0.127000
 42
0.000000
  0
VERTEX
  8
PG_SILKSCREEN_BOTTOM
 10
67.041547
 20
60.613341
 40
0.127000
 41
0.127000
 42
0.000000
  0
SEQEND
  0
POLYLINE
  8
PG_SILKSCREEN_BOTTOM
 66
1
 70
0
 40
0.000000
 41
0.000000
 39
0.000000
  0
VERTEX
  8
PG_SILKSCREEN_BOTTOM
 10
64.171347
 20
62.213541
 40
0.127000
 41
0.127000
 42
0.000000
  0
VERTEX
  8
PG_SILKSCREEN_BOTTOM
 10
65.339747
 20
62.213541
 40
0.127000
 41
0.127000
 42
0.000000
  0
SEQEND
  0
POLYLINE
  8
PG_SILKSCREEN_BOTTOM
 66
1
 70
0
 40
0.000000
 41
0.000000
 39
0.000000
  0
VERTEX
  8
PG_SILKSCREEN_BOTTOM
 10
64.171347
 20
60.676841
 40
0.127000
 41
0.127000
 42
0.000000
  0
VERTEX
  8
PG_SILKSCREEN_BOTTOM
 10
64.171347
 20
62.200841
 40
0.127000
 41
0.127000
 42
0.000000
  0
SEQEND
  0
POLYLINE
  8
PG_SILKSCREEN_BOTTOM
 66
1
 70
0
 40
0.000000
 41
0.000000
 39
0.000000
  0
VERTEX
  8
PG_SILKSCREEN_BOTTOM
 10
65.288947
 20
60.626041
 40
0.127000
 41
0.127000
 42
0.000000
  0
VERTEX
  8
PG_SILKSCREEN_BOTTOM
 10
64.171347
 20
60.626041
 40
0.127000
 41
0.127000
 42
0.000000
  0
SEQEND
  0
POLYLINE
  8
PIN_BOTTOM
 66
1
 70
1
 40
0.000000
 41
0.000000
 39
0.000000
  0
VERTEX
  8
PIN_BOTTOM
 10
21.479739
 20
37.997333
 40
0.000000
 41
0.000000
 42
0.000000
  0
VERTEX
  8
PIN_BOTTOM
 10
21.479739
 20
39.267333
 40
0.000000
 41
0.000000
 42
0.000000
  0
VERTEX
  8
PIN_BOTTOM
 10
20.692339
 20
39.267333
 40
0.000000
 41
0.000000
 42
0.000000
  0
VERTEX
  8
PIN_BOTTOM
 10
20.692339
 20
37.997333
 40
0.000000
 41
0.000000
 42
0.000000
  0
SEQEND
  0
POLYLINE
  8
PIN_BOTTOM
 66
1
 70
1
 40
0.000000
 41
0.000000
 39
0.000000
  0
VERTEX
  8
PIN_BOTTOM
 10
23.257739
 20
37.997333
 40
0.000000
 41
0.000000
 42
0.000000
  0
VERTEX
  8
PIN_BOTTOM
 10
23.257739
 20
39.267333
 40
0.000000
 41
0.000000
 42
0.000000
  0
VERTEX
  8
PIN_BOTTOM
 10
22.470339
 20
39.267333
 40
0.000000
 41
0.000000
 42
0.000000
  0
VERTEX
  8
PIN_BOTTOM
 10
22.470339
 20
37.997333
 40
0.000000
 41
0.000000
 42
0.000000
  0
SEQEND
  0
POLYLINE
  8
PG_SILKSCREEN_BOTTOM
 66
1
 70
0
 40
0.000000
 41
0.000000
 39
0.000000
  0
VERTEX
  8
PG_SILKSCREEN_BOTTOM
 10
20.527239
 20
37.844933
 40
0.127000
 41
0.127000
 42
0.000000
  0
VERTEX
  8
PG_SILKSCREEN_BOTTOM
 10
21.695639
 20
37.844933
 40
0.127000
 41
0.127000
 42
0.000000
  0
SEQEND
  0
POLYLINE
  8
PG_SILKSCREEN_BOTTOM
 66
1
 70
0
 40
0.000000
 41
0.000000
 39
0.000000
  0
VERTEX
  8
PG_SILKSCREEN_BOTTOM
 10
20.527239
 20
39.445133
 40
0.127000
 41
0.127000
 42
0.000000
  0
VERTEX
  8
PG_SILKSCREEN_BOTTOM
 10
20.527239
 20
37.870333
 40
0.127000
 41
0.127000
 42
0.000000
  0
SEQEND
  0
POLYLINE
  8
PG_SILKSCREEN_BOTTOM
 66
1
 70
0
 40
0.000000
 41
0.000000
 39
0.000000
  0
VERTEX
  8
PG_SILKSCREEN_BOTTOM
 10
21.721039
 20
39.445133
 40
0.127000
 41
0.127000
 42
0.000000
  0
VERTEX
  8
PG_SILKSCREEN_BOTTOM
 10
20.552639
 20
39.445133
 40
0.127000
 41
0.127000
 42
0.000000
  0
SEQEND
  0
POLYLINE
  8
PG_SILKSCREEN_BOTTOM
 66
1
 70
0
 40
0.000000
 41
0.000000
 39
0.000000
  0
VERTEX
  8
PG_SILKSCREEN_BOTTOM
 10
23.422839
 20
37.844933
 40
0.127000
 41
0.127000
 42
0.000000
  0
VERTEX
  8
PG_SILKSCREEN_BOTTOM
 10
22.254439
 20
37.844933
 40
0.127000
 41
0.127000
 42
0.000000
  0
SEQEND
  0
POLYLINE
  8
PG_SILKSCREEN_BOTTOM
 66
1
 70
0
 40
0.000000
 41
0.000000
 39
0.000000
  0
VERTEX
  8
PG_SILKSCREEN_BOTTOM
 10
23.422839
 20
39.381633
 40
0.127000
 41
0.127000
 42
0.000000
  0
VERTEX
  8
PG_SILKSCREEN_BOTTOM
 10
23.422839
 20
37.857633
 40
0.127000
 41
0.127000
 42
0.000000
  0
SEQEND
  0
POLYLINE
  8
PG_SILKSCREEN_BOTTOM
 66
1
 70
0
 40
0.000000
 41
0.000000
 39
0.000000
  0
VERTEX
  8
PG_SILKSCREEN_BOTTOM
 10
22.305239
 20
39.432433
 40
0.127000
 41
0.127000
 42
0.000000
  0
VERTEX
  8
PG_SILKSCREEN_BOTTOM
 10
23.422839
 20
39.432433
 40
0.127000
 41
0.127000
 42
0.000000
  0
SEQEND
  0
POLYLINE
  8
PIN_BOTTOM
 66
1
 70
1
 40
0.000000
 41
0.000000
 39
0.000000
  0
VERTEX
  8
PIN_BOTTOM
 10
21.479739
 20
39.830451
 40
0.000000
 41
0.000000
 42
0.000000
  0
VERTEX
  8
PIN_BOTTOM
 10
21.479739
 20
41.100451
 40
0.000000
 41
0.000000
 42
0.000000
  0
VERTEX
  8
PIN_BOTTOM
 10
20.692339
 20
41.100451
 40
0.000000
 41
0.000000
 42
0.000000
  0
VERTEX
  8
PIN_BOTTOM
 10
20.692339
 20
39.830451
 40
0.000000
 41
0.000000
 42
0.000000
  0
SEQEND
  0
POLYLINE
  8
PIN_BOTTOM
 66
1
 70
1
 40
0.000000
 41
0.000000
 39
0.000000
  0
VERTEX
  8
PIN_BOTTOM
 10
23.257739
 20
39.830451
 40
0.000000
 41
0.000000
 42
0.000000
  0
VERTEX
  8
PIN_BOTTOM
 10
23.257739
 20
41.100451
 40
0.000000
 41
0.000000
 42
0.000000
  0
VERTEX
  8
PIN_BOTTOM
 10
22.470339
 20
41.100451
 40
0.000000
 41
0.000000
 42
0.000000
  0
VERTEX
  8
PIN_BOTTOM
 10
22.470339
 20
39.830451
 40
0.000000
 41
0.000000
 42
0.000000
  0
SEQEND
  0
POLYLINE
  8
PG_SILKSCREEN_BOTTOM
 66
1
 70
0
 40
0.000000
 41
0.000000
 39
0.000000
  0
VERTEX
  8
PG_SILKSCREEN_BOTTOM
 10
20.527239
 20
39.678051
 40
0.127000
 41
0.127000
 42
0.000000
  0
VERTEX
  8
PG_SILKSCREEN_BOTTOM
 10
21.695639
 20
39.678051
 40
0.127000
 41
0.127000
 42
0.000000
  0
SEQEND
  0
POLYLINE
  8
PG_SILKSCREEN_BOTTOM
 66
1
 70
0
 40
0.000000
 41
0.000000
 39
0.000000
  0
VERTEX
  8
PG_SILKSCREEN_BOTTOM
 10
20.527239
 20
41.278251
 40
0.127000
 41
0.127000
 42
0.000000
  0
VERTEX
  8
PG_SILKSCREEN_BOTTOM
 10
20.527239
 20
39.703451
 40
0.127000
 41
0.127000
 42
0.000000
  0
SEQEND
  0
POLYLINE
  8
PG_SILKSCREEN_BOTTOM
 66
1
 70
0
 40
0.000000
 41
0.000000
 39
0.000000
  0
VERTEX
  8
PG_SILKSCREEN_BOTTOM
 10
21.721039
 20
41.278251
 40
0.127000
 41
0.127000
 42
0.000000
  0
VERTEX
  8
PG_SILKSCREEN_BOTTOM
 10
20.552639
 20
41.278251
 40
0.127000
 41
0.127000
 42
0.000000
  0
SEQEND
  0
POLYLINE
  8
PG_SILKSCREEN_BOTTOM
 66
1
 70
0
 40
0.000000
 41
0.000000
 39
0.000000
  0
VERTEX
  8
PG_SILKSCREEN_BOTTOM
 10
23.422839
 20
39.678051
 40
0.127000
 41
0.127000
 42
0.000000
  0
VERTEX
  8
PG_SILKSCREEN_BOTTOM
 10
22.254439
 20
39.678051
 40
0.127000
 41
0.127000
 42
0.000000
  0
SEQEND
  0
POLYLINE
  8
PG_SILKSCREEN_BOTTOM
 66
1
 70
0
 40
0.000000
 41
0.000000
 39
0.000000
  0
VERTEX
  8
PG_SILKSCREEN_BOTTOM
 10
23.422839
 20
41.214751
 40
0.127000
 41
0.127000
 42
0.000000
  0
VERTEX
  8
PG_SILKSCREEN_BOTTOM
 10
23.422839
 20
39.690751
 40
0.127000
 41
0.127000
 42
0.000000
  0
SEQEND
  0
POLYLINE
  8
PG_SILKSCREEN_BOTTOM
 66
1
 70
0
 40
0.000000
 41
0.000000
 39
0.000000
  0
VERTEX
  8
PG_SILKSCREEN_BOTTOM
 10
22.305239
 20
41.265551
 40
0.127000
 41
0.127000
 42
0.000000
  0
VERTEX
  8
PG_SILKSCREEN_BOTTOM
 10
23.422839
 20
41.265551
 40
0.127000
 41
0.127000
 42
0.000000
  0
SEQEND
  0
POLYLINE
  8
PIN_BOTTOM
 66
1
 70
1
 40
0.000000
 41
0.000000
 39
0.000000
  0
VERTEX
  8
PIN_BOTTOM
 10
66.114447
 20
58.421575
 40
0.000000
 41
0.000000
 42
0.000000
  0
VERTEX
  8
PIN_BOTTOM
 10
66.114447
 20
57.151575
 40
0.000000
 41
0.000000
 42
0.000000
  0
VERTEX
  8
PIN_BOTTOM
 10
66.901847
 20
57.151575
 40
0.000000
 41
0.000000
 42
0.000000
  0
VERTEX
  8
PIN_BOTTOM
 10
66.901847
 20
58.421575
 40
0.000000
 41
0.000000
 42
0.000000
  0
SEQEND
  0
POLYLINE
  8
PIN_BOTTOM
 66
1
 70
1
 40
0.000000
 41
0.000000
 39
0.000000
  0
VERTEX
  8
PIN_BOTTOM
 10
64.336447
 20
58.421575
 40
0.000000
 41
0.000000
 42
0.000000
  0
VERTEX
  8
PIN_BOTTOM
 10
64.336447
 20
57.151575
 40
0.000000
 41
0.000000
 42
0.000000
  0
VERTEX
  8
PIN_BOTTOM
 10
65.123847
 20
57.151575
 40
0.000000
 41
0.000000
 42
0.000000
  0
VERTEX
  8
PIN_BOTTOM
 10
65.123847
 20
58.421575
 40
0.000000
 41
0.000000
 42
0.000000
  0
SEQEND
  0
POLYLINE
  8
PG_SILKSCREEN_BOTTOM
 66
1
 70
0
 40
0.000000
 41
0.000000
 39
0.000000
  0
VERTEX
  8
PG_SILKSCREEN_BOTTOM
 10
67.066947
 20
58.573975
 40
0.127000
 41
0.127000
 42
0.000000
  0
VERTEX
  8
PG_SILKSCREEN_BOTTOM
 10
65.898547
 20
58.573975
 40
0.127000
 41
0.127000
 42
0.000000
  0
SEQEND
  0
POLYLINE
  8
PG_SILKSCREEN_BOTTOM
 66
1
 70
0
 40
0.000000
 41
0.000000
 39
0.000000
  0
VERTEX
  8
PG_SILKSCREEN_BOTTOM
 10
67.066947
 20
56.973775
 40
0.127000
 41
0.127000
 42
0.000000
  0
VERTEX
  8
PG_SILKSCREEN_BOTTOM
 10
67.066947
 20
58.548575
 40
0.127000
 41
0.127000
 42
0.000000
  0
SEQEND
  0
POLYLINE
  8
PG_SILKSCREEN_BOTTOM
 66
1
 70
0
 40
0.000000
 41
0.000000
 39
0.000000
  0
VERTEX
  8
PG_SILKSCREEN_BOTTOM
 10
65.873147
 20
56.973775
 40
0.127000
 41
0.127000
 42
0.000000
  0
VERTEX
  8
PG_SILKSCREEN_BOTTOM
 10
67.041547
 20
56.973775
 40
0.127000
 41
0.127000
 42
0.000000
  0
SEQEND
  0
POLYLINE
  8
PG_SILKSCREEN_BOTTOM
 66
1
 70
0
 40
0.000000
 41
0.000000
 39
0.000000
  0
VERTEX
  8
PG_SILKSCREEN_BOTTOM
 10
64.171347
 20
58.573975
 40
0.127000
 41
0.127000
 42
0.000000
  0
VERTEX
  8
PG_SILKSCREEN_BOTTOM
 10
65.339747
 20
58.573975
 40
0.127000
 41
0.127000
 42
0.000000
  0
SEQEND
  0
POLYLINE
  8
PG_SILKSCREEN_BOTTOM
 66
1
 70
0
 40
0.000000
 41
0.000000
 39
0.000000
  0
VERTEX
  8
PG_SILKSCREEN_BOTTOM
 10
64.171347
 20
57.037275
 40
0.127000
 41
0.127000
 42
0.000000
  0
VERTEX
  8
PG_SILKSCREEN_BOTTOM
 10
64.171347
 20
58.561275
 40
0.127000
 41
0.127000
 42
0.000000
  0
SEQEND
  0
POLYLINE
  8
PG_SILKSCREEN_BOTTOM
 66
1
 70
0
 40
0.000000
 41
0.000000
 39
0.000000
  0
VERTEX
  8
PG_SILKSCREEN_BOTTOM
 10
65.288947
 20
56.986475
 40
0.127000
 41
0.127000
 42
0.000000
  0
VERTEX
  8
PG_SILKSCREEN_BOTTOM
 10
64.171347
 20
56.986475
 40
0.127000
 41
0.127000
 42
0.000000
  0
SEQEND
  0
POLYLINE
  8
PIN_BOTTOM
 66
1
 70
1
 40
0.000000
 41
0.000000
 39
0.000000
  0
VERTEX
  8
PIN_BOTTOM
 10
66.114447
 20
60.241358
 40
0.000000
 41
0.000000
 42
0.000000
  0
VERTEX
  8
PIN_BOTTOM
 10
66.114447
 20
58.971358
 40
0.000000
 41
0.000000
 42
0.000000
  0
VERTEX
  8
PIN_BOTTOM
 10
66.901847
 20
58.971358
 40
0.000000
 41
0.000000
 42
0.000000
  0
VERTEX
  8
PIN_BOTTOM
 10
66.901847
 20
60.241358
 40
0.000000
 41
0.000000
 42
0.000000
  0
SEQEND
  0
POLYLINE
  8
PIN_BOTTOM
 66
1
 70
1
 40
0.000000
 41
0.000000
 39
0.000000
  0
VERTEX
  8
PIN_BOTTOM
 10
64.336447
 20
60.241358
 40
0.000000
 41
0.000000
 42
0.000000
  0
VERTEX
  8
PIN_BOTTOM
 10
64.336447
 20
58.971358
 40
0.000000
 41
0.000000
 42
0.000000
  0
VERTEX
  8
PIN_BOTTOM
 10
65.123847
 20
58.971358
 40
0.000000
 41
0.000000
 42
0.000000
  0
VERTEX
  8
PIN_BOTTOM
 10
65.123847
 20
60.241358
 40
0.000000
 41
0.000000
 42
0.000000
  0
SEQEND
  0
POLYLINE
  8
PG_SILKSCREEN_BOTTOM
 66
1
 70
0
 40
0.000000
 41
0.000000
 39
0.000000
  0
VERTEX
  8
PG_SILKSCREEN_BOTTOM
 10
67.066947
 20
60.393758
 40
0.127000
 41
0.127000
 42
0.000000
  0
VERTEX
  8
PG_SILKSCREEN_BOTTOM
 10
65.898547
 20
60.393758
 40
0.127000
 41
0.127000
 42
0.000000
  0
SEQEND
  0
POLYLINE
  8
PG_SILKSCREEN_BOTTOM
 66
1
 70
0
 40
0.000000
 41
0.000000
 39
0.000000
  0
VERTEX
  8
PG_SILKSCREEN_BOTTOM
 10
67.066947
 20
58.793558
 40
0.127000
 41
0.127000
 42
0.000000
  0
VERTEX
  8
PG_SILKSCREEN_BOTTOM
 10
67.066947
 20
60.368358
 40
0.127000
 41
0.127000
 42
0.000000
  0
SEQEND
  0
POLYLINE
  8
PG_SILKSCREEN_BOTTOM
 66
1
 70
0
 40
0.000000
 41
0.000000
 39
0.000000
  0
VERTEX
  8
PG_SILKSCREEN_BOTTOM
 10
65.873147
 20
58.793558
 40
0.127000
 41
0.127000
 42
0.000000
  0
VERTEX
  8
PG_SILKSCREEN_BOTTOM
 10
67.041547
 20
58.793558
 40
0.127000
 41
0.127000
 42
0.000000
  0
SEQEND
  0
POLYLINE
  8
PG_SILKSCREEN_BOTTOM
 66
1
 70
0
 40
0.000000
 41
0.000000
 39
0.000000
  0
VERTEX
  8
PG_SILKSCREEN_BOTTOM
 10
64.171347
 20
60.393758
 40
0.127000
 41
0.127000
 42
0.000000
  0
VERTEX
  8
PG_SILKSCREEN_BOTTOM
 10
65.339747
 20
60.393758
 40
0.127000
 41
0.127000
 42
0.000000
  0
SEQEND
  0
POLYLINE
  8
PG_SILKSCREEN_BOTTOM
 66
1
 70
0
 40
0.000000
 41
0.000000
 39
0.000000
  0
VERTEX
  8
PG_SILKSCREEN_BOTTOM
 10
64.171347
 20
58.857058
 40
0.127000
 41
0.127000
 42
0.000000
  0
VERTEX
  8
PG_SILKSCREEN_BOTTOM
 10
64.171347
 20
60.381058
 40
0.127000
 41
0.127000
 42
0.000000
  0
SEQEND
  0
POLYLINE
  8
PG_SILKSCREEN_BOTTOM
 66
1
 70
0
 40
0.000000
 41
0.000000
 39
0.000000
  0
VERTEX
  8
PG_SILKSCREEN_BOTTOM
 10
65.288947
 20
58.806258
 40
0.127000
 41
0.127000
 42
0.000000
  0
VERTEX
  8
PG_SILKSCREEN_BOTTOM
 10
64.171347
 20
58.806258
 40
0.127000
 41
0.127000
 42
0.000000
  0
SEQEND
  0
POLYLINE
  8
PIN_BOTTOM
 66
1
 70
1
 40
0.000000
 41
0.000000
 39
0.000000
  0
VERTEX
  8
PIN_BOTTOM
 10
35.396754
 20
21.875166
 40
0.000000
 41
0.000000
 42
0.000000
  0
VERTEX
  8
PIN_BOTTOM
 10
35.396754
 20
23.145166
 40
0.000000
 41
0.000000
 42
0.000000
  0
VERTEX
  8
PIN_BOTTOM
 10
34.609354
 20
23.145166
 40
0.000000
 41
0.000000
 42
0.000000
  0
VERTEX
  8
PIN_BOTTOM
 10
34.609354
 20
21.875166
 40
0.000000
 41
0.000000
 42
0.000000
  0
SEQEND
  0
POLYLINE
  8
PIN_BOTTOM
 66
1
 70
1
 40
0.000000
 41
0.000000
 39
0.000000
  0
VERTEX
  8
PIN_BOTTOM
 10
37.174754
 20
21.875166
 40
0.000000
 41
0.000000
 42
0.000000
  0
VERTEX
  8
PIN_BOTTOM
 10
37.174754
 20
23.145166
 40
0.000000
 41
0.000000
 42
0.000000
  0
VERTEX
  8
PIN_BOTTOM
 10
36.387354
 20
23.145166
 40
0.000000
 41
0.000000
 42
0.000000
  0
VERTEX
  8
PIN_BOTTOM
 10
36.387354
 20
21.875166
 40
0.000000
 41
0.000000
 42
0.000000
  0
SEQEND
  0
POLYLINE
  8
PG_SILKSCREEN_BOTTOM
 66
1
 70
0
 40
0.000000
 41
0.000000
 39
0.000000
  0
VERTEX
  8
PG_SILKSCREEN_BOTTOM
 10
34.444254
 20
21.722766
 40
0.127000
 41
0.127000
 42
0.000000
  0
VERTEX
  8
PG_SILKSCREEN_BOTTOM
 10
35.612654
 20
21.722766
 40
0.127000
 41
0.127000
 42
0.000000
  0
SEQEND
  0
POLYLINE
  8
PG_SILKSCREEN_BOTTOM
 66
1
 70
0
 40
0.000000
 41
0.000000
 39
0.000000
  0
VERTEX
  8
PG_SILKSCREEN_BOTTOM
 10
34.444254
 20
23.322966
 40
0.127000
 41
0.127000
 42
0.000000
  0
VERTEX
  8
PG_SILKSCREEN_BOTTOM
 10
34.444254
 20
21.748166
 40
0.127000
 41
0.127000
 42
0.000000
  0
SEQEND
  0
POLYLINE
  8
PG_SILKSCREEN_BOTTOM
 66
1
 70
0
 40
0.000000
 41
0.000000
 39
0.000000
  0
VERTEX
  8
PG_SILKSCREEN_BOTTOM
 10
35.638054
 20
23.322966
 40
0.127000
 41
0.127000
 42
0.000000
  0
VERTEX
  8
PG_SILKSCREEN_BOTTOM
 10
34.469654
 20
23.322966
 40
0.127000
 41
0.127000
 42
0.000000
  0
SEQEND
  0
POLYLINE
  8
PG_SILKSCREEN_BOTTOM
 66
1
 70
0
 40
0.000000
 41
0.000000
 39
0.000000
  0
VERTEX
  8
PG_SILKSCREEN_BOTTOM
 10
37.339854
 20
21.722766
 40
0.127000
 41
0.127000
 42
0.000000
  0
VERTEX
  8
PG_SILKSCREEN_BOTTOM
 10
36.171454
 20
21.722766
 40
0.127000
 41
0.127000
 42
0.000000
  0
SEQEND
  0
POLYLINE
  8
PG_SILKSCREEN_BOTTOM
 66
1
 70
0
 40
0.000000
 41
0.000000
 39
0.000000
  0
VERTEX
  8
PG_SILKSCREEN_BOTTOM
 10
37.339854
 20
23.259466
 40
0.127000
 41
0.127000
 42
0.000000
  0
VERTEX
  8
PG_SILKSCREEN_BOTTOM
 10
37.339854
 20
21.735466
 40
0.127000
 41
0.127000
 42
0.000000
  0
SEQEND
  0
POLYLINE
  8
PG_SILKSCREEN_BOTTOM
 66
1
 70
0
 40
0.000000
 41
0.000000
 39
0.000000
  0
VERTEX
  8
PG_SILKSCREEN_BOTTOM
 10
36.222254
 20
23.310266
 40
0.127000
 41
0.127000
 42
0.000000
  0
VERTEX
  8
PG_SILKSCREEN_BOTTOM
 10
37.339854
 20
23.310266
 40
0.127000
 41
0.127000
 42
0.000000
  0
SEQEND
  0
POLYLINE
  8
PIN_BOTTOM
 66
1
 70
1
 40
0.000000
 41
0.000000
 39
0.000000
  0
VERTEX
  8
PIN_BOTTOM
 10
21.673896
 20
45.554570
 40
0.000000
 41
0.000000
 42
0.000000
  0
VERTEX
  8
PIN_BOTTOM
 10
21.673896
 20
46.824570
 40
0.000000
 41
0.000000
 42
0.000000
  0
VERTEX
  8
PIN_BOTTOM
 10
20.886496
 20
46.824570
 40
0.000000
 41
0.000000
 42
0.000000
  0
VERTEX
  8
PIN_BOTTOM
 10
20.886496
 20
45.554570
 40
0.000000
 41
0.000000
 42
0.000000
  0
SEQEND
  0
POLYLINE
  8
PIN_BOTTOM
 66
1
 70
1
 40
0.000000
 41
0.000000
 39
0.000000
  0
VERTEX
  8
PIN_BOTTOM
 10
23.451896
 20
45.554570
 40
0.000000
 41
0.000000
 42
0.000000
  0
VERTEX
  8
PIN_BOTTOM
 10
23.451896
 20
46.824570
 40
0.000000
 41
0.000000
 42
0.000000
  0
VERTEX
  8
PIN_BOTTOM
 10
22.664496
 20
46.824570
 40
0.000000
 41
0.000000
 42
0.000000
  0
VERTEX
  8
PIN_BOTTOM
 10
22.664496
 20
45.554570
 40
0.000000
 41
0.000000
 42
0.000000
  0
SEQEND
  0
POLYLINE
  8
PG_SILKSCREEN_BOTTOM
 66
1
 70
0
 40
0.000000
 41
0.000000
 39
0.000000
  0
VERTEX
  8
PG_SILKSCREEN_BOTTOM
 10
20.721396
 20
45.402170
 40
0.127000
 41
0.127000
 42
0.000000
  0
VERTEX
  8
PG_SILKSCREEN_BOTTOM
 10
21.889796
 20
45.402170
 40
0.127000
 41
0.127000
 42
0.000000
  0
SEQEND
  0
POLYLINE
  8
PG_SILKSCREEN_BOTTOM
 66
1
 70
0
 40
0.000000
 41
0.000000
 39
0.000000
  0
VERTEX
  8
PG_SILKSCREEN_BOTTOM
 10
20.721396
 20
47.002370
 40
0.127000
 41
0.127000
 42
0.000000
  0
VERTEX
  8
PG_SILKSCREEN_BOTTOM
 10
20.721396
 20
45.427570
 40
0.127000
 41
0.127000
 42
0.000000
  0
SEQEND
  0
POLYLINE
  8
PG_SILKSCREEN_BOTTOM
 66
1
 70
0
 40
0.000000
 41
0.000000
 39
0.000000
  0
VERTEX
  8
PG_SILKSCREEN_BOTTOM
 10
21.915196
 20
47.002370
 40
0.127000
 41
0.127000
 42
0.000000
  0
VERTEX
  8
PG_SILKSCREEN_BOTTOM
 10
20.746796
 20
47.002370
 40
0.127000
 41
0.127000
 42
0.000000
  0
SEQEND
  0
POLYLINE
  8
PG_SILKSCREEN_BOTTOM
 66
1
 70
0
 40
0.000000
 41
0.000000
 39
0.000000
  0
VERTEX
  8
PG_SILKSCREEN_BOTTOM
 10
23.616996
 20
45.402170
 40
0.127000
 41
0.127000
 42
0.000000
  0
VERTEX
  8
PG_SILKSCREEN_BOTTOM
 10
22.448596
 20
45.402170
 40
0.127000
 41
0.127000
 42
0.000000
  0
SEQEND
  0
POLYLINE
  8
PG_SILKSCREEN_BOTTOM
 66
1
 70
0
 40
0.000000
 41
0.000000
 39
0.000000
  0
VERTEX
  8
PG_SILKSCREEN_BOTTOM
 10
23.616996
 20
46.938870
 40
0.127000
 41
0.127000
 42
0.000000
  0
VERTEX
  8
PG_SILKSCREEN_BOTTOM
 10
23.616996
 20
45.414870
 40
0.127000
 41
0.127000
 42
0.000000
  0
SEQEND
  0
POLYLINE
  8
PG_SILKSCREEN_BOTTOM
 66
1
 70
0
 40
0.000000
 41
0.000000
 39
0.000000
  0
VERTEX
  8
PG_SILKSCREEN_BOTTOM
 10
22.499396
 20
46.989670
 40
0.127000
 41
0.127000
 42
0.000000
  0
VERTEX
  8
PG_SILKSCREEN_BOTTOM
 10
23.616996
 20
46.989670
 40
0.127000
 41
0.127000
 42
0.000000
  0
SEQEND
  0
POLYLINE
  8
PIN_BOTTOM
 66
1
 70
1
 40
0.000000
 41
0.000000
 39
0.000000
  0
VERTEX
  8
PIN_BOTTOM
 10
21.673896
 20
47.360256
 40
0.000000
 41
0.000000
 42
0.000000
  0
VERTEX
  8
PIN_BOTTOM
 10
21.673896
 20
48.630256
 40
0.000000
 41
0.000000
 42
0.000000
  0
VERTEX
  8
PIN_BOTTOM
 10
20.886496
 20
48.630256
 40
0.000000
 41
0.000000
 42
0.000000
  0
VERTEX
  8
PIN_BOTTOM
 10
20.886496
 20
47.360256
 40
0.000000
 41
0.000000
 42
0.000000
  0
SEQEND
  0
POLYLINE
  8
PIN_BOTTOM
 66
1
 70
1
 40
0.000000
 41
0.000000
 39
0.000000
  0
VERTEX
  8
PIN_BOTTOM
 10
23.451896
 20
47.360256
 40
0.000000
 41
0.000000
 42
0.000000
  0
VERTEX
  8
PIN_BOTTOM
 10
23.451896
 20
48.630256
 40
0.000000
 41
0.000000
 42
0.000000
  0
VERTEX
  8
PIN_BOTTOM
 10
22.664496
 20
48.630256
 40
0.000000
 41
0.000000
 42
0.000000
  0
VERTEX
  8
PIN_BOTTOM
 10
22.664496
 20
47.360256
 40
0.000000
 41
0.000000
 42
0.000000
  0
SEQEND
  0
POLYLINE
  8
PG_SILKSCREEN_BOTTOM
 66
1
 70
0
 40
0.000000
 41
0.000000
 39
0.000000
  0
VERTEX
  8
PG_SILKSCREEN_BOTTOM
 10
20.721396
 20
47.207856
 40
0.127000
 41
0.127000
 42
0.000000
  0
VERTEX
  8
PG_SILKSCREEN_BOTTOM
 10
21.889796
 20
47.207856
 40
0.127000
 41
0.127000
 42
0.000000
  0
SEQEND
  0
POLYLINE
  8
PG_SILKSCREEN_BOTTOM
 66
1
 70
0
 40
0.000000
 41
0.000000
 39
0.000000
  0
VERTEX
  8
PG_SILKSCREEN_BOTTOM
 10
20.721396
 20
48.808056
 40
0.127000
 41
0.127000
 42
0.000000
  0
VERTEX
  8
PG_SILKSCREEN_BOTTOM
 10
20.721396
 20
47.233256
 40
0.127000
 41
0.127000
 42
0.000000
  0
SEQEND
  0
POLYLINE
  8
PG_SILKSCREEN_BOTTOM
 66
1
 70
0
 40
0.000000
 41
0.000000
 39
0.000000
  0
VERTEX
  8
PG_SILKSCREEN_BOTTOM
 10
21.915196
 20
48.808056
 40
0.127000
 41
0.127000
 42
0.000000
  0
VERTEX
  8
PG_SILKSCREEN_BOTTOM
 10
20.746796
 20
48.808056
 40
0.127000
 41
0.127000
 42
0.000000
  0
SEQEND
  0
POLYLINE
  8
PG_SILKSCREEN_BOTTOM
 66
1
 70
0
 40
0.000000
 41
0.000000
 39
0.000000
  0
VERTEX
  8
PG_SILKSCREEN_BOTTOM
 10
23.616996
 20
47.207856
 40
0.127000
 41
0.127000
 42
0.000000
  0
VERTEX
  8
PG_SILKSCREEN_BOTTOM
 10
22.448596
 20
47.207856
 40
0.127000
 41
0.127000
 42
0.000000
  0
SEQEND
  0
POLYLINE
  8
PG_SILKSCREEN_BOTTOM
 66
1
 70
0
 40
0.000000
 41
0.000000
 39
0.000000
  0
VERTEX
  8
PG_SILKSCREEN_BOTTOM
 10
23.616996
 20
48.744556
 40
0.127000
 41
0.127000
 42
0.000000
  0
VERTEX
  8
PG_SILKSCREEN_BOTTOM
 10
23.616996
 20
47.220556
 40
0.127000
 41
0.127000
 42
0.000000
  0
SEQEND
  0
POLYLINE
  8
PG_SILKSCREEN_BOTTOM
 66
1
 70
0
 40
0.000000
 41
0.000000
 39
0.000000
  0
VERTEX
  8
PG_SILKSCREEN_BOTTOM
 10
22.499396
 20
48.795356
 40
0.127000
 41
0.127000
 42
0.000000
  0
VERTEX
  8
PG_SILKSCREEN_BOTTOM
 10
23.616996
 20
48.795356
 40
0.127000
 41
0.127000
 42
0.000000
  0
SEQEND
  0
POLYLINE
  8
PIN_BOTTOM
 66
1
 70
1
 40
0.000000
 41
0.000000
 39
0.000000
  0
VERTEX
  8
PIN_BOTTOM
 10
47.224874
 20
45.714234
 40
0.000000
 41
0.000000
 42
0.000000
  0
VERTEX
  8
PIN_BOTTOM
 10
47.224874
 20
44.444234
 40
0.000000
 41
0.000000
 42
0.000000
  0
VERTEX
  8
PIN_BOTTOM
 10
48.012274
 20
44.444234
 40
0.000000
 41
0.000000
 42
0.000000
  0
VERTEX
  8
PIN_BOTTOM
 10
48.012274
 20
45.714234
 40
0.000000
 41
0.000000
 42
0.000000
  0
SEQEND
  0
POLYLINE
  8
PIN_BOTTOM
 66
1
 70
1
 40
0.000000
 41
0.000000
 39
0.000000
  0
VERTEX
  8
PIN_BOTTOM
 10
45.446874
 20
45.714234
 40
0.000000
 41
0.000000
 42
0.000000
  0
VERTEX
  8
PIN_BOTTOM
 10
45.446874
 20
44.444234
 40
0.000000
 41
0.000000
 42
0.000000
  0
VERTEX
  8
PIN_BOTTOM
 10
46.234274
 20
44.444234
 40
0.000000
 41
0.000000
 42
0.000000
  0
VERTEX
  8
PIN_BOTTOM
 10
46.234274
 20
45.714234
 40
0.000000
 41
0.000000
 42
0.000000
  0
SEQEND
  0
POLYLINE
  8
PG_SILKSCREEN_BOTTOM
 66
1
 70
0
 40
0.000000
 41
0.000000
 39
0.000000
  0
VERTEX
  8
PG_SILKSCREEN_BOTTOM
 10
48.177374
 20
45.866634
 40
0.127000
 41
0.127000
 42
0.000000
  0
VERTEX
  8
PG_SILKSCREEN_BOTTOM
 10
47.008974
 20
45.866634
 40
0.127000
 41
0.127000
 42
0.000000
  0
SEQEND
  0
POLYLINE
  8
PG_SILKSCREEN_BOTTOM
 66
1
 70
0
 40
0.000000
 41
0.000000
 39
0.000000
  0
VERTEX
  8
PG_SILKSCREEN_BOTTOM
 10
48.177374
 20
44.266434
 40
0.127000
 41
0.127000
 42
0.000000
  0
VERTEX
  8
PG_SILKSCREEN_BOTTOM
 10
48.177374
 20
45.841234
 40
0.127000
 41
0.127000
 42
0.000000
  0
SEQEND
  0
POLYLINE
  8
PG_SILKSCREEN_BOTTOM
 66
1
 70
0
 40
0.000000
 41
0.000000
 39
0.000000
  0
VERTEX
  8
PG_SILKSCREEN_BOTTOM
 10
46.983574
 20
44.266434
 40
0.127000
 41
0.127000
 42
0.000000
  0
VERTEX
  8
PG_SILKSCREEN_BOTTOM
 10
48.151974
 20
44.266434
 40
0.127000
 41
0.127000
 42
0.000000
  0
SEQEND
  0
POLYLINE
  8
PG_SILKSCREEN_BOTTOM
 66
1
 70
0
 40
0.000000
 41
0.000000
 39
0.000000
  0
VERTEX
  8
PG_SILKSCREEN_BOTTOM
 10
45.281774
 20
45.866634
 40
0.127000
 41
0.127000
 42
0.000000
  0
VERTEX
  8
PG_SILKSCREEN_BOTTOM
 10
46.450174
 20
45.866634
 40
0.127000
 41
0.127000
 42
0.000000
  0
SEQEND
  0
POLYLINE
  8
PG_SILKSCREEN_BOTTOM
 66
1
 70
0
 40
0.000000
 41
0.000000
 39
0.000000
  0
VERTEX
  8
PG_SILKSCREEN_BOTTOM
 10
45.281774
 20
44.329934
 40
0.127000
 41
0.127000
 42
0.000000
  0
VERTEX
  8
PG_SILKSCREEN_BOTTOM
 10
45.281774
 20
45.853934
 40
0.127000
 41
0.127000
 42
0.000000
  0
SEQEND
  0
POLYLINE
  8
PG_SILKSCREEN_BOTTOM
 66
1
 70
0
 40
0.000000
 41
0.000000
 39
0.000000
  0
VERTEX
  8
PG_SILKSCREEN_BOTTOM
 10
46.399374
 20
44.279134
 40
0.127000
 41
0.127000
 42
0.000000
  0
VERTEX
  8
PG_SILKSCREEN_BOTTOM
 10
45.281774
 20
44.279134
 40
0.127000
 41
0.127000
 42
0.000000
  0
SEQEND
  0
POLYLINE
  8
PIN_BOTTOM
 66
1
 70
1
 40
0.000000
 41
0.000000
 39
0.000000
  0
VERTEX
  8
PIN_BOTTOM
 10
36.168152
 20
44.452464
 40
0.000000
 41
0.000000
 42
0.000000
  0
VERTEX
  8
PIN_BOTTOM
 10
36.168152
 20
45.722464
 40
0.000000
 41
0.000000
 42
0.000000
  0
VERTEX
  8
PIN_BOTTOM
 10
35.380752
 20
45.722464
 40
0.000000
 41
0.000000
 42
0.000000
  0
VERTEX
  8
PIN_BOTTOM
 10
35.380752
 20
44.452464
 40
0.000000
 41
0.000000
 42
0.000000
  0
SEQEND
  0
POLYLINE
  8
PIN_BOTTOM
 66
1
 70
1
 40
0.000000
 41
0.000000
 39
0.000000
  0
VERTEX
  8
PIN_BOTTOM
 10
37.946152
 20
44.452464
 40
0.000000
 41
0.000000
 42
0.000000
  0
VERTEX
  8
PIN_BOTTOM
 10
37.946152
 20
45.722464
 40
0.000000
 41
0.000000
 42
0.000000
  0
VERTEX
  8
PIN_BOTTOM
 10
37.158752
 20
45.722464
 40
0.000000
 41
0.000000
 42
0.000000
  0
VERTEX
  8
PIN_BOTTOM
 10
37.158752
 20
44.452464
 40
0.000000
 41
0.000000
 42
0.000000
  0
SEQEND
  0
POLYLINE
  8
PG_SILKSCREEN_BOTTOM
 66
1
 70
0
 40
0.000000
 41
0.000000
 39
0.000000
  0
VERTEX
  8
PG_SILKSCREEN_BOTTOM
 10
35.215652
 20
44.300064
 40
0.127000
 41
0.127000
 42
0.000000
  0
VERTEX
  8
PG_SILKSCREEN_BOTTOM
 10
36.384052
 20
44.300064
 40
0.127000
 41
0.127000
 42
0.000000
  0
SEQEND
  0
POLYLINE
  8
PG_SILKSCREEN_BOTTOM
 66
1
 70
0
 40
0.000000
 41
0.000000
 39
0.000000
  0
VERTEX
  8
PG_SILKSCREEN_BOTTOM
 10
35.215652
 20
45.900264
 40
0.127000
 41
0.127000
 42
0.000000
  0
VERTEX
  8
PG_SILKSCREEN_BOTTOM
 10
35.215652
 20
44.325464
 40
0.127000
 41
0.127000
 42
0.000000
  0
SEQEND
  0
POLYLINE
  8
PG_SILKSCREEN_BOTTOM
 66
1
 70
0
 40
0.000000
 41
0.000000
 39
0.000000
  0
VERTEX
  8
PG_SILKSCREEN_BOTTOM
 10
36.409452
 20
45.900264
 40
0.127000
 41
0.127000
 42
0.000000
  0
VERTEX
  8
PG_SILKSCREEN_BOTTOM
 10
35.241052
 20
45.900264
 40
0.127000
 41
0.127000
 42
0.000000
  0
SEQEND
  0
POLYLINE
  8
PG_SILKSCREEN_BOTTOM
 66
1
 70
0
 40
0.000000
 41
0.000000
 39
0.000000
  0
VERTEX
  8
PG_SILKSCREEN_BOTTOM
 10
38.111252
 20
44.300064
 40
0.127000
 41
0.127000
 42
0.000000
  0
VERTEX
  8
PG_SILKSCREEN_BOTTOM
 10
36.942852
 20
44.300064
 40
0.127000
 41
0.127000
 42
0.000000
  0
SEQEND
  0
POLYLINE
  8
PG_SILKSCREEN_BOTTOM
 66
1
 70
0
 40
0.000000
 41
0.000000
 39
0.000000
  0
VERTEX
  8
PG_SILKSCREEN_BOTTOM
 10
38.111252
 20
45.836764
 40
0.127000
 41
0.127000
 42
0.000000
  0
VERTEX
  8
PG_SILKSCREEN_BOTTOM
 10
38.111252
 20
44.312764
 40
0.127000
 41
0.127000
 42
0.000000
  0
SEQEND
  0
POLYLINE
  8
PG_SILKSCREEN_BOTTOM
 66
1
 70
0
 40
0.000000
 41
0.000000
 39
0.000000
  0
VERTEX
  8
PG_SILKSCREEN_BOTTOM
 10
36.993652
 20
45.887564
 40
0.127000
 41
0.127000
 42
0.000000
  0
VERTEX
  8
PG_SILKSCREEN_BOTTOM
 10
38.111252
 20
45.887564
 40
0.127000
 41
0.127000
 42
0.000000
  0
SEQEND
  0
POLYLINE
  8
PIN_BOTTOM
 66
1
 70
1
 40
0.000000
 41
0.000000
 39
0.000000
  0
VERTEX
  8
PIN_BOTTOM
 10
9.917252
 20
50.203684
 40
0.000000
 41
0.000000
 42
0.000000
  0
VERTEX
  8
PIN_BOTTOM
 10
8.647252
 20
50.203684
 40
0.000000
 41
0.000000
 42
0.000000
  0
VERTEX
  8
PIN_BOTTOM
 10
8.647252
 20
49.416284
 40
0.000000
 41
0.000000
 42
0.000000
  0
VERTEX
  8
PIN_BOTTOM
 10
9.917252
 20
49.416284
 40
0.000000
 41
0.000000
 42
0.000000
  0
SEQEND
  0
POLYLINE
  8
PIN_BOTTOM
 66
1
 70
1
 40
0.000000
 41
0.000000
 39
0.000000
  0
VERTEX
  8
PIN_BOTTOM
 10
9.917252
 20
51.981684
 40
0.000000
 41
0.000000
 42
0.000000
  0
VERTEX
  8
PIN_BOTTOM
 10
8.647252
 20
51.981684
 40
0.000000
 41
0.000000
 42
0.000000
  0
VERTEX
  8
PIN_BOTTOM
 10
8.647252
 20
51.194284
 40
0.000000
 41
0.000000
 42
0.000000
  0
VERTEX
  8
PIN_BOTTOM
 10
9.917252
 20
51.194284
 40
0.000000
 41
0.000000
 42
0.000000
  0
SEQEND
  0
POLYLINE
  8
PG_SILKSCREEN_BOTTOM
 66
1
 70
0
 40
0.000000
 41
0.000000
 39
0.000000
  0
VERTEX
  8
PG_SILKSCREEN_BOTTOM
 10
10.069652
 20
49.251184
 40
0.127000
 41
0.127000
 42
0.000000
  0
VERTEX
  8
PG_SILKSCREEN_BOTTOM
 10
10.069652
 20
50.419584
 40
0.127000
 41
0.127000
 42
0.000000
  0
SEQEND
  0
POLYLINE
  8
PG_SILKSCREEN_BOTTOM
 66
1
 70
0
 40
0.000000
 41
0.000000
 39
0.000000
  0
VERTEX
  8
PG_SILKSCREEN_BOTTOM
 10
8.469452
 20
49.251184
 40
0.127000
 41
0.127000
 42
0.000000
  0
VERTEX
  8
PG_SILKSCREEN_BOTTOM
 10
10.044252
 20
49.251184
 40
0.127000
 41
0.127000
 42
0.000000
  0
SEQEND
  0
POLYLINE
  8
PG_SILKSCREEN_BOTTOM
 66
1
 70
0
 40
0.000000
 41
0.000000
 39
0.000000
  0
VERTEX
  8
PG_SILKSCREEN_BOTTOM
 10
8.469452
 20
50.444984
 40
0.127000
 41
0.127000
 42
0.000000
  0
VERTEX
  8
PG_SILKSCREEN_BOTTOM
 10
8.469452
 20
49.276584
 40
0.127000
 41
0.127000
 42
0.000000
  0
SEQEND
  0
POLYLINE
  8
PG_SILKSCREEN_BOTTOM
 66
1
 70
0
 40
0.000000
 41
0.000000
 39
0.000000
  0
VERTEX
  8
PG_SILKSCREEN_BOTTOM
 10
10.069652
 20
52.146784
 40
0.127000
 41
0.127000
 42
0.000000
  0
VERTEX
  8
PG_SILKSCREEN_BOTTOM
 10
10.069652
 20
50.978384
 40
0.127000
 41
0.127000
 42
0.000000
  0
SEQEND
  0
POLYLINE
  8
PG_SILKSCREEN_BOTTOM
 66
1
 70
0
 40
0.000000
 41
0.000000
 39
0.000000
  0
VERTEX
  8
PG_SILKSCREEN_BOTTOM
 10
8.532952
 20
52.146784
 40
0.127000
 41
0.127000
 42
0.000000
  0
VERTEX
  8
PG_SILKSCREEN_BOTTOM
 10
10.056952
 20
52.146784
 40
0.127000
 41
0.127000
 42
0.000000
  0
SEQEND
  0
POLYLINE
  8
PG_SILKSCREEN_BOTTOM
 66
1
 70
0
 40
0.000000
 41
0.000000
 39
0.000000
  0
VERTEX
  8
PG_SILKSCREEN_BOTTOM
 10
8.482152
 20
51.029184
 40
0.127000
 41
0.127000
 42
0.000000
  0
VERTEX
  8
PG_SILKSCREEN_BOTTOM
 10
8.482152
 20
52.146784
 40
0.127000
 41
0.127000
 42
0.000000
  0
SEQEND
  0
POLYLINE
  8
PIN_BOTTOM
 66
1
 70
1
 40
0.000000
 41
0.000000
 39
0.000000
  0
VERTEX
  8
PIN_BOTTOM
 10
9.582328
 20
58.350074
 40
0.000000
 41
0.000000
 42
0.000000
  0
VERTEX
  8
PIN_BOTTOM
 10
10.852328
 20
58.350074
 40
0.000000
 41
0.000000
 42
0.000000
  0
VERTEX
  8
PIN_BOTTOM
 10
10.852328
 20
59.137474
 40
0.000000
 41
0.000000
 42
0.000000
  0
VERTEX
  8
PIN_BOTTOM
 10
9.582328
 20
59.137474
 40
0.000000
 41
0.000000
 42
0.000000
  0
SEQEND
  0
POLYLINE
  8
PIN_BOTTOM
 66
1
 70
1
 40
0.000000
 41
0.000000
 39
0.000000
  0
VERTEX
  8
PIN_BOTTOM
 10
9.582328
 20
56.572074
 40
0.000000
 41
0.000000
 42
0.000000
  0
VERTEX
  8
PIN_BOTTOM
 10
10.852328
 20
56.572074
 40
0.000000
 41
0.000000
 42
0.000000
  0
VERTEX
  8
PIN_BOTTOM
 10
10.852328
 20
57.359474
 40
0.000000
 41
0.000000
 42
0.000000
  0
VERTEX
  8
PIN_BOTTOM
 10
9.582328
 20
57.359474
 40
0.000000
 41
0.000000
 42
0.000000
  0
SEQEND
  0
POLYLINE
  8
PG_SILKSCREEN_BOTTOM
 66
1
 70
0
 40
0.000000
 41
0.000000
 39
0.000000
  0
VERTEX
  8
PG_SILKSCREEN_BOTTOM
 10
9.429928
 20
59.302574
 40
0.127000
 41
0.127000
 42
0.000000
  0
VERTEX
  8
PG_SILKSCREEN_BOTTOM
 10
9.429928
 20
58.134174
 40
0.127000
 41
0.127000
 42
0.000000
  0
SEQEND
  0
POLYLINE
  8
PG_SILKSCREEN_BOTTOM
 66
1
 70
0
 40
0.000000
 41
0.000000
 39
0.000000
  0
VERTEX
  8
PG_SILKSCREEN_BOTTOM
 10
11.030128
 20
59.302574
 40
0.127000
 41
0.127000
 42
0.000000
  0
VERTEX
  8
PG_SILKSCREEN_BOTTOM
 10
9.455328
 20
59.302574
 40
0.127000
 41
0.127000
 42
0.000000
  0
SEQEND
  0
POLYLINE
  8
PG_SILKSCREEN_BOTTOM
 66
1
 70
0
 40
0.000000
 41
0.000000
 39
0.000000
  0
VERTEX
  8
PG_SILKSCREEN_BOTTOM
 10
11.030128
 20
58.108774
 40
0.127000
 41
0.127000
 42
0.000000
  0
VERTEX
  8
PG_SILKSCREEN_BOTTOM
 10
11.030128
 20
59.277174
 40
0.127000
 41
0.127000
 42
0.000000
  0
SEQEND
  0
POLYLINE
  8
PG_SILKSCREEN_BOTTOM
 66
1
 70
0
 40
0.000000
 41
0.000000
 39
0.000000
  0
VERTEX
  8
PG_SILKSCREEN_BOTTOM
 10
9.429928
 20
56.406974
 40
0.127000
 41
0.127000
 42
0.000000
  0
VERTEX
  8
PG_SILKSCREEN_BOTTOM
 10
9.429928
 20
57.575374
 40
0.127000
 41
0.127000
 42
0.000000
  0
SEQEND
  0
POLYLINE
  8
PG_SILKSCREEN_BOTTOM
 66
1
 70
0
 40
0.000000
 41
0.000000
 39
0.000000
  0
VERTEX
  8
PG_SILKSCREEN_BOTTOM
 10
10.966628
 20
56.406974
 40
0.127000
 41
0.127000
 42
0.000000
  0
VERTEX
  8
PG_SILKSCREEN_BOTTOM
 10
9.442628
 20
56.406974
 40
0.127000
 41
0.127000
 42
0.000000
  0
SEQEND
  0
POLYLINE
  8
PG_SILKSCREEN_BOTTOM
 66
1
 70
0
 40
0.000000
 41
0.000000
 39
0.000000
  0
VERTEX
  8
PG_SILKSCREEN_BOTTOM
 10
11.017428
 20
57.524574
 40
0.127000
 41
0.127000
 42
0.000000
  0
VERTEX
  8
PG_SILKSCREEN_BOTTOM
 10
11.017428
 20
56.406974
 40
0.127000
 41
0.127000
 42
0.000000
  0
SEQEND
  0
POLYLINE
  8
PIN_BOTTOM
 66
1
 70
1
 40
0.000000
 41
0.000000
 39
0.000000
  0
VERTEX
  8
PIN_BOTTOM
 10
23.580344
 20
32.407885
 40
0.000000
 41
0.000000
 42
0.000000
  0
VERTEX
  8
PIN_BOTTOM
 10
23.580344
 20
34.607881
 40
0.000000
 41
0.000000
 42
0.000000
  0
VERTEX
  8
PIN_BOTTOM
 10
22.280347
 20
34.607881
 40
0.000000
 41
0.000000
 42
0.000000
  0
VERTEX
  8
PIN_BOTTOM
 10
22.280347
 20
32.407885
 40
0.000000
 41
0.000000
 42
0.000000
  0
SEQEND
  0
POLYLINE
  8
PIN_BOTTOM
 66
1
 70
1
 40
0.000000
 41
0.000000
 39
0.000000
  0
VERTEX
  8
PIN_BOTTOM
 10
20.380350
 20
32.407885
 40
0.000000
 41
0.000000
 42
0.000000
  0
VERTEX
  8
PIN_BOTTOM
 10
20.380350
 20
34.607881
 40
0.000000
 41
0.000000
 42
0.000000
  0
VERTEX
  8
PIN_BOTTOM
 10
19.080353
 20
34.607881
 40
0.000000
 41
0.000000
 42
0.000000
  0
VERTEX
  8
PIN_BOTTOM
 10
19.080353
 20
32.407885
 40
0.000000
 41
0.000000
 42
0.000000
  0
SEQEND
  0
POLYLINE
  8
PG_SILKSCREEN_BOTTOM
 66
1
 70
0
 40
0.000000
 41
0.000000
 39
0.000000
  0
VERTEX
  8
PG_SILKSCREEN_BOTTOM
 10
23.080345
 20
32.107886
 40
0.100000
 41
0.100000
 42
0.000000
  0
VERTEX
  8
PG_SILKSCREEN_BOTTOM
 10
19.580327
 20
32.107886
 40
0.100000
 41
0.100000
 42
0.000000
  0
SEQEND
  0
POLYLINE
  8
PG_SILKSCREEN_BOTTOM
 66
1
 70
0
 40
0.000000
 41
0.000000
 39
0.000000
  0
VERTEX
  8
PG_SILKSCREEN_BOTTOM
 10
19.580327
 20
34.907880
 40
0.100000
 41
0.100000
 42
0.000000
  0
VERTEX
  8
PG_SILKSCREEN_BOTTOM
 10
23.080345
 20
34.907880
 40
0.100000
 41
0.100000
 42
0.000000
  0
VERTEX
  8
PG_SILKSCREEN_BOTTOM
 10
23.080345
 20
34.727871
 40
0.100000
 41
0.100000
 42
0.000000
  0
SEQEND
  0
POLYLINE
  8
PG_SILKSCREEN_BOTTOM
 66
1
 70
0
 40
0.000000
 41
0.000000
 39
0.000000
  0
VERTEX
  8
PG_SILKSCREEN_BOTTOM
 10
19.580327
 20
34.727871
 40
0.100000
 41
0.100000
 42
0.000000
  0
VERTEX
  8
PG_SILKSCREEN_BOTTOM
 10
19.580327
 20
34.907880
 40
0.100000
 41
0.100000
 42
0.000000
  0
SEQEND
  0
POLYLINE
  8
PG_SILKSCREEN_BOTTOM
 66
1
 70
0
 40
0.000000
 41
0.000000
 39
0.000000
  0
VERTEX
  8
PG_SILKSCREEN_BOTTOM
 10
23.080345
 20
32.287896
 40
0.100000
 41
0.100000
 42
0.000000
  0
VERTEX
  8
PG_SILKSCREEN_BOTTOM
 10
23.080345
 20
32.107886
 40
0.100000
 41
0.100000
 42
0.000000
  0
SEQEND
  0
POLYLINE
  8
PG_SILKSCREEN_BOTTOM
 66
1
 70
0
 40
0.000000
 41
0.000000
 39
0.000000
  0
VERTEX
  8
PG_SILKSCREEN_BOTTOM
 10
19.580327
 20
32.287896
 40
0.100000
 41
0.100000
 42
0.000000
  0
VERTEX
  8
PG_SILKSCREEN_BOTTOM
 10
19.580327
 20
32.107886
 40
0.100000
 41
0.100000
 42
0.000000
  0
SEQEND
  0
POLYLINE
  8
PG_SILKSCREEN_BOTTOM
 66
1
 70
0
 40
0.000000
 41
0.000000
 39
0.000000
  0
VERTEX
  8
PG_SILKSCREEN_BOTTOM
 10
22.060027
 20
34.907880
 40
0.100000
 41
0.100000
 42
0.000000
  0
VERTEX
  8
PG_SILKSCREEN_BOTTOM
 10
22.060027
 20
32.117589
 40
0.100000
 41
0.100000
 42
0.000000
  0
SEQEND
  0
POLYLINE
  8
PG_SILKSCREEN_BOTTOM
 66
1
 70
0
 40
0.000000
 41
0.000000
 39
0.000000
  0
VERTEX
  8
PG_SILKSCREEN_BOTTOM
 10
21.960027
 20
34.907880
 40
0.100000
 41
0.100000
 42
0.000000
  0
VERTEX
  8
PG_SILKSCREEN_BOTTOM
 10
21.960027
 20
32.117589
 40
0.100000
 41
0.100000
 42
0.000000
  0
SEQEND
  0
POLYLINE
  8
PG_SILKSCREEN_BOTTOM
 66
1
 70
0
 40
0.000000
 41
0.000000
 39
0.000000
  0
VERTEX
  8
PG_SILKSCREEN_BOTTOM
 10
21.860027
 20
34.907880
 40
0.100000
 41
0.100000
 42
0.000000
  0
VERTEX
  8
PG_SILKSCREEN_BOTTOM
 10
21.860027
 20
32.117589
 40
0.100000
 41
0.100000
 42
0.000000
  0
SEQEND
  0
POLYLINE
  8
PG_SILKSCREEN_BOTTOM
 66
1
 70
1
 40
0.000000
 41
0.000000
 39
0.000000
  0
VERTEX
  8
PG_SILKSCREEN_BOTTOM
 10
23.463428
 20
34.837878
 40
0.000000
 41
0.000000
 42
1.000000
  0
VERTEX
  8
PG_SILKSCREEN_BOTTOM
 10
23.237237
 20
34.837888
 40
0.000000
 41
0.000000
 42
1.000000
  0
SEQEND
  0
POLYLINE
  8
PIN_BOTTOM
 66
1
 70
1
 40
0.000000
 41
0.000000
 39
0.000000
  0
VERTEX
  8
PIN_BOTTOM
 10
61.067467
 20
64.839609
 40
0.000000
 41
0.000000
 42
0.000000
  0
VERTEX
  8
PIN_BOTTOM
 10
63.267463
 20
64.839609
 40
0.000000
 41
0.000000
 42
0.000000
  0
VERTEX
  8
PIN_BOTTOM
 10
63.267463
 20
66.139606
 40
0.000000
 41
0.000000
 42
0.000000
  0
VERTEX
  8
PIN_BOTTOM
 10
61.067467
 20
66.139606
 40
0.000000
 41
0.000000
 42
0.000000
  0
SEQEND
  0
POLYLINE
  8
PIN_BOTTOM
 66
1
 70
1
 40
0.000000
 41
0.000000
 39
0.000000
  0
VERTEX
  8
PIN_BOTTOM
 10
61.067467
 20
68.039602
 40
0.000000
 41
0.000000
 42
0.000000
  0
VERTEX
  8
PIN_BOTTOM
 10
63.267463
 20
68.039602
 40
0.000000
 41
0.000000
 42
0.000000
  0
VERTEX
  8
PIN_BOTTOM
 10
63.267463
 20
69.339600
 40
0.000000
 41
0.000000
 42
0.000000
  0
VERTEX
  8
PIN_BOTTOM
 10
61.067467
 20
69.339600
 40
0.000000
 41
0.000000
 42
0.000000
  0
SEQEND
  0
POLYLINE
  8
PG_SILKSCREEN_BOTTOM
 66
1
 70
0
 40
0.000000
 41
0.000000
 39
0.000000
  0
VERTEX
  8
PG_SILKSCREEN_BOTTOM
 10
60.767468
 20
65.339595
 40
0.100000
 41
0.100000
 42
0.000000
  0
VERTEX
  8
PG_SILKSCREEN_BOTTOM
 10
60.767468
 20
68.839613
 40
0.100000
 41
0.100000
 42
0.000000
  0
SEQEND
  0
POLYLINE
  8
PG_SILKSCREEN_BOTTOM
 66
1
 70
0
 40
0.000000
 41
0.000000
 39
0.000000
  0
VERTEX
  8
PG_SILKSCREEN_BOTTOM
 10
63.567462
 20
68.839613
 40
0.100000
 41
0.100000
 42
0.000000
  0
VERTEX
  8
PG_SILKSCREEN_BOTTOM
 10
63.567462
 20
65.339595
 40
0.100000
 41
0.100000
 42
0.000000
  0
VERTEX
  8
PG_SILKSCREEN_BOTTOM
 10
63.387453
 20
65.339595
 40
0.100000
 41
0.100000
 42
0.000000
  0
SEQEND
  0
POLYLINE
  8
PG_SILKSCREEN_BOTTOM
 66
1
 70
0
 40
0.000000
 41
0.000000
 39
0.000000
  0
VERTEX
  8
PG_SILKSCREEN_BOTTOM
 10
63.387453
 20
68.839613
 40
0.100000
 41
0.100000
 42
0.000000
  0
VERTEX
  8
PG_SILKSCREEN_BOTTOM
 10
63.567462
 20
68.839613
 40
0.100000
 41
0.100000
 42
0.000000
  0
SEQEND
  0
POLYLINE
  8
PG_SILKSCREEN_BOTTOM
 66
1
 70
0
 40
0.000000
 41
0.000000
 39
0.000000
  0
VERTEX
  8
PG_SILKSCREEN_BOTTOM
 10
60.947478
 20
65.339595
 40
0.100000
 41
0.100000
 42
0.000000
  0
VERTEX
  8
PG_SILKSCREEN_BOTTOM
 10
60.767468
 20
65.339595
 40
0.100000
 41
0.100000
 42
0.000000
  0
SEQEND
  0
POLYLINE
  8
PG_SILKSCREEN_BOTTOM
 66
1
 70
0
 40
0.000000
 41
0.000000
 39
0.000000
  0
VERTEX
  8
PG_SILKSCREEN_BOTTOM
 10
60.947478
 20
68.839613
 40
0.100000
 41
0.100000
 42
0.000000
  0
VERTEX
  8
PG_SILKSCREEN_BOTTOM
 10
60.767468
 20
68.839613
 40
0.100000
 41
0.100000
 42
0.000000
  0
SEQEND
  0
POLYLINE
  8
PG_SILKSCREEN_BOTTOM
 66
1
 70
0
 40
0.000000
 41
0.000000
 39
0.000000
  0
VERTEX
  8
PG_SILKSCREEN_BOTTOM
 10
63.567462
 20
66.359913
 40
0.100000
 41
0.100000
 42
0.000000
  0
VERTEX
  8
PG_SILKSCREEN_BOTTOM
 10
60.777171
 20
66.359913
 40
0.100000
 41
0.100000
 42
0.000000
  0
SEQEND
  0
POLYLINE
  8
PG_SILKSCREEN_BOTTOM
 66
1
 70
0
 40
0.000000
 41
0.000000
 39
0.000000
  0
VERTEX
  8
PG_SILKSCREEN_BOTTOM
 10
63.567462
 20
66.459913
 40
0.100000
 41
0.100000
 42
0.000000
  0
VERTEX
  8
PG_SILKSCREEN_BOTTOM
 10
60.777171
 20
66.459913
 40
0.100000
 41
0.100000
 42
0.000000
  0
SEQEND
  0
POLYLINE
  8
PG_SILKSCREEN_BOTTOM
 66
1
 70
0
 40
0.000000
 41
0.000000
 39
0.000000
  0
VERTEX
  8
PG_SILKSCREEN_BOTTOM
 10
63.567462
 20
66.559913
 40
0.100000
 41
0.100000
 42
0.000000
  0
VERTEX
  8
PG_SILKSCREEN_BOTTOM
 10
60.777171
 20
66.559913
 40
0.100000
 41
0.100000
 42
0.000000
  0
SEQEND
  0
POLYLINE
  8
PG_SILKSCREEN_BOTTOM
 66
1
 70
1
 40
0.000000
 41
0.000000
 39
0.000000
  0
VERTEX
  8
PG_SILKSCREEN_BOTTOM
 10
63.610566
 20
65.069618
 40
0.000000
 41
0.000000
 42
1.000000
  0
VERTEX
  8
PG_SILKSCREEN_BOTTOM
 10
63.384364
 20
65.069596
 40
0.000000
 41
0.000000
 42
1.000000
  0
SEQEND
  0
POLYLINE
  8
PIN_BOTTOM
 66
1
 70
1
 40
0.000000
 41
0.000000
 39
0.000000
  0
VERTEX
  8
PIN_BOTTOM
 10
64.134251
 20
56.396103
 40
0.000000
 41
0.000000
 42
0.000000
  0
VERTEX
  8
PIN_BOTTOM
 10
64.134251
 20
54.196107
 40
0.000000
 41
0.000000
 42
0.000000
  0
VERTEX
  8
PIN_BOTTOM
 10
65.434248
 20
54.196107
 40
0.000000
 41
0.000000
 42
0.000000
  0
VERTEX
  8
PIN_BOTTOM
 10
65.434248
 20
56.396103
 40
0.000000
 41
0.000000
 42
0.000000
  0
SEQEND
  0
POLYLINE
  8
PIN_BOTTOM
 66
1
 70
1
 40
0.000000
 41
0.000000
 39
0.000000
  0
VERTEX
  8
PIN_BOTTOM
 10
67.334244
 20
56.396103
 40
0.000000
 41
0.000000
 42
0.000000
  0
VERTEX
  8
PIN_BOTTOM
 10
67.334244
 20
54.196107
 40
0.000000
 41
0.000000
 42
0.000000
  0
VERTEX
  8
PIN_BOTTOM
 10
68.634242
 20
54.196107
 40
0.000000
 41
0.000000
 42
0.000000
  0
VERTEX
  8
PIN_BOTTOM
 10
68.634242
 20
56.396103
 40
0.000000
 41
0.000000
 42
0.000000
  0
SEQEND
  0
POLYLINE
  8
PG_SILKSCREEN_BOTTOM
 66
1
 70
0
 40
0.000000
 41
0.000000
 39
0.000000
  0
VERTEX
  8
PG_SILKSCREEN_BOTTOM
 10
64.634237
 20
56.696102
 40
0.100000
 41
0.100000
 42
0.000000
  0
VERTEX
  8
PG_SILKSCREEN_BOTTOM
 10
68.134255
 20
56.696102
 40
0.100000
 41
0.100000
 42
0.000000
  0
SEQEND
  0
POLYLINE
  8
PG_SILKSCREEN_BOTTOM
 66
1
 70
0
 40
0.000000
 41
0.000000
 39
0.000000
  0
VERTEX
  8
PG_SILKSCREEN_BOTTOM
 10
68.134255
 20
53.896108
 40
0.100000
 41
0.100000
 42
0.000000
  0
VERTEX
  8
PG_SILKSCREEN_BOTTOM
 10
64.634237
 20
53.896108
 40
0.100000
 41
0.100000
 42
0.000000
  0
VERTEX
  8
PG_SILKSCREEN_BOTTOM
 10
64.634237
 20
54.076117
 40
0.100000
 41
0.100000
 42
0.000000
  0
SEQEND
  0
POLYLINE
  8
PG_SILKSCREEN_BOTTOM
 66
1
 70
0
 40
0.000000
 41
0.000000
 39
0.000000
  0
VERTEX
  8
PG_SILKSCREEN_BOTTOM
 10
68.134255
 20
54.076117
 40
0.100000
 41
0.100000
 42
0.000000
  0
VERTEX
  8
PG_SILKSCREEN_BOTTOM
 10
68.134255
 20
53.896108
 40
0.100000
 41
0.100000
 42
0.000000
  0
SEQEND
  0
POLYLINE
  8
PG_SILKSCREEN_BOTTOM
 66
1
 70
0
 40
0.000000
 41
0.000000
 39
0.000000
  0
VERTEX
  8
PG_SILKSCREEN_BOTTOM
 10
64.634237
 20
56.516092
 40
0.100000
 41
0.100000
 42
0.000000
  0
VERTEX
  8
PG_SILKSCREEN_BOTTOM
 10
64.634237
 20
56.696102
 40
0.100000
 41
0.100000
 42
0.000000
  0
SEQEND
  0
POLYLINE
  8
PG_SILKSCREEN_BOTTOM
 66
1
 70
0
 40
0.000000
 41
0.000000
 39
0.000000
  0
VERTEX
  8
PG_SILKSCREEN_BOTTOM
 10
68.134255
 20
56.516092
 40
0.100000
 41
0.100000
 42
0.000000
  0
VERTEX
  8
PG_SILKSCREEN_BOTTOM
 10
68.134255
 20
56.696102
 40
0.100000
 41
0.100000
 42
0.000000
  0
SEQEND
  0
POLYLINE
  8
PG_SILKSCREEN_BOTTOM
 66
1
 70
0
 40
0.000000
 41
0.000000
 39
0.000000
  0
VERTEX
  8
PG_SILKSCREEN_BOTTOM
 10
65.654555
 20
53.896108
 40
0.100000
 41
0.100000
 42
0.000000
  0
VERTEX
  8
PG_SILKSCREEN_BOTTOM
 10
65.654555
 20
56.686399
 40
0.100000
 41
0.100000
 42
0.000000
  0
SEQEND
  0
POLYLINE
  8
PG_SILKSCREEN_BOTTOM
 66
1
 70
0
 40
0.000000
 41
0.000000
 39
0.000000
  0
VERTEX
  8
PG_SILKSCREEN_BOTTOM
 10
65.754555
 20
53.896108
 40
0.100000
 41
0.100000
 42
0.000000
  0
VERTEX
  8
PG_SILKSCREEN_BOTTOM
 10
65.754555
 20
56.686399
 40
0.100000
 41
0.100000
 42
0.000000
  0
SEQEND
  0
POLYLINE
  8
PG_SILKSCREEN_BOTTOM
 66
1
 70
0
 40
0.000000
 41
0.000000
 39
0.000000
  0
VERTEX
  8
PG_SILKSCREEN_BOTTOM
 10
65.854555
 20
53.896108
 40
0.100000
 41
0.100000
 42
0.000000
  0
VERTEX
  8
PG_SILKSCREEN_BOTTOM
 10
65.854555
 20
56.686399
 40
0.100000
 41
0.100000
 42
0.000000
  0
SEQEND
  0
POLYLINE
  8
PG_SILKSCREEN_BOTTOM
 66
1
 70
1
 40
0.000000
 41
0.000000
 39
0.000000
  0
VERTEX
  8
PG_SILKSCREEN_BOTTOM
 10
64.477341
 20
53.966110
 40
0.000000
 41
0.000000
 42
1.000000
  0
VERTEX
  8
PG_SILKSCREEN_BOTTOM
 10
64.251158
 20
53.966100
 40
0.000000
 41
0.000000
 42
1.000000
  0
SEQEND
  0
POLYLINE
  8
PIN_BOTTOM
 66
1
 70
1
 40
0.000000
 41
0.000000
 39
0.000000
  0
VERTEX
  8
PIN_BOTTOM
 10
23.432008
 20
42.370781
 40
0.000000
 41
0.000000
 42
0.000000
  0
VERTEX
  8
PIN_BOTTOM
 10
23.432008
 20
44.570777
 40
0.000000
 41
0.000000
 42
0.000000
  0
VERTEX
  8
PIN_BOTTOM
 10
22.132011
 20
44.570777
 40
0.000000
 41
0.000000
 42
0.000000
  0
VERTEX
  8
PIN_BOTTOM
 10
22.132011
 20
42.370781
 40
0.000000
 41
0.000000
 42
0.000000
  0
SEQEND
  0
POLYLINE
  8
PIN_BOTTOM
 66
1
 70
1
 40
0.000000
 41
0.000000
 39
0.000000
  0
VERTEX
  8
PIN_BOTTOM
 10
20.232014
 20
42.370781
 40
0.000000
 41
0.000000
 42
0.000000
  0
VERTEX
  8
PIN_BOTTOM
 10
20.232014
 20
44.570777
 40
0.000000
 41
0.000000
 42
0.000000
  0
VERTEX
  8
PIN_BOTTOM
 10
18.932017
 20
44.570777
 40
0.000000
 41
0.000000
 42
0.000000
  0
VERTEX
  8
PIN_BOTTOM
 10
18.932017
 20
42.370781
 40
0.000000
 41
0.000000
 42
0.000000
  0
SEQEND
  0
POLYLINE
  8
PG_SILKSCREEN_BOTTOM
 66
1
 70
0
 40
0.000000
 41
0.000000
 39
0.000000
  0
VERTEX
  8
PG_SILKSCREEN_BOTTOM
 10
22.932009
 20
42.070782
 40
0.100000
 41
0.100000
 42
0.000000
  0
VERTEX
  8
PG_SILKSCREEN_BOTTOM
 10
19.431991
 20
42.070782
 40
0.100000
 41
0.100000
 42
0.000000
  0
SEQEND
  0
POLYLINE
  8
PG_SILKSCREEN_BOTTOM
 66
1
 70
0
 40
0.000000
 41
0.000000
 39
0.000000
  0
VERTEX
  8
PG_SILKSCREEN_BOTTOM
 10
19.431991
 20
44.870776
 40
0.100000
 41
0.100000
 42
0.000000
  0
VERTEX
  8
PG_SILKSCREEN_BOTTOM
 10
22.932009
 20
44.870776
 40
0.100000
 41
0.100000
 42
0.000000
  0
VERTEX
  8
PG_SILKSCREEN_BOTTOM
 10
22.932009
 20
44.690767
 40
0.100000
 41
0.100000
 42
0.000000
  0
SEQEND
  0
POLYLINE
  8
PG_SILKSCREEN_BOTTOM
 66
1
 70
0
 40
0.000000
 41
0.000000
 39
0.000000
  0
VERTEX
  8
PG_SILKSCREEN_BOTTOM
 10
19.431991
 20
44.690767
 40
0.100000
 41
0.100000
 42
0.000000
  0
VERTEX
  8
PG_SILKSCREEN_BOTTOM
 10
19.431991
 20
44.870776
 40
0.100000
 41
0.100000
 42
0.000000
  0
SEQEND
  0
POLYLINE
  8
PG_SILKSCREEN_BOTTOM
 66
1
 70
0
 40
0.000000
 41
0.000000
 39
0.000000
  0
VERTEX
  8
PG_SILKSCREEN_BOTTOM
 10
22.932009
 20
42.250792
 40
0.100000
 41
0.100000
 42
0.000000
  0
VERTEX
  8
PG_SILKSCREEN_BOTTOM
 10
22.932009
 20
42.070782
 40
0.100000
 41
0.100000
 42
0.000000
  0
SEQEND
  0
POLYLINE
  8
PG_SILKSCREEN_BOTTOM
 66
1
 70
0
 40
0.000000
 41
0.000000
 39
0.000000
  0
VERTEX
  8
PG_SILKSCREEN_BOTTOM
 10
19.431991
 20
42.250792
 40
0.100000
 41
0.100000
 42
0.000000
  0
VERTEX
  8
PG_SILKSCREEN_BOTTOM
 10
19.431991
 20
42.070782
 40
0.100000
 41
0.100000
 42
0.000000
  0
SEQEND
  0
POLYLINE
  8
PG_SILKSCREEN_BOTTOM
 66
1
 70
0
 40
0.000000
 41
0.000000
 39
0.000000
  0
VERTEX
  8
PG_SILKSCREEN_BOTTOM
 10
21.911691
 20
44.870776
 40
0.100000
 41
0.100000
 42
0.000000
  0
VERTEX
  8
PG_SILKSCREEN_BOTTOM
 10
21.911691
 20
42.080485
 40
0.100000
 41
0.100000
 42
0.000000
  0
SEQEND
  0
POLYLINE
  8
PG_SILKSCREEN_BOTTOM
 66
1
 70
0
 40
0.000000
 41
0.000000
 39
0.000000
  0
VERTEX
  8
PG_SILKSCREEN_BOTTOM
 10
21.811691
 20
44.870776
 40
0.100000
 41
0.100000
 42
0.000000
  0
VERTEX
  8
PG_SILKSCREEN_BOTTOM
 10
21.811691
 20
42.080485
 40
0.100000
 41
0.100000
 42
0.000000
  0
SEQEND
  0
POLYLINE
  8
PG_SILKSCREEN_BOTTOM
 66
1
 70
0
 40
0.000000
 41
0.000000
 39
0.000000
  0
VERTEX
  8
PG_SILKSCREEN_BOTTOM
 10
21.711691
 20
44.870776
 40
0.100000
 41
0.100000
 42
0.000000
  0
VERTEX
  8
PG_SILKSCREEN_BOTTOM
 10
21.711691
 20
42.080485
 40
0.100000
 41
0.100000
 42
0.000000
  0
SEQEND
  0
POLYLINE
  8
PG_SILKSCREEN_BOTTOM
 66
1
 70
1
 40
0.000000
 41
0.000000
 39
0.000000
  0
VERTEX
  8
PG_SILKSCREEN_BOTTOM
 10
23.315092
 20
44.800774
 40
0.000000
 41
0.000000
 42
1.000000
  0
VERTEX
  8
PG_SILKSCREEN_BOTTOM
 10
23.088901
 20
44.800784
 40
0.000000
 41
0.000000
 42
1.000000
  0
SEQEND
  0
POLYLINE
  8
PIN_BOTTOM
 66
1
 70
1
 40
0.000000
 41
0.000000
 39
0.000000
  0
VERTEX
  8
PIN_BOTTOM
 10
65.956612
 20
75.997321
 40
0.000000
 41
0.000000
 42
0.000000
  0
VERTEX
  8
PIN_BOTTOM
 10
63.756616
 20
75.997321
 40
0.000000
 41
0.000000
 42
0.000000
  0
VERTEX
  8
PIN_BOTTOM
 10
63.756616
 20
74.697323
 40
0.000000
 41
0.000000
 42
0.000000
  0
VERTEX
  8
PIN_BOTTOM
 10
65.956612
 20
74.697323
 40
0.000000
 41
0.000000
 42
0.000000
  0
SEQEND
  0
POLYLINE
  8
PIN_BOTTOM
 66
1
 70
1
 40
0.000000
 41
0.000000
 39
0.000000
  0
VERTEX
  8
PIN_BOTTOM
 10
65.956612
 20
72.797327
 40
0.000000
 41
0.000000
 42
0.000000
  0
VERTEX
  8
PIN_BOTTOM
 10
63.756616
 20
72.797327
 40
0.000000
 41
0.000000
 42
0.000000
  0
VERTEX
  8
PIN_BOTTOM
 10
63.756616
 20
71.497330
 40
0.000000
 41
0.000000
 42
0.000000
  0
VERTEX
  8
PIN_BOTTOM
 10
65.956612
 20
71.497330
 40
0.000000
 41
0.000000
 42
0.000000
  0
SEQEND
  0
POLYLINE
  8
PG_SILKSCREEN_BOTTOM
 66
1
 70
0
 40
0.000000
 41
0.000000
 39
0.000000
  0
VERTEX
  8
PG_SILKSCREEN_BOTTOM
 10
66.256611
 20
75.497334
 40
0.100000
 41
0.100000
 42
0.000000
  0
VERTEX
  8
PG_SILKSCREEN_BOTTOM
 10
66.256611
 20
71.997316
 40
0.100000
 41
0.100000
 42
0.000000
  0
SEQEND
  0
POLYLINE
  8
PG_SILKSCREEN_BOTTOM
 66
1
 70
0
 40
0.000000
 41
0.000000
 39
0.000000
  0
VERTEX
  8
PG_SILKSCREEN_BOTTOM
 10
63.456617
 20
71.997316
 40
0.100000
 41
0.100000
 42
0.000000
  0
VERTEX
  8
PG_SILKSCREEN_BOTTOM
 10
63.456617
 20
75.497334
 40
0.100000
 41
0.100000
 42
0.000000
  0
VERTEX
  8
PG_SILKSCREEN_BOTTOM
 10
63.636627
 20
75.497334
 40
0.100000
 41
0.100000
 42
0.000000
  0
SEQEND
  0
POLYLINE
  8
PG_SILKSCREEN_BOTTOM
 66
1
 70
0
 40
0.000000
 41
0.000000
 39
0.000000
  0
VERTEX
  8
PG_SILKSCREEN_BOTTOM
 10
63.636627
 20
71.997316
 40
0.100000
 41
0.100000
 42
0.000000
  0
VERTEX
  8
PG_SILKSCREEN_BOTTOM
 10
63.456617
 20
71.997316
 40
0.100000
 41
0.100000
 42
0.000000
  0
SEQEND
  0
POLYLINE
  8
PG_SILKSCREEN_BOTTOM
 66
1
 70
0
 40
0.000000
 41
0.000000
 39
0.000000
  0
VERTEX
  8
PG_SILKSCREEN_BOTTOM
 10
66.076601
 20
75.497334
 40
0.100000
 41
0.100000
 42
0.000000
  0
VERTEX
  8
PG_SILKSCREEN_BOTTOM
 10
66.256611
 20
75.497334
 40
0.100000
 41
0.100000
 42
0.000000
  0
SEQEND
  0
POLYLINE
  8
PG_SILKSCREEN_BOTTOM
 66
1
 70
0
 40
0.000000
 41
0.000000
 39
0.000000
  0
VERTEX
  8
PG_SILKSCREEN_BOTTOM
 10
66.076601
 20
71.997316
 40
0.100000
 41
0.100000
 42
0.000000
  0
VERTEX
  8
PG_SILKSCREEN_BOTTOM
 10
66.256611
 20
71.997316
 40
0.100000
 41
0.100000
 42
0.000000
  0
SEQEND
  0
POLYLINE
  8
PG_SILKSCREEN_BOTTOM
 66
1
 70
0
 40
0.000000
 41
0.000000
 39
0.000000
  0
VERTEX
  8
PG_SILKSCREEN_BOTTOM
 10
63.456617
 20
74.477016
 40
0.100000
 41
0.100000
 42
0.000000
  0
VERTEX
  8
PG_SILKSCREEN_BOTTOM
 10
66.246908
 20
74.477016
 40
0.100000
 41
0.100000
 42
0.000000
  0
SEQEND
  0
POLYLINE
  8
PG_SILKSCREEN_BOTTOM
 66
1
 70
0
 40
0.000000
 41
0.000000
 39
0.000000
  0
VERTEX
  8
PG_SILKSCREEN_BOTTOM
 10
63.456617
 20
74.377017
 40
0.100000
 41
0.100000
 42
0.000000
  0
VERTEX
  8
PG_SILKSCREEN_BOTTOM
 10
66.246908
 20
74.377017
 40
0.100000
 41
0.100000
 42
0.000000
  0
SEQEND
  0
POLYLINE
  8
PG_SILKSCREEN_BOTTOM
 66
1
 70
0
 40
0.000000
 41
0.000000
 39
0.000000
  0
VERTEX
  8
PG_SILKSCREEN_BOTTOM
 10
63.456617
 20
74.277017
 40
0.100000
 41
0.100000
 42
0.000000
  0
VERTEX
  8
PG_SILKSCREEN_BOTTOM
 10
66.246908
 20
74.277017
 40
0.100000
 41
0.100000
 42
0.000000
  0
SEQEND
  0
POLYLINE
  8
PG_SILKSCREEN_BOTTOM
 66
1
 70
1
 40
0.000000
 41
0.000000
 39
0.000000
  0
VERTEX
  8
PG_SILKSCREEN_BOTTOM
 10
63.639725
 20
75.767311
 40
0.000000
 41
0.000000
 42
1.000000
  0
VERTEX
  8
PG_SILKSCREEN_BOTTOM
 10
63.413503
 20
75.767333
 40
0.000000
 41
0.000000
 42
1.000000
  0
SEQEND
  0
POLYLINE
  8
PIN_BOTTOM
 66
1
 70
1
 40
0.000000
 41
0.000000
 39
0.000000
  0
VERTEX
  8
PIN_BOTTOM
 10
16.567836
 20
51.851573
 40
0.000000
 41
0.000000
 42
0.000000
  0
VERTEX
  8
PIN_BOTTOM
 10
14.367840
 20
51.851573
 40
0.000000
 41
0.000000
 42
0.000000
  0
VERTEX
  8
PIN_BOTTOM
 10
14.367840
 20
50.551575
 40
0.000000
 41
0.000000
 42
0.000000
  0
VERTEX
  8
PIN_BOTTOM
 10
16.567836
 20
50.551575
 40
0.000000
 41
0.000000
 42
0.000000
  0
SEQEND
  0
POLYLINE
  8
PIN_BOTTOM
 66
1
 70
1
 40
0.000000
 41
0.000000
 39
0.000000
  0
VERTEX
  8
PIN_BOTTOM
 10
16.567836
 20
48.651579
 40
0.000000
 41
0.000000
 42
0.000000
  0
VERTEX
  8
PIN_BOTTOM
 10
14.367840
 20
48.651579
 40
0.000000
 41
0.000000
 42
0.000000
  0
VERTEX
  8
PIN_BOTTOM
 10
14.367840
 20
47.351582
 40
0.000000
 41
0.000000
 42
0.000000
  0
VERTEX
  8
PIN_BOTTOM
 10
16.567836
 20
47.351582
 40
0.000000
 41
0.000000
 42
0.000000
  0
SEQEND
  0
POLYLINE
  8
PG_SILKSCREEN_BOTTOM
 66
1
 70
0
 40
0.000000
 41
0.000000
 39
0.000000
  0
VERTEX
  8
PG_SILKSCREEN_BOTTOM
 10
16.867835
 20
51.351561
 40
0.100000
 41
0.100000
 42
0.000000
  0
VERTEX
  8
PG_SILKSCREEN_BOTTOM
 10
16.867835
 20
47.851568
 40
0.100000
 41
0.100000
 42
0.000000
  0
SEQEND
  0
POLYLINE
  8
PG_SILKSCREEN_BOTTOM
 66
1
 70
0
 40
0.000000
 41
0.000000
 39
0.000000
  0
VERTEX
  8
PG_SILKSCREEN_BOTTOM
 10
14.067815
 20
47.851568
 40
0.100000
 41
0.100000
 42
0.000000
  0
VERTEX
  8
PG_SILKSCREEN_BOTTOM
 10
14.067815
 20
51.351561
 40
0.100000
 41
0.100000
 42
0.000000
  0
VERTEX
  8
PG_SILKSCREEN_BOTTOM
 10
14.247851
 20
51.351561
 40
0.100000
 41
0.100000
 42
0.000000
  0
SEQEND
  0
POLYLINE
  8
PG_SILKSCREEN_BOTTOM
 66
1
 70
0
 40
0.000000
 41
0.000000
 39
0.000000
  0
VERTEX
  8
PG_SILKSCREEN_BOTTOM
 10
14.247851
 20
47.851593
 40
0.100000
 41
0.100000
 42
0.000000
  0
VERTEX
  8
PG_SILKSCREEN_BOTTOM
 10
14.067815
 20
47.851568
 40
0.100000
 41
0.100000
 42
0.000000
  0
SEQEND
  0
POLYLINE
  8
PG_SILKSCREEN_BOTTOM
 66
1
 70
0
 40
0.000000
 41
0.000000
 39
0.000000
  0
VERTEX
  8
PG_SILKSCREEN_BOTTOM
 10
16.687825
 20
51.351561
 40
0.100000
 41
0.100000
 42
0.000000
  0
VERTEX
  8
PG_SILKSCREEN_BOTTOM
 10
16.867835
 20
51.351561
 40
0.100000
 41
0.100000
 42
0.000000
  0
SEQEND
  0
POLYLINE
  8
PG_SILKSCREEN_BOTTOM
 66
1
 70
0
 40
0.000000
 41
0.000000
 39
0.000000
  0
VERTEX
  8
PG_SILKSCREEN_BOTTOM
 10
16.687851
 20
47.851593
 40
0.100000
 41
0.100000
 42
0.000000
  0
VERTEX
  8
PG_SILKSCREEN_BOTTOM
 10
16.867835
 20
47.851568
 40
0.100000
 41
0.100000
 42
0.000000
  0
SEQEND
  0
POLYLINE
  8
PG_SILKSCREEN_BOTTOM
 66
1
 70
0
 40
0.000000
 41
0.000000
 39
0.000000
  0
VERTEX
  8
PG_SILKSCREEN_BOTTOM
 10
14.067815
 20
50.331268
 40
0.100000
 41
0.100000
 42
0.000000
  0
VERTEX
  8
PG_SILKSCREEN_BOTTOM
 10
16.858132
 20
50.331268
 40
0.100000
 41
0.100000
 42
0.000000
  0
SEQEND
  0
POLYLINE
  8
PG_SILKSCREEN_BOTTOM
 66
1
 70
0
 40
0.000000
 41
0.000000
 39
0.000000
  0
VERTEX
  8
PG_SILKSCREEN_BOTTOM
 10
14.067841
 20
50.231269
 40
0.100000
 41
0.100000
 42
0.000000
  0
VERTEX
  8
PG_SILKSCREEN_BOTTOM
 10
16.858107
 20
50.231269
 40
0.100000
 41
0.100000
 42
0.000000
  0
SEQEND
  0
POLYLINE
  8
PG_SILKSCREEN_BOTTOM
 66
1
 70
0
 40
0.000000
 41
0.000000
 39
0.000000
  0
VERTEX
  8
PG_SILKSCREEN_BOTTOM
 10
14.067841
 20
50.131269
 40
0.100000
 41
0.100000
 42
0.000000
  0
VERTEX
  8
PG_SILKSCREEN_BOTTOM
 10
16.858107
 20
50.131269
 40
0.100000
 41
0.100000
 42
0.000000
  0
SEQEND
  0
POLYLINE
  8
PG_SILKSCREEN_BOTTOM
 66
1
 70
1
 40
0.000000
 41
0.000000
 39
0.000000
  0
VERTEX
  8
PG_SILKSCREEN_BOTTOM
 10
14.250899
 20
51.621588
 40
0.000000
 41
0.000000
 42
1.000000
  0
VERTEX
  8
PG_SILKSCREEN_BOTTOM
 10
14.024770
 20
51.621571
 40
0.000000
 41
0.000000
 42
1.000000
  0
SEQEND
  0
POLYLINE
  8
PIN_BOTTOM
 66
1
 70
1
 40
0.000000
 41
0.000000
 39
0.000000
  0
VERTEX
  8
PIN_BOTTOM
 10
23.934496
 20
55.861534
 40
0.000000
 41
0.000000
 42
0.000000
  0
VERTEX
  8
PIN_BOTTOM
 10
23.934496
 20
58.061530
 40
0.000000
 41
0.000000
 42
0.000000
  0
VERTEX
  8
PIN_BOTTOM
 10
22.634499
 20
58.061530
 40
0.000000
 41
0.000000
 42
0.000000
  0
VERTEX
  8
PIN_BOTTOM
 10
22.634499
 20
55.861534
 40
0.000000
 41
0.000000
 42
0.000000
  0
SEQEND
  0
POLYLINE
  8
PIN_BOTTOM
 66
1
 70
1
 40
0.000000
 41
0.000000
 39
0.000000
  0
VERTEX
  8
PIN_BOTTOM
 10
20.734503
 20
55.861534
 40
0.000000
 41
0.000000
 42
0.000000
  0
VERTEX
  8
PIN_BOTTOM
 10
20.734503
 20
58.061530
 40
0.000000
 41
0.000000
 42
0.000000
  0
VERTEX
  8
PIN_BOTTOM
 10
19.434505
 20
58.061530
 40
0.000000
 41
0.000000
 42
0.000000
  0
VERTEX
  8
PIN_BOTTOM
 10
19.434505
 20
55.861534
 40
0.000000
 41
0.000000
 42
0.000000
  0
SEQEND
  0
POLYLINE
  8
PG_SILKSCREEN_BOTTOM
 66
1
 70
0
 40
0.000000
 41
0.000000
 39
0.000000
  0
VERTEX
  8
PG_SILKSCREEN_BOTTOM
 10
23.434472
 20
55.561535
 40
0.100000
 41
0.100000
 42
0.000000
  0
VERTEX
  8
PG_SILKSCREEN_BOTTOM
 10
19.934479
 20
55.561535
 40
0.100000
 41
0.100000
 42
0.000000
  0
SEQEND
  0
POLYLINE
  8
PG_SILKSCREEN_BOTTOM
 66
1
 70
0
 40
0.000000
 41
0.000000
 39
0.000000
  0
VERTEX
  8
PG_SILKSCREEN_BOTTOM
 10
19.934479
 20
58.361555
 40
0.100000
 41
0.100000
 42
0.000000
  0
VERTEX
  8
PG_SILKSCREEN_BOTTOM
 10
23.434472
 20
58.361555
 40
0.100000
 41
0.100000
 42
0.000000
  0
VERTEX
  8
PG_SILKSCREEN_BOTTOM
 10
23.434472
 20
58.181545
 40
0.100000
 41
0.100000
 42
0.000000
  0
SEQEND
  0
POLYLINE
  8
PG_SILKSCREEN_BOTTOM
 66
1
 70
0
 40
0.000000
 41
0.000000
 39
0.000000
  0
VERTEX
  8
PG_SILKSCREEN_BOTTOM
 10
19.934479
 20
58.181545
 40
0.100000
 41
0.100000
 42
0.000000
  0
VERTEX
  8
PG_SILKSCREEN_BOTTOM
 10
19.934479
 20
58.361555
 40
0.100000
 41
0.100000
 42
0.000000
  0
SEQEND
  0
POLYLINE
  8
PG_SILKSCREEN_BOTTOM
 66
1
 70
0
 40
0.000000
 41
0.000000
 39
0.000000
  0
VERTEX
  8
PG_SILKSCREEN_BOTTOM
 10
23.434472
 20
55.741545
 40
0.100000
 41
0.100000
 42
0.000000
  0
VERTEX
  8
PG_SILKSCREEN_BOTTOM
 10
23.434472
 20
55.561535
 40
0.100000
 41
0.100000
 42
0.000000
  0
SEQEND
  0
POLYLINE
  8
PG_SILKSCREEN_BOTTOM
 66
1
 70
0
 40
0.000000
 41
0.000000
 39
0.000000
  0
VERTEX
  8
PG_SILKSCREEN_BOTTOM
 10
19.934479
 20
55.741545
 40
0.100000
 41
0.100000
 42
0.000000
  0
VERTEX
  8
PG_SILKSCREEN_BOTTOM
 10
19.934479
 20
55.561535
 40
0.100000
 41
0.100000
 42
0.000000
  0
SEQEND
  0
POLYLINE
  8
PG_SILKSCREEN_BOTTOM
 66
1
 70
0
 40
0.000000
 41
0.000000
 39
0.000000
  0
VERTEX
  8
PG_SILKSCREEN_BOTTOM
 10
22.414179
 20
58.361555
 40
0.100000
 41
0.100000
 42
0.000000
  0
VERTEX
  8
PG_SILKSCREEN_BOTTOM
 10
22.414179
 20
55.571238
 40
0.100000
 41
0.100000
 42
0.000000
  0
SEQEND
  0
POLYLINE
  8
PG_SILKSCREEN_BOTTOM
 66
1
 70
0
 40
0.000000
 41
0.000000
 39
0.000000
  0
VERTEX
  8
PG_SILKSCREEN_BOTTOM
 10
22.314179
 20
58.361555
 40
0.100000
 41
0.100000
 42
0.000000
  0
VERTEX
  8
PG_SILKSCREEN_BOTTOM
 10
22.314179
 20
55.571238
 40
0.100000
 41
0.100000
 42
0.000000
  0
SEQEND
  0
POLYLINE
  8
PG_SILKSCREEN_BOTTOM
 66
1
 70
0
 40
0.000000
 41
0.000000
 39
0.000000
  0
VERTEX
  8
PG_SILKSCREEN_BOTTOM
 10
22.214180
 20
58.361555
 40
0.100000
 41
0.100000
 42
0.000000
  0
VERTEX
  8
PG_SILKSCREEN_BOTTOM
 10
22.214180
 20
55.571238
 40
0.100000
 41
0.100000
 42
0.000000
  0
SEQEND
  0
POLYLINE
  8
PG_SILKSCREEN_BOTTOM
 66
1
 70
1
 40
0.000000
 41
0.000000
 39
0.000000
  0
VERTEX
  8
PG_SILKSCREEN_BOTTOM
 10
23.817580
 20
58.291552
 40
0.000000
 41
0.000000
 42
1.000000
  0
VERTEX
  8
PG_SILKSCREEN_BOTTOM
 10
23.591388
 20
58.291532
 40
0.000000
 41
0.000000
 42
1.000000
  0
SEQEND
  0
POLYLINE
  8
PIN_BOTTOM
 66
1
 70
1
 40
0.000000
 41
0.000000
 39
0.000000
  0
VERTEX
  8
PIN_BOTTOM
 10
13.503859
 20
53.552484
 40
0.000000
 41
0.000000
 42
0.000000
  0
VERTEX
  8
PIN_BOTTOM
 10
15.703855
 20
53.552484
 40
0.000000
 41
0.000000
 42
0.000000
  0
VERTEX
  8
PIN_BOTTOM
 10
15.703855
 20
54.852481
 40
0.000000
 41
0.000000
 42
0.000000
  0
VERTEX
  8
PIN_BOTTOM
 10
13.503859
 20
54.852481
 40
0.000000
 41
0.000000
 42
0.000000
  0
SEQEND
  0
POLYLINE
  8
PIN_BOTTOM
 66
1
 70
1
 40
0.000000
 41
0.000000
 39
0.000000
  0
VERTEX
  8
PIN_BOTTOM
 10
13.503859
 20
56.752477
 40
0.000000
 41
0.000000
 42
0.000000
  0
VERTEX
  8
PIN_BOTTOM
 10
15.703855
 20
56.752477
 40
0.000000
 41
0.000000
 42
0.000000
  0
VERTEX
  8
PIN_BOTTOM
 10
15.703855
 20
58.052475
 40
0.000000
 41
0.000000
 42
0.000000
  0
VERTEX
  8
PIN_BOTTOM
 10
13.503859
 20
58.052475
 40
0.000000
 41
0.000000
 42
0.000000
  0
SEQEND
  0
POLYLINE
  8
PG_SILKSCREEN_BOTTOM
 66
1
 70
0
 40
0.000000
 41
0.000000
 39
0.000000
  0
VERTEX
  8
PG_SILKSCREEN_BOTTOM
 10
13.203860
 20
54.052470
 40
0.100000
 41
0.100000
 42
0.000000
  0
VERTEX
  8
PG_SILKSCREEN_BOTTOM
 10
13.203860
 20
57.552463
 40
0.100000
 41
0.100000
 42
0.000000
  0
SEQEND
  0
POLYLINE
  8
PG_SILKSCREEN_BOTTOM
 66
1
 70
0
 40
0.000000
 41
0.000000
 39
0.000000
  0
VERTEX
  8
PG_SILKSCREEN_BOTTOM
 10
16.003854
 20
57.552463
 40
0.100000
 41
0.100000
 42
0.000000
  0
VERTEX
  8
PG_SILKSCREEN_BOTTOM
 10
16.003854
 20
54.052470
 40
0.100000
 41
0.100000
 42
0.000000
  0
VERTEX
  8
PG_SILKSCREEN_BOTTOM
 10
15.823870
 20
54.052470
 40
0.100000
 41
0.100000
 42
0.000000
  0
SEQEND
  0
POLYLINE
  8
PG_SILKSCREEN_BOTTOM
 66
1
 70
0
 40
0.000000
 41
0.000000
 39
0.000000
  0
VERTEX
  8
PG_SILKSCREEN_BOTTOM
 10
15.823870
 20
57.552463
 40
0.100000
 41
0.100000
 42
0.000000
  0
VERTEX
  8
PG_SILKSCREEN_BOTTOM
 10
16.003854
 20
57.552463
 40
0.100000
 41
0.100000
 42
0.000000
  0
SEQEND
  0
POLYLINE
  8
PG_SILKSCREEN_BOTTOM
 66
1
 70
0
 40
0.000000
 41
0.000000
 39
0.000000
  0
VERTEX
  8
PG_SILKSCREEN_BOTTOM
 10
13.383870
 20
54.052470
 40
0.100000
 41
0.100000
 42
0.000000
  0
VERTEX
  8
PG_SILKSCREEN_BOTTOM
 10
13.203860
 20
54.052470
 40
0.100000
 41
0.100000
 42
0.000000
  0
SEQEND
  0
POLYLINE
  8
PG_SILKSCREEN_BOTTOM
 66
1
 70
0
 40
0.000000
 41
0.000000
 39
0.000000
  0
VERTEX
  8
PG_SILKSCREEN_BOTTOM
 10
13.383870
 20
57.552463
 40
0.100000
 41
0.100000
 42
0.000000
  0
VERTEX
  8
PG_SILKSCREEN_BOTTOM
 10
13.203860
 20
57.552463
 40
0.100000
 41
0.100000
 42
0.000000
  0
SEQEND
  0
POLYLINE
  8
PG_SILKSCREEN_BOTTOM
 66
1
 70
0
 40
0.000000
 41
0.000000
 39
0.000000
  0
VERTEX
  8
PG_SILKSCREEN_BOTTOM
 10
16.003854
 20
55.072763
 40
0.100000
 41
0.100000
 42
0.000000
  0
VERTEX
  8
PG_SILKSCREEN_BOTTOM
 10
13.213563
 20
55.072763
 40
0.100000
 41
0.100000
 42
0.000000
  0
SEQEND
  0
POLYLINE
  8
PG_SILKSCREEN_BOTTOM
 66
1
 70
0
 40
0.000000
 41
0.000000
 39
0.000000
  0
VERTEX
  8
PG_SILKSCREEN_BOTTOM
 10
16.003854
 20
55.172762
 40
0.100000
 41
0.100000
 42
0.000000
  0
VERTEX
  8
PG_SILKSCREEN_BOTTOM
 10
13.213563
 20
55.172762
 40
0.100000
 41
0.100000
 42
0.000000
  0
SEQEND
  0
POLYLINE
  8
PG_SILKSCREEN_BOTTOM
 66
1
 70
0
 40
0.000000
 41
0.000000
 39
0.000000
  0
VERTEX
  8
PG_SILKSCREEN_BOTTOM
 10
16.003854
 20
55.272762
 40
0.100000
 41
0.100000
 42
0.000000
  0
VERTEX
  8
PG_SILKSCREEN_BOTTOM
 10
13.213563
 20
55.272762
 40
0.100000
 41
0.100000
 42
0.000000
  0
SEQEND
  0
POLYLINE
  8
PG_SILKSCREEN_BOTTOM
 66
1
 70
1
 40
0.000000
 41
0.000000
 39
0.000000
  0
VERTEX
  8
PG_SILKSCREEN_BOTTOM
 10
16.046983
 20
53.782468
 40
0.000000
 41
0.000000
 42
1.000000
  0
VERTEX
  8
PG_SILKSCREEN_BOTTOM
 10
15.820749
 20
53.782480
 40
0.000000
 41
0.000000
 42
1.000000
  0
SEQEND
  0
POLYLINE
  8
PIN_BOTTOM
 66
1
 70
1
 40
0.000000
 41
0.000000
 39
0.000000
  0
VERTEX
  8
PIN_BOTTOM
 10
16.655821
 20
53.545372
 40
0.000000
 41
0.000000
 42
0.000000
  0
VERTEX
  8
PIN_BOTTOM
 10
18.855817
 20
53.545372
 40
0.000000
 41
0.000000
 42
0.000000
  0
VERTEX
  8
PIN_BOTTOM
 10
18.855817
 20
54.845369
 40
0.000000
 41
0.000000
 42
0.000000
  0
VERTEX
  8
PIN_BOTTOM
 10
16.655821
 20
54.845369
 40
0.000000
 41
0.000000
 42
0.000000
  0
SEQEND
  0
POLYLINE
  8
PIN_BOTTOM
 66
1
 70
1
 40
0.000000
 41
0.000000
 39
0.000000
  0
VERTEX
  8
PIN_BOTTOM
 10
16.655821
 20
56.745365
 40
0.000000
 41
0.000000
 42
0.000000
  0
VERTEX
  8
PIN_BOTTOM
 10
18.855817
 20
56.745365
 40
0.000000
 41
0.000000
 42
0.000000
  0
VERTEX
  8
PIN_BOTTOM
 10
18.855817
 20
58.045363
 40
0.000000
 41
0.000000
 42
0.000000
  0
VERTEX
  8
PIN_BOTTOM
 10
16.655821
 20
58.045363
 40
0.000000
 41
0.000000
 42
0.000000
  0
SEQEND
  0
POLYLINE
  8
PG_SILKSCREEN_BOTTOM
 66
1
 70
0
 40
0.000000
 41
0.000000
 39
0.000000
  0
VERTEX
  8
PG_SILKSCREEN_BOTTOM
 10
16.355822
 20
54.045358
 40
0.100000
 41
0.100000
 42
0.000000
  0
VERTEX
  8
PG_SILKSCREEN_BOTTOM
 10
16.355822
 20
57.545351
 40
0.100000
 41
0.100000
 42
0.000000
  0
SEQEND
  0
POLYLINE
  8
PG_SILKSCREEN_BOTTOM
 66
1
 70
0
 40
0.000000
 41
0.000000
 39
0.000000
  0
VERTEX
  8
PG_SILKSCREEN_BOTTOM
 10
19.155816
 20
57.545351
 40
0.100000
 41
0.100000
 42
0.000000
  0
VERTEX
  8
PG_SILKSCREEN_BOTTOM
 10
19.155816
 20
54.045358
 40
0.100000
 41
0.100000
 42
0.000000
  0
VERTEX
  8
PG_SILKSCREEN_BOTTOM
 10
18.975807
 20
54.045358
 40
0.100000
 41
0.100000
 42
0.000000
  0
SEQEND
  0
POLYLINE
  8
PG_SILKSCREEN_BOTTOM
 66
1
 70
0
 40
0.000000
 41
0.000000
 39
0.000000
  0
VERTEX
  8
PG_SILKSCREEN_BOTTOM
 10
18.975807
 20
57.545351
 40
0.100000
 41
0.100000
 42
0.000000
  0
VERTEX
  8
PG_SILKSCREEN_BOTTOM
 10
19.155816
 20
57.545351
 40
0.100000
 41
0.100000
 42
0.000000
  0
SEQEND
  0
POLYLINE
  8
PG_SILKSCREEN_BOTTOM
 66
1
 70
0
 40
0.000000
 41
0.000000
 39
0.000000
  0
VERTEX
  8
PG_SILKSCREEN_BOTTOM
 10
16.535806
 20
54.045358
 40
0.100000
 41
0.100000
 42
0.000000
  0
VERTEX
  8
PG_SILKSCREEN_BOTTOM
 10
16.355822
 20
54.045358
 40
0.100000
 41
0.100000
 42
0.000000
  0
SEQEND
  0
POLYLINE
  8
PG_SILKSCREEN_BOTTOM
 66
1
 70
0
 40
0.000000
 41
0.000000
 39
0.000000
  0
VERTEX
  8
PG_SILKSCREEN_BOTTOM
 10
16.535806
 20
57.545351
 40
0.100000
 41
0.100000
 42
0.000000
  0
VERTEX
  8
PG_SILKSCREEN_BOTTOM
 10
16.355822
 20
57.545351
 40
0.100000
 41
0.100000
 42
0.000000
  0
SEQEND
  0
POLYLINE
  8
PG_SILKSCREEN_BOTTOM
 66
1
 70
0
 40
0.000000
 41
0.000000
 39
0.000000
  0
VERTEX
  8
PG_SILKSCREEN_BOTTOM
 10
19.155816
 20
55.065651
 40
0.100000
 41
0.100000
 42
0.000000
  0
VERTEX
  8
PG_SILKSCREEN_BOTTOM
 10
16.365525
 20
55.065651
 40
0.100000
 41
0.100000
 42
0.000000
  0
SEQEND
  0
POLYLINE
  8
PG_SILKSCREEN_BOTTOM
 66
1
 70
0
 40
0.000000
 41
0.000000
 39
0.000000
  0
VERTEX
  8
PG_SILKSCREEN_BOTTOM
 10
19.155816
 20
55.165650
 40
0.100000
 41
0.100000
 42
0.000000
  0
VERTEX
  8
PG_SILKSCREEN_BOTTOM
 10
16.365525
 20
55.165650
 40
0.100000
 41
0.100000
 42
0.000000
  0
SEQEND
  0
POLYLINE
  8
PG_SILKSCREEN_BOTTOM
 66
1
 70
0
 40
0.000000
 41
0.000000
 39
0.000000
  0
VERTEX
  8
PG_SILKSCREEN_BOTTOM
 10
19.155816
 20
55.265650
 40
0.100000
 41
0.100000
 42
0.000000
  0
VERTEX
  8
PG_SILKSCREEN_BOTTOM
 10
16.365525
 20
55.265650
 40
0.100000
 41
0.100000
 42
0.000000
  0
SEQEND
  0
POLYLINE
  8
PG_SILKSCREEN_BOTTOM
 66
1
 70
1
 40
0.000000
 41
0.000000
 39
0.000000
  0
VERTEX
  8
PG_SILKSCREEN_BOTTOM
 10
19.198920
 20
53.775356
 40
0.000000
 41
0.000000
 42
1.000000
  0
VERTEX
  8
PG_SILKSCREEN_BOTTOM
 10
18.972712
 20
53.775368
 40
0.000000
 41
0.000000
 42
1.000000
  0
SEQEND
  0
POLYLINE
  8
PIN_BOTTOM
 66
1
 70
1
 40
0.000000
 41
0.000000
 39
0.000000
  0
VERTEX
  8
PIN_BOTTOM
 10
37.187962
 20
64.792238
 40
0.000000
 41
0.000000
 42
0.000000
  0
VERTEX
  8
PIN_BOTTOM
 10
39.387958
 20
64.792238
 40
0.000000
 41
0.000000
 42
0.000000
  0
VERTEX
  8
PIN_BOTTOM
 10
39.387958
 20
66.092235
 40
0.000000
 41
0.000000
 42
0.000000
  0
VERTEX
  8
PIN_BOTTOM
 10
37.187962
 20
66.092235
 40
0.000000
 41
0.000000
 42
0.000000
  0
SEQEND
  0
POLYLINE
  8
PIN_BOTTOM
 66
1
 70
1
 40
0.000000
 41
0.000000
 39
0.000000
  0
VERTEX
  8
PIN_BOTTOM
 10
37.187962
 20
67.992231
 40
0.000000
 41
0.000000
 42
0.000000
  0
VERTEX
  8
PIN_BOTTOM
 10
39.387958
 20
67.992231
 40
0.000000
 41
0.000000
 42
0.000000
  0
VERTEX
  8
PIN_BOTTOM
 10
39.387958
 20
69.292229
 40
0.000000
 41
0.000000
 42
0.000000
  0
VERTEX
  8
PIN_BOTTOM
 10
37.187962
 20
69.292229
 40
0.000000
 41
0.000000
 42
0.000000
  0
SEQEND
  0
POLYLINE
  8
PG_SILKSCREEN_BOTTOM
 66
1
 70
0
 40
0.000000
 41
0.000000
 39
0.000000
  0
VERTEX
  8
PG_SILKSCREEN_BOTTOM
 10
36.887963
 20
65.292224
 40
0.100000
 41
0.100000
 42
0.000000
  0
VERTEX
  8
PG_SILKSCREEN_BOTTOM
 10
36.887963
 20
68.792217
 40
0.100000
 41
0.100000
 42
0.000000
  0
SEQEND
  0
POLYLINE
  8
PG_SILKSCREEN_BOTTOM
 66
1
 70
0
 40
0.000000
 41
0.000000
 39
0.000000
  0
VERTEX
  8
PG_SILKSCREEN_BOTTOM
 10
39.687983
 20
68.792217
 40
0.100000
 41
0.100000
 42
0.000000
  0
VERTEX
  8
PG_SILKSCREEN_BOTTOM
 10
39.687983
 20
65.292224
 40
0.100000
 41
0.100000
 42
0.000000
  0
VERTEX
  8
PG_SILKSCREEN_BOTTOM
 10
39.507973
 20
65.292224
 40
0.100000
 41
0.100000
 42
0.000000
  0
SEQEND
  0
POLYLINE
  8
PG_SILKSCREEN_BOTTOM
 66
1
 70
0
 40
0.000000
 41
0.000000
 39
0.000000
  0
VERTEX
  8
PG_SILKSCREEN_BOTTOM
 10
39.507973
 20
68.792217
 40
0.100000
 41
0.100000
 42
0.000000
  0
VERTEX
  8
PG_SILKSCREEN_BOTTOM
 10
39.687983
 20
68.792217
 40
0.100000
 41
0.100000
 42
0.000000
  0
SEQEND
  0
POLYLINE
  8
PG_SILKSCREEN_BOTTOM
 66
1
 70
0
 40
0.000000
 41
0.000000
 39
0.000000
  0
VERTEX
  8
PG_SILKSCREEN_BOTTOM
 10
37.067973
 20
65.292224
 40
0.100000
 41
0.100000
 42
0.000000
  0
VERTEX
  8
PG_SILKSCREEN_BOTTOM
 10
36.887963
 20
65.292224
 40
0.100000
 41
0.100000
 42
0.000000
  0
SEQEND
  0
POLYLINE
  8
PG_SILKSCREEN_BOTTOM
 66
1
 70
0
 40
0.000000
 41
0.000000
 39
0.000000
  0
VERTEX
  8
PG_SILKSCREEN_BOTTOM
 10
37.067973
 20
68.792217
 40
0.100000
 41
0.100000
 42
0.000000
  0
VERTEX
  8
PG_SILKSCREEN_BOTTOM
 10
36.887963
 20
68.792217
 40
0.100000
 41
0.100000
 42
0.000000
  0
SEQEND
  0
POLYLINE
  8
PG_SILKSCREEN_BOTTOM
 66
1
 70
0
 40
0.000000
 41
0.000000
 39
0.000000
  0
VERTEX
  8
PG_SILKSCREEN_BOTTOM
 10
39.687983
 20
66.312517
 40
0.100000
 41
0.100000
 42
0.000000
  0
VERTEX
  8
PG_SILKSCREEN_BOTTOM
 10
36.897666
 20
66.312517
 40
0.100000
 41
0.100000
 42
0.000000
  0
SEQEND
  0
POLYLINE
  8
PG_SILKSCREEN_BOTTOM
 66
1
 70
0
 40
0.000000
 41
0.000000
 39
0.000000
  0
VERTEX
  8
PG_SILKSCREEN_BOTTOM
 10
39.687983
 20
66.412516
 40
0.100000
 41
0.100000
 42
0.000000
  0
VERTEX
  8
PG_SILKSCREEN_BOTTOM
 10
36.897666
 20
66.412516
 40
0.100000
 41
0.100000
 42
0.000000
  0
SEQEND
  0
POLYLINE
  8
PG_SILKSCREEN_BOTTOM
 66
1
 70
0
 40
0.000000
 41
0.000000
 39
0.000000
  0
VERTEX
  8
PG_SILKSCREEN_BOTTOM
 10
39.687983
 20
66.512516
 40
0.100000
 41
0.100000
 42
0.000000
  0
VERTEX
  8
PG_SILKSCREEN_BOTTOM
 10
36.897666
 20
66.512516
 40
0.100000
 41
0.100000
 42
0.000000
  0
SEQEND
  0
POLYLINE
  8
PG_SILKSCREEN_BOTTOM
 66
1
 70
1
 40
0.000000
 41
0.000000
 39
0.000000
  0
VERTEX
  8
PG_SILKSCREEN_BOTTOM
 10
39.731086
 20
65.022222
 40
0.000000
 41
0.000000
 42
1.000000
  0
VERTEX
  8
PG_SILKSCREEN_BOTTOM
 10
39.504854
 20
65.022234
 40
0.000000
 41
0.000000
 42
1.000000
  0
SEQEND
  0
POLYLINE
  8
PIN_BOTTOM
 66
1
 70
1
 40
0.000000
 41
0.000000
 39
0.000000
  0
VERTEX
  8
PIN_BOTTOM
 10
20.047763
 20
62.077829
 40
0.000000
 41
0.000000
 42
0.000000
  0
VERTEX
  8
PIN_BOTTOM
 10
20.047763
 20
64.277824
 40
0.000000
 41
0.000000
 42
0.000000
  0
VERTEX
  8
PIN_BOTTOM
 10
18.747765
 20
64.277824
 40
0.000000
 41
0.000000
 42
0.000000
  0
VERTEX
  8
PIN_BOTTOM
 10
18.747765
 20
62.077829
 40
0.000000
 41
0.000000
 42
0.000000
  0
SEQEND
  0
POLYLINE
  8
PIN_BOTTOM
 66
1
 70
1
 40
0.000000
 41
0.000000
 39
0.000000
  0
VERTEX
  8
PIN_BOTTOM
 10
16.847769
 20
62.077829
 40
0.000000
 41
0.000000
 42
0.000000
  0
VERTEX
  8
PIN_BOTTOM
 10
16.847769
 20
64.277824
 40
0.000000
 41
0.000000
 42
0.000000
  0
VERTEX
  8
PIN_BOTTOM
 10
15.547772
 20
64.277824
 40
0.000000
 41
0.000000
 42
0.000000
  0
VERTEX
  8
PIN_BOTTOM
 10
15.547772
 20
62.077829
 40
0.000000
 41
0.000000
 42
0.000000
  0
SEQEND
  0
POLYLINE
  8
PG_SILKSCREEN_BOTTOM
 66
1
 70
0
 40
0.000000
 41
0.000000
 39
0.000000
  0
VERTEX
  8
PG_SILKSCREEN_BOTTOM
 10
19.547738
 20
61.777829
 40
0.100000
 41
0.100000
 42
0.000000
  0
VERTEX
  8
PG_SILKSCREEN_BOTTOM
 10
16.047745
 20
61.777829
 40
0.100000
 41
0.100000
 42
0.000000
  0
SEQEND
  0
POLYLINE
  8
PG_SILKSCREEN_BOTTOM
 66
1
 70
0
 40
0.000000
 41
0.000000
 39
0.000000
  0
VERTEX
  8
PG_SILKSCREEN_BOTTOM
 10
16.047745
 20
64.577824
 40
0.100000
 41
0.100000
 42
0.000000
  0
VERTEX
  8
PG_SILKSCREEN_BOTTOM
 10
19.547738
 20
64.577824
 40
0.100000
 41
0.100000
 42
0.000000
  0
VERTEX
  8
PG_SILKSCREEN_BOTTOM
 10
19.547738
 20
64.397839
 40
0.100000
 41
0.100000
 42
0.000000
  0
SEQEND
  0
POLYLINE
  8
PG_SILKSCREEN_BOTTOM
 66
1
 70
0
 40
0.000000
 41
0.000000
 39
0.000000
  0
VERTEX
  8
PG_SILKSCREEN_BOTTOM
 10
16.047745
 20
64.397839
 40
0.100000
 41
0.100000
 42
0.000000
  0
VERTEX
  8
PG_SILKSCREEN_BOTTOM
 10
16.047745
 20
64.577824
 40
0.100000
 41
0.100000
 42
0.000000
  0
SEQEND
  0
POLYLINE
  8
PG_SILKSCREEN_BOTTOM
 66
1
 70
0
 40
0.000000
 41
0.000000
 39
0.000000
  0
VERTEX
  8
PG_SILKSCREEN_BOTTOM
 10
19.547738
 20
61.957839
 40
0.100000
 41
0.100000
 42
0.000000
  0
VERTEX
  8
PG_SILKSCREEN_BOTTOM
 10
19.547738
 20
61.777829
 40
0.100000
 41
0.100000
 42
0.000000
  0
SEQEND
  0
POLYLINE
  8
PG_SILKSCREEN_BOTTOM
 66
1
 70
0
 40
0.000000
 41
0.000000
 39
0.000000
  0
VERTEX
  8
PG_SILKSCREEN_BOTTOM
 10
16.047745
 20
61.957839
 40
0.100000
 41
0.100000
 42
0.000000
  0
VERTEX
  8
PG_SILKSCREEN_BOTTOM
 10
16.047745
 20
61.777829
 40
0.100000
 41
0.100000
 42
0.000000
  0
SEQEND
  0
POLYLINE
  8
PG_SILKSCREEN_BOTTOM
 66
1
 70
0
 40
0.000000
 41
0.000000
 39
0.000000
  0
VERTEX
  8
PG_SILKSCREEN_BOTTOM
 10
18.527446
 20
64.577824
 40
0.100000
 41
0.100000
 42
0.000000
  0
VERTEX
  8
PG_SILKSCREEN_BOTTOM
 10
18.527446
 20
61.787532
 40
0.100000
 41
0.100000
 42
0.000000
  0
SEQEND
  0
POLYLINE
  8
PG_SILKSCREEN_BOTTOM
 66
1
 70
0
 40
0.000000
 41
0.000000
 39
0.000000
  0
VERTEX
  8
PG_SILKSCREEN_BOTTOM
 10
18.427446
 20
64.577824
 40
0.100000
 41
0.100000
 42
0.000000
  0
VERTEX
  8
PG_SILKSCREEN_BOTTOM
 10
18.427446
 20
61.787532
 40
0.100000
 41
0.100000
 42
0.000000
  0
SEQEND
  0
POLYLINE
  8
PG_SILKSCREEN_BOTTOM
 66
1
 70
0
 40
0.000000
 41
0.000000
 39
0.000000
  0
VERTEX
  8
PG_SILKSCREEN_BOTTOM
 10
18.327446
 20
64.577824
 40
0.100000
 41
0.100000
 42
0.000000
  0
VERTEX
  8
PG_SILKSCREEN_BOTTOM
 10
18.327446
 20
61.787532
 40
0.100000
 41
0.100000
 42
0.000000
  0
SEQEND
  0
POLYLINE
  8
PG_SILKSCREEN_BOTTOM
 66
1
 70
1
 40
0.000000
 41
0.000000
 39
0.000000
  0
VERTEX
  8
PG_SILKSCREEN_BOTTOM
 10
19.930847
 20
64.507821
 40
0.000000
 41
0.000000
 42
1.000000
  0
VERTEX
  8
PG_SILKSCREEN_BOTTOM
 10
19.704653
 20
64.507835
 40
0.000000
 41
0.000000
 42
1.000000
  0
SEQEND
  0
POLYLINE
  8
PIN_BOTTOM
 66
1
 70
1
 40
0.000000
 41
0.000000
 39
0.000000
  0
VERTEX
  8
PIN_BOTTOM
 10
19.965518
 20
58.946009
 40
0.000000
 41
0.000000
 42
0.000000
  0
VERTEX
  8
PIN_BOTTOM
 10
19.965518
 20
61.146004
 40
0.000000
 41
0.000000
 42
0.000000
  0
VERTEX
  8
PIN_BOTTOM
 10
18.665520
 20
61.146004
 40
0.000000
 41
0.000000
 42
0.000000
  0
VERTEX
  8
PIN_BOTTOM
 10
18.665520
 20
58.946009
 40
0.000000
 41
0.000000
 42
0.000000
  0
SEQEND
  0
POLYLINE
  8
PIN_BOTTOM
 66
1
 70
1
 40
0.000000
 41
0.000000
 39
0.000000
  0
VERTEX
  8
PIN_BOTTOM
 10
16.765524
 20
58.946009
 40
0.000000
 41
0.000000
 42
0.000000
  0
VERTEX
  8
PIN_BOTTOM
 10
16.765524
 20
61.146004
 40
0.000000
 41
0.000000
 42
0.000000
  0
VERTEX
  8
PIN_BOTTOM
 10
15.465527
 20
61.146004
 40
0.000000
 41
0.000000
 42
0.000000
  0
VERTEX
  8
PIN_BOTTOM
 10
15.465527
 20
58.946009
 40
0.000000
 41
0.000000
 42
0.000000
  0
SEQEND
  0
POLYLINE
  8
PG_SILKSCREEN_BOTTOM
 66
1
 70
0
 40
0.000000
 41
0.000000
 39
0.000000
  0
VERTEX
  8
PG_SILKSCREEN_BOTTOM
 10
19.465519
 20
58.646009
 40
0.100000
 41
0.100000
 42
0.000000
  0
VERTEX
  8
PG_SILKSCREEN_BOTTOM
 10
15.965526
 20
58.646009
 40
0.100000
 41
0.100000
 42
0.000000
  0
SEQEND
  0
POLYLINE
  8
PG_SILKSCREEN_BOTTOM
 66
1
 70
0
 40
0.000000
 41
0.000000
 39
0.000000
  0
VERTEX
  8
PG_SILKSCREEN_BOTTOM
 10
15.965526
 20
61.446004
 40
0.100000
 41
0.100000
 42
0.000000
  0
VERTEX
  8
PG_SILKSCREEN_BOTTOM
 10
19.465519
 20
61.446004
 40
0.100000
 41
0.100000
 42
0.000000
  0
VERTEX
  8
PG_SILKSCREEN_BOTTOM
 10
19.465519
 20
61.266019
 40
0.100000
 41
0.100000
 42
0.000000
  0
SEQEND
  0
POLYLINE
  8
PG_SILKSCREEN_BOTTOM
 66
1
 70
0
 40
0.000000
 41
0.000000
 39
0.000000
  0
VERTEX
  8
PG_SILKSCREEN_BOTTOM
 10
15.965526
 20
61.266019
 40
0.100000
 41
0.100000
 42
0.000000
  0
VERTEX
  8
PG_SILKSCREEN_BOTTOM
 10
15.965526
 20
61.446004
 40
0.100000
 41
0.100000
 42
0.000000
  0
SEQEND
  0
POLYLINE
  8
PG_SILKSCREEN_BOTTOM
 66
1
 70
0
 40
0.000000
 41
0.000000
 39
0.000000
  0
VERTEX
  8
PG_SILKSCREEN_BOTTOM
 10
19.465519
 20
58.826019
 40
0.100000
 41
0.100000
 42
0.000000
  0
VERTEX
  8
PG_SILKSCREEN_BOTTOM
 10
19.465519
 20
58.646009
 40
0.100000
 41
0.100000
 42
0.000000
  0
SEQEND
  0
POLYLINE
  8
PG_SILKSCREEN_BOTTOM
 66
1
 70
0
 40
0.000000
 41
0.000000
 39
0.000000
  0
VERTEX
  8
PG_SILKSCREEN_BOTTOM
 10
15.965526
 20
58.826019
 40
0.100000
 41
0.100000
 42
0.000000
  0
VERTEX
  8
PG_SILKSCREEN_BOTTOM
 10
15.965526
 20
58.646009
 40
0.100000
 41
0.100000
 42
0.000000
  0
SEQEND
  0
POLYLINE
  8
PG_SILKSCREEN_BOTTOM
 66
1
 70
0
 40
0.000000
 41
0.000000
 39
0.000000
  0
VERTEX
  8
PG_SILKSCREEN_BOTTOM
 10
18.445226
 20
61.446004
 40
0.100000
 41
0.100000
 42
0.000000
  0
VERTEX
  8
PG_SILKSCREEN_BOTTOM
 10
18.445226
 20
58.655712
 40
0.100000
 41
0.100000
 42
0.000000
  0
SEQEND
  0
POLYLINE
  8
PG_SILKSCREEN_BOTTOM
 66
1
 70
0
 40
0.000000
 41
0.000000
 39
0.000000
  0
VERTEX
  8
PG_SILKSCREEN_BOTTOM
 10
18.345226
 20
61.446004
 40
0.100000
 41
0.100000
 42
0.000000
  0
VERTEX
  8
PG_SILKSCREEN_BOTTOM
 10
18.345226
 20
58.655712
 40
0.100000
 41
0.100000
 42
0.000000
  0
SEQEND
  0
POLYLINE
  8
PG_SILKSCREEN_BOTTOM
 66
1
 70
0
 40
0.000000
 41
0.000000
 39
0.000000
  0
VERTEX
  8
PG_SILKSCREEN_BOTTOM
 10
18.245226
 20
61.446004
 40
0.100000
 41
0.100000
 42
0.000000
  0
VERTEX
  8
PG_SILKSCREEN_BOTTOM
 10
18.245226
 20
58.655712
 40
0.100000
 41
0.100000
 42
0.000000
  0
SEQEND
  0
POLYLINE
  8
PG_SILKSCREEN_BOTTOM
 66
1
 70
1
 40
0.000000
 41
0.000000
 39
0.000000
  0
VERTEX
  8
PG_SILKSCREEN_BOTTOM
 10
19.848601
 20
61.376001
 40
0.000000
 41
0.000000
 42
1.000000
  0
VERTEX
  8
PG_SILKSCREEN_BOTTOM
 10
19.622427
 20
61.376015
 40
0.000000
 41
0.000000
 42
1.000000
  0
SEQEND
  0
POLYLINE
  8
PIN_BOTTOM
 66
1
 70
1
 40
0.000000
 41
0.000000
 39
0.000000
  0
VERTEX
  8
PIN_BOTTOM
 10
6.670269
 20
53.504173
 40
0.000000
 41
0.000000
 42
0.000000
  0
VERTEX
  8
PIN_BOTTOM
 10
8.870264
 20
53.504173
 40
0.000000
 41
0.000000
 42
0.000000
  0
VERTEX
  8
PIN_BOTTOM
 10
8.870264
 20
54.804170
 40
0.000000
 41
0.000000
 42
0.000000
  0
VERTEX
  8
PIN_BOTTOM
 10
6.670269
 20
54.804170
 40
0.000000
 41
0.000000
 42
0.000000
  0
SEQEND
  0
POLYLINE
  8
PIN_BOTTOM
 66
1
 70
1
 40
0.000000
 41
0.000000
 39
0.000000
  0
VERTEX
  8
PIN_BOTTOM
 10
6.670269
 20
56.704167
 40
0.000000
 41
0.000000
 42
0.000000
  0
VERTEX
  8
PIN_BOTTOM
 10
8.870264
 20
56.704167
 40
0.000000
 41
0.000000
 42
0.000000
  0
VERTEX
  8
PIN_BOTTOM
 10
8.870264
 20
58.004164
 40
0.000000
 41
0.000000
 42
0.000000
  0
VERTEX
  8
PIN_BOTTOM
 10
6.670269
 20
58.004164
 40
0.000000
 41
0.000000
 42
0.000000
  0
SEQEND
  0
POLYLINE
  8
PG_SILKSCREEN_BOTTOM
 66
1
 70
0
 40
0.000000
 41
0.000000
 39
0.000000
  0
VERTEX
  8
PG_SILKSCREEN_BOTTOM
 10
6.370269
 20
54.004185
 40
0.100000
 41
0.100000
 42
0.000000
  0
VERTEX
  8
PG_SILKSCREEN_BOTTOM
 10
6.370269
 20
57.504178
 40
0.100000
 41
0.100000
 42
0.000000
  0
SEQEND
  0
POLYLINE
  8
PG_SILKSCREEN_BOTTOM
 66
1
 70
0
 40
0.000000
 41
0.000000
 39
0.000000
  0
VERTEX
  8
PG_SILKSCREEN_BOTTOM
 10
9.170264
 20
57.504178
 40
0.100000
 41
0.100000
 42
0.000000
  0
VERTEX
  8
PG_SILKSCREEN_BOTTOM
 10
9.170264
 20
54.004185
 40
0.100000
 41
0.100000
 42
0.000000
  0
VERTEX
  8
PG_SILKSCREEN_BOTTOM
 10
8.990279
 20
54.004185
 40
0.100000
 41
0.100000
 42
0.000000
  0
SEQEND
  0
POLYLINE
  8
PG_SILKSCREEN_BOTTOM
 66
1
 70
0
 40
0.000000
 41
0.000000
 39
0.000000
  0
VERTEX
  8
PG_SILKSCREEN_BOTTOM
 10
8.990279
 20
57.504178
 40
0.100000
 41
0.100000
 42
0.000000
  0
VERTEX
  8
PG_SILKSCREEN_BOTTOM
 10
9.170264
 20
57.504178
 40
0.100000
 41
0.100000
 42
0.000000
  0
SEQEND
  0
POLYLINE
  8
PG_SILKSCREEN_BOTTOM
 66
1
 70
0
 40
0.000000
 41
0.000000
 39
0.000000
  0
VERTEX
  8
PG_SILKSCREEN_BOTTOM
 10
6.550279
 20
54.004185
 40
0.100000
 41
0.100000
 42
0.000000
  0
VERTEX
  8
PG_SILKSCREEN_BOTTOM
 10
6.370269
 20
54.004185
 40
0.100000
 41
0.100000
 42
0.000000
  0
SEQEND
  0
POLYLINE
  8
PG_SILKSCREEN_BOTTOM
 66
1
 70
0
 40
0.000000
 41
0.000000
 39
0.000000
  0
VERTEX
  8
PG_SILKSCREEN_BOTTOM
 10
6.550279
 20
57.504178
 40
0.100000
 41
0.100000
 42
0.000000
  0
VERTEX
  8
PG_SILKSCREEN_BOTTOM
 10
6.370269
 20
57.504178
 40
0.100000
 41
0.100000
 42
0.000000
  0
SEQEND
  0
POLYLINE
  8
PG_SILKSCREEN_BOTTOM
 66
1
 70
0
 40
0.000000
 41
0.000000
 39
0.000000
  0
VERTEX
  8
PG_SILKSCREEN_BOTTOM
 10
9.170264
 20
55.024477
 40
0.100000
 41
0.100000
 42
0.000000
  0
VERTEX
  8
PG_SILKSCREEN_BOTTOM
 10
6.379972
 20
55.024477
 40
0.100000
 41
0.100000
 42
0.000000
  0
SEQEND
  0
POLYLINE
  8
PG_SILKSCREEN_BOTTOM
 66
1
 70
0
 40
0.000000
 41
0.000000
 39
0.000000
  0
VERTEX
  8
PG_SILKSCREEN_BOTTOM
 10
9.170264
 20
55.124477
 40
0.100000
 41
0.100000
 42
0.000000
  0
VERTEX
  8
PG_SILKSCREEN_BOTTOM
 10
6.379972
 20
55.124477
 40
0.100000
 41
0.100000
 42
0.000000
  0
SEQEND
  0
POLYLINE
  8
PG_SILKSCREEN_BOTTOM
 66
1
 70
0
 40
0.000000
 41
0.000000
 39
0.000000
  0
VERTEX
  8
PG_SILKSCREEN_BOTTOM
 10
9.170264
 20
55.224477
 40
0.100000
 41
0.100000
 42
0.000000
  0
VERTEX
  8
PG_SILKSCREEN_BOTTOM
 10
6.379972
 20
55.224477
 40
0.100000
 41
0.100000
 42
0.000000
  0
SEQEND
  0
POLYLINE
  8
PG_SILKSCREEN_BOTTOM
 66
1
 70
1
 40
0.000000
 41
0.000000
 39
0.000000
  0
VERTEX
  8
PG_SILKSCREEN_BOTTOM
 10
9.213367
 20
53.734183
 40
0.000000
 41
0.000000
 42
1.000000
  0
VERTEX
  8
PG_SILKSCREEN_BOTTOM
 10
8.987169
 20
53.734177
 40
0.000000
 41
0.000000
 42
1.000000
  0
SEQEND
  0
POLYLINE
  8
PIN_BOTTOM
 66
1
 70
1
 40
0.000000
 41
0.000000
 39
0.000000
  0
VERTEX
  8
PIN_BOTTOM
 10
23.955477
 20
52.672717
 40
0.000000
 41
0.000000
 42
0.000000
  0
VERTEX
  8
PIN_BOTTOM
 10
23.955477
 20
54.872712
 40
0.000000
 41
0.000000
 42
0.000000
  0
VERTEX
  8
PIN_BOTTOM
 10
22.655479
 20
54.872712
 40
0.000000
 41
0.000000
 42
0.000000
  0
VERTEX
  8
PIN_BOTTOM
 10
22.655479
 20
52.672717
 40
0.000000
 41
0.000000
 42
0.000000
  0
SEQEND
  0
POLYLINE
  8
PIN_BOTTOM
 66
1
 70
1
 40
0.000000
 41
0.000000
 39
0.000000
  0
VERTEX
  8
PIN_BOTTOM
 10
20.755483
 20
52.672717
 40
0.000000
 41
0.000000
 42
0.000000
  0
VERTEX
  8
PIN_BOTTOM
 10
20.755483
 20
54.872712
 40
0.000000
 41
0.000000
 42
0.000000
  0
VERTEX
  8
PIN_BOTTOM
 10
19.455486
 20
54.872712
 40
0.000000
 41
0.000000
 42
0.000000
  0
VERTEX
  8
PIN_BOTTOM
 10
19.455486
 20
52.672717
 40
0.000000
 41
0.000000
 42
0.000000
  0
SEQEND
  0
POLYLINE
  8
PG_SILKSCREEN_BOTTOM
 66
1
 70
0
 40
0.000000
 41
0.000000
 39
0.000000
  0
VERTEX
  8
PG_SILKSCREEN_BOTTOM
 10
23.455478
 20
52.372717
 40
0.100000
 41
0.100000
 42
0.000000
  0
VERTEX
  8
PG_SILKSCREEN_BOTTOM
 10
19.955459
 20
52.372717
 40
0.100000
 41
0.100000
 42
0.000000
  0
SEQEND
  0
POLYLINE
  8
PG_SILKSCREEN_BOTTOM
 66
1
 70
0
 40
0.000000
 41
0.000000
 39
0.000000
  0
VERTEX
  8
PG_SILKSCREEN_BOTTOM
 10
19.955459
 20
55.172712
 40
0.100000
 41
0.100000
 42
0.000000
  0
VERTEX
  8
PG_SILKSCREEN_BOTTOM
 10
23.455478
 20
55.172712
 40
0.100000
 41
0.100000
 42
0.000000
  0
VERTEX
  8
PG_SILKSCREEN_BOTTOM
 10
23.455478
 20
54.992727
 40
0.100000
 41
0.100000
 42
0.000000
  0
SEQEND
  0
POLYLINE
  8
PG_SILKSCREEN_BOTTOM
 66
1
 70
0
 40
0.000000
 41
0.000000
 39
0.000000
  0
VERTEX
  8
PG_SILKSCREEN_BOTTOM
 10
19.955459
 20
54.992727
 40
0.100000
 41
0.100000
 42
0.000000
  0
VERTEX
  8
PG_SILKSCREEN_BOTTOM
 10
19.955459
 20
55.172712
 40
0.100000
 41
0.100000
 42
0.000000
  0
SEQEND
  0
POLYLINE
  8
PG_SILKSCREEN_BOTTOM
 66
1
 70
0
 40
0.000000
 41
0.000000
 39
0.000000
  0
VERTEX
  8
PG_SILKSCREEN_BOTTOM
 10
23.455478
 20
52.552727
 40
0.100000
 41
0.100000
 42
0.000000
  0
VERTEX
  8
PG_SILKSCREEN_BOTTOM
 10
23.455478
 20
52.372717
 40
0.100000
 41
0.100000
 42
0.000000
  0
SEQEND
  0
POLYLINE
  8
PG_SILKSCREEN_BOTTOM
 66
1
 70
0
 40
0.000000
 41
0.000000
 39
0.000000
  0
VERTEX
  8
PG_SILKSCREEN_BOTTOM
 10
19.955459
 20
52.552727
 40
0.100000
 41
0.100000
 42
0.000000
  0
VERTEX
  8
PG_SILKSCREEN_BOTTOM
 10
19.955459
 20
52.372717
 40
0.100000
 41
0.100000
 42
0.000000
  0
SEQEND
  0
POLYLINE
  8
PG_SILKSCREEN_BOTTOM
 66
1
 70
0
 40
0.000000
 41
0.000000
 39
0.000000
  0
VERTEX
  8
PG_SILKSCREEN_BOTTOM
 10
22.435160
 20
55.172712
 40
0.100000
 41
0.100000
 42
0.000000
  0
VERTEX
  8
PG_SILKSCREEN_BOTTOM
 10
22.435160
 20
52.382420
 40
0.100000
 41
0.100000
 42
0.000000
  0
SEQEND
  0
POLYLINE
  8
PG_SILKSCREEN_BOTTOM
 66
1
 70
0
 40
0.000000
 41
0.000000
 39
0.000000
  0
VERTEX
  8
PG_SILKSCREEN_BOTTOM
 10
22.335160
 20
55.172712
 40
0.100000
 41
0.100000
 42
0.000000
  0
VERTEX
  8
PG_SILKSCREEN_BOTTOM
 10
22.335160
 20
52.382420
 40
0.100000
 41
0.100000
 42
0.000000
  0
SEQEND
  0
POLYLINE
  8
PG_SILKSCREEN_BOTTOM
 66
1
 70
0
 40
0.000000
 41
0.000000
 39
0.000000
  0
VERTEX
  8
PG_SILKSCREEN_BOTTOM
 10
22.235160
 20
55.172712
 40
0.100000
 41
0.100000
 42
0.000000
  0
VERTEX
  8
PG_SILKSCREEN_BOTTOM
 10
22.235160
 20
52.382420
 40
0.100000
 41
0.100000
 42
0.000000
  0
SEQEND
  0
POLYLINE
  8
PG_SILKSCREEN_BOTTOM
 66
1
 70
1
 40
0.000000
 41
0.000000
 39
0.000000
  0
VERTEX
  8
PG_SILKSCREEN_BOTTOM
 10
23.838560
 20
55.102709
 40
0.000000
 41
0.000000
 42
1.000000
  0
VERTEX
  8
PG_SILKSCREEN_BOTTOM
 10
23.612372
 20
55.102723
 40
0.000000
 41
0.000000
 42
1.000000
  0
SEQEND
  0
POLYLINE
  8
PIN_BOTTOM
 66
1
 70
1
 40
0.000000
 41
0.000000
 39
0.000000
  0
VERTEX
  8
PIN_BOTTOM
 10
6.276696
 20
66.301391
 40
0.000000
 41
0.000000
 42
0.000000
  0
VERTEX
  8
PIN_BOTTOM
 10
6.784696
 20
66.301391
 40
0.000000
 41
0.000000
 42
0.000000
  0
VERTEX
  8
PIN_BOTTOM
 10
6.784696
 20
66.809391
 40
0.000000
 41
0.000000
 42
0.000000
  0
VERTEX
  8
PIN_BOTTOM
 10
6.276696
 20
66.809391
 40
0.000000
 41
0.000000
 42
0.000000
  0
SEQEND
  0
POLYLINE
  8
PIN_BOTTOM
 66
1
 70
1
 40
0.000000
 41
0.000000
 39
0.000000
  0
VERTEX
  8
PIN_BOTTOM
 10
6.276696
 20
67.215791
 40
0.000000
 41
0.000000
 42
0.000000
  0
VERTEX
  8
PIN_BOTTOM
 10
6.784696
 20
67.215791
 40
0.000000
 41
0.000000
 42
0.000000
  0
VERTEX
  8
PIN_BOTTOM
 10
6.784696
 20
67.723791
 40
0.000000
 41
0.000000
 42
0.000000
  0
VERTEX
  8
PIN_BOTTOM
 10
6.276696
 20
67.723791
 40
0.000000
 41
0.000000
 42
0.000000
  0
SEQEND
  0
POLYLINE
  8
PG_SILKSCREEN_BOTTOM
 66
1
 70
0
 40
0.000000
 41
0.000000
 39
0.000000
  0
VERTEX
  8
PG_SILKSCREEN_BOTTOM
 10
6.886296
 20
67.829811
 40
0.101600
 41
0.101600
 42
0.000000
  0
VERTEX
  8
PG_SILKSCREEN_BOTTOM
 10
6.175096
 20
67.829811
 40
0.101600
 41
0.101600
 42
0.000000
  0
SEQEND
  0
POLYLINE
  8
PG_SILKSCREEN_BOTTOM
 66
1
 70
0
 40
0.000000
 41
0.000000
 39
0.000000
  0
VERTEX
  8
PG_SILKSCREEN_BOTTOM
 10
6.886296
 20
67.215791
 40
0.101600
 41
0.101600
 42
0.000000
  0
VERTEX
  8
PG_SILKSCREEN_BOTTOM
 10
6.886296
 20
67.825391
 40
0.101600
 41
0.101600
 42
0.000000
  0
SEQEND
  0
POLYLINE
  8
PG_SILKSCREEN_BOTTOM
 66
1
 70
0
 40
0.000000
 41
0.000000
 39
0.000000
  0
VERTEX
  8
PG_SILKSCREEN_BOTTOM
 10
6.175096
 20
67.825391
 40
0.101600
 41
0.101600
 42
0.000000
  0
VERTEX
  8
PG_SILKSCREEN_BOTTOM
 10
6.175096
 20
67.241191
 40
0.101600
 41
0.101600
 42
0.000000
  0
SEQEND
  0
POLYLINE
  8
PG_SILKSCREEN_BOTTOM
 66
1
 70
0
 40
0.000000
 41
0.000000
 39
0.000000
  0
VERTEX
  8
PG_SILKSCREEN_BOTTOM
 10
6.175096
 20
66.195397
 40
0.101600
 41
0.101600
 42
0.000000
  0
VERTEX
  8
PG_SILKSCREEN_BOTTOM
 10
6.175096
 20
66.804997
 40
0.101600
 41
0.101600
 42
0.000000
  0
SEQEND
  0
POLYLINE
  8
PG_SILKSCREEN_BOTTOM
 66
1
 70
0
 40
0.000000
 41
0.000000
 39
0.000000
  0
VERTEX
  8
PG_SILKSCREEN_BOTTOM
 10
6.886296
 20
66.195397
 40
0.101600
 41
0.101600
 42
0.000000
  0
VERTEX
  8
PG_SILKSCREEN_BOTTOM
 10
6.175096
 20
66.195397
 40
0.101600
 41
0.101600
 42
0.000000
  0
SEQEND
  0
POLYLINE
  8
PG_SILKSCREEN_BOTTOM
 66
1
 70
0
 40
0.000000
 41
0.000000
 39
0.000000
  0
VERTEX
  8
PG_SILKSCREEN_BOTTOM
 10
6.886296
 20
66.195397
 40
0.101600
 41
0.101600
 42
0.000000
  0
VERTEX
  8
PG_SILKSCREEN_BOTTOM
 10
6.886296
 20
66.804997
 40
0.101600
 41
0.101600
 42
0.000000
  0
SEQEND
  0
POLYLINE
  8
PIN_BOTTOM
 66
1
 70
1
 40
0.000000
 41
0.000000
 39
0.000000
  0
VERTEX
  8
PIN_BOTTOM
 10
37.549861
 20
8.931808
 40
0.000000
 41
0.000000
 42
0.000000
  0
VERTEX
  8
PIN_BOTTOM
 10
37.549861
 20
8.423808
 40
0.000000
 41
0.000000
 42
0.000000
  0
VERTEX
  8
PIN_BOTTOM
 10
38.057861
 20
8.423808
 40
0.000000
 41
0.000000
 42
0.000000
  0
VERTEX
  8
PIN_BOTTOM
 10
38.057861
 20
8.931808
 40
0.000000
 41
0.000000
 42
0.000000
  0
SEQEND
  0
POLYLINE
  8
PIN_BOTTOM
 66
1
 70
1
 40
0.000000
 41
0.000000
 39
0.000000
  0
VERTEX
  8
PIN_BOTTOM
 10
38.464261
 20
8.931808
 40
0.000000
 41
0.000000
 42
0.000000
  0
VERTEX
  8
PIN_BOTTOM
 10
38.464261
 20
8.423808
 40
0.000000
 41
0.000000
 42
0.000000
  0
VERTEX
  8
PIN_BOTTOM
 10
38.972261
 20
8.423808
 40
0.000000
 41
0.000000
 42
0.000000
  0
VERTEX
  8
PIN_BOTTOM
 10
38.972261
 20
8.931808
 40
0.000000
 41
0.000000
 42
0.000000
  0
SEQEND
  0
POLYLINE
  8
PG_SILKSCREEN_BOTTOM
 66
1
 70
0
 40
0.000000
 41
0.000000
 39
0.000000
  0
VERTEX
  8
PG_SILKSCREEN_BOTTOM
 10
39.078281
 20
8.322208
 40
0.101600
 41
0.101600
 42
0.000000
  0
VERTEX
  8
PG_SILKSCREEN_BOTTOM
 10
39.078281
 20
9.033408
 40
0.101600
 41
0.101600
 42
0.000000
  0
SEQEND
  0
POLYLINE
  8
PG_SILKSCREEN_BOTTOM
 66
1
 70
0
 40
0.000000
 41
0.000000
 39
0.000000
  0
VERTEX
  8
PG_SILKSCREEN_BOTTOM
 10
38.464261
 20
8.322208
 40
0.101600
 41
0.101600
 42
0.000000
  0
VERTEX
  8
PG_SILKSCREEN_BOTTOM
 10
39.073861
 20
8.322208
 40
0.101600
 41
0.101600
 42
0.000000
  0
SEQEND
  0
POLYLINE
  8
PG_SILKSCREEN_BOTTOM
 66
1
 70
0
 40
0.000000
 41
0.000000
 39
0.000000
  0
VERTEX
  8
PG_SILKSCREEN_BOTTOM
 10
39.073861
 20
9.033408
 40
0.101600
 41
0.101600
 42
0.000000
  0
VERTEX
  8
PG_SILKSCREEN_BOTTOM
 10
38.489661
 20
9.033408
 40
0.101600
 41
0.101600
 42
0.000000
  0
SEQEND
  0
POLYLINE
  8
PG_SILKSCREEN_BOTTOM
 66
1
 70
0
 40
0.000000
 41
0.000000
 39
0.000000
  0
VERTEX
  8
PG_SILKSCREEN_BOTTOM
 10
37.443867
 20
9.033408
 40
0.101600
 41
0.101600
 42
0.000000
  0
VERTEX
  8
PG_SILKSCREEN_BOTTOM
 10
38.053467
 20
9.033408
 40
0.101600
 41
0.101600
 42
0.000000
  0
SEQEND
  0
POLYLINE
  8
PG_SILKSCREEN_BOTTOM
 66
1
 70
0
 40
0.000000
 41
0.000000
 39
0.000000
  0
VERTEX
  8
PG_SILKSCREEN_BOTTOM
 10
37.443867
 20
8.322208
 40
0.101600
 41
0.101600
 42
0.000000
  0
VERTEX
  8
PG_SILKSCREEN_BOTTOM
 10
37.443867
 20
9.033408
 40
0.101600
 41
0.101600
 42
0.000000
  0
SEQEND
  0
POLYLINE
  8
PG_SILKSCREEN_BOTTOM
 66
1
 70
0
 40
0.000000
 41
0.000000
 39
0.000000
  0
VERTEX
  8
PG_SILKSCREEN_BOTTOM
 10
37.443867
 20
8.322208
 40
0.101600
 41
0.101600
 42
0.000000
  0
VERTEX
  8
PG_SILKSCREEN_BOTTOM
 10
38.053467
 20
8.322208
 40
0.101600
 41
0.101600
 42
0.000000
  0
SEQEND
  0
POLYLINE
  8
PIN_BOTTOM
 66
1
 70
1
 40
0.000000
 41
0.000000
 39
0.000000
  0
VERTEX
  8
PIN_BOTTOM
 10
21.488375
 20
72.854363
 40
0.000000
 41
0.000000
 42
0.000000
  0
VERTEX
  8
PIN_BOTTOM
 10
21.488375
 20
73.362363
 40
0.000000
 41
0.000000
 42
0.000000
  0
VERTEX
  8
PIN_BOTTOM
 10
20.980375
 20
73.362363
 40
0.000000
 41
0.000000
 42
0.000000
  0
VERTEX
  8
PIN_BOTTOM
 10
20.980375
 20
72.854363
 40
0.000000
 41
0.000000
 42
0.000000
  0
SEQEND
  0
POLYLINE
  8
PIN_BOTTOM
 66
1
 70
1
 40
0.000000
 41
0.000000
 39
0.000000
  0
VERTEX
  8
PIN_BOTTOM
 10
20.573975
 20
72.854363
 40
0.000000
 41
0.000000
 42
0.000000
  0
VERTEX
  8
PIN_BOTTOM
 10
20.573975
 20
73.362363
 40
0.000000
 41
0.000000
 42
0.000000
  0
VERTEX
  8
PIN_BOTTOM
 10
20.065975
 20
73.362363
 40
0.000000
 41
0.000000
 42
0.000000
  0
VERTEX
  8
PIN_BOTTOM
 10
20.065975
 20
72.854363
 40
0.000000
 41
0.000000
 42
0.000000
  0
SEQEND
  0
POLYLINE
  8
PG_SILKSCREEN_BOTTOM
 66
1
 70
0
 40
0.000000
 41
0.000000
 39
0.000000
  0
VERTEX
  8
PG_SILKSCREEN_BOTTOM
 10
19.959955
 20
73.463963
 40
0.101600
 41
0.101600
 42
0.000000
  0
VERTEX
  8
PG_SILKSCREEN_BOTTOM
 10
19.959955
 20
72.752763
 40
0.101600
 41
0.101600
 42
0.000000
  0
SEQEND
  0
POLYLINE
  8
PG_SILKSCREEN_BOTTOM
 66
1
 70
0
 40
0.000000
 41
0.000000
 39
0.000000
  0
VERTEX
  8
PG_SILKSCREEN_BOTTOM
 10
20.573975
 20
73.463963
 40
0.101600
 41
0.101600
 42
0.000000
  0
VERTEX
  8
PG_SILKSCREEN_BOTTOM
 10
19.964375
 20
73.463963
 40
0.101600
 41
0.101600
 42
0.000000
  0
SEQEND
  0
POLYLINE
  8
PG_SILKSCREEN_BOTTOM
 66
1
 70
0
 40
0.000000
 41
0.000000
 39
0.000000
  0
VERTEX
  8
PG_SILKSCREEN_BOTTOM
 10
19.964375
 20
72.752763
 40
0.101600
 41
0.101600
 42
0.000000
  0
VERTEX
  8
PG_SILKSCREEN_BOTTOM
 10
20.548575
 20
72.752763
 40
0.101600
 41
0.101600
 42
0.000000
  0
SEQEND
  0
POLYLINE
  8
PG_SILKSCREEN_BOTTOM
 66
1
 70
0
 40
0.000000
 41
0.000000
 39
0.000000
  0
VERTEX
  8
PG_SILKSCREEN_BOTTOM
 10
21.594369
 20
72.752763
 40
0.101600
 41
0.101600
 42
0.000000
  0
VERTEX
  8
PG_SILKSCREEN_BOTTOM
 10
20.984769
 20
72.752763
 40
0.101600
 41
0.101600
 42
0.000000
  0
SEQEND
  0
POLYLINE
  8
PG_SILKSCREEN_BOTTOM
 66
1
 70
0
 40
0.000000
 41
0.000000
 39
0.000000
  0
VERTEX
  8
PG_SILKSCREEN_BOTTOM
 10
21.594369
 20
73.463963
 40
0.101600
 41
0.101600
 42
0.000000
  0
VERTEX
  8
PG_SILKSCREEN_BOTTOM
 10
21.594369
 20
72.752763
 40
0.101600
 41
0.101600
 42
0.000000
  0
SEQEND
  0
POLYLINE
  8
PG_SILKSCREEN_BOTTOM
 66
1
 70
0
 40
0.000000
 41
0.000000
 39
0.000000
  0
VERTEX
  8
PG_SILKSCREEN_BOTTOM
 10
21.594369
 20
73.463963
 40
0.101600
 41
0.101600
 42
0.000000
  0
VERTEX
  8
PG_SILKSCREEN_BOTTOM
 10
20.984769
 20
73.463963
 40
0.101600
 41
0.101600
 42
0.000000
  0
SEQEND
  0
POLYLINE
  8
PIN_BOTTOM
 66
1
 70
1
 40
0.000000
 41
0.000000
 39
0.000000
  0
VERTEX
  8
PIN_BOTTOM
 10
44.031535
 20
46.304175
 40
0.000000
 41
0.000000
 42
0.000000
  0
VERTEX
  8
PIN_BOTTOM
 10
43.523535
 20
46.304175
 40
0.000000
 41
0.000000
 42
0.000000
  0
VERTEX
  8
PIN_BOTTOM
 10
43.523535
 20
45.796175
 40
0.000000
 41
0.000000
 42
0.000000
  0
VERTEX
  8
PIN_BOTTOM
 10
44.031535
 20
45.796175
 40
0.000000
 41
0.000000
 42
0.000000
  0
SEQEND
  0
POLYLINE
  8
PIN_BOTTOM
 66
1
 70
1
 40
0.000000
 41
0.000000
 39
0.000000
  0
VERTEX
  8
PIN_BOTTOM
 10
44.031535
 20
45.389775
 40
0.000000
 41
0.000000
 42
0.000000
  0
VERTEX
  8
PIN_BOTTOM
 10
43.523535
 20
45.389775
 40
0.000000
 41
0.000000
 42
0.000000
  0
VERTEX
  8
PIN_BOTTOM
 10
43.523535
 20
44.881775
 40
0.000000
 41
0.000000
 42
0.000000
  0
VERTEX
  8
PIN_BOTTOM
 10
44.031535
 20
44.881775
 40
0.000000
 41
0.000000
 42
0.000000
  0
SEQEND
  0
POLYLINE
  8
PG_SILKSCREEN_BOTTOM
 66
1
 70
0
 40
0.000000
 41
0.000000
 39
0.000000
  0
VERTEX
  8
PG_SILKSCREEN_BOTTOM
 10
43.421935
 20
44.775755
 40
0.101600
 41
0.101600
 42
0.000000
  0
VERTEX
  8
PG_SILKSCREEN_BOTTOM
 10
44.133135
 20
44.775755
 40
0.101600
 41
0.101600
 42
0.000000
  0
SEQEND
  0
POLYLINE
  8
PG_SILKSCREEN_BOTTOM
 66
1
 70
0
 40
0.000000
 41
0.000000
 39
0.000000
  0
VERTEX
  8
PG_SILKSCREEN_BOTTOM
 10
43.421935
 20
45.389775
 40
0.101600
 41
0.101600
 42
0.000000
  0
VERTEX
  8
PG_SILKSCREEN_BOTTOM
 10
43.421935
 20
44.780175
 40
0.101600
 41
0.101600
 42
0.000000
  0
SEQEND
  0
POLYLINE
  8
PG_SILKSCREEN_BOTTOM
 66
1
 70
0
 40
0.000000
 41
0.000000
 39
0.000000
  0
VERTEX
  8
PG_SILKSCREEN_BOTTOM
 10
44.133135
 20
44.780175
 40
0.101600
 41
0.101600
 42
0.000000
  0
VERTEX
  8
PG_SILKSCREEN_BOTTOM
 10
44.133135
 20
45.364375
 40
0.101600
 41
0.101600
 42
0.000000
  0
SEQEND
  0
POLYLINE
  8
PG_SILKSCREEN_BOTTOM
 66
1
 70
0
 40
0.000000
 41
0.000000
 39
0.000000
  0
VERTEX
  8
PG_SILKSCREEN_BOTTOM
 10
44.133135
 20
46.410169
 40
0.101600
 41
0.101600
 42
0.000000
  0
VERTEX
  8
PG_SILKSCREEN_BOTTOM
 10
44.133135
 20
45.800569
 40
0.101600
 41
0.101600
 42
0.000000
  0
SEQEND
  0
POLYLINE
  8
PG_SILKSCREEN_BOTTOM
 66
1
 70
0
 40
0.000000
 41
0.000000
 39
0.000000
  0
VERTEX
  8
PG_SILKSCREEN_BOTTOM
 10
43.421935
 20
46.410169
 40
0.101600
 41
0.101600
 42
0.000000
  0
VERTEX
  8
PG_SILKSCREEN_BOTTOM
 10
44.133135
 20
46.410169
 40
0.101600
 41
0.101600
 42
0.000000
  0
SEQEND
  0
POLYLINE
  8
PG_SILKSCREEN_BOTTOM
 66
1
 70
0
 40
0.000000
 41
0.000000
 39
0.000000
  0
VERTEX
  8
PG_SILKSCREEN_BOTTOM
 10
43.421935
 20
46.410169
 40
0.101600
 41
0.101600
 42
0.000000
  0
VERTEX
  8
PG_SILKSCREEN_BOTTOM
 10
43.421935
 20
45.800569
 40
0.101600
 41
0.101600
 42
0.000000
  0
SEQEND
  0
POLYLINE
  8
PIN_BOTTOM
 66
1
 70
1
 40
0.000000
 41
0.000000
 39
0.000000
  0
VERTEX
  8
PIN_BOTTOM
 10
55.264304
 20
67.892422
 40
0.000000
 41
0.000000
 42
0.000000
  0
VERTEX
  8
PIN_BOTTOM
 10
54.756304
 20
67.892422
 40
0.000000
 41
0.000000
 42
0.000000
  0
VERTEX
  8
PIN_BOTTOM
 10
54.756304
 20
67.384422
 40
0.000000
 41
0.000000
 42
0.000000
  0
VERTEX
  8
PIN_BOTTOM
 10
55.264304
 20
67.384422
 40
0.000000
 41
0.000000
 42
0.000000
  0
SEQEND
  0
POLYLINE
  8
PIN_BOTTOM
 66
1
 70
1
 40
0.000000
 41
0.000000
 39
0.000000
  0
VERTEX
  8
PIN_BOTTOM
 10
55.264304
 20
66.978022
 40
0.000000
 41
0.000000
 42
0.000000
  0
VERTEX
  8
PIN_BOTTOM
 10
54.756304
 20
66.978022
 40
0.000000
 41
0.000000
 42
0.000000
  0
VERTEX
  8
PIN_BOTTOM
 10
54.756304
 20
66.470022
 40
0.000000
 41
0.000000
 42
0.000000
  0
VERTEX
  8
PIN_BOTTOM
 10
55.264304
 20
66.470022
 40
0.000000
 41
0.000000
 42
0.000000
  0
SEQEND
  0
POLYLINE
  8
PG_SILKSCREEN_BOTTOM
 66
1
 70
0
 40
0.000000
 41
0.000000
 39
0.000000
  0
VERTEX
  8
PG_SILKSCREEN_BOTTOM
 10
54.654704
 20
66.364002
 40
0.101600
 41
0.101600
 42
0.000000
  0
VERTEX
  8
PG_SILKSCREEN_BOTTOM
 10
55.365904
 20
66.364002
 40
0.101600
 41
0.101600
 42
0.000000
  0
SEQEND
  0
POLYLINE
  8
PG_SILKSCREEN_BOTTOM
 66
1
 70
0
 40
0.000000
 41
0.000000
 39
0.000000
  0
VERTEX
  8
PG_SILKSCREEN_BOTTOM
 10
54.654704
 20
66.978022
 40
0.101600
 41
0.101600
 42
0.000000
  0
VERTEX
  8
PG_SILKSCREEN_BOTTOM
 10
54.654704
 20
66.368422
 40
0.101600
 41
0.101600
 42
0.000000
  0
SEQEND
  0
POLYLINE
  8
PG_SILKSCREEN_BOTTOM
 66
1
 70
0
 40
0.000000
 41
0.000000
 39
0.000000
  0
VERTEX
  8
PG_SILKSCREEN_BOTTOM
 10
55.365904
 20
66.368422
 40
0.101600
 41
0.101600
 42
0.000000
  0
VERTEX
  8
PG_SILKSCREEN_BOTTOM
 10
55.365904
 20
66.952622
 40
0.101600
 41
0.101600
 42
0.000000
  0
SEQEND
  0
POLYLINE
  8
PG_SILKSCREEN_BOTTOM
 66
1
 70
0
 40
0.000000
 41
0.000000
 39
0.000000
  0
VERTEX
  8
PG_SILKSCREEN_BOTTOM
 10
55.365904
 20
67.998416
 40
0.101600
 41
0.101600
 42
0.000000
  0
VERTEX
  8
PG_SILKSCREEN_BOTTOM
 10
55.365904
 20
67.388816
 40
0.101600
 41
0.101600
 42
0.000000
  0
SEQEND
  0
POLYLINE
  8
PG_SILKSCREEN_BOTTOM
 66
1
 70
0
 40
0.000000
 41
0.000000
 39
0.000000
  0
VERTEX
  8
PG_SILKSCREEN_BOTTOM
 10
54.654704
 20
67.998416
 40
0.101600
 41
0.101600
 42
0.000000
  0
VERTEX
  8
PG_SILKSCREEN_BOTTOM
 10
55.365904
 20
67.998416
 40
0.101600
 41
0.101600
 42
0.000000
  0
SEQEND
  0
POLYLINE
  8
PG_SILKSCREEN_BOTTOM
 66
1
 70
0
 40
0.000000
 41
0.000000
 39
0.000000
  0
VERTEX
  8
PG_SILKSCREEN_BOTTOM
 10
54.654704
 20
67.998416
 40
0.101600
 41
0.101600
 42
0.000000
  0
VERTEX
  8
PG_SILKSCREEN_BOTTOM
 10
54.654704
 20
67.388816
 40
0.101600
 41
0.101600
 42
0.000000
  0
SEQEND
  0
POLYLINE
  8
PIN_BOTTOM
 66
1
 70
1
 40
0.000000
 41
0.000000
 39
0.000000
  0
VERTEX
  8
PIN_BOTTOM
 10
69.146166
 20
66.371216
 40
0.000000
 41
0.000000
 42
0.000000
  0
VERTEX
  8
PIN_BOTTOM
 10
69.146166
 20
65.863216
 40
0.000000
 41
0.000000
 42
0.000000
  0
VERTEX
  8
PIN_BOTTOM
 10
69.654166
 20
65.863216
 40
0.000000
 41
0.000000
 42
0.000000
  0
VERTEX
  8
PIN_BOTTOM
 10
69.654166
 20
66.371216
 40
0.000000
 41
0.000000
 42
0.000000
  0
SEQEND
  0
POLYLINE
  8
PIN_BOTTOM
 66
1
 70
1
 40
0.000000
 41
0.000000
 39
0.000000
  0
VERTEX
  8
PIN_BOTTOM
 10
70.060566
 20
66.371216
 40
0.000000
 41
0.000000
 42
0.000000
  0
VERTEX
  8
PIN_BOTTOM
 10
70.060566
 20
65.863216
 40
0.000000
 41
0.000000
 42
0.000000
  0
VERTEX
  8
PIN_BOTTOM
 10
70.568566
 20
65.863216
 40
0.000000
 41
0.000000
 42
0.000000
  0
VERTEX
  8
PIN_BOTTOM
 10
70.568566
 20
66.371216
 40
0.000000
 41
0.000000
 42
0.000000
  0
SEQEND
  0
POLYLINE
  8
PG_SILKSCREEN_BOTTOM
 66
1
 70
0
 40
0.000000
 41
0.000000
 39
0.000000
  0
VERTEX
  8
PG_SILKSCREEN_BOTTOM
 10
70.674586
 20
65.761616
 40
0.101600
 41
0.101600
 42
0.000000
  0
VERTEX
  8
PG_SILKSCREEN_BOTTOM
 10
70.674586
 20
66.472816
 40
0.101600
 41
0.101600
 42
0.000000
  0
SEQEND
  0
POLYLINE
  8
PG_SILKSCREEN_BOTTOM
 66
1
 70
0
 40
0.000000
 41
0.000000
 39
0.000000
  0
VERTEX
  8
PG_SILKSCREEN_BOTTOM
 10
70.060566
 20
65.761616
 40
0.101600
 41
0.101600
 42
0.000000
  0
VERTEX
  8
PG_SILKSCREEN_BOTTOM
 10
70.670166
 20
65.761616
 40
0.101600
 41
0.101600
 42
0.000000
  0
SEQEND
  0
POLYLINE
  8
PG_SILKSCREEN_BOTTOM
 66
1
 70
0
 40
0.000000
 41
0.000000
 39
0.000000
  0
VERTEX
  8
PG_SILKSCREEN_BOTTOM
 10
70.670166
 20
66.472816
 40
0.101600
 41
0.101600
 42
0.000000
  0
VERTEX
  8
PG_SILKSCREEN_BOTTOM
 10
70.085966
 20
66.472816
 40
0.101600
 41
0.101600
 42
0.000000
  0
SEQEND
  0
POLYLINE
  8
PG_SILKSCREEN_BOTTOM
 66
1
 70
0
 40
0.000000
 41
0.000000
 39
0.000000
  0
VERTEX
  8
PG_SILKSCREEN_BOTTOM
 10
69.040172
 20
66.472816
 40
0.101600
 41
0.101600
 42
0.000000
  0
VERTEX
  8
PG_SILKSCREEN_BOTTOM
 10
69.649772
 20
66.472816
 40
0.101600
 41
0.101600
 42
0.000000
  0
SEQEND
  0
POLYLINE
  8
PG_SILKSCREEN_BOTTOM
 66
1
 70
0
 40
0.000000
 41
0.000000
 39
0.000000
  0
VERTEX
  8
PG_SILKSCREEN_BOTTOM
 10
69.040172
 20
65.761616
 40
0.101600
 41
0.101600
 42
0.000000
  0
VERTEX
  8
PG_SILKSCREEN_BOTTOM
 10
69.040172
 20
66.472816
 40
0.101600
 41
0.101600
 42
0.000000
  0
SEQEND
  0
POLYLINE
  8
PG_SILKSCREEN_BOTTOM
 66
1
 70
0
 40
0.000000
 41
0.000000
 39
0.000000
  0
VERTEX
  8
PG_SILKSCREEN_BOTTOM
 10
69.040172
 20
65.761616
 40
0.101600
 41
0.101600
 42
0.000000
  0
VERTEX
  8
PG_SILKSCREEN_BOTTOM
 10
69.649772
 20
65.761616
 40
0.101600
 41
0.101600
 42
0.000000
  0
SEQEND
  0
POLYLINE
  8
PIN_BOTTOM
 66
1
 70
1
 40
0.000000
 41
0.000000
 39
0.000000
  0
VERTEX
  8
PIN_BOTTOM
 10
56.694629
 20
68.689703
 40
0.000000
 41
0.000000
 42
0.000000
  0
VERTEX
  8
PIN_BOTTOM
 10
56.694629
 20
68.181703
 40
0.000000
 41
0.000000
 42
0.000000
  0
VERTEX
  8
PIN_BOTTOM
 10
57.202629
 20
68.181703
 40
0.000000
 41
0.000000
 42
0.000000
  0
VERTEX
  8
PIN_BOTTOM
 10
57.202629
 20
68.689703
 40
0.000000
 41
0.000000
 42
0.000000
  0
SEQEND
  0
POLYLINE
  8
PIN_BOTTOM
 66
1
 70
1
 40
0.000000
 41
0.000000
 39
0.000000
  0
VERTEX
  8
PIN_BOTTOM
 10
57.609029
 20
68.689703
 40
0.000000
 41
0.000000
 42
0.000000
  0
VERTEX
  8
PIN_BOTTOM
 10
57.609029
 20
68.181703
 40
0.000000
 41
0.000000
 42
0.000000
  0
VERTEX
  8
PIN_BOTTOM
 10
58.117029
 20
68.181703
 40
0.000000
 41
0.000000
 42
0.000000
  0
VERTEX
  8
PIN_BOTTOM
 10
58.117029
 20
68.689703
 40
0.000000
 41
0.000000
 42
0.000000
  0
SEQEND
  0
POLYLINE
  8
PG_SILKSCREEN_BOTTOM
 66
1
 70
0
 40
0.000000
 41
0.000000
 39
0.000000
  0
VERTEX
  8
PG_SILKSCREEN_BOTTOM
 10
58.223048
 20
68.080103
 40
0.101600
 41
0.101600
 42
0.000000
  0
VERTEX
  8
PG_SILKSCREEN_BOTTOM
 10
58.223048
 20
68.791303
 40
0.101600
 41
0.101600
 42
0.000000
  0
SEQEND
  0
POLYLINE
  8
PG_SILKSCREEN_BOTTOM
 66
1
 70
0
 40
0.000000
 41
0.000000
 39
0.000000
  0
VERTEX
  8
PG_SILKSCREEN_BOTTOM
 10
57.609029
 20
68.080103
 40
0.101600
 41
0.101600
 42
0.000000
  0
VERTEX
  8
PG_SILKSCREEN_BOTTOM
 10
58.218629
 20
68.080103
 40
0.101600
 41
0.101600
 42
0.000000
  0
SEQEND
  0
POLYLINE
  8
PG_SILKSCREEN_BOTTOM
 66
1
 70
0
 40
0.000000
 41
0.000000
 39
0.000000
  0
VERTEX
  8
PG_SILKSCREEN_BOTTOM
 10
58.218629
 20
68.791303
 40
0.101600
 41
0.101600
 42
0.000000
  0
VERTEX
  8
PG_SILKSCREEN_BOTTOM
 10
57.634429
 20
68.791303
 40
0.101600
 41
0.101600
 42
0.000000
  0
SEQEND
  0
POLYLINE
  8
PG_SILKSCREEN_BOTTOM
 66
1
 70
0
 40
0.000000
 41
0.000000
 39
0.000000
  0
VERTEX
  8
PG_SILKSCREEN_BOTTOM
 10
56.588635
 20
68.791303
 40
0.101600
 41
0.101600
 42
0.000000
  0
VERTEX
  8
PG_SILKSCREEN_BOTTOM
 10
57.198235
 20
68.791303
 40
0.101600
 41
0.101600
 42
0.000000
  0
SEQEND
  0
POLYLINE
  8
PG_SILKSCREEN_BOTTOM
 66
1
 70
0
 40
0.000000
 41
0.000000
 39
0.000000
  0
VERTEX
  8
PG_SILKSCREEN_BOTTOM
 10
56.588635
 20
68.080103
 40
0.101600
 41
0.101600
 42
0.000000
  0
VERTEX
  8
PG_SILKSCREEN_BOTTOM
 10
56.588635
 20
68.791303
 40
0.101600
 41
0.101600
 42
0.000000
  0
SEQEND
  0
POLYLINE
  8
PG_SILKSCREEN_BOTTOM
 66
1
 70
0
 40
0.000000
 41
0.000000
 39
0.000000
  0
VERTEX
  8
PG_SILKSCREEN_BOTTOM
 10
56.588635
 20
68.080103
 40
0.101600
 41
0.101600
 42
0.000000
  0
VERTEX
  8
PG_SILKSCREEN_BOTTOM
 10
57.198235
 20
68.080103
 40
0.101600
 41
0.101600
 42
0.000000
  0
SEQEND
  0
POLYLINE
  8
PIN_BOTTOM
 66
1
 70
1
 40
0.000000
 41
0.000000
 39
0.000000
  0
VERTEX
  8
PIN_BOTTOM
 10
70.692493
 20
66.920313
 40
0.000000
 41
0.000000
 42
0.000000
  0
VERTEX
  8
PIN_BOTTOM
 10
70.692493
 20
67.428313
 40
0.000000
 41
0.000000
 42
0.000000
  0
VERTEX
  8
PIN_BOTTOM
 10
70.184493
 20
67.428313
 40
0.000000
 41
0.000000
 42
0.000000
  0
VERTEX
  8
PIN_BOTTOM
 10
70.184493
 20
66.920313
 40
0.000000
 41
0.000000
 42
0.000000
  0
SEQEND
  0
POLYLINE
  8
PIN_BOTTOM
 66
1
 70
1
 40
0.000000
 41
0.000000
 39
0.000000
  0
VERTEX
  8
PIN_BOTTOM
 10
69.778093
 20
66.920313
 40
0.000000
 41
0.000000
 42
0.000000
  0
VERTEX
  8
PIN_BOTTOM
 10
69.778093
 20
67.428313
 40
0.000000
 41
0.000000
 42
0.000000
  0
VERTEX
  8
PIN_BOTTOM
 10
69.270093
 20
67.428313
 40
0.000000
 41
0.000000
 42
0.000000
  0
VERTEX
  8
PIN_BOTTOM
 10
69.270093
 20
66.920313
 40
0.000000
 41
0.000000
 42
0.000000
  0
SEQEND
  0
POLYLINE
  8
PG_SILKSCREEN_BOTTOM
 66
1
 70
0
 40
0.000000
 41
0.000000
 39
0.000000
  0
VERTEX
  8
PG_SILKSCREEN_BOTTOM
 10
69.164073
 20
67.529913
 40
0.101600
 41
0.101600
 42
0.000000
  0
VERTEX
  8
PG_SILKSCREEN_BOTTOM
 10
69.164073
 20
66.818713
 40
0.101600
 41
0.101600
 42
0.000000
  0
SEQEND
  0
POLYLINE
  8
PG_SILKSCREEN_BOTTOM
 66
1
 70
0
 40
0.000000
 41
0.000000
 39
0.000000
  0
VERTEX
  8
PG_SILKSCREEN_BOTTOM
 10
69.778093
 20
67.529913
 40
0.101600
 41
0.101600
 42
0.000000
  0
VERTEX
  8
PG_SILKSCREEN_BOTTOM
 10
69.168493
 20
67.529913
 40
0.101600
 41
0.101600
 42
0.000000
  0
SEQEND
  0
POLYLINE
  8
PG_SILKSCREEN_BOTTOM
 66
1
 70
0
 40
0.000000
 41
0.000000
 39
0.000000
  0
VERTEX
  8
PG_SILKSCREEN_BOTTOM
 10
69.168493
 20
66.818713
 40
0.101600
 41
0.101600
 42
0.000000
  0
VERTEX
  8
PG_SILKSCREEN_BOTTOM
 10
69.752693
 20
66.818713
 40
0.101600
 41
0.101600
 42
0.000000
  0
SEQEND
  0
POLYLINE
  8
PG_SILKSCREEN_BOTTOM
 66
1
 70
0
 40
0.000000
 41
0.000000
 39
0.000000
  0
VERTEX
  8
PG_SILKSCREEN_BOTTOM
 10
70.798487
 20
66.818713
 40
0.101600
 41
0.101600
 42
0.000000
  0
VERTEX
  8
PG_SILKSCREEN_BOTTOM
 10
70.188887
 20
66.818713
 40
0.101600
 41
0.101600
 42
0.000000
  0
SEQEND
  0
POLYLINE
  8
PG_SILKSCREEN_BOTTOM
 66
1
 70
0
 40
0.000000
 41
0.000000
 39
0.000000
  0
VERTEX
  8
PG_SILKSCREEN_BOTTOM
 10
70.798487
 20
67.529913
 40
0.101600
 41
0.101600
 42
0.000000
  0
VERTEX
  8
PG_SILKSCREEN_BOTTOM
 10
70.798487
 20
66.818713
 40
0.101600
 41
0.101600
 42
0.000000
  0
SEQEND
  0
POLYLINE
  8
PG_SILKSCREEN_BOTTOM
 66
1
 70
0
 40
0.000000
 41
0.000000
 39
0.000000
  0
VERTEX
  8
PG_SILKSCREEN_BOTTOM
 10
70.798487
 20
67.529913
 40
0.101600
 41
0.101600
 42
0.000000
  0
VERTEX
  8
PG_SILKSCREEN_BOTTOM
 10
70.188887
 20
67.529913
 40
0.101600
 41
0.101600
 42
0.000000
  0
SEQEND
  0
POLYLINE
  8
PIN_BOTTOM
 66
1
 70
1
 40
0.000000
 41
0.000000
 39
0.000000
  0
VERTEX
  8
PIN_BOTTOM
 10
20.098004
 20
67.961256
 40
0.000000
 41
0.000000
 42
0.000000
  0
VERTEX
  8
PIN_BOTTOM
 10
20.098004
 20
67.453256
 40
0.000000
 41
0.000000
 42
0.000000
  0
VERTEX
  8
PIN_BOTTOM
 10
20.606004
 20
67.453256
 40
0.000000
 41
0.000000
 42
0.000000
  0
VERTEX
  8
PIN_BOTTOM
 10
20.606004
 20
67.961256
 40
0.000000
 41
0.000000
 42
0.000000
  0
SEQEND
  0
POLYLINE
  8
PIN_BOTTOM
 66
1
 70
1
 40
0.000000
 41
0.000000
 39
0.000000
  0
VERTEX
  8
PIN_BOTTOM
 10
21.012404
 20
67.961256
 40
0.000000
 41
0.000000
 42
0.000000
  0
VERTEX
  8
PIN_BOTTOM
 10
21.012404
 20
67.453256
 40
0.000000
 41
0.000000
 42
0.000000
  0
VERTEX
  8
PIN_BOTTOM
 10
21.520404
 20
67.453256
 40
0.000000
 41
0.000000
 42
0.000000
  0
VERTEX
  8
PIN_BOTTOM
 10
21.520404
 20
67.961256
 40
0.000000
 41
0.000000
 42
0.000000
  0
SEQEND
  0
POLYLINE
  8
PG_SILKSCREEN_BOTTOM
 66
1
 70
0
 40
0.000000
 41
0.000000
 39
0.000000
  0
VERTEX
  8
PG_SILKSCREEN_BOTTOM
 10
21.626398
 20
67.351656
 40
0.101600
 41
0.101600
 42
0.000000
  0
VERTEX
  8
PG_SILKSCREEN_BOTTOM
 10
21.626398
 20
68.062856
 40
0.101600
 41
0.101600
 42
0.000000
  0
SEQEND
  0
POLYLINE
  8
PG_SILKSCREEN_BOTTOM
 66
1
 70
0
 40
0.000000
 41
0.000000
 39
0.000000
  0
VERTEX
  8
PG_SILKSCREEN_BOTTOM
 10
21.012404
 20
67.351656
 40
0.101600
 41
0.101600
 42
0.000000
  0
VERTEX
  8
PG_SILKSCREEN_BOTTOM
 10
21.622004
 20
67.351656
 40
0.101600
 41
0.101600
 42
0.000000
  0
SEQEND
  0
POLYLINE
  8
PG_SILKSCREEN_BOTTOM
 66
1
 70
0
 40
0.000000
 41
0.000000
 39
0.000000
  0
VERTEX
  8
PG_SILKSCREEN_BOTTOM
 10
21.622004
 20
68.062856
 40
0.101600
 41
0.101600
 42
0.000000
  0
VERTEX
  8
PG_SILKSCREEN_BOTTOM
 10
21.037804
 20
68.062856
 40
0.101600
 41
0.101600
 42
0.000000
  0
SEQEND
  0
POLYLINE
  8
PG_SILKSCREEN_BOTTOM
 66
1
 70
0
 40
0.000000
 41
0.000000
 39
0.000000
  0
VERTEX
  8
PG_SILKSCREEN_BOTTOM
 10
19.992010
 20
68.062856
 40
0.101600
 41
0.101600
 42
0.000000
  0
VERTEX
  8
PG_SILKSCREEN_BOTTOM
 10
20.601610
 20
68.062856
 40
0.101600
 41
0.101600
 42
0.000000
  0
SEQEND
  0
POLYLINE
  8
PG_SILKSCREEN_BOTTOM
 66
1
 70
0
 40
0.000000
 41
0.000000
 39
0.000000
  0
VERTEX
  8
PG_SILKSCREEN_BOTTOM
 10
19.992010
 20
67.351656
 40
0.101600
 41
0.101600
 42
0.000000
  0
VERTEX
  8
PG_SILKSCREEN_BOTTOM
 10
19.992010
 20
68.062856
 40
0.101600
 41
0.101600
 42
0.000000
  0
SEQEND
  0
POLYLINE
  8
PG_SILKSCREEN_BOTTOM
 66
1
 70
0
 40
0.000000
 41
0.000000
 39
0.000000
  0
VERTEX
  8
PG_SILKSCREEN_BOTTOM
 10
19.992010
 20
67.351656
 40
0.101600
 41
0.101600
 42
0.000000
  0
VERTEX
  8
PG_SILKSCREEN_BOTTOM
 10
20.601610
 20
67.351656
 40
0.101600
 41
0.101600
 42
0.000000
  0
SEQEND
  0
POLYLINE
  8
PIN_BOTTOM
 66
1
 70
1
 40
0.000000
 41
0.000000
 39
0.000000
  0
VERTEX
  8
PIN_BOTTOM
 10
5.830722
 20
65.900529
 40
0.000000
 41
0.000000
 42
0.000000
  0
VERTEX
  8
PIN_BOTTOM
 10
5.830722
 20
65.392529
 40
0.000000
 41
0.000000
 42
0.000000
  0
VERTEX
  8
PIN_BOTTOM
 10
6.338722
 20
65.392529
 40
0.000000
 41
0.000000
 42
0.000000
  0
VERTEX
  8
PIN_BOTTOM
 10
6.338722
 20
65.900529
 40
0.000000
 41
0.000000
 42
0.000000
  0
SEQEND
  0
POLYLINE
  8
PIN_BOTTOM
 66
1
 70
1
 40
0.000000
 41
0.000000
 39
0.000000
  0
VERTEX
  8
PIN_BOTTOM
 10
6.745122
 20
65.900529
 40
0.000000
 41
0.000000
 42
0.000000
  0
VERTEX
  8
PIN_BOTTOM
 10
6.745122
 20
65.392529
 40
0.000000
 41
0.000000
 42
0.000000
  0
VERTEX
  8
PIN_BOTTOM
 10
7.253122
 20
65.392529
 40
0.000000
 41
0.000000
 42
0.000000
  0
VERTEX
  8
PIN_BOTTOM
 10
7.253122
 20
65.900529
 40
0.000000
 41
0.000000
 42
0.000000
  0
SEQEND
  0
POLYLINE
  8
PG_SILKSCREEN_BOTTOM
 66
1
 70
0
 40
0.000000
 41
0.000000
 39
0.000000
  0
VERTEX
  8
PG_SILKSCREEN_BOTTOM
 10
7.359142
 20
65.290929
 40
0.101600
 41
0.101600
 42
0.000000
  0
VERTEX
  8
PG_SILKSCREEN_BOTTOM
 10
7.359142
 20
66.002129
 40
0.101600
 41
0.101600
 42
0.000000
  0
SEQEND
  0
POLYLINE
  8
PG_SILKSCREEN_BOTTOM
 66
1
 70
0
 40
0.000000
 41
0.000000
 39
0.000000
  0
VERTEX
  8
PG_SILKSCREEN_BOTTOM
 10
6.745148
 20
65.290929
 40
0.101600
 41
0.101600
 42
0.000000
  0
VERTEX
  8
PG_SILKSCREEN_BOTTOM
 10
7.354722
 20
65.290929
 40
0.101600
 41
0.101600
 42
0.000000
  0
SEQEND
  0
POLYLINE
  8
PG_SILKSCREEN_BOTTOM
 66
1
 70
0
 40
0.000000
 41
0.000000
 39
0.000000
  0
VERTEX
  8
PG_SILKSCREEN_BOTTOM
 10
7.354722
 20
66.002129
 40
0.101600
 41
0.101600
 42
0.000000
  0
VERTEX
  8
PG_SILKSCREEN_BOTTOM
 10
6.770548
 20
66.002129
 40
0.101600
 41
0.101600
 42
0.000000
  0
SEQEND
  0
POLYLINE
  8
PG_SILKSCREEN_BOTTOM
 66
1
 70
0
 40
0.000000
 41
0.000000
 39
0.000000
  0
VERTEX
  8
PG_SILKSCREEN_BOTTOM
 10
5.724728
 20
66.002103
 40
0.101600
 41
0.101600
 42
0.000000
  0
VERTEX
  8
PG_SILKSCREEN_BOTTOM
 10
6.334354
 20
66.002129
 40
0.101600
 41
0.101600
 42
0.000000
  0
SEQEND
  0
POLYLINE
  8
PG_SILKSCREEN_BOTTOM
 66
1
 70
0
 40
0.000000
 41
0.000000
 39
0.000000
  0
VERTEX
  8
PG_SILKSCREEN_BOTTOM
 10
5.724728
 20
65.290903
 40
0.101600
 41
0.101600
 42
0.000000
  0
VERTEX
  8
PG_SILKSCREEN_BOTTOM
 10
5.724728
 20
66.002103
 40
0.101600
 41
0.101600
 42
0.000000
  0
SEQEND
  0
POLYLINE
  8
PG_SILKSCREEN_BOTTOM
 66
1
 70
0
 40
0.000000
 41
0.000000
 39
0.000000
  0
VERTEX
  8
PG_SILKSCREEN_BOTTOM
 10
5.724728
 20
65.290903
 40
0.101600
 41
0.101600
 42
0.000000
  0
VERTEX
  8
PG_SILKSCREEN_BOTTOM
 10
6.334354
 20
65.290929
 40
0.101600
 41
0.101600
 42
0.000000
  0
SEQEND
  0
POLYLINE
  8
PIN_BOTTOM
 66
1
 70
1
 40
0.000000
 41
0.000000
 39
0.000000
  0
VERTEX
  8
PIN_BOTTOM
 10
48.126625
 20
7.382383
 40
0.000000
 41
0.000000
 42
0.000000
  0
VERTEX
  8
PIN_BOTTOM
 10
48.126625
 20
6.874383
 40
0.000000
 41
0.000000
 42
0.000000
  0
VERTEX
  8
PIN_BOTTOM
 10
48.634625
 20
6.874383
 40
0.000000
 41
0.000000
 42
0.000000
  0
VERTEX
  8
PIN_BOTTOM
 10
48.634625
 20
7.382383
 40
0.000000
 41
0.000000
 42
0.000000
  0
SEQEND
  0
POLYLINE
  8
PIN_BOTTOM
 66
1
 70
1
 40
0.000000
 41
0.000000
 39
0.000000
  0
VERTEX
  8
PIN_BOTTOM
 10
49.041025
 20
7.382383
 40
0.000000
 41
0.000000
 42
0.000000
  0
VERTEX
  8
PIN_BOTTOM
 10
49.041025
 20
6.874383
 40
0.000000
 41
0.000000
 42
0.000000
  0
VERTEX
  8
PIN_BOTTOM
 10
49.549025
 20
6.874383
 40
0.000000
 41
0.000000
 42
0.000000
  0
VERTEX
  8
PIN_BOTTOM
 10
49.549025
 20
7.382383
 40
0.000000
 41
0.000000
 42
0.000000
  0
SEQEND
  0
POLYLINE
  8
PG_SILKSCREEN_BOTTOM
 66
1
 70
0
 40
0.000000
 41
0.000000
 39
0.000000
  0
VERTEX
  8
PG_SILKSCREEN_BOTTOM
 10
49.655019
 20
6.772783
 40
0.101600
 41
0.101600
 42
0.000000
  0
VERTEX
  8
PG_SILKSCREEN_BOTTOM
 10
49.655019
 20
7.483983
 40
0.101600
 41
0.101600
 42
0.000000
  0
SEQEND
  0
POLYLINE
  8
PG_SILKSCREEN_BOTTOM
 66
1
 70
0
 40
0.000000
 41
0.000000
 39
0.000000
  0
VERTEX
  8
PG_SILKSCREEN_BOTTOM
 10
49.041025
 20
6.772783
 40
0.101600
 41
0.101600
 42
0.000000
  0
VERTEX
  8
PG_SILKSCREEN_BOTTOM
 10
49.650625
 20
6.772783
 40
0.101600
 41
0.101600
 42
0.000000
  0
SEQEND
  0
POLYLINE
  8
PG_SILKSCREEN_BOTTOM
 66
1
 70
0
 40
0.000000
 41
0.000000
 39
0.000000
  0
VERTEX
  8
PG_SILKSCREEN_BOTTOM
 10
49.650625
 20
7.483983
 40
0.101600
 41
0.101600
 42
0.000000
  0
VERTEX
  8
PG_SILKSCREEN_BOTTOM
 10
49.066425
 20
7.483983
 40
0.101600
 41
0.101600
 42
0.000000
  0
SEQEND
  0
POLYLINE
  8
PG_SILKSCREEN_BOTTOM
 66
1
 70
0
 40
0.000000
 41
0.000000
 39
0.000000
  0
VERTEX
  8
PG_SILKSCREEN_BOTTOM
 10
48.020630
 20
7.483983
 40
0.101600
 41
0.101600
 42
0.000000
  0
VERTEX
  8
PG_SILKSCREEN_BOTTOM
 10
48.630230
 20
7.483983
 40
0.101600
 41
0.101600
 42
0.000000
  0
SEQEND
  0
POLYLINE
  8
PG_SILKSCREEN_BOTTOM
 66
1
 70
0
 40
0.000000
 41
0.000000
 39
0.000000
  0
VERTEX
  8
PG_SILKSCREEN_BOTTOM
 10
48.020630
 20
6.772783
 40
0.101600
 41
0.101600
 42
0.000000
  0
VERTEX
  8
PG_SILKSCREEN_BOTTOM
 10
48.020630
 20
7.483983
 40
0.101600
 41
0.101600
 42
0.000000
  0
SEQEND
  0
POLYLINE
  8
PG_SILKSCREEN_BOTTOM
 66
1
 70
0
 40
0.000000
 41
0.000000
 39
0.000000
  0
VERTEX
  8
PG_SILKSCREEN_BOTTOM
 10
48.020630
 20
6.772783
 40
0.101600
 41
0.101600
 42
0.000000
  0
VERTEX
  8
PG_SILKSCREEN_BOTTOM
 10
48.630230
 20
6.772783
 40
0.101600
 41
0.101600
 42
0.000000
  0
SEQEND
  0
POLYLINE
  8
PIN_BOTTOM
 66
1
 70
1
 40
0.000000
 41
0.000000
 39
0.000000
  0
VERTEX
  8
PIN_BOTTOM
 10
32.812253
 20
11.584813
 40
0.000000
 41
0.000000
 42
0.000000
  0
VERTEX
  8
PIN_BOTTOM
 10
32.812253
 20
12.092813
 40
0.000000
 41
0.000000
 42
0.000000
  0
VERTEX
  8
PIN_BOTTOM
 10
32.304253
 20
12.092813
 40
0.000000
 41
0.000000
 42
0.000000
  0
VERTEX
  8
PIN_BOTTOM
 10
32.304253
 20
11.584813
 40
0.000000
 41
0.000000
 42
0.000000
  0
SEQEND
  0
POLYLINE
  8
PIN_BOTTOM
 66
1
 70
1
 40
0.000000
 41
0.000000
 39
0.000000
  0
VERTEX
  8
PIN_BOTTOM
 10
31.897853
 20
11.584813
 40
0.000000
 41
0.000000
 42
0.000000
  0
VERTEX
  8
PIN_BOTTOM
 10
31.897853
 20
12.092813
 40
0.000000
 41
0.000000
 42
0.000000
  0
VERTEX
  8
PIN_BOTTOM
 10
31.389853
 20
12.092813
 40
0.000000
 41
0.000000
 42
0.000000
  0
VERTEX
  8
PIN_BOTTOM
 10
31.389853
 20
11.584813
 40
0.000000
 41
0.000000
 42
0.000000
  0
SEQEND
  0
POLYLINE
  8
PG_SILKSCREEN_BOTTOM
 66
1
 70
0
 40
0.000000
 41
0.000000
 39
0.000000
  0
VERTEX
  8
PG_SILKSCREEN_BOTTOM
 10
31.283859
 20
12.194413
 40
0.101600
 41
0.101600
 42
0.000000
  0
VERTEX
  8
PG_SILKSCREEN_BOTTOM
 10
31.283859
 20
11.483213
 40
0.101600
 41
0.101600
 42
0.000000
  0
SEQEND
  0
POLYLINE
  8
PG_SILKSCREEN_BOTTOM
 66
1
 70
0
 40
0.000000
 41
0.000000
 39
0.000000
  0
VERTEX
  8
PG_SILKSCREEN_BOTTOM
 10
31.897853
 20
12.194413
 40
0.101600
 41
0.101600
 42
0.000000
  0
VERTEX
  8
PG_SILKSCREEN_BOTTOM
 10
31.288253
 20
12.194413
 40
0.101600
 41
0.101600
 42
0.000000
  0
SEQEND
  0
POLYLINE
  8
PG_SILKSCREEN_BOTTOM
 66
1
 70
0
 40
0.000000
 41
0.000000
 39
0.000000
  0
VERTEX
  8
PG_SILKSCREEN_BOTTOM
 10
31.288253
 20
11.483213
 40
0.101600
 41
0.101600
 42
0.000000
  0
VERTEX
  8
PG_SILKSCREEN_BOTTOM
 10
31.872453
 20
11.483213
 40
0.101600
 41
0.101600
 42
0.000000
  0
SEQEND
  0
POLYLINE
  8
PG_SILKSCREEN_BOTTOM
 66
1
 70
0
 40
0.000000
 41
0.000000
 39
0.000000
  0
VERTEX
  8
PG_SILKSCREEN_BOTTOM
 10
32.918248
 20
11.483213
 40
0.101600
 41
0.101600
 42
0.000000
  0
VERTEX
  8
PG_SILKSCREEN_BOTTOM
 10
32.308648
 20
11.483213
 40
0.101600
 41
0.101600
 42
0.000000
  0
SEQEND
  0
POLYLINE
  8
PG_SILKSCREEN_BOTTOM
 66
1
 70
0
 40
0.000000
 41
0.000000
 39
0.000000
  0
VERTEX
  8
PG_SILKSCREEN_BOTTOM
 10
32.918248
 20
12.194413
 40
0.101600
 41
0.101600
 42
0.000000
  0
VERTEX
  8
PG_SILKSCREEN_BOTTOM
 10
32.918248
 20
11.483213
 40
0.101600
 41
0.101600
 42
0.000000
  0
SEQEND
  0
POLYLINE
  8
PG_SILKSCREEN_BOTTOM
 66
1
 70
0
 40
0.000000
 41
0.000000
 39
0.000000
  0
VERTEX
  8
PG_SILKSCREEN_BOTTOM
 10
32.918248
 20
12.194413
 40
0.101600
 41
0.101600
 42
0.000000
  0
VERTEX
  8
PG_SILKSCREEN_BOTTOM
 10
32.308648
 20
12.194413
 40
0.101600
 41
0.101600
 42
0.000000
  0
SEQEND
  0
POLYLINE
  8
PIN_BOTTOM
 66
1
 70
1
 40
0.000000
 41
0.000000
 39
0.000000
  0
VERTEX
  8
PIN_BOTTOM
 10
30.348403
 20
9.610979
 40
0.000000
 41
0.000000
 42
0.000000
  0
VERTEX
  8
PIN_BOTTOM
 10
30.348403
 20
9.102979
 40
0.000000
 41
0.000000
 42
0.000000
  0
VERTEX
  8
PIN_BOTTOM
 10
30.856403
 20
9.102979
 40
0.000000
 41
0.000000
 42
0.000000
  0
VERTEX
  8
PIN_BOTTOM
 10
30.856403
 20
9.610979
 40
0.000000
 41
0.000000
 42
0.000000
  0
SEQEND
  0
POLYLINE
  8
PIN_BOTTOM
 66
1
 70
1
 40
0.000000
 41
0.000000
 39
0.000000
  0
VERTEX
  8
PIN_BOTTOM
 10
31.262803
 20
9.610979
 40
0.000000
 41
0.000000
 42
0.000000
  0
VERTEX
  8
PIN_BOTTOM
 10
31.262803
 20
9.102979
 40
0.000000
 41
0.000000
 42
0.000000
  0
VERTEX
  8
PIN_BOTTOM
 10
31.770803
 20
9.102979
 40
0.000000
 41
0.000000
 42
0.000000
  0
VERTEX
  8
PIN_BOTTOM
 10
31.770803
 20
9.610979
 40
0.000000
 41
0.000000
 42
0.000000
  0
SEQEND
  0
POLYLINE
  8
PG_SILKSCREEN_BOTTOM
 66
1
 70
0
 40
0.000000
 41
0.000000
 39
0.000000
  0
VERTEX
  8
PG_SILKSCREEN_BOTTOM
 10
31.876797
 20
9.001379
 40
0.101600
 41
0.101600
 42
0.000000
  0
VERTEX
  8
PG_SILKSCREEN_BOTTOM
 10
31.876797
 20
9.712579
 40
0.101600
 41
0.101600
 42
0.000000
  0
SEQEND
  0
POLYLINE
  8
PG_SILKSCREEN_BOTTOM
 66
1
 70
0
 40
0.000000
 41
0.000000
 39
0.000000
  0
VERTEX
  8
PG_SILKSCREEN_BOTTOM
 10
31.262803
 20
9.001379
 40
0.101600
 41
0.101600
 42
0.000000
  0
VERTEX
  8
PG_SILKSCREEN_BOTTOM
 10
31.872403
 20
9.001379
 40
0.101600
 41
0.101600
 42
0.000000
  0
SEQEND
  0
POLYLINE
  8
PG_SILKSCREEN_BOTTOM
 66
1
 70
0
 40
0.000000
 41
0.000000
 39
0.000000
  0
VERTEX
  8
PG_SILKSCREEN_BOTTOM
 10
31.872403
 20
9.712579
 40
0.101600
 41
0.101600
 42
0.000000
  0
VERTEX
  8
PG_SILKSCREEN_BOTTOM
 10
31.288203
 20
9.712579
 40
0.101600
 41
0.101600
 42
0.000000
  0
SEQEND
  0
POLYLINE
  8
PG_SILKSCREEN_BOTTOM
 66
1
 70
0
 40
0.000000
 41
0.000000
 39
0.000000
  0
VERTEX
  8
PG_SILKSCREEN_BOTTOM
 10
30.242408
 20
9.712579
 40
0.101600
 41
0.101600
 42
0.000000
  0
VERTEX
  8
PG_SILKSCREEN_BOTTOM
 10
30.852008
 20
9.712579
 40
0.101600
 41
0.101600
 42
0.000000
  0
SEQEND
  0
POLYLINE
  8
PG_SILKSCREEN_BOTTOM
 66
1
 70
0
 40
0.000000
 41
0.000000
 39
0.000000
  0
VERTEX
  8
PG_SILKSCREEN_BOTTOM
 10
30.242408
 20
9.001379
 40
0.101600
 41
0.101600
 42
0.000000
  0
VERTEX
  8
PG_SILKSCREEN_BOTTOM
 10
30.242408
 20
9.712579
 40
0.101600
 41
0.101600
 42
0.000000
  0
SEQEND
  0
POLYLINE
  8
PG_SILKSCREEN_BOTTOM
 66
1
 70
0
 40
0.000000
 41
0.000000
 39
0.000000
  0
VERTEX
  8
PG_SILKSCREEN_BOTTOM
 10
30.242408
 20
9.001379
 40
0.101600
 41
0.101600
 42
0.000000
  0
VERTEX
  8
PG_SILKSCREEN_BOTTOM
 10
30.852008
 20
9.001379
 40
0.101600
 41
0.101600
 42
0.000000
  0
SEQEND
  0
POLYLINE
  8
PIN_BOTTOM
 66
1
 70
1
 40
0.000000
 41
0.000000
 39
0.000000
  0
VERTEX
  8
PIN_BOTTOM
 10
30.132528
 20
70.055029
 40
0.000000
 41
0.000000
 42
0.000000
  0
VERTEX
  8
PIN_BOTTOM
 10
30.132528
 20
69.547029
 40
0.000000
 41
0.000000
 42
0.000000
  0
VERTEX
  8
PIN_BOTTOM
 10
30.640528
 20
69.547029
 40
0.000000
 41
0.000000
 42
0.000000
  0
VERTEX
  8
PIN_BOTTOM
 10
30.640528
 20
70.055029
 40
0.000000
 41
0.000000
 42
0.000000
  0
SEQEND
  0
POLYLINE
  8
PIN_BOTTOM
 66
1
 70
1
 40
0.000000
 41
0.000000
 39
0.000000
  0
VERTEX
  8
PIN_BOTTOM
 10
31.046928
 20
70.055029
 40
0.000000
 41
0.000000
 42
0.000000
  0
VERTEX
  8
PIN_BOTTOM
 10
31.046928
 20
69.547029
 40
0.000000
 41
0.000000
 42
0.000000
  0
VERTEX
  8
PIN_BOTTOM
 10
31.554928
 20
69.547029
 40
0.000000
 41
0.000000
 42
0.000000
  0
VERTEX
  8
PIN_BOTTOM
 10
31.554928
 20
70.055029
 40
0.000000
 41
0.000000
 42
0.000000
  0
SEQEND
  0
POLYLINE
  8
PG_SILKSCREEN_BOTTOM
 66
1
 70
0
 40
0.000000
 41
0.000000
 39
0.000000
  0
VERTEX
  8
PG_SILKSCREEN_BOTTOM
 10
31.660948
 20
69.445429
 40
0.101600
 41
0.101600
 42
0.000000
  0
VERTEX
  8
PG_SILKSCREEN_BOTTOM
 10
31.660948
 20
70.156629
 40
0.101600
 41
0.101600
 42
0.000000
  0
SEQEND
  0
POLYLINE
  8
PG_SILKSCREEN_BOTTOM
 66
1
 70
0
 40
0.000000
 41
0.000000
 39
0.000000
  0
VERTEX
  8
PG_SILKSCREEN_BOTTOM
 10
31.046928
 20
69.445429
 40
0.101600
 41
0.101600
 42
0.000000
  0
VERTEX
  8
PG_SILKSCREEN_BOTTOM
 10
31.656528
 20
69.445429
 40
0.101600
 41
0.101600
 42
0.000000
  0
SEQEND
  0
POLYLINE
  8
PG_SILKSCREEN_BOTTOM
 66
1
 70
0
 40
0.000000
 41
0.000000
 39
0.000000
  0
VERTEX
  8
PG_SILKSCREEN_BOTTOM
 10
31.656528
 20
70.156629
 40
0.101600
 41
0.101600
 42
0.000000
  0
VERTEX
  8
PG_SILKSCREEN_BOTTOM
 10
31.072328
 20
70.156629
 40
0.101600
 41
0.101600
 42
0.000000
  0
SEQEND
  0
POLYLINE
  8
PG_SILKSCREEN_BOTTOM
 66
1
 70
0
 40
0.000000
 41
0.000000
 39
0.000000
  0
VERTEX
  8
PG_SILKSCREEN_BOTTOM
 10
30.026534
 20
70.156629
 40
0.101600
 41
0.101600
 42
0.000000
  0
VERTEX
  8
PG_SILKSCREEN_BOTTOM
 10
30.636134
 20
70.156629
 40
0.101600
 41
0.101600
 42
0.000000
  0
SEQEND
  0
POLYLINE
  8
PG_SILKSCREEN_BOTTOM
 66
1
 70
0
 40
0.000000
 41
0.000000
 39
0.000000
  0
VERTEX
  8
PG_SILKSCREEN_BOTTOM
 10
30.026534
 20
69.445429
 40
0.101600
 41
0.101600
 42
0.000000
  0
VERTEX
  8
PG_SILKSCREEN_BOTTOM
 10
30.026534
 20
70.156629
 40
0.101600
 41
0.101600
 42
0.000000
  0
SEQEND
  0
POLYLINE
  8
PG_SILKSCREEN_BOTTOM
 66
1
 70
0
 40
0.000000
 41
0.000000
 39
0.000000
  0
VERTEX
  8
PG_SILKSCREEN_BOTTOM
 10
30.026534
 20
69.445429
 40
0.101600
 41
0.101600
 42
0.000000
  0
VERTEX
  8
PG_SILKSCREEN_BOTTOM
 10
30.636134
 20
69.445429
 40
0.101600
 41
0.101600
 42
0.000000
  0
SEQEND
  0
POLYLINE
  8
PIN_BOTTOM
 66
1
 70
1
 40
0.000000
 41
0.000000
 39
0.000000
  0
VERTEX
  8
PIN_BOTTOM
 10
51.670941
 20
9.607931
 40
0.000000
 41
0.000000
 42
0.000000
  0
VERTEX
  8
PIN_BOTTOM
 10
51.670941
 20
9.099931
 40
0.000000
 41
0.000000
 42
0.000000
  0
VERTEX
  8
PIN_BOTTOM
 10
52.178941
 20
9.099931
 40
0.000000
 41
0.000000
 42
0.000000
  0
VERTEX
  8
PIN_BOTTOM
 10
52.178941
 20
9.607931
 40
0.000000
 41
0.000000
 42
0.000000
  0
SEQEND
  0
POLYLINE
  8
PIN_BOTTOM
 66
1
 70
1
 40
0.000000
 41
0.000000
 39
0.000000
  0
VERTEX
  8
PIN_BOTTOM
 10
52.585341
 20
9.607931
 40
0.000000
 41
0.000000
 42
0.000000
  0
VERTEX
  8
PIN_BOTTOM
 10
52.585341
 20
9.099931
 40
0.000000
 41
0.000000
 42
0.000000
  0
VERTEX
  8
PIN_BOTTOM
 10
53.093341
 20
9.099931
 40
0.000000
 41
0.000000
 42
0.000000
  0
VERTEX
  8
PIN_BOTTOM
 10
53.093341
 20
9.607931
 40
0.000000
 41
0.000000
 42
0.000000
  0
SEQEND
  0
POLYLINE
  8
PG_SILKSCREEN_BOTTOM
 66
1
 70
0
 40
0.000000
 41
0.000000
 39
0.000000
  0
VERTEX
  8
PG_SILKSCREEN_BOTTOM
 10
53.199335
 20
8.998331
 40
0.101600
 41
0.101600
 42
0.000000
  0
VERTEX
  8
PG_SILKSCREEN_BOTTOM
 10
53.199335
 20
9.709531
 40
0.101600
 41
0.101600
 42
0.000000
  0
SEQEND
  0
POLYLINE
  8
PG_SILKSCREEN_BOTTOM
 66
1
 70
0
 40
0.000000
 41
0.000000
 39
0.000000
  0
VERTEX
  8
PG_SILKSCREEN_BOTTOM
 10
52.585341
 20
8.998331
 40
0.101600
 41
0.101600
 42
0.000000
  0
VERTEX
  8
PG_SILKSCREEN_BOTTOM
 10
53.194941
 20
8.998331
 40
0.101600
 41
0.101600
 42
0.000000
  0
SEQEND
  0
POLYLINE
  8
PG_SILKSCREEN_BOTTOM
 66
1
 70
0
 40
0.000000
 41
0.000000
 39
0.000000
  0
VERTEX
  8
PG_SILKSCREEN_BOTTOM
 10
53.194941
 20
9.709531
 40
0.101600
 41
0.101600
 42
0.000000
  0
VERTEX
  8
PG_SILKSCREEN_BOTTOM
 10
52.610741
 20
9.709531
 40
0.101600
 41
0.101600
 42
0.000000
  0
SEQEND
  0
POLYLINE
  8
PG_SILKSCREEN_BOTTOM
 66
1
 70
0
 40
0.000000
 41
0.000000
 39
0.000000
  0
VERTEX
  8
PG_SILKSCREEN_BOTTOM
 10
51.564946
 20
9.709531
 40
0.101600
 41
0.101600
 42
0.000000
  0
VERTEX
  8
PG_SILKSCREEN_BOTTOM
 10
52.174546
 20
9.709531
 40
0.101600
 41
0.101600
 42
0.000000
  0
SEQEND
  0
POLYLINE
  8
PG_SILKSCREEN_BOTTOM
 66
1
 70
0
 40
0.000000
 41
0.000000
 39
0.000000
  0
VERTEX
  8
PG_SILKSCREEN_BOTTOM
 10
51.564946
 20
8.998331
 40
0.101600
 41
0.101600
 42
0.000000
  0
VERTEX
  8
PG_SILKSCREEN_BOTTOM
 10
51.564946
 20
9.709531
 40
0.101600
 41
0.101600
 42
0.000000
  0
SEQEND
  0
POLYLINE
  8
PG_SILKSCREEN_BOTTOM
 66
1
 70
0
 40
0.000000
 41
0.000000
 39
0.000000
  0
VERTEX
  8
PG_SILKSCREEN_BOTTOM
 10
51.564946
 20
8.998331
 40
0.101600
 41
0.101600
 42
0.000000
  0
VERTEX
  8
PG_SILKSCREEN_BOTTOM
 10
52.174546
 20
8.998331
 40
0.101600
 41
0.101600
 42
0.000000
  0
SEQEND
  0
POLYLINE
  8
PIN_BOTTOM
 66
1
 70
1
 40
0.000000
 41
0.000000
 39
0.000000
  0
VERTEX
  8
PIN_BOTTOM
 10
62.361826
 20
9.592056
 40
0.000000
 41
0.000000
 42
0.000000
  0
VERTEX
  8
PIN_BOTTOM
 10
62.361826
 20
9.084056
 40
0.000000
 41
0.000000
 42
0.000000
  0
VERTEX
  8
PIN_BOTTOM
 10
62.869826
 20
9.084056
 40
0.000000
 41
0.000000
 42
0.000000
  0
VERTEX
  8
PIN_BOTTOM
 10
62.869826
 20
9.592056
 40
0.000000
 41
0.000000
 42
0.000000
  0
SEQEND
  0
POLYLINE
  8
PIN_BOTTOM
 66
1
 70
1
 40
0.000000
 41
0.000000
 39
0.000000
  0
VERTEX
  8
PIN_BOTTOM
 10
63.276226
 20
9.592056
 40
0.000000
 41
0.000000
 42
0.000000
  0
VERTEX
  8
PIN_BOTTOM
 10
63.276226
 20
9.084056
 40
0.000000
 41
0.000000
 42
0.000000
  0
VERTEX
  8
PIN_BOTTOM
 10
63.784226
 20
9.084056
 40
0.000000
 41
0.000000
 42
0.000000
  0
VERTEX
  8
PIN_BOTTOM
 10
63.784226
 20
9.592056
 40
0.000000
 41
0.000000
 42
0.000000
  0
SEQEND
  0
POLYLINE
  8
PG_SILKSCREEN_BOTTOM
 66
1
 70
0
 40
0.000000
 41
0.000000
 39
0.000000
  0
VERTEX
  8
PG_SILKSCREEN_BOTTOM
 10
63.890220
 20
8.982456
 40
0.101600
 41
0.101600
 42
0.000000
  0
VERTEX
  8
PG_SILKSCREEN_BOTTOM
 10
63.890220
 20
9.693656
 40
0.101600
 41
0.101600
 42
0.000000
  0
SEQEND
  0
POLYLINE
  8
PG_SILKSCREEN_BOTTOM
 66
1
 70
0
 40
0.000000
 41
0.000000
 39
0.000000
  0
VERTEX
  8
PG_SILKSCREEN_BOTTOM
 10
63.276226
 20
8.982456
 40
0.101600
 41
0.101600
 42
0.000000
  0
VERTEX
  8
PG_SILKSCREEN_BOTTOM
 10
63.885826
 20
8.982456
 40
0.101600
 41
0.101600
 42
0.000000
  0
SEQEND
  0
POLYLINE
  8
PG_SILKSCREEN_BOTTOM
 66
1
 70
0
 40
0.000000
 41
0.000000
 39
0.000000
  0
VERTEX
  8
PG_SILKSCREEN_BOTTOM
 10
63.885826
 20
9.693656
 40
0.101600
 41
0.101600
 42
0.000000
  0
VERTEX
  8
PG_SILKSCREEN_BOTTOM
 10
63.301626
 20
9.693656
 40
0.101600
 41
0.101600
 42
0.000000
  0
SEQEND
  0
POLYLINE
  8
PG_SILKSCREEN_BOTTOM
 66
1
 70
0
 40
0.000000
 41
0.000000
 39
0.000000
  0
VERTEX
  8
PG_SILKSCREEN_BOTTOM
 10
62.255832
 20
9.693656
 40
0.101600
 41
0.101600
 42
0.000000
  0
VERTEX
  8
PG_SILKSCREEN_BOTTOM
 10
62.865432
 20
9.693656
 40
0.101600
 41
0.101600
 42
0.000000
  0
SEQEND
  0
POLYLINE
  8
PG_SILKSCREEN_BOTTOM
 66
1
 70
0
 40
0.000000
 41
0.000000
 39
0.000000
  0
VERTEX
  8
PG_SILKSCREEN_BOTTOM
 10
62.255832
 20
8.982456
 40
0.101600
 41
0.101600
 42
0.000000
  0
VERTEX
  8
PG_SILKSCREEN_BOTTOM
 10
62.255832
 20
9.693656
 40
0.101600
 41
0.101600
 42
0.000000
  0
SEQEND
  0
POLYLINE
  8
PG_SILKSCREEN_BOTTOM
 66
1
 70
0
 40
0.000000
 41
0.000000
 39
0.000000
  0
VERTEX
  8
PG_SILKSCREEN_BOTTOM
 10
62.255832
 20
8.982456
 40
0.101600
 41
0.101600
 42
0.000000
  0
VERTEX
  8
PG_SILKSCREEN_BOTTOM
 10
62.865432
 20
8.982456
 40
0.101600
 41
0.101600
 42
0.000000
  0
SEQEND
  0
POLYLINE
  8
PIN_BOTTOM
 66
1
 70
1
 40
0.000000
 41
0.000000
 39
0.000000
  0
VERTEX
  8
PIN_BOTTOM
 10
73.019133
 20
9.590659
 40
0.000000
 41
0.000000
 42
0.000000
  0
VERTEX
  8
PIN_BOTTOM
 10
73.019133
 20
9.082659
 40
0.000000
 41
0.000000
 42
0.000000
  0
VERTEX
  8
PIN_BOTTOM
 10
73.527133
 20
9.082659
 40
0.000000
 41
0.000000
 42
0.000000
  0
VERTEX
  8
PIN_BOTTOM
 10
73.527133
 20
9.590659
 40
0.000000
 41
0.000000
 42
0.000000
  0
SEQEND
  0
POLYLINE
  8
PIN_BOTTOM
 66
1
 70
1
 40
0.000000
 41
0.000000
 39
0.000000
  0
VERTEX
  8
PIN_BOTTOM
 10
73.933533
 20
9.590659
 40
0.000000
 41
0.000000
 42
0.000000
  0
VERTEX
  8
PIN_BOTTOM
 10
73.933533
 20
9.082659
 40
0.000000
 41
0.000000
 42
0.000000
  0
VERTEX
  8
PIN_BOTTOM
 10
74.441533
 20
9.082659
 40
0.000000
 41
0.000000
 42
0.000000
  0
VERTEX
  8
PIN_BOTTOM
 10
74.441533
 20
9.590659
 40
0.000000
 41
0.000000
 42
0.000000
  0
SEQEND
  0
POLYLINE
  8
PG_SILKSCREEN_BOTTOM
 66
1
 70
0
 40
0.000000
 41
0.000000
 39
0.000000
  0
VERTEX
  8
PG_SILKSCREEN_BOTTOM
 10
74.547527
 20
8.981059
 40
0.101600
 41
0.101600
 42
0.000000
  0
VERTEX
  8
PG_SILKSCREEN_BOTTOM
 10
74.547527
 20
9.692259
 40
0.101600
 41
0.101600
 42
0.000000
  0
SEQEND
  0
POLYLINE
  8
PG_SILKSCREEN_BOTTOM
 66
1
 70
0
 40
0.000000
 41
0.000000
 39
0.000000
  0
VERTEX
  8
PG_SILKSCREEN_BOTTOM
 10
73.933533
 20
8.981059
 40
0.101600
 41
0.101600
 42
0.000000
  0
VERTEX
  8
PG_SILKSCREEN_BOTTOM
 10
74.543133
 20
8.981059
 40
0.101600
 41
0.101600
 42
0.000000
  0
SEQEND
  0
POLYLINE
  8
PG_SILKSCREEN_BOTTOM
 66
1
 70
0
 40
0.000000
 41
0.000000
 39
0.000000
  0
VERTEX
  8
PG_SILKSCREEN_BOTTOM
 10
74.543133
 20
9.692259
 40
0.101600
 41
0.101600
 42
0.000000
  0
VERTEX
  8
PG_SILKSCREEN_BOTTOM
 10
73.958933
 20
9.692259
 40
0.101600
 41
0.101600
 42
0.000000
  0
SEQEND
  0
POLYLINE
  8
PG_SILKSCREEN_BOTTOM
 66
1
 70
0
 40
0.000000
 41
0.000000
 39
0.000000
  0
VERTEX
  8
PG_SILKSCREEN_BOTTOM
 10
72.913138
 20
9.692259
 40
0.101600
 41
0.101600
 42
0.000000
  0
VERTEX
  8
PG_SILKSCREEN_BOTTOM
 10
73.522738
 20
9.692259
 40
0.101600
 41
0.101600
 42
0.000000
  0
SEQEND
  0
POLYLINE
  8
PG_SILKSCREEN_BOTTOM
 66
1
 70
0
 40
0.000000
 41
0.000000
 39
0.000000
  0
VERTEX
  8
PG_SILKSCREEN_BOTTOM
 10
72.913138
 20
8.981059
 40
0.101600
 41
0.101600
 42
0.000000
  0
VERTEX
  8
PG_SILKSCREEN_BOTTOM
 10
72.913138
 20
9.692259
 40
0.101600
 41
0.101600
 42
0.000000
  0
SEQEND
  0
POLYLINE
  8
PG_SILKSCREEN_BOTTOM
 66
1
 70
0
 40
0.000000
 41
0.000000
 39
0.000000
  0
VERTEX
  8
PG_SILKSCREEN_BOTTOM
 10
72.913138
 20
8.981059
 40
0.101600
 41
0.101600
 42
0.000000
  0
VERTEX
  8
PG_SILKSCREEN_BOTTOM
 10
73.522738
 20
8.981059
 40
0.101600
 41
0.101600
 42
0.000000
  0
SEQEND
  0
POLYLINE
  8
PIN_BOTTOM
 66
1
 70
1
 40
0.000000
 41
0.000000
 39
0.000000
  0
VERTEX
  8
PIN_BOTTOM
 10
30.132528
 20
69.152135
 40
0.000000
 41
0.000000
 42
0.000000
  0
VERTEX
  8
PIN_BOTTOM
 10
30.132528
 20
68.644135
 40
0.000000
 41
0.000000
 42
0.000000
  0
VERTEX
  8
PIN_BOTTOM
 10
30.640528
 20
68.644135
 40
0.000000
 41
0.000000
 42
0.000000
  0
VERTEX
  8
PIN_BOTTOM
 10
30.640528
 20
69.152135
 40
0.000000
 41
0.000000
 42
0.000000
  0
SEQEND
  0
POLYLINE
  8
PIN_BOTTOM
 66
1
 70
1
 40
0.000000
 41
0.000000
 39
0.000000
  0
VERTEX
  8
PIN_BOTTOM
 10
31.046928
 20
69.152135
 40
0.000000
 41
0.000000
 42
0.000000
  0
VERTEX
  8
PIN_BOTTOM
 10
31.046928
 20
68.644135
 40
0.000000
 41
0.000000
 42
0.000000
  0
VERTEX
  8
PIN_BOTTOM
 10
31.554928
 20
68.644135
 40
0.000000
 41
0.000000
 42
0.000000
  0
VERTEX
  8
PIN_BOTTOM
 10
31.554928
 20
69.152135
 40
0.000000
 41
0.000000
 42
0.000000
  0
SEQEND
  0
POLYLINE
  8
PG_SILKSCREEN_BOTTOM
 66
1
 70
0
 40
0.000000
 41
0.000000
 39
0.000000
  0
VERTEX
  8
PG_SILKSCREEN_BOTTOM
 10
31.660922
 20
68.542535
 40
0.101600
 41
0.101600
 42
0.000000
  0
VERTEX
  8
PG_SILKSCREEN_BOTTOM
 10
31.660922
 20
69.253735
 40
0.101600
 41
0.101600
 42
0.000000
  0
SEQEND
  0
POLYLINE
  8
PG_SILKSCREEN_BOTTOM
 66
1
 70
0
 40
0.000000
 41
0.000000
 39
0.000000
  0
VERTEX
  8
PG_SILKSCREEN_BOTTOM
 10
31.046928
 20
68.542535
 40
0.101600
 41
0.101600
 42
0.000000
  0
VERTEX
  8
PG_SILKSCREEN_BOTTOM
 10
31.656528
 20
68.542535
 40
0.101600
 41
0.101600
 42
0.000000
  0
SEQEND
  0
POLYLINE
  8
PG_SILKSCREEN_BOTTOM
 66
1
 70
0
 40
0.000000
 41
0.000000
 39
0.000000
  0
VERTEX
  8
PG_SILKSCREEN_BOTTOM
 10
31.656528
 20
69.253735
 40
0.101600
 41
0.101600
 42
0.000000
  0
VERTEX
  8
PG_SILKSCREEN_BOTTOM
 10
31.072328
 20
69.253735
 40
0.101600
 41
0.101600
 42
0.000000
  0
SEQEND
  0
POLYLINE
  8
PG_SILKSCREEN_BOTTOM
 66
1
 70
0
 40
0.000000
 41
0.000000
 39
0.000000
  0
VERTEX
  8
PG_SILKSCREEN_BOTTOM
 10
30.026534
 20
69.253735
 40
0.101600
 41
0.101600
 42
0.000000
  0
VERTEX
  8
PG_SILKSCREEN_BOTTOM
 10
30.636134
 20
69.253735
 40
0.101600
 41
0.101600
 42
0.000000
  0
SEQEND
  0
POLYLINE
  8
PG_SILKSCREEN_BOTTOM
 66
1
 70
0
 40
0.000000
 41
0.000000
 39
0.000000
  0
VERTEX
  8
PG_SILKSCREEN_BOTTOM
 10
30.026534
 20
68.542535
 40
0.101600
 41
0.101600
 42
0.000000
  0
VERTEX
  8
PG_SILKSCREEN_BOTTOM
 10
30.026534
 20
69.253735
 40
0.101600
 41
0.101600
 42
0.000000
  0
SEQEND
  0
POLYLINE
  8
PG_SILKSCREEN_BOTTOM
 66
1
 70
0
 40
0.000000
 41
0.000000
 39
0.000000
  0
VERTEX
  8
PG_SILKSCREEN_BOTTOM
 10
30.026534
 20
68.542535
 40
0.101600
 41
0.101600
 42
0.000000
  0
VERTEX
  8
PG_SILKSCREEN_BOTTOM
 10
30.636134
 20
68.542535
 40
0.101600
 41
0.101600
 42
0.000000
  0
SEQEND
  0
POLYLINE
  8
PIN_BOTTOM
 66
1
 70
1
 40
0.000000
 41
0.000000
 39
0.000000
  0
VERTEX
  8
PIN_BOTTOM
 10
30.122216
 20
66.385796
 40
0.000000
 41
0.000000
 42
0.000000
  0
VERTEX
  8
PIN_BOTTOM
 10
30.630216
 20
66.385796
 40
0.000000
 41
0.000000
 42
0.000000
  0
VERTEX
  8
PIN_BOTTOM
 10
30.630216
 20
66.893796
 40
0.000000
 41
0.000000
 42
0.000000
  0
VERTEX
  8
PIN_BOTTOM
 10
30.122216
 20
66.893796
 40
0.000000
 41
0.000000
 42
0.000000
  0
SEQEND
  0
POLYLINE
  8
PIN_BOTTOM
 66
1
 70
1
 40
0.000000
 41
0.000000
 39
0.000000
  0
VERTEX
  8
PIN_BOTTOM
 10
30.122216
 20
67.300196
 40
0.000000
 41
0.000000
 42
0.000000
  0
VERTEX
  8
PIN_BOTTOM
 10
30.630216
 20
67.300196
 40
0.000000
 41
0.000000
 42
0.000000
  0
VERTEX
  8
PIN_BOTTOM
 10
30.630216
 20
67.808196
 40
0.000000
 41
0.000000
 42
0.000000
  0
VERTEX
  8
PIN_BOTTOM
 10
30.122216
 20
67.808196
 40
0.000000
 41
0.000000
 42
0.000000
  0
SEQEND
  0
POLYLINE
  8
PG_SILKSCREEN_BOTTOM
 66
1
 70
0
 40
0.000000
 41
0.000000
 39
0.000000
  0
VERTEX
  8
PG_SILKSCREEN_BOTTOM
 10
30.731816
 20
67.914190
 40
0.101600
 41
0.101600
 42
0.000000
  0
VERTEX
  8
PG_SILKSCREEN_BOTTOM
 10
30.020616
 20
67.914190
 40
0.101600
 41
0.101600
 42
0.000000
  0
SEQEND
  0
POLYLINE
  8
PG_SILKSCREEN_BOTTOM
 66
1
 70
0
 40
0.000000
 41
0.000000
 39
0.000000
  0
VERTEX
  8
PG_SILKSCREEN_BOTTOM
 10
30.731816
 20
67.300196
 40
0.101600
 41
0.101600
 42
0.000000
  0
VERTEX
  8
PG_SILKSCREEN_BOTTOM
 10
30.731816
 20
67.909796
 40
0.101600
 41
0.101600
 42
0.000000
  0
SEQEND
  0
POLYLINE
  8
PG_SILKSCREEN_BOTTOM
 66
1
 70
0
 40
0.000000
 41
0.000000
 39
0.000000
  0
VERTEX
  8
PG_SILKSCREEN_BOTTOM
 10
30.020616
 20
67.909796
 40
0.101600
 41
0.101600
 42
0.000000
  0
VERTEX
  8
PG_SILKSCREEN_BOTTOM
 10
30.020616
 20
67.325596
 40
0.101600
 41
0.101600
 42
0.000000
  0
SEQEND
  0
POLYLINE
  8
PG_SILKSCREEN_BOTTOM
 66
1
 70
0
 40
0.000000
 41
0.000000
 39
0.000000
  0
VERTEX
  8
PG_SILKSCREEN_BOTTOM
 10
30.020616
 20
66.279801
 40
0.101600
 41
0.101600
 42
0.000000
  0
VERTEX
  8
PG_SILKSCREEN_BOTTOM
 10
30.020616
 20
66.889401
 40
0.101600
 41
0.101600
 42
0.000000
  0
SEQEND
  0
POLYLINE
  8
PG_SILKSCREEN_BOTTOM
 66
1
 70
0
 40
0.000000
 41
0.000000
 39
0.000000
  0
VERTEX
  8
PG_SILKSCREEN_BOTTOM
 10
30.731816
 20
66.279801
 40
0.101600
 41
0.101600
 42
0.000000
  0
VERTEX
  8
PG_SILKSCREEN_BOTTOM
 10
30.020616
 20
66.279801
 40
0.101600
 41
0.101600
 42
0.000000
  0
SEQEND
  0
POLYLINE
  8
PG_SILKSCREEN_BOTTOM
 66
1
 70
0
 40
0.000000
 41
0.000000
 39
0.000000
  0
VERTEX
  8
PG_SILKSCREEN_BOTTOM
 10
30.731816
 20
66.279801
 40
0.101600
 41
0.101600
 42
0.000000
  0
VERTEX
  8
PG_SILKSCREEN_BOTTOM
 10
30.731816
 20
66.889401
 40
0.101600
 41
0.101600
 42
0.000000
  0
SEQEND
  0
POLYLINE
  8
PIN_BOTTOM
 66
1
 70
1
 40
0.000000
 41
0.000000
 39
0.000000
  0
VERTEX
  8
PIN_BOTTOM
 10
69.113400
 20
59.239658
 40
0.000000
 41
0.000000
 42
0.000000
  0
VERTEX
  8
PIN_BOTTOM
 10
69.113400
 20
58.731658
 40
0.000000
 41
0.000000
 42
0.000000
  0
VERTEX
  8
PIN_BOTTOM
 10
69.621400
 20
58.731658
 40
0.000000
 41
0.000000
 42
0.000000
  0
VERTEX
  8
PIN_BOTTOM
 10
69.621400
 20
59.239658
 40
0.000000
 41
0.000000
 42
0.000000
  0
SEQEND
  0
POLYLINE
  8
PIN_BOTTOM
 66
1
 70
1
 40
0.000000
 41
0.000000
 39
0.000000
  0
VERTEX
  8
PIN_BOTTOM
 10
70.027800
 20
59.239658
 40
0.000000
 41
0.000000
 42
0.000000
  0
VERTEX
  8
PIN_BOTTOM
 10
70.027800
 20
58.731658
 40
0.000000
 41
0.000000
 42
0.000000
  0
VERTEX
  8
PIN_BOTTOM
 10
70.535800
 20
58.731658
 40
0.000000
 41
0.000000
 42
0.000000
  0
VERTEX
  8
PIN_BOTTOM
 10
70.535800
 20
59.239658
 40
0.000000
 41
0.000000
 42
0.000000
  0
SEQEND
  0
POLYLINE
  8
PG_SILKSCREEN_BOTTOM
 66
1
 70
0
 40
0.000000
 41
0.000000
 39
0.000000
  0
VERTEX
  8
PG_SILKSCREEN_BOTTOM
 10
70.641794
 20
58.630058
 40
0.101600
 41
0.101600
 42
0.000000
  0
VERTEX
  8
PG_SILKSCREEN_BOTTOM
 10
70.641794
 20
59.341258
 40
0.101600
 41
0.101600
 42
0.000000
  0
SEQEND
  0
POLYLINE
  8
PG_SILKSCREEN_BOTTOM
 66
1
 70
0
 40
0.000000
 41
0.000000
 39
0.000000
  0
VERTEX
  8
PG_SILKSCREEN_BOTTOM
 10
70.027800
 20
58.630058
 40
0.101600
 41
0.101600
 42
0.000000
  0
VERTEX
  8
PG_SILKSCREEN_BOTTOM
 10
70.637400
 20
58.630058
 40
0.101600
 41
0.101600
 42
0.000000
  0
SEQEND
  0
POLYLINE
  8
PG_SILKSCREEN_BOTTOM
 66
1
 70
0
 40
0.000000
 41
0.000000
 39
0.000000
  0
VERTEX
  8
PG_SILKSCREEN_BOTTOM
 10
70.637400
 20
59.341258
 40
0.101600
 41
0.101600
 42
0.000000
  0
VERTEX
  8
PG_SILKSCREEN_BOTTOM
 10
70.053200
 20
59.341258
 40
0.101600
 41
0.101600
 42
0.000000
  0
SEQEND
  0
POLYLINE
  8
PG_SILKSCREEN_BOTTOM
 66
1
 70
0
 40
0.000000
 41
0.000000
 39
0.000000
  0
VERTEX
  8
PG_SILKSCREEN_BOTTOM
 10
69.007406
 20
59.341258
 40
0.101600
 41
0.101600
 42
0.000000
  0
VERTEX
  8
PG_SILKSCREEN_BOTTOM
 10
69.617006
 20
59.341258
 40
0.101600
 41
0.101600
 42
0.000000
  0
SEQEND
  0
POLYLINE
  8
PG_SILKSCREEN_BOTTOM
 66
1
 70
0
 40
0.000000
 41
0.000000
 39
0.000000
  0
VERTEX
  8
PG_SILKSCREEN_BOTTOM
 10
69.007406
 20
58.630058
 40
0.101600
 41
0.101600
 42
0.000000
  0
VERTEX
  8
PG_SILKSCREEN_BOTTOM
 10
69.007406
 20
59.341258
 40
0.101600
 41
0.101600
 42
0.000000
  0
SEQEND
  0
POLYLINE
  8
PG_SILKSCREEN_BOTTOM
 66
1
 70
0
 40
0.000000
 41
0.000000
 39
0.000000
  0
VERTEX
  8
PG_SILKSCREEN_BOTTOM
 10
69.007406
 20
58.630058
 40
0.101600
 41
0.101600
 42
0.000000
  0
VERTEX
  8
PG_SILKSCREEN_BOTTOM
 10
69.617006
 20
58.630058
 40
0.101600
 41
0.101600
 42
0.000000
  0
SEQEND
  0
POLYLINE
  8
PIN_BOTTOM
 66
1
 70
1
 40
0.000000
 41
0.000000
 39
0.000000
  0
VERTEX
  8
PIN_BOTTOM
 10
43.523306
 20
11.438763
 40
0.000000
 41
0.000000
 42
0.000000
  0
VERTEX
  8
PIN_BOTTOM
 10
43.523306
 20
11.946763
 40
0.000000
 41
0.000000
 42
0.000000
  0
VERTEX
  8
PIN_BOTTOM
 10
43.015306
 20
11.946763
 40
0.000000
 41
0.000000
 42
0.000000
  0
VERTEX
  8
PIN_BOTTOM
 10
43.015306
 20
11.438763
 40
0.000000
 41
0.000000
 42
0.000000
  0
SEQEND
  0
POLYLINE
  8
PIN_BOTTOM
 66
1
 70
1
 40
0.000000
 41
0.000000
 39
0.000000
  0
VERTEX
  8
PIN_BOTTOM
 10
42.608906
 20
11.438763
 40
0.000000
 41
0.000000
 42
0.000000
  0
VERTEX
  8
PIN_BOTTOM
 10
42.608906
 20
11.946763
 40
0.000000
 41
0.000000
 42
0.000000
  0
VERTEX
  8
PIN_BOTTOM
 10
42.100906
 20
11.946763
 40
0.000000
 41
0.000000
 42
0.000000
  0
VERTEX
  8
PIN_BOTTOM
 10
42.100906
 20
11.438763
 40
0.000000
 41
0.000000
 42
0.000000
  0
SEQEND
  0
POLYLINE
  8
PG_SILKSCREEN_BOTTOM
 66
1
 70
0
 40
0.000000
 41
0.000000
 39
0.000000
  0
VERTEX
  8
PG_SILKSCREEN_BOTTOM
 10
41.994912
 20
12.048363
 40
0.101600
 41
0.101600
 42
0.000000
  0
VERTEX
  8
PG_SILKSCREEN_BOTTOM
 10
41.994912
 20
11.337163
 40
0.101600
 41
0.101600
 42
0.000000
  0
SEQEND
  0
POLYLINE
  8
PG_SILKSCREEN_BOTTOM
 66
1
 70
0
 40
0.000000
 41
0.000000
 39
0.000000
  0
VERTEX
  8
PG_SILKSCREEN_BOTTOM
 10
42.608906
 20
12.048363
 40
0.101600
 41
0.101600
 42
0.000000
  0
VERTEX
  8
PG_SILKSCREEN_BOTTOM
 10
41.999306
 20
12.048363
 40
0.101600
 41
0.101600
 42
0.000000
  0
SEQEND
  0
POLYLINE
  8
PG_SILKSCREEN_BOTTOM
 66
1
 70
0
 40
0.000000
 41
0.000000
 39
0.000000
  0
VERTEX
  8
PG_SILKSCREEN_BOTTOM
 10
41.999306
 20
11.337163
 40
0.101600
 41
0.101600
 42
0.000000
  0
VERTEX
  8
PG_SILKSCREEN_BOTTOM
 10
42.583506
 20
11.337163
 40
0.101600
 41
0.101600
 42
0.000000
  0
SEQEND
  0
POLYLINE
  8
PG_SILKSCREEN_BOTTOM
 66
1
 70
0
 40
0.000000
 41
0.000000
 39
0.000000
  0
VERTEX
  8
PG_SILKSCREEN_BOTTOM
 10
43.629301
 20
11.337163
 40
0.101600
 41
0.101600
 42
0.000000
  0
VERTEX
  8
PG_SILKSCREEN_BOTTOM
 10
43.019701
 20
11.337163
 40
0.101600
 41
0.101600
 42
0.000000
  0
SEQEND
  0
POLYLINE
  8
PG_SILKSCREEN_BOTTOM
 66
1
 70
0
 40
0.000000
 41
0.000000
 39
0.000000
  0
VERTEX
  8
PG_SILKSCREEN_BOTTOM
 10
43.629301
 20
12.048363
 40
0.101600
 41
0.101600
 42
0.000000
  0
VERTEX
  8
PG_SILKSCREEN_BOTTOM
 10
43.629301
 20
11.337163
 40
0.101600
 41
0.101600
 42
0.000000
  0
SEQEND
  0
POLYLINE
  8
PG_SILKSCREEN_BOTTOM
 66
1
 70
0
 40
0.000000
 41
0.000000
 39
0.000000
  0
VERTEX
  8
PG_SILKSCREEN_BOTTOM
 10
43.629301
 20
12.048363
 40
0.101600
 41
0.101600
 42
0.000000
  0
VERTEX
  8
PG_SILKSCREEN_BOTTOM
 10
43.019701
 20
12.048363
 40
0.101600
 41
0.101600
 42
0.000000
  0
SEQEND
  0
POLYLINE
  8
PIN_BOTTOM
 66
1
 70
1
 40
0.000000
 41
0.000000
 39
0.000000
  0
VERTEX
  8
PIN_BOTTOM
 10
44.045149
 20
20.303363
 40
0.000000
 41
0.000000
 42
0.000000
  0
VERTEX
  8
PIN_BOTTOM
 10
44.045149
 20
20.811363
 40
0.000000
 41
0.000000
 42
0.000000
  0
VERTEX
  8
PIN_BOTTOM
 10
43.537149
 20
20.811363
 40
0.000000
 41
0.000000
 42
0.000000
  0
VERTEX
  8
PIN_BOTTOM
 10
43.537149
 20
20.303363
 40
0.000000
 41
0.000000
 42
0.000000
  0
SEQEND
  0
POLYLINE
  8
PIN_BOTTOM
 66
1
 70
1
 40
0.000000
 41
0.000000
 39
0.000000
  0
VERTEX
  8
PIN_BOTTOM
 10
43.130749
 20
20.303363
 40
0.000000
 41
0.000000
 42
0.000000
  0
VERTEX
  8
PIN_BOTTOM
 10
43.130749
 20
20.811363
 40
0.000000
 41
0.000000
 42
0.000000
  0
VERTEX
  8
PIN_BOTTOM
 10
42.622749
 20
20.811363
 40
0.000000
 41
0.000000
 42
0.000000
  0
VERTEX
  8
PIN_BOTTOM
 10
42.622749
 20
20.303363
 40
0.000000
 41
0.000000
 42
0.000000
  0
SEQEND
  0
POLYLINE
  8
PG_SILKSCREEN_BOTTOM
 66
1
 70
0
 40
0.000000
 41
0.000000
 39
0.000000
  0
VERTEX
  8
PG_SILKSCREEN_BOTTOM
 10
42.516755
 20
20.912963
 40
0.101600
 41
0.101600
 42
0.000000
  0
VERTEX
  8
PG_SILKSCREEN_BOTTOM
 10
42.516755
 20
20.201763
 40
0.101600
 41
0.101600
 42
0.000000
  0
SEQEND
  0
POLYLINE
  8
PG_SILKSCREEN_BOTTOM
 66
1
 70
0
 40
0.000000
 41
0.000000
 39
0.000000
  0
VERTEX
  8
PG_SILKSCREEN_BOTTOM
 10
43.130749
 20
20.912963
 40
0.101600
 41
0.101600
 42
0.000000
  0
VERTEX
  8
PG_SILKSCREEN_BOTTOM
 10
42.521149
 20
20.912963
 40
0.101600
 41
0.101600
 42
0.000000
  0
SEQEND
  0
POLYLINE
  8
PG_SILKSCREEN_BOTTOM
 66
1
 70
0
 40
0.000000
 41
0.000000
 39
0.000000
  0
VERTEX
  8
PG_SILKSCREEN_BOTTOM
 10
42.521149
 20
20.201763
 40
0.101600
 41
0.101600
 42
0.000000
  0
VERTEX
  8
PG_SILKSCREEN_BOTTOM
 10
43.105349
 20
20.201763
 40
0.101600
 41
0.101600
 42
0.000000
  0
SEQEND
  0
POLYLINE
  8
PG_SILKSCREEN_BOTTOM
 66
1
 70
0
 40
0.000000
 41
0.000000
 39
0.000000
  0
VERTEX
  8
PG_SILKSCREEN_BOTTOM
 10
44.151144
 20
20.201763
 40
0.101600
 41
0.101600
 42
0.000000
  0
VERTEX
  8
PG_SILKSCREEN_BOTTOM
 10
43.541544
 20
20.201763
 40
0.101600
 41
0.101600
 42
0.000000
  0
SEQEND
  0
POLYLINE
  8
PG_SILKSCREEN_BOTTOM
 66
1
 70
0
 40
0.000000
 41
0.000000
 39
0.000000
  0
VERTEX
  8
PG_SILKSCREEN_BOTTOM
 10
44.151144
 20
20.912963
 40
0.101600
 41
0.101600
 42
0.000000
  0
VERTEX
  8
PG_SILKSCREEN_BOTTOM
 10
44.151144
 20
20.201763
 40
0.101600
 41
0.101600
 42
0.000000
  0
SEQEND
  0
POLYLINE
  8
PG_SILKSCREEN_BOTTOM
 66
1
 70
0
 40
0.000000
 41
0.000000
 39
0.000000
  0
VERTEX
  8
PG_SILKSCREEN_BOTTOM
 10
44.151144
 20
20.912963
 40
0.101600
 41
0.101600
 42
0.000000
  0
VERTEX
  8
PG_SILKSCREEN_BOTTOM
 10
43.541544
 20
20.912963
 40
0.101600
 41
0.101600
 42
0.000000
  0
SEQEND
  0
POLYLINE
  8
PIN_BOTTOM
 66
1
 70
1
 40
0.000000
 41
0.000000
 39
0.000000
  0
VERTEX
  8
PIN_BOTTOM
 10
43.514035
 20
15.082647
 40
0.000000
 41
0.000000
 42
0.000000
  0
VERTEX
  8
PIN_BOTTOM
 10
43.514035
 20
15.590647
 40
0.000000
 41
0.000000
 42
0.000000
  0
VERTEX
  8
PIN_BOTTOM
 10
43.006035
 20
15.590647
 40
0.000000
 41
0.000000
 42
0.000000
  0
VERTEX
  8
PIN_BOTTOM
 10
43.006035
 20
15.082647
 40
0.000000
 41
0.000000
 42
0.000000
  0
SEQEND
  0
POLYLINE
  8
PIN_BOTTOM
 66
1
 70
1
 40
0.000000
 41
0.000000
 39
0.000000
  0
VERTEX
  8
PIN_BOTTOM
 10
42.599635
 20
15.082647
 40
0.000000
 41
0.000000
 42
0.000000
  0
VERTEX
  8
PIN_BOTTOM
 10
42.599635
 20
15.590647
 40
0.000000
 41
0.000000
 42
0.000000
  0
VERTEX
  8
PIN_BOTTOM
 10
42.091635
 20
15.590647
 40
0.000000
 41
0.000000
 42
0.000000
  0
VERTEX
  8
PIN_BOTTOM
 10
42.091635
 20
15.082647
 40
0.000000
 41
0.000000
 42
0.000000
  0
SEQEND
  0
POLYLINE
  8
PG_SILKSCREEN_BOTTOM
 66
1
 70
0
 40
0.000000
 41
0.000000
 39
0.000000
  0
VERTEX
  8
PG_SILKSCREEN_BOTTOM
 10
41.985641
 20
15.692247
 40
0.101600
 41
0.101600
 42
0.000000
  0
VERTEX
  8
PG_SILKSCREEN_BOTTOM
 10
41.985641
 20
14.981047
 40
0.101600
 41
0.101600
 42
0.000000
  0
SEQEND
  0
POLYLINE
  8
PG_SILKSCREEN_BOTTOM
 66
1
 70
0
 40
0.000000
 41
0.000000
 39
0.000000
  0
VERTEX
  8
PG_SILKSCREEN_BOTTOM
 10
42.599635
 20
15.692247
 40
0.101600
 41
0.101600
 42
0.000000
  0
VERTEX
  8
PG_SILKSCREEN_BOTTOM
 10
41.990035
 20
15.692247
 40
0.101600
 41
0.101600
 42
0.000000
  0
SEQEND
  0
POLYLINE
  8
PG_SILKSCREEN_BOTTOM
 66
1
 70
0
 40
0.000000
 41
0.000000
 39
0.000000
  0
VERTEX
  8
PG_SILKSCREEN_BOTTOM
 10
41.990035
 20
14.981047
 40
0.101600
 41
0.101600
 42
0.000000
  0
VERTEX
  8
PG_SILKSCREEN_BOTTOM
 10
42.574235
 20
14.981047
 40
0.101600
 41
0.101600
 42
0.000000
  0
SEQEND
  0
POLYLINE
  8
PG_SILKSCREEN_BOTTOM
 66
1
 70
0
 40
0.000000
 41
0.000000
 39
0.000000
  0
VERTEX
  8
PG_SILKSCREEN_BOTTOM
 10
43.620030
 20
14.981047
 40
0.101600
 41
0.101600
 42
0.000000
  0
VERTEX
  8
PG_SILKSCREEN_BOTTOM
 10
43.010430
 20
14.981047
 40
0.101600
 41
0.101600
 42
0.000000
  0
SEQEND
  0
POLYLINE
  8
PG_SILKSCREEN_BOTTOM
 66
1
 70
0
 40
0.000000
 41
0.000000
 39
0.000000
  0
VERTEX
  8
PG_SILKSCREEN_BOTTOM
 10
43.620030
 20
15.692247
 40
0.101600
 41
0.101600
 42
0.000000
  0
VERTEX
  8
PG_SILKSCREEN_BOTTOM
 10
43.620030
 20
14.981047
 40
0.101600
 41
0.101600
 42
0.000000
  0
SEQEND
  0
POLYLINE
  8
PG_SILKSCREEN_BOTTOM
 66
1
 70
0
 40
0.000000
 41
0.000000
 39
0.000000
  0
VERTEX
  8
PG_SILKSCREEN_BOTTOM
 10
43.620030
 20
15.692247
 40
0.101600
 41
0.101600
 42
0.000000
  0
VERTEX
  8
PG_SILKSCREEN_BOTTOM
 10
43.010430
 20
15.692247
 40
0.101600
 41
0.101600
 42
0.000000
  0
SEQEND
  0
POLYLINE
  8
PIN_BOTTOM
 66
1
 70
1
 40
0.000000
 41
0.000000
 39
0.000000
  0
VERTEX
  8
PIN_BOTTOM
 10
54.713886
 20
20.279614
 40
0.000000
 41
0.000000
 42
0.000000
  0
VERTEX
  8
PIN_BOTTOM
 10
54.713886
 20
20.787614
 40
0.000000
 41
0.000000
 42
0.000000
  0
VERTEX
  8
PIN_BOTTOM
 10
54.205886
 20
20.787614
 40
0.000000
 41
0.000000
 42
0.000000
  0
VERTEX
  8
PIN_BOTTOM
 10
54.205886
 20
20.279614
 40
0.000000
 41
0.000000
 42
0.000000
  0
SEQEND
  0
POLYLINE
  8
PIN_BOTTOM
 66
1
 70
1
 40
0.000000
 41
0.000000
 39
0.000000
  0
VERTEX
  8
PIN_BOTTOM
 10
53.799486
 20
20.279614
 40
0.000000
 41
0.000000
 42
0.000000
  0
VERTEX
  8
PIN_BOTTOM
 10
53.799486
 20
20.787614
 40
0.000000
 41
0.000000
 42
0.000000
  0
VERTEX
  8
PIN_BOTTOM
 10
53.291486
 20
20.787614
 40
0.000000
 41
0.000000
 42
0.000000
  0
VERTEX
  8
PIN_BOTTOM
 10
53.291486
 20
20.279614
 40
0.000000
 41
0.000000
 42
0.000000
  0
SEQEND
  0
POLYLINE
  8
PG_SILKSCREEN_BOTTOM
 66
1
 70
0
 40
0.000000
 41
0.000000
 39
0.000000
  0
VERTEX
  8
PG_SILKSCREEN_BOTTOM
 10
53.185492
 20
20.889214
 40
0.101600
 41
0.101600
 42
0.000000
  0
VERTEX
  8
PG_SILKSCREEN_BOTTOM
 10
53.185492
 20
20.178014
 40
0.101600
 41
0.101600
 42
0.000000
  0
SEQEND
  0
POLYLINE
  8
PG_SILKSCREEN_BOTTOM
 66
1
 70
0
 40
0.000000
 41
0.000000
 39
0.000000
  0
VERTEX
  8
PG_SILKSCREEN_BOTTOM
 10
53.799486
 20
20.889214
 40
0.101600
 41
0.101600
 42
0.000000
  0
VERTEX
  8
PG_SILKSCREEN_BOTTOM
 10
53.189886
 20
20.889214
 40
0.101600
 41
0.101600
 42
0.000000
  0
SEQEND
  0
POLYLINE
  8
PG_SILKSCREEN_BOTTOM
 66
1
 70
0
 40
0.000000
 41
0.000000
 39
0.000000
  0
VERTEX
  8
PG_SILKSCREEN_BOTTOM
 10
53.189886
 20
20.178014
 40
0.101600
 41
0.101600
 42
0.000000
  0
VERTEX
  8
PG_SILKSCREEN_BOTTOM
 10
53.774086
 20
20.178014
 40
0.101600
 41
0.101600
 42
0.000000
  0
SEQEND
  0
POLYLINE
  8
PG_SILKSCREEN_BOTTOM
 66
1
 70
0
 40
0.000000
 41
0.000000
 39
0.000000
  0
VERTEX
  8
PG_SILKSCREEN_BOTTOM
 10
54.819880
 20
20.178014
 40
0.101600
 41
0.101600
 42
0.000000
  0
VERTEX
  8
PG_SILKSCREEN_BOTTOM
 10
54.210280
 20
20.178014
 40
0.101600
 41
0.101600
 42
0.000000
  0
SEQEND
  0
POLYLINE
  8
PG_SILKSCREEN_BOTTOM
 66
1
 70
0
 40
0.000000
 41
0.000000
 39
0.000000
  0
VERTEX
  8
PG_SILKSCREEN_BOTTOM
 10
54.819880
 20
20.889214
 40
0.101600
 41
0.101600
 42
0.000000
  0
VERTEX
  8
PG_SILKSCREEN_BOTTOM
 10
54.819880
 20
20.178014
 40
0.101600
 41
0.101600
 42
0.000000
  0
SEQEND
  0
POLYLINE
  8
PG_SILKSCREEN_BOTTOM
 66
1
 70
0
 40
0.000000
 41
0.000000
 39
0.000000
  0
VERTEX
  8
PG_SILKSCREEN_BOTTOM
 10
54.819880
 20
20.889214
 40
0.101600
 41
0.101600
 42
0.000000
  0
VERTEX
  8
PG_SILKSCREEN_BOTTOM
 10
54.210280
 20
20.889214
 40
0.101600
 41
0.101600
 42
0.000000
  0
SEQEND
  0
POLYLINE
  8
PIN_BOTTOM
 66
1
 70
1
 40
0.000000
 41
0.000000
 39
0.000000
  0
VERTEX
  8
PIN_BOTTOM
 10
54.173526
 20
11.565763
 40
0.000000
 41
0.000000
 42
0.000000
  0
VERTEX
  8
PIN_BOTTOM
 10
54.173526
 20
12.073763
 40
0.000000
 41
0.000000
 42
0.000000
  0
VERTEX
  8
PIN_BOTTOM
 10
53.665526
 20
12.073763
 40
0.000000
 41
0.000000
 42
0.000000
  0
VERTEX
  8
PIN_BOTTOM
 10
53.665526
 20
11.565763
 40
0.000000
 41
0.000000
 42
0.000000
  0
SEQEND
  0
POLYLINE
  8
PIN_BOTTOM
 66
1
 70
1
 40
0.000000
 41
0.000000
 39
0.000000
  0
VERTEX
  8
PIN_BOTTOM
 10
53.259126
 20
11.565763
 40
0.000000
 41
0.000000
 42
0.000000
  0
VERTEX
  8
PIN_BOTTOM
 10
53.259126
 20
12.073763
 40
0.000000
 41
0.000000
 42
0.000000
  0
VERTEX
  8
PIN_BOTTOM
 10
52.751126
 20
12.073763
 40
0.000000
 41
0.000000
 42
0.000000
  0
VERTEX
  8
PIN_BOTTOM
 10
52.751126
 20
11.565763
 40
0.000000
 41
0.000000
 42
0.000000
  0
SEQEND
  0
POLYLINE
  8
PG_SILKSCREEN_BOTTOM
 66
1
 70
0
 40
0.000000
 41
0.000000
 39
0.000000
  0
VERTEX
  8
PG_SILKSCREEN_BOTTOM
 10
52.645132
 20
12.175363
 40
0.101600
 41
0.101600
 42
0.000000
  0
VERTEX
  8
PG_SILKSCREEN_BOTTOM
 10
52.645132
 20
11.464163
 40
0.101600
 41
0.101600
 42
0.000000
  0
SEQEND
  0
POLYLINE
  8
PG_SILKSCREEN_BOTTOM
 66
1
 70
0
 40
0.000000
 41
0.000000
 39
0.000000
  0
VERTEX
  8
PG_SILKSCREEN_BOTTOM
 10
53.259126
 20
12.175363
 40
0.101600
 41
0.101600
 42
0.000000
  0
VERTEX
  8
PG_SILKSCREEN_BOTTOM
 10
52.649526
 20
12.175363
 40
0.101600
 41
0.101600
 42
0.000000
  0
SEQEND
  0
POLYLINE
  8
PG_SILKSCREEN_BOTTOM
 66
1
 70
0
 40
0.000000
 41
0.000000
 39
0.000000
  0
VERTEX
  8
PG_SILKSCREEN_BOTTOM
 10
52.649526
 20
11.464163
 40
0.101600
 41
0.101600
 42
0.000000
  0
VERTEX
  8
PG_SILKSCREEN_BOTTOM
 10
53.233726
 20
11.464163
 40
0.101600
 41
0.101600
 42
0.000000
  0
SEQEND
  0
POLYLINE
  8
PG_SILKSCREEN_BOTTOM
 66
1
 70
0
 40
0.000000
 41
0.000000
 39
0.000000
  0
VERTEX
  8
PG_SILKSCREEN_BOTTOM
 10
54.279521
 20
11.464163
 40
0.101600
 41
0.101600
 42
0.000000
  0
VERTEX
  8
PG_SILKSCREEN_BOTTOM
 10
53.669921
 20
11.464163
 40
0.101600
 41
0.101600
 42
0.000000
  0
SEQEND
  0
POLYLINE
  8
PG_SILKSCREEN_BOTTOM
 66
1
 70
0
 40
0.000000
 41
0.000000
 39
0.000000
  0
VERTEX
  8
PG_SILKSCREEN_BOTTOM
 10
54.279521
 20
12.175363
 40
0.101600
 41
0.101600
 42
0.000000
  0
VERTEX
  8
PG_SILKSCREEN_BOTTOM
 10
54.279521
 20
11.464163
 40
0.101600
 41
0.101600
 42
0.000000
  0
SEQEND
  0
POLYLINE
  8
PG_SILKSCREEN_BOTTOM
 66
1
 70
0
 40
0.000000
 41
0.000000
 39
0.000000
  0
VERTEX
  8
PG_SILKSCREEN_BOTTOM
 10
54.279521
 20
12.175363
 40
0.101600
 41
0.101600
 42
0.000000
  0
VERTEX
  8
PG_SILKSCREEN_BOTTOM
 10
53.669921
 20
12.175363
 40
0.101600
 41
0.101600
 42
0.000000
  0
SEQEND
  0
POLYLINE
  8
PIN_BOTTOM
 66
1
 70
1
 40
0.000000
 41
0.000000
 39
0.000000
  0
VERTEX
  8
PIN_BOTTOM
 10
65.364385
 20
20.301585
 40
0.000000
 41
0.000000
 42
0.000000
  0
VERTEX
  8
PIN_BOTTOM
 10
65.364385
 20
20.809585
 40
0.000000
 41
0.000000
 42
0.000000
  0
VERTEX
  8
PIN_BOTTOM
 10
64.856385
 20
20.809585
 40
0.000000
 41
0.000000
 42
0.000000
  0
VERTEX
  8
PIN_BOTTOM
 10
64.856385
 20
20.301585
 40
0.000000
 41
0.000000
 42
0.000000
  0
SEQEND
  0
POLYLINE
  8
PIN_BOTTOM
 66
1
 70
1
 40
0.000000
 41
0.000000
 39
0.000000
  0
VERTEX
  8
PIN_BOTTOM
 10
64.449985
 20
20.301585
 40
0.000000
 41
0.000000
 42
0.000000
  0
VERTEX
  8
PIN_BOTTOM
 10
64.449985
 20
20.809585
 40
0.000000
 41
0.000000
 42
0.000000
  0
VERTEX
  8
PIN_BOTTOM
 10
63.941985
 20
20.809585
 40
0.000000
 41
0.000000
 42
0.000000
  0
VERTEX
  8
PIN_BOTTOM
 10
63.941985
 20
20.301585
 40
0.000000
 41
0.000000
 42
0.000000
  0
SEQEND
  0
POLYLINE
  8
PG_SILKSCREEN_BOTTOM
 66
1
 70
0
 40
0.000000
 41
0.000000
 39
0.000000
  0
VERTEX
  8
PG_SILKSCREEN_BOTTOM
 10
63.835991
 20
20.911185
 40
0.101600
 41
0.101600
 42
0.000000
  0
VERTEX
  8
PG_SILKSCREEN_BOTTOM
 10
63.835991
 20
20.199985
 40
0.101600
 41
0.101600
 42
0.000000
  0
SEQEND
  0
POLYLINE
  8
PG_SILKSCREEN_BOTTOM
 66
1
 70
0
 40
0.000000
 41
0.000000
 39
0.000000
  0
VERTEX
  8
PG_SILKSCREEN_BOTTOM
 10
64.449985
 20
20.911185
 40
0.101600
 41
0.101600
 42
0.000000
  0
VERTEX
  8
PG_SILKSCREEN_BOTTOM
 10
63.840385
 20
20.911185
 40
0.101600
 41
0.101600
 42
0.000000
  0
SEQEND
  0
POLYLINE
  8
PG_SILKSCREEN_BOTTOM
 66
1
 70
0
 40
0.000000
 41
0.000000
 39
0.000000
  0
VERTEX
  8
PG_SILKSCREEN_BOTTOM
 10
63.840385
 20
20.199985
 40
0.101600
 41
0.101600
 42
0.000000
  0
VERTEX
  8
PG_SILKSCREEN_BOTTOM
 10
64.424585
 20
20.199985
 40
0.101600
 41
0.101600
 42
0.000000
  0
SEQEND
  0
POLYLINE
  8
PG_SILKSCREEN_BOTTOM
 66
1
 70
0
 40
0.000000
 41
0.000000
 39
0.000000
  0
VERTEX
  8
PG_SILKSCREEN_BOTTOM
 10
65.470380
 20
20.199985
 40
0.101600
 41
0.101600
 42
0.000000
  0
VERTEX
  8
PG_SILKSCREEN_BOTTOM
 10
64.860780
 20
20.199985
 40
0.101600
 41
0.101600
 42
0.000000
  0
SEQEND
  0
POLYLINE
  8
PG_SILKSCREEN_BOTTOM
 66
1
 70
0
 40
0.000000
 41
0.000000
 39
0.000000
  0
VERTEX
  8
PG_SILKSCREEN_BOTTOM
 10
65.470380
 20
20.911185
 40
0.101600
 41
0.101600
 42
0.000000
  0
VERTEX
  8
PG_SILKSCREEN_BOTTOM
 10
65.470380
 20
20.199985
 40
0.101600
 41
0.101600
 42
0.000000
  0
SEQEND
  0
POLYLINE
  8
PG_SILKSCREEN_BOTTOM
 66
1
 70
0
 40
0.000000
 41
0.000000
 39
0.000000
  0
VERTEX
  8
PG_SILKSCREEN_BOTTOM
 10
65.470380
 20
20.911185
 40
0.101600
 41
0.101600
 42
0.000000
  0
VERTEX
  8
PG_SILKSCREEN_BOTTOM
 10
64.860780
 20
20.911185
 40
0.101600
 41
0.101600
 42
0.000000
  0
SEQEND
  0
POLYLINE
  8
PIN_BOTTOM
 66
1
 70
1
 40
0.000000
 41
0.000000
 39
0.000000
  0
VERTEX
  8
PIN_BOTTOM
 10
64.807109
 20
12.365863
 40
0.000000
 41
0.000000
 42
0.000000
  0
VERTEX
  8
PIN_BOTTOM
 10
64.807109
 20
12.873863
 40
0.000000
 41
0.000000
 42
0.000000
  0
VERTEX
  8
PIN_BOTTOM
 10
64.299109
 20
12.873863
 40
0.000000
 41
0.000000
 42
0.000000
  0
VERTEX
  8
PIN_BOTTOM
 10
64.299109
 20
12.365863
 40
0.000000
 41
0.000000
 42
0.000000
  0
SEQEND
  0
POLYLINE
  8
PIN_BOTTOM
 66
1
 70
1
 40
0.000000
 41
0.000000
 39
0.000000
  0
VERTEX
  8
PIN_BOTTOM
 10
63.892709
 20
12.365863
 40
0.000000
 41
0.000000
 42
0.000000
  0
VERTEX
  8
PIN_BOTTOM
 10
63.892709
 20
12.873863
 40
0.000000
 41
0.000000
 42
0.000000
  0
VERTEX
  8
PIN_BOTTOM
 10
63.384709
 20
12.873863
 40
0.000000
 41
0.000000
 42
0.000000
  0
VERTEX
  8
PIN_BOTTOM
 10
63.384709
 20
12.365863
 40
0.000000
 41
0.000000
 42
0.000000
  0
SEQEND
  0
POLYLINE
  8
PG_SILKSCREEN_BOTTOM
 66
1
 70
0
 40
0.000000
 41
0.000000
 39
0.000000
  0
VERTEX
  8
PG_SILKSCREEN_BOTTOM
 10
63.278715
 20
12.975463
 40
0.101600
 41
0.101600
 42
0.000000
  0
VERTEX
  8
PG_SILKSCREEN_BOTTOM
 10
63.278715
 20
12.264263
 40
0.101600
 41
0.101600
 42
0.000000
  0
SEQEND
  0
POLYLINE
  8
PG_SILKSCREEN_BOTTOM
 66
1
 70
0
 40
0.000000
 41
0.000000
 39
0.000000
  0
VERTEX
  8
PG_SILKSCREEN_BOTTOM
 10
63.892709
 20
12.975463
 40
0.101600
 41
0.101600
 42
0.000000
  0
VERTEX
  8
PG_SILKSCREEN_BOTTOM
 10
63.283109
 20
12.975463
 40
0.101600
 41
0.101600
 42
0.000000
  0
SEQEND
  0
POLYLINE
  8
PG_SILKSCREEN_BOTTOM
 66
1
 70
0
 40
0.000000
 41
0.000000
 39
0.000000
  0
VERTEX
  8
PG_SILKSCREEN_BOTTOM
 10
63.283109
 20
12.264263
 40
0.101600
 41
0.101600
 42
0.000000
  0
VERTEX
  8
PG_SILKSCREEN_BOTTOM
 10
63.867309
 20
12.264263
 40
0.101600
 41
0.101600
 42
0.000000
  0
SEQEND
  0
POLYLINE
  8
PG_SILKSCREEN_BOTTOM
 66
1
 70
0
 40
0.000000
 41
0.000000
 39
0.000000
  0
VERTEX
  8
PG_SILKSCREEN_BOTTOM
 10
64.913104
 20
12.264263
 40
0.101600
 41
0.101600
 42
0.000000
  0
VERTEX
  8
PG_SILKSCREEN_BOTTOM
 10
64.303504
 20
12.264263
 40
0.101600
 41
0.101600
 42
0.000000
  0
SEQEND
  0
POLYLINE
  8
PG_SILKSCREEN_BOTTOM
 66
1
 70
0
 40
0.000000
 41
0.000000
 39
0.000000
  0
VERTEX
  8
PG_SILKSCREEN_BOTTOM
 10
64.913104
 20
12.975463
 40
0.101600
 41
0.101600
 42
0.000000
  0
VERTEX
  8
PG_SILKSCREEN_BOTTOM
 10
64.913104
 20
12.264263
 40
0.101600
 41
0.101600
 42
0.000000
  0
SEQEND
  0
POLYLINE
  8
PG_SILKSCREEN_BOTTOM
 66
1
 70
0
 40
0.000000
 41
0.000000
 39
0.000000
  0
VERTEX
  8
PG_SILKSCREEN_BOTTOM
 10
64.913104
 20
12.975463
 40
0.101600
 41
0.101600
 42
0.000000
  0
VERTEX
  8
PG_SILKSCREEN_BOTTOM
 10
64.303504
 20
12.975463
 40
0.101600
 41
0.101600
 42
0.000000
  0
SEQEND
  0
POLYLINE
  8
PIN_BOTTOM
 66
1
 70
1
 40
0.000000
 41
0.000000
 39
0.000000
  0
VERTEX
  8
PIN_BOTTOM
 10
54.083483
 20
15.161895
 40
0.000000
 41
0.000000
 42
0.000000
  0
VERTEX
  8
PIN_BOTTOM
 10
54.083483
 20
15.669895
 40
0.000000
 41
0.000000
 42
0.000000
  0
VERTEX
  8
PIN_BOTTOM
 10
53.575483
 20
15.669895
 40
0.000000
 41
0.000000
 42
0.000000
  0
VERTEX
  8
PIN_BOTTOM
 10
53.575483
 20
15.161895
 40
0.000000
 41
0.000000
 42
0.000000
  0
SEQEND
  0
POLYLINE
  8
PIN_BOTTOM
 66
1
 70
1
 40
0.000000
 41
0.000000
 39
0.000000
  0
VERTEX
  8
PIN_BOTTOM
 10
53.169083
 20
15.161895
 40
0.000000
 41
0.000000
 42
0.000000
  0
VERTEX
  8
PIN_BOTTOM
 10
53.169083
 20
15.669895
 40
0.000000
 41
0.000000
 42
0.000000
  0
VERTEX
  8
PIN_BOTTOM
 10
52.661083
 20
15.669895
 40
0.000000
 41
0.000000
 42
0.000000
  0
VERTEX
  8
PIN_BOTTOM
 10
52.661083
 20
15.161895
 40
0.000000
 41
0.000000
 42
0.000000
  0
SEQEND
  0
POLYLINE
  8
PG_SILKSCREEN_BOTTOM
 66
1
 70
0
 40
0.000000
 41
0.000000
 39
0.000000
  0
VERTEX
  8
PG_SILKSCREEN_BOTTOM
 10
52.555089
 20
15.771495
 40
0.101600
 41
0.101600
 42
0.000000
  0
VERTEX
  8
PG_SILKSCREEN_BOTTOM
 10
52.555089
 20
15.060295
 40
0.101600
 41
0.101600
 42
0.000000
  0
SEQEND
  0
POLYLINE
  8
PG_SILKSCREEN_BOTTOM
 66
1
 70
0
 40
0.000000
 41
0.000000
 39
0.000000
  0
VERTEX
  8
PG_SILKSCREEN_BOTTOM
 10
53.169083
 20
15.771495
 40
0.101600
 41
0.101600
 42
0.000000
  0
VERTEX
  8
PG_SILKSCREEN_BOTTOM
 10
52.559483
 20
15.771495
 40
0.101600
 41
0.101600
 42
0.000000
  0
SEQEND
  0
POLYLINE
  8
PG_SILKSCREEN_BOTTOM
 66
1
 70
0
 40
0.000000
 41
0.000000
 39
0.000000
  0
VERTEX
  8
PG_SILKSCREEN_BOTTOM
 10
52.559483
 20
15.060295
 40
0.101600
 41
0.101600
 42
0.000000
  0
VERTEX
  8
PG_SILKSCREEN_BOTTOM
 10
53.143683
 20
15.060295
 40
0.101600
 41
0.101600
 42
0.000000
  0
SEQEND
  0
POLYLINE
  8
PG_SILKSCREEN_BOTTOM
 66
1
 70
0
 40
0.000000
 41
0.000000
 39
0.000000
  0
VERTEX
  8
PG_SILKSCREEN_BOTTOM
 10
54.189478
 20
15.060295
 40
0.101600
 41
0.101600
 42
0.000000
  0
VERTEX
  8
PG_SILKSCREEN_BOTTOM
 10
53.579878
 20
15.060295
 40
0.101600
 41
0.101600
 42
0.000000
  0
SEQEND
  0
POLYLINE
  8
PG_SILKSCREEN_BOTTOM
 66
1
 70
0
 40
0.000000
 41
0.000000
 39
0.000000
  0
VERTEX
  8
PG_SILKSCREEN_BOTTOM
 10
54.189478
 20
15.771495
 40
0.101600
 41
0.101600
 42
0.000000
  0
VERTEX
  8
PG_SILKSCREEN_BOTTOM
 10
54.189478
 20
15.060295
 40
0.101600
 41
0.101600
 42
0.000000
  0
SEQEND
  0
POLYLINE
  8
PG_SILKSCREEN_BOTTOM
 66
1
 70
0
 40
0.000000
 41
0.000000
 39
0.000000
  0
VERTEX
  8
PG_SILKSCREEN_BOTTOM
 10
54.189478
 20
15.771495
 40
0.101600
 41
0.101600
 42
0.000000
  0
VERTEX
  8
PG_SILKSCREEN_BOTTOM
 10
53.579878
 20
15.771495
 40
0.101600
 41
0.101600
 42
0.000000
  0
SEQEND
  0
POLYLINE
  8
PIN_BOTTOM
 66
1
 70
1
 40
0.000000
 41
0.000000
 39
0.000000
  0
VERTEX
  8
PIN_BOTTOM
 10
64.758595
 20
15.132177
 40
0.000000
 41
0.000000
 42
0.000000
  0
VERTEX
  8
PIN_BOTTOM
 10
64.758595
 20
15.640177
 40
0.000000
 41
0.000000
 42
0.000000
  0
VERTEX
  8
PIN_BOTTOM
 10
64.250595
 20
15.640177
 40
0.000000
 41
0.000000
 42
0.000000
  0
VERTEX
  8
PIN_BOTTOM
 10
64.250595
 20
15.132177
 40
0.000000
 41
0.000000
 42
0.000000
  0
SEQEND
  0
POLYLINE
  8
PIN_BOTTOM
 66
1
 70
1
 40
0.000000
 41
0.000000
 39
0.000000
  0
VERTEX
  8
PIN_BOTTOM
 10
63.844195
 20
15.132177
 40
0.000000
 41
0.000000
 42
0.000000
  0
VERTEX
  8
PIN_BOTTOM
 10
63.844195
 20
15.640177
 40
0.000000
 41
0.000000
 42
0.000000
  0
VERTEX
  8
PIN_BOTTOM
 10
63.336195
 20
15.640177
 40
0.000000
 41
0.000000
 42
0.000000
  0
VERTEX
  8
PIN_BOTTOM
 10
63.336195
 20
15.132177
 40
0.000000
 41
0.000000
 42
0.000000
  0
SEQEND
  0
POLYLINE
  8
PG_SILKSCREEN_BOTTOM
 66
1
 70
0
 40
0.000000
 41
0.000000
 39
0.000000
  0
VERTEX
  8
PG_SILKSCREEN_BOTTOM
 10
63.230201
 20
15.741777
 40
0.101600
 41
0.101600
 42
0.000000
  0
VERTEX
  8
PG_SILKSCREEN_BOTTOM
 10
63.230201
 20
15.030577
 40
0.101600
 41
0.101600
 42
0.000000
  0
SEQEND
  0
POLYLINE
  8
PG_SILKSCREEN_BOTTOM
 66
1
 70
0
 40
0.000000
 41
0.000000
 39
0.000000
  0
VERTEX
  8
PG_SILKSCREEN_BOTTOM
 10
63.844195
 20
15.741777
 40
0.101600
 41
0.101600
 42
0.000000
  0
VERTEX
  8
PG_SILKSCREEN_BOTTOM
 10
63.234595
 20
15.741777
 40
0.101600
 41
0.101600
 42
0.000000
  0
SEQEND
  0
POLYLINE
  8
PG_SILKSCREEN_BOTTOM
 66
1
 70
0
 40
0.000000
 41
0.000000
 39
0.000000
  0
VERTEX
  8
PG_SILKSCREEN_BOTTOM
 10
63.234595
 20
15.030577
 40
0.101600
 41
0.101600
 42
0.000000
  0
VERTEX
  8
PG_SILKSCREEN_BOTTOM
 10
63.818795
 20
15.030577
 40
0.101600
 41
0.101600
 42
0.000000
  0
SEQEND
  0
POLYLINE
  8
PG_SILKSCREEN_BOTTOM
 66
1
 70
0
 40
0.000000
 41
0.000000
 39
0.000000
  0
VERTEX
  8
PG_SILKSCREEN_BOTTOM
 10
64.864590
 20
15.030577
 40
0.101600
 41
0.101600
 42
0.000000
  0
VERTEX
  8
PG_SILKSCREEN_BOTTOM
 10
64.254990
 20
15.030577
 40
0.101600
 41
0.101600
 42
0.000000
  0
SEQEND
  0
POLYLINE
  8
PG_SILKSCREEN_BOTTOM
 66
1
 70
0
 40
0.000000
 41
0.000000
 39
0.000000
  0
VERTEX
  8
PG_SILKSCREEN_BOTTOM
 10
64.864590
 20
15.741777
 40
0.101600
 41
0.101600
 42
0.000000
  0
VERTEX
  8
PG_SILKSCREEN_BOTTOM
 10
64.864590
 20
15.030577
 40
0.101600
 41
0.101600
 42
0.000000
  0
SEQEND
  0
POLYLINE
  8
PG_SILKSCREEN_BOTTOM
 66
1
 70
0
 40
0.000000
 41
0.000000
 39
0.000000
  0
VERTEX
  8
PG_SILKSCREEN_BOTTOM
 10
64.864590
 20
15.741777
 40
0.101600
 41
0.101600
 42
0.000000
  0
VERTEX
  8
PG_SILKSCREEN_BOTTOM
 10
64.254990
 20
15.741777
 40
0.101600
 41
0.101600
 42
0.000000
  0
SEQEND
  0
POLYLINE
  8
PIN_BOTTOM
 66
1
 70
1
 40
0.000000
 41
0.000000
 39
0.000000
  0
VERTEX
  8
PIN_BOTTOM
 10
13.732916
 20
1.501826
 40
0.000000
 41
0.000000
 42
0.000000
  0
VERTEX
  8
PIN_BOTTOM
 10
13.732916
 20
2.009826
 40
0.000000
 41
0.000000
 42
0.000000
  0
VERTEX
  8
PIN_BOTTOM
 10
13.224916
 20
2.009826
 40
0.000000
 41
0.000000
 42
0.000000
  0
VERTEX
  8
PIN_BOTTOM
 10
13.224916
 20
1.501826
 40
0.000000
 41
0.000000
 42
0.000000
  0
SEQEND
  0
POLYLINE
  8
PIN_BOTTOM
 66
1
 70
1
 40
0.000000
 41
0.000000
 39
0.000000
  0
VERTEX
  8
PIN_BOTTOM
 10
12.818516
 20
1.501826
 40
0.000000
 41
0.000000
 42
0.000000
  0
VERTEX
  8
PIN_BOTTOM
 10
12.818516
 20
2.009826
 40
0.000000
 41
0.000000
 42
0.000000
  0
VERTEX
  8
PIN_BOTTOM
 10
12.310516
 20
2.009826
 40
0.000000
 41
0.000000
 42
0.000000
  0
VERTEX
  8
PIN_BOTTOM
 10
12.310516
 20
1.501826
 40
0.000000
 41
0.000000
 42
0.000000
  0
SEQEND
  0
POLYLINE
  8
PG_SILKSCREEN_BOTTOM
 66
1
 70
0
 40
0.000000
 41
0.000000
 39
0.000000
  0
VERTEX
  8
PG_SILKSCREEN_BOTTOM
 10
12.204497
 20
2.111426
 40
0.101600
 41
0.101600
 42
0.000000
  0
VERTEX
  8
PG_SILKSCREEN_BOTTOM
 10
12.204497
 20
1.400226
 40
0.101600
 41
0.101600
 42
0.000000
  0
SEQEND
  0
POLYLINE
  8
PG_SILKSCREEN_BOTTOM
 66
1
 70
0
 40
0.000000
 41
0.000000
 39
0.000000
  0
VERTEX
  8
PG_SILKSCREEN_BOTTOM
 10
12.818516
 20
2.111426
 40
0.101600
 41
0.101600
 42
0.000000
  0
VERTEX
  8
PG_SILKSCREEN_BOTTOM
 10
12.208916
 20
2.111426
 40
0.101600
 41
0.101600
 42
0.000000
  0
SEQEND
  0
POLYLINE
  8
PG_SILKSCREEN_BOTTOM
 66
1
 70
0
 40
0.000000
 41
0.000000
 39
0.000000
  0
VERTEX
  8
PG_SILKSCREEN_BOTTOM
 10
12.208916
 20
1.400226
 40
0.101600
 41
0.101600
 42
0.000000
  0
VERTEX
  8
PG_SILKSCREEN_BOTTOM
 10
12.793116
 20
1.400226
 40
0.101600
 41
0.101600
 42
0.000000
  0
SEQEND
  0
POLYLINE
  8
PG_SILKSCREEN_BOTTOM
 66
1
 70
0
 40
0.000000
 41
0.000000
 39
0.000000
  0
VERTEX
  8
PG_SILKSCREEN_BOTTOM
 10
13.838911
 20
1.400226
 40
0.101600
 41
0.101600
 42
0.000000
  0
VERTEX
  8
PG_SILKSCREEN_BOTTOM
 10
13.229311
 20
1.400226
 40
0.101600
 41
0.101600
 42
0.000000
  0
SEQEND
  0
POLYLINE
  8
PG_SILKSCREEN_BOTTOM
 66
1
 70
0
 40
0.000000
 41
0.000000
 39
0.000000
  0
VERTEX
  8
PG_SILKSCREEN_BOTTOM
 10
13.838911
 20
2.111426
 40
0.101600
 41
0.101600
 42
0.000000
  0
VERTEX
  8
PG_SILKSCREEN_BOTTOM
 10
13.838911
 20
1.400226
 40
0.101600
 41
0.101600
 42
0.000000
  0
SEQEND
  0
POLYLINE
  8
PG_SILKSCREEN_BOTTOM
 66
1
 70
0
 40
0.000000
 41
0.000000
 39
0.000000
  0
VERTEX
  8
PG_SILKSCREEN_BOTTOM
 10
13.838911
 20
2.111426
 40
0.101600
 41
0.101600
 42
0.000000
  0
VERTEX
  8
PG_SILKSCREEN_BOTTOM
 10
13.229311
 20
2.111426
 40
0.101600
 41
0.101600
 42
0.000000
  0
SEQEND
  0
POLYLINE
  8
PIN_BOTTOM
 66
1
 70
1
 40
0.000000
 41
0.000000
 39
0.000000
  0
VERTEX
  8
PIN_BOTTOM
 10
26.767485
 20
14.687575
 40
0.000000
 41
0.000000
 42
0.000000
  0
VERTEX
  8
PIN_BOTTOM
 10
27.275485
 20
14.687575
 40
0.000000
 41
0.000000
 42
0.000000
  0
VERTEX
  8
PIN_BOTTOM
 10
27.275485
 20
15.195575
 40
0.000000
 41
0.000000
 42
0.000000
  0
VERTEX
  8
PIN_BOTTOM
 10
26.767485
 20
15.195575
 40
0.000000
 41
0.000000
 42
0.000000
  0
SEQEND
  0
POLYLINE
  8
PIN_BOTTOM
 66
1
 70
1
 40
0.000000
 41
0.000000
 39
0.000000
  0
VERTEX
  8
PIN_BOTTOM
 10
26.767485
 20
15.601975
 40
0.000000
 41
0.000000
 42
0.000000
  0
VERTEX
  8
PIN_BOTTOM
 10
27.275485
 20
15.601975
 40
0.000000
 41
0.000000
 42
0.000000
  0
VERTEX
  8
PIN_BOTTOM
 10
27.275485
 20
16.109975
 40
0.000000
 41
0.000000
 42
0.000000
  0
VERTEX
  8
PIN_BOTTOM
 10
26.767485
 20
16.109975
 40
0.000000
 41
0.000000
 42
0.000000
  0
SEQEND
  0
POLYLINE
  8
PG_SILKSCREEN_BOTTOM
 66
1
 70
0
 40
0.000000
 41
0.000000
 39
0.000000
  0
VERTEX
  8
PG_SILKSCREEN_BOTTOM
 10
27.377085
 20
16.215995
 40
0.101600
 41
0.101600
 42
0.000000
  0
VERTEX
  8
PG_SILKSCREEN_BOTTOM
 10
26.665885
 20
16.215995
 40
0.101600
 41
0.101600
 42
0.000000
  0
SEQEND
  0
POLYLINE
  8
PG_SILKSCREEN_BOTTOM
 66
1
 70
0
 40
0.000000
 41
0.000000
 39
0.000000
  0
VERTEX
  8
PG_SILKSCREEN_BOTTOM
 10
27.377085
 20
15.601975
 40
0.101600
 41
0.101600
 42
0.000000
  0
VERTEX
  8
PG_SILKSCREEN_BOTTOM
 10
27.377085
 20
16.211575
 40
0.101600
 41
0.101600
 42
0.000000
  0
SEQEND
  0
POLYLINE
  8
PG_SILKSCREEN_BOTTOM
 66
1
 70
0
 40
0.000000
 41
0.000000
 39
0.000000
  0
VERTEX
  8
PG_SILKSCREEN_BOTTOM
 10
26.665885
 20
16.211575
 40
0.101600
 41
0.101600
 42
0.000000
  0
VERTEX
  8
PG_SILKSCREEN_BOTTOM
 10
26.665885
 20
15.627375
 40
0.101600
 41
0.101600
 42
0.000000
  0
SEQEND
  0
POLYLINE
  8
PG_SILKSCREEN_BOTTOM
 66
1
 70
0
 40
0.000000
 41
0.000000
 39
0.000000
  0
VERTEX
  8
PG_SILKSCREEN_BOTTOM
 10
26.665885
 20
14.581581
 40
0.101600
 41
0.101600
 42
0.000000
  0
VERTEX
  8
PG_SILKSCREEN_BOTTOM
 10
26.665885
 20
15.191181
 40
0.101600
 41
0.101600
 42
0.000000
  0
SEQEND
  0
POLYLINE
  8
PG_SILKSCREEN_BOTTOM
 66
1
 70
0
 40
0.000000
 41
0.000000
 39
0.000000
  0
VERTEX
  8
PG_SILKSCREEN_BOTTOM
 10
27.377085
 20
14.581581
 40
0.101600
 41
0.101600
 42
0.000000
  0
VERTEX
  8
PG_SILKSCREEN_BOTTOM
 10
26.665885
 20
14.581581
 40
0.101600
 41
0.101600
 42
0.000000
  0
SEQEND
  0
POLYLINE
  8
PG_SILKSCREEN_BOTTOM
 66
1
 70
0
 40
0.000000
 41
0.000000
 39
0.000000
  0
VERTEX
  8
PG_SILKSCREEN_BOTTOM
 10
27.377085
 20
14.581581
 40
0.101600
 41
0.101600
 42
0.000000
  0
VERTEX
  8
PG_SILKSCREEN_BOTTOM
 10
27.377085
 20
15.191181
 40
0.101600
 41
0.101600
 42
0.000000
  0
SEQEND
  0
POLYLINE
  8
PIN_BOTTOM
 66
1
 70
1
 40
0.000000
 41
0.000000
 39
0.000000
  0
VERTEX
  8
PIN_BOTTOM
 10
17.912080
 20
31.481776
 40
0.000000
 41
0.000000
 42
0.000000
  0
VERTEX
  8
PIN_BOTTOM
 10
17.404080
 20
31.481776
 40
0.000000
 41
0.000000
 42
0.000000
  0
VERTEX
  8
PIN_BOTTOM
 10
17.404080
 20
30.973776
 40
0.000000
 41
0.000000
 42
0.000000
  0
VERTEX
  8
PIN_BOTTOM
 10
17.912080
 20
30.973776
 40
0.000000
 41
0.000000
 42
0.000000
  0
SEQEND
  0
POLYLINE
  8
PIN_BOTTOM
 66
1
 70
1
 40
0.000000
 41
0.000000
 39
0.000000
  0
VERTEX
  8
PIN_BOTTOM
 10
17.912080
 20
30.567376
 40
0.000000
 41
0.000000
 42
0.000000
  0
VERTEX
  8
PIN_BOTTOM
 10
17.404080
 20
30.567376
 40
0.000000
 41
0.000000
 42
0.000000
  0
VERTEX
  8
PIN_BOTTOM
 10
17.404080
 20
30.059376
 40
0.000000
 41
0.000000
 42
0.000000
  0
VERTEX
  8
PIN_BOTTOM
 10
17.912080
 20
30.059376
 40
0.000000
 41
0.000000
 42
0.000000
  0
SEQEND
  0
POLYLINE
  8
PG_SILKSCREEN_BOTTOM
 66
1
 70
0
 40
0.000000
 41
0.000000
 39
0.000000
  0
VERTEX
  8
PG_SILKSCREEN_BOTTOM
 10
17.302480
 20
29.953382
 40
0.101600
 41
0.101600
 42
0.000000
  0
VERTEX
  8
PG_SILKSCREEN_BOTTOM
 10
18.013680
 20
29.953382
 40
0.101600
 41
0.101600
 42
0.000000
  0
SEQEND
  0
POLYLINE
  8
PG_SILKSCREEN_BOTTOM
 66
1
 70
0
 40
0.000000
 41
0.000000
 39
0.000000
  0
VERTEX
  8
PG_SILKSCREEN_BOTTOM
 10
17.302480
 20
30.567376
 40
0.101600
 41
0.101600
 42
0.000000
  0
VERTEX
  8
PG_SILKSCREEN_BOTTOM
 10
17.302480
 20
29.957776
 40
0.101600
 41
0.101600
 42
0.000000
  0
SEQEND
  0
POLYLINE
  8
PG_SILKSCREEN_BOTTOM
 66
1
 70
0
 40
0.000000
 41
0.000000
 39
0.000000
  0
VERTEX
  8
PG_SILKSCREEN_BOTTOM
 10
18.013680
 20
29.957776
 40
0.101600
 41
0.101600
 42
0.000000
  0
VERTEX
  8
PG_SILKSCREEN_BOTTOM
 10
18.013680
 20
30.541976
 40
0.101600
 41
0.101600
 42
0.000000
  0
SEQEND
  0
POLYLINE
  8
PG_SILKSCREEN_BOTTOM
 66
1
 70
0
 40
0.000000
 41
0.000000
 39
0.000000
  0
VERTEX
  8
PG_SILKSCREEN_BOTTOM
 10
18.013680
 20
31.587770
 40
0.101600
 41
0.101600
 42
0.000000
  0
VERTEX
  8
PG_SILKSCREEN_BOTTOM
 10
18.013680
 20
30.978170
 40
0.101600
 41
0.101600
 42
0.000000
  0
SEQEND
  0
POLYLINE
  8
PG_SILKSCREEN_BOTTOM
 66
1
 70
0
 40
0.000000
 41
0.000000
 39
0.000000
  0
VERTEX
  8
PG_SILKSCREEN_BOTTOM
 10
17.302480
 20
31.587770
 40
0.101600
 41
0.101600
 42
0.000000
  0
VERTEX
  8
PG_SILKSCREEN_BOTTOM
 10
18.013680
 20
31.587770
 40
0.101600
 41
0.101600
 42
0.000000
  0
SEQEND
  0
POLYLINE
  8
PG_SILKSCREEN_BOTTOM
 66
1
 70
0
 40
0.000000
 41
0.000000
 39
0.000000
  0
VERTEX
  8
PG_SILKSCREEN_BOTTOM
 10
17.302480
 20
31.587770
 40
0.101600
 41
0.101600
 42
0.000000
  0
VERTEX
  8
PG_SILKSCREEN_BOTTOM
 10
17.302480
 20
30.978170
 40
0.101600
 41
0.101600
 42
0.000000
  0
SEQEND
  0
POLYLINE
  8
PIN_BOTTOM
 66
1
 70
1
 40
0.000000
 41
0.000000
 39
0.000000
  0
VERTEX
  8
PIN_BOTTOM
 10
17.907000
 20
41.468040
 40
0.000000
 41
0.000000
 42
0.000000
  0
VERTEX
  8
PIN_BOTTOM
 10
17.399000
 20
41.468040
 40
0.000000
 41
0.000000
 42
0.000000
  0
VERTEX
  8
PIN_BOTTOM
 10
17.399000
 20
40.960040
 40
0.000000
 41
0.000000
 42
0.000000
  0
VERTEX
  8
PIN_BOTTOM
 10
17.907000
 20
40.960040
 40
0.000000
 41
0.000000
 42
0.000000
  0
SEQEND
  0
POLYLINE
  8
PIN_BOTTOM
 66
1
 70
1
 40
0.000000
 41
0.000000
 39
0.000000
  0
VERTEX
  8
PIN_BOTTOM
 10
17.907000
 20
40.553640
 40
0.000000
 41
0.000000
 42
0.000000
  0
VERTEX
  8
PIN_BOTTOM
 10
17.399000
 20
40.553640
 40
0.000000
 41
0.000000
 42
0.000000
  0
VERTEX
  8
PIN_BOTTOM
 10
17.399000
 20
40.045640
 40
0.000000
 41
0.000000
 42
0.000000
  0
VERTEX
  8
PIN_BOTTOM
 10
17.907000
 20
40.045640
 40
0.000000
 41
0.000000
 42
0.000000
  0
SEQEND
  0
POLYLINE
  8
PG_SILKSCREEN_BOTTOM
 66
1
 70
0
 40
0.000000
 41
0.000000
 39
0.000000
  0
VERTEX
  8
PG_SILKSCREEN_BOTTOM
 10
17.297400
 20
39.939646
 40
0.101600
 41
0.101600
 42
0.000000
  0
VERTEX
  8
PG_SILKSCREEN_BOTTOM
 10
18.008600
 20
39.939646
 40
0.101600
 41
0.101600
 42
0.000000
  0
SEQEND
  0
POLYLINE
  8
PG_SILKSCREEN_BOTTOM
 66
1
 70
0
 40
0.000000
 41
0.000000
 39
0.000000
  0
VERTEX
  8
PG_SILKSCREEN_BOTTOM
 10
17.297400
 20
40.553640
 40
0.101600
 41
0.101600
 42
0.000000
  0
VERTEX
  8
PG_SILKSCREEN_BOTTOM
 10
17.297400
 20
39.944040
 40
0.101600
 41
0.101600
 42
0.000000
  0
SEQEND
  0
POLYLINE
  8
PG_SILKSCREEN_BOTTOM
 66
1
 70
0
 40
0.000000
 41
0.000000
 39
0.000000
  0
VERTEX
  8
PG_SILKSCREEN_BOTTOM
 10
18.008600
 20
39.944040
 40
0.101600
 41
0.101600
 42
0.000000
  0
VERTEX
  8
PG_SILKSCREEN_BOTTOM
 10
18.008600
 20
40.528240
 40
0.101600
 41
0.101600
 42
0.000000
  0
SEQEND
  0
POLYLINE
  8
PG_SILKSCREEN_BOTTOM
 66
1
 70
0
 40
0.000000
 41
0.000000
 39
0.000000
  0
VERTEX
  8
PG_SILKSCREEN_BOTTOM
 10
18.008600
 20
41.574034
 40
0.101600
 41
0.101600
 42
0.000000
  0
VERTEX
  8
PG_SILKSCREEN_BOTTOM
 10
18.008600
 20
40.964434
 40
0.101600
 41
0.101600
 42
0.000000
  0
SEQEND
  0
POLYLINE
  8
PG_SILKSCREEN_BOTTOM
 66
1
 70
0
 40
0.000000
 41
0.000000
 39
0.000000
  0
VERTEX
  8
PG_SILKSCREEN_BOTTOM
 10
17.297400
 20
41.574034
 40
0.101600
 41
0.101600
 42
0.000000
  0
VERTEX
  8
PG_SILKSCREEN_BOTTOM
 10
18.008600
 20
41.574034
 40
0.101600
 41
0.101600
 42
0.000000
  0
SEQEND
  0
POLYLINE
  8
PG_SILKSCREEN_BOTTOM
 66
1
 70
0
 40
0.000000
 41
0.000000
 39
0.000000
  0
VERTEX
  8
PG_SILKSCREEN_BOTTOM
 10
17.297400
 20
41.574034
 40
0.101600
 41
0.101600
 42
0.000000
  0
VERTEX
  8
PG_SILKSCREEN_BOTTOM
 10
17.297400
 20
40.964434
 40
0.101600
 41
0.101600
 42
0.000000
  0
SEQEND
  0
POLYLINE
  8
PIN_BOTTOM
 66
1
 70
1
 40
0.000000
 41
0.000000
 39
0.000000
  0
VERTEX
  8
PIN_BOTTOM
 10
25.915747
 20
14.687575
 40
0.000000
 41
0.000000
 42
0.000000
  0
VERTEX
  8
PIN_BOTTOM
 10
26.423747
 20
14.687575
 40
0.000000
 41
0.000000
 42
0.000000
  0
VERTEX
  8
PIN_BOTTOM
 10
26.423747
 20
15.195575
 40
0.000000
 41
0.000000
 42
0.000000
  0
VERTEX
  8
PIN_BOTTOM
 10
25.915747
 20
15.195575
 40
0.000000
 41
0.000000
 42
0.000000
  0
SEQEND
  0
POLYLINE
  8
PIN_BOTTOM
 66
1
 70
1
 40
0.000000
 41
0.000000
 39
0.000000
  0
VERTEX
  8
PIN_BOTTOM
 10
25.915747
 20
15.601975
 40
0.000000
 41
0.000000
 42
0.000000
  0
VERTEX
  8
PIN_BOTTOM
 10
26.423747
 20
15.601975
 40
0.000000
 41
0.000000
 42
0.000000
  0
VERTEX
  8
PIN_BOTTOM
 10
26.423747
 20
16.109975
 40
0.000000
 41
0.000000
 42
0.000000
  0
VERTEX
  8
PIN_BOTTOM
 10
25.915747
 20
16.109975
 40
0.000000
 41
0.000000
 42
0.000000
  0
SEQEND
  0
POLYLINE
  8
PG_SILKSCREEN_BOTTOM
 66
1
 70
0
 40
0.000000
 41
0.000000
 39
0.000000
  0
VERTEX
  8
PG_SILKSCREEN_BOTTOM
 10
26.525347
 20
16.215970
 40
0.101600
 41
0.101600
 42
0.000000
  0
VERTEX
  8
PG_SILKSCREEN_BOTTOM
 10
25.814147
 20
16.215970
 40
0.101600
 41
0.101600
 42
0.000000
  0
SEQEND
  0
POLYLINE
  8
PG_SILKSCREEN_BOTTOM
 66
1
 70
0
 40
0.000000
 41
0.000000
 39
0.000000
  0
VERTEX
  8
PG_SILKSCREEN_BOTTOM
 10
26.525347
 20
15.601975
 40
0.101600
 41
0.101600
 42
0.000000
  0
VERTEX
  8
PG_SILKSCREEN_BOTTOM
 10
26.525347
 20
16.211575
 40
0.101600
 41
0.101600
 42
0.000000
  0
SEQEND
  0
POLYLINE
  8
PG_SILKSCREEN_BOTTOM
 66
1
 70
0
 40
0.000000
 41
0.000000
 39
0.000000
  0
VERTEX
  8
PG_SILKSCREEN_BOTTOM
 10
25.814147
 20
16.211575
 40
0.101600
 41
0.101600
 42
0.000000
  0
VERTEX
  8
PG_SILKSCREEN_BOTTOM
 10
25.814147
 20
15.627375
 40
0.101600
 41
0.101600
 42
0.000000
  0
SEQEND
  0
POLYLINE
  8
PG_SILKSCREEN_BOTTOM
 66
1
 70
0
 40
0.000000
 41
0.000000
 39
0.000000
  0
VERTEX
  8
PG_SILKSCREEN_BOTTOM
 10
25.814147
 20
14.581581
 40
0.101600
 41
0.101600
 42
0.000000
  0
VERTEX
  8
PG_SILKSCREEN_BOTTOM
 10
25.814147
 20
15.191181
 40
0.101600
 41
0.101600
 42
0.000000
  0
SEQEND
  0
POLYLINE
  8
PG_SILKSCREEN_BOTTOM
 66
1
 70
0
 40
0.000000
 41
0.000000
 39
0.000000
  0
VERTEX
  8
PG_SILKSCREEN_BOTTOM
 10
26.525347
 20
14.581581
 40
0.101600
 41
0.101600
 42
0.000000
  0
VERTEX
  8
PG_SILKSCREEN_BOTTOM
 10
25.814147
 20
14.581581
 40
0.101600
 41
0.101600
 42
0.000000
  0
SEQEND
  0
POLYLINE
  8
PG_SILKSCREEN_BOTTOM
 66
1
 70
0
 40
0.000000
 41
0.000000
 39
0.000000
  0
VERTEX
  8
PG_SILKSCREEN_BOTTOM
 10
26.525347
 20
14.581581
 40
0.101600
 41
0.101600
 42
0.000000
  0
VERTEX
  8
PG_SILKSCREEN_BOTTOM
 10
26.525347
 20
15.191181
 40
0.101600
 41
0.101600
 42
0.000000
  0
SEQEND
  0
POLYLINE
  8
PIN_BOTTOM
 66
1
 70
1
 40
0.000000
 41
0.000000
 39
0.000000
  0
VERTEX
  8
PIN_BOTTOM
 10
33.380197
 20
20.286345
 40
0.000000
 41
0.000000
 42
0.000000
  0
VERTEX
  8
PIN_BOTTOM
 10
33.380197
 20
20.794345
 40
0.000000
 41
0.000000
 42
0.000000
  0
VERTEX
  8
PIN_BOTTOM
 10
32.872197
 20
20.794345
 40
0.000000
 41
0.000000
 42
0.000000
  0
VERTEX
  8
PIN_BOTTOM
 10
32.872197
 20
20.286345
 40
0.000000
 41
0.000000
 42
0.000000
  0
SEQEND
  0
POLYLINE
  8
PIN_BOTTOM
 66
1
 70
1
 40
0.000000
 41
0.000000
 39
0.000000
  0
VERTEX
  8
PIN_BOTTOM
 10
32.465797
 20
20.286345
 40
0.000000
 41
0.000000
 42
0.000000
  0
VERTEX
  8
PIN_BOTTOM
 10
32.465797
 20
20.794345
 40
0.000000
 41
0.000000
 42
0.000000
  0
VERTEX
  8
PIN_BOTTOM
 10
31.957797
 20
20.794345
 40
0.000000
 41
0.000000
 42
0.000000
  0
VERTEX
  8
PIN_BOTTOM
 10
31.957797
 20
20.286345
 40
0.000000
 41
0.000000
 42
0.000000
  0
SEQEND
  0
POLYLINE
  8
PG_SILKSCREEN_BOTTOM
 66
1
 70
0
 40
0.000000
 41
0.000000
 39
0.000000
  0
VERTEX
  8
PG_SILKSCREEN_BOTTOM
 10
31.851803
 20
20.895945
 40
0.101600
 41
0.101600
 42
0.000000
  0
VERTEX
  8
PG_SILKSCREEN_BOTTOM
 10
31.851803
 20
20.184745
 40
0.101600
 41
0.101600
 42
0.000000
  0
SEQEND
  0
POLYLINE
  8
PG_SILKSCREEN_BOTTOM
 66
1
 70
0
 40
0.000000
 41
0.000000
 39
0.000000
  0
VERTEX
  8
PG_SILKSCREEN_BOTTOM
 10
32.465797
 20
20.895945
 40
0.101600
 41
0.101600
 42
0.000000
  0
VERTEX
  8
PG_SILKSCREEN_BOTTOM
 10
31.856197
 20
20.895945
 40
0.101600
 41
0.101600
 42
0.000000
  0
SEQEND
  0
POLYLINE
  8
PG_SILKSCREEN_BOTTOM
 66
1
 70
0
 40
0.000000
 41
0.000000
 39
0.000000
  0
VERTEX
  8
PG_SILKSCREEN_BOTTOM
 10
31.856197
 20
20.184745
 40
0.101600
 41
0.101600
 42
0.000000
  0
VERTEX
  8
PG_SILKSCREEN_BOTTOM
 10
32.440397
 20
20.184745
 40
0.101600
 41
0.101600
 42
0.000000
  0
SEQEND
  0
POLYLINE
  8
PG_SILKSCREEN_BOTTOM
 66
1
 70
0
 40
0.000000
 41
0.000000
 39
0.000000
  0
VERTEX
  8
PG_SILKSCREEN_BOTTOM
 10
33.486192
 20
20.184745
 40
0.101600
 41
0.101600
 42
0.000000
  0
VERTEX
  8
PG_SILKSCREEN_BOTTOM
 10
32.876592
 20
20.184745
 40
0.101600
 41
0.101600
 42
0.000000
  0
SEQEND
  0
POLYLINE
  8
PG_SILKSCREEN_BOTTOM
 66
1
 70
0
 40
0.000000
 41
0.000000
 39
0.000000
  0
VERTEX
  8
PG_SILKSCREEN_BOTTOM
 10
33.486192
 20
20.895945
 40
0.101600
 41
0.101600
 42
0.000000
  0
VERTEX
  8
PG_SILKSCREEN_BOTTOM
 10
33.486192
 20
20.184745
 40
0.101600
 41
0.101600
 42
0.000000
  0
SEQEND
  0
POLYLINE
  8
PG_SILKSCREEN_BOTTOM
 66
1
 70
0
 40
0.000000
 41
0.000000
 39
0.000000
  0
VERTEX
  8
PG_SILKSCREEN_BOTTOM
 10
33.486192
 20
20.895945
 40
0.101600
 41
0.101600
 42
0.000000
  0
VERTEX
  8
PG_SILKSCREEN_BOTTOM
 10
32.876592
 20
20.895945
 40
0.101600
 41
0.101600
 42
0.000000
  0
SEQEND
  0
POLYLINE
  8
PIN_BOTTOM
 66
1
 70
1
 40
0.000000
 41
0.000000
 39
0.000000
  0
VERTEX
  8
PIN_BOTTOM
 10
27.143685
 20
7.341235
 40
0.000000
 41
0.000000
 42
0.000000
  0
VERTEX
  8
PIN_BOTTOM
 10
27.143685
 20
6.833235
 40
0.000000
 41
0.000000
 42
0.000000
  0
VERTEX
  8
PIN_BOTTOM
 10
27.651685
 20
6.833235
 40
0.000000
 41
0.000000
 42
0.000000
  0
VERTEX
  8
PIN_BOTTOM
 10
27.651685
 20
7.341235
 40
0.000000
 41
0.000000
 42
0.000000
  0
SEQEND
  0
POLYLINE
  8
PIN_BOTTOM
 66
1
 70
1
 40
0.000000
 41
0.000000
 39
0.000000
  0
VERTEX
  8
PIN_BOTTOM
 10
28.058085
 20
7.341235
 40
0.000000
 41
0.000000
 42
0.000000
  0
VERTEX
  8
PIN_BOTTOM
 10
28.058085
 20
6.833235
 40
0.000000
 41
0.000000
 42
0.000000
  0
VERTEX
  8
PIN_BOTTOM
 10
28.566085
 20
6.833235
 40
0.000000
 41
0.000000
 42
0.000000
  0
VERTEX
  8
PIN_BOTTOM
 10
28.566085
 20
7.341235
 40
0.000000
 41
0.000000
 42
0.000000
  0
SEQEND
  0
POLYLINE
  8
PG_SILKSCREEN_BOTTOM
 66
1
 70
0
 40
0.000000
 41
0.000000
 39
0.000000
  0
VERTEX
  8
PG_SILKSCREEN_BOTTOM
 10
28.672079
 20
6.731635
 40
0.101600
 41
0.101600
 42
0.000000
  0
VERTEX
  8
PG_SILKSCREEN_BOTTOM
 10
28.672079
 20
7.442835
 40
0.101600
 41
0.101600
 42
0.000000
  0
SEQEND
  0
POLYLINE
  8
PG_SILKSCREEN_BOTTOM
 66
1
 70
0
 40
0.000000
 41
0.000000
 39
0.000000
  0
VERTEX
  8
PG_SILKSCREEN_BOTTOM
 10
28.058085
 20
6.731635
 40
0.101600
 41
0.101600
 42
0.000000
  0
VERTEX
  8
PG_SILKSCREEN_BOTTOM
 10
28.667685
 20
6.731635
 40
0.101600
 41
0.101600
 42
0.000000
  0
SEQEND
  0
POLYLINE
  8
PG_SILKSCREEN_BOTTOM
 66
1
 70
0
 40
0.000000
 41
0.000000
 39
0.000000
  0
VERTEX
  8
PG_SILKSCREEN_BOTTOM
 10
28.667685
 20
7.442835
 40
0.101600
 41
0.101600
 42
0.000000
  0
VERTEX
  8
PG_SILKSCREEN_BOTTOM
 10
28.083485
 20
7.442835
 40
0.101600
 41
0.101600
 42
0.000000
  0
SEQEND
  0
POLYLINE
  8
PG_SILKSCREEN_BOTTOM
 66
1
 70
0
 40
0.000000
 41
0.000000
 39
0.000000
  0
VERTEX
  8
PG_SILKSCREEN_BOTTOM
 10
27.037690
 20
7.442835
 40
0.101600
 41
0.101600
 42
0.000000
  0
VERTEX
  8
PG_SILKSCREEN_BOTTOM
 10
27.647290
 20
7.442835
 40
0.101600
 41
0.101600
 42
0.000000
  0
SEQEND
  0
POLYLINE
  8
PG_SILKSCREEN_BOTTOM
 66
1
 70
0
 40
0.000000
 41
0.000000
 39
0.000000
  0
VERTEX
  8
PG_SILKSCREEN_BOTTOM
 10
27.037690
 20
6.731635
 40
0.101600
 41
0.101600
 42
0.000000
  0
VERTEX
  8
PG_SILKSCREEN_BOTTOM
 10
27.037690
 20
7.442835
 40
0.101600
 41
0.101600
 42
0.000000
  0
SEQEND
  0
POLYLINE
  8
PG_SILKSCREEN_BOTTOM
 66
1
 70
0
 40
0.000000
 41
0.000000
 39
0.000000
  0
VERTEX
  8
PG_SILKSCREEN_BOTTOM
 10
27.037690
 20
6.731635
 40
0.101600
 41
0.101600
 42
0.000000
  0
VERTEX
  8
PG_SILKSCREEN_BOTTOM
 10
27.647290
 20
6.731635
 40
0.101600
 41
0.101600
 42
0.000000
  0
SEQEND
  0
POLYLINE
  8
PIN_BOTTOM
 66
1
 70
1
 40
0.000000
 41
0.000000
 39
0.000000
  0
VERTEX
  8
PIN_BOTTOM
 10
32.734275
 20
15.179421
 40
0.000000
 41
0.000000
 42
0.000000
  0
VERTEX
  8
PIN_BOTTOM
 10
32.734275
 20
15.687421
 40
0.000000
 41
0.000000
 42
0.000000
  0
VERTEX
  8
PIN_BOTTOM
 10
32.226275
 20
15.687421
 40
0.000000
 41
0.000000
 42
0.000000
  0
VERTEX
  8
PIN_BOTTOM
 10
32.226275
 20
15.179421
 40
0.000000
 41
0.000000
 42
0.000000
  0
SEQEND
  0
POLYLINE
  8
PIN_BOTTOM
 66
1
 70
1
 40
0.000000
 41
0.000000
 39
0.000000
  0
VERTEX
  8
PIN_BOTTOM
 10
31.819875
 20
15.179421
 40
0.000000
 41
0.000000
 42
0.000000
  0
VERTEX
  8
PIN_BOTTOM
 10
31.819875
 20
15.687421
 40
0.000000
 41
0.000000
 42
0.000000
  0
VERTEX
  8
PIN_BOTTOM
 10
31.311875
 20
15.687421
 40
0.000000
 41
0.000000
 42
0.000000
  0
VERTEX
  8
PIN_BOTTOM
 10
31.311875
 20
15.179421
 40
0.000000
 41
0.000000
 42
0.000000
  0
SEQEND
  0
POLYLINE
  8
PG_SILKSCREEN_BOTTOM
 66
1
 70
0
 40
0.000000
 41
0.000000
 39
0.000000
  0
VERTEX
  8
PG_SILKSCREEN_BOTTOM
 10
31.205881
 20
15.789021
 40
0.101600
 41
0.101600
 42
0.000000
  0
VERTEX
  8
PG_SILKSCREEN_BOTTOM
 10
31.205881
 20
15.077821
 40
0.101600
 41
0.101600
 42
0.000000
  0
SEQEND
  0
POLYLINE
  8
PG_SILKSCREEN_BOTTOM
 66
1
 70
0
 40
0.000000
 41
0.000000
 39
0.000000
  0
VERTEX
  8
PG_SILKSCREEN_BOTTOM
 10
31.819875
 20
15.789021
 40
0.101600
 41
0.101600
 42
0.000000
  0
VERTEX
  8
PG_SILKSCREEN_BOTTOM
 10
31.210275
 20
15.789021
 40
0.101600
 41
0.101600
 42
0.000000
  0
SEQEND
  0
POLYLINE
  8
PG_SILKSCREEN_BOTTOM
 66
1
 70
0
 40
0.000000
 41
0.000000
 39
0.000000
  0
VERTEX
  8
PG_SILKSCREEN_BOTTOM
 10
31.210275
 20
15.077821
 40
0.101600
 41
0.101600
 42
0.000000
  0
VERTEX
  8
PG_SILKSCREEN_BOTTOM
 10
31.794475
 20
15.077821
 40
0.101600
 41
0.101600
 42
0.000000
  0
SEQEND
  0
POLYLINE
  8
PG_SILKSCREEN_BOTTOM
 66
1
 70
0
 40
0.000000
 41
0.000000
 39
0.000000
  0
VERTEX
  8
PG_SILKSCREEN_BOTTOM
 10
32.840270
 20
15.077821
 40
0.101600
 41
0.101600
 42
0.000000
  0
VERTEX
  8
PG_SILKSCREEN_BOTTOM
 10
32.230670
 20
15.077821
 40
0.101600
 41
0.101600
 42
0.000000
  0
SEQEND
  0
POLYLINE
  8
PG_SILKSCREEN_BOTTOM
 66
1
 70
0
 40
0.000000
 41
0.000000
 39
0.000000
  0
VERTEX
  8
PG_SILKSCREEN_BOTTOM
 10
32.840270
 20
15.789021
 40
0.101600
 41
0.101600
 42
0.000000
  0
VERTEX
  8
PG_SILKSCREEN_BOTTOM
 10
32.840270
 20
15.077821
 40
0.101600
 41
0.101600
 42
0.000000
  0
SEQEND
  0
POLYLINE
  8
PG_SILKSCREEN_BOTTOM
 66
1
 70
0
 40
0.000000
 41
0.000000
 39
0.000000
  0
VERTEX
  8
PG_SILKSCREEN_BOTTOM
 10
32.840270
 20
15.789021
 40
0.101600
 41
0.101600
 42
0.000000
  0
VERTEX
  8
PG_SILKSCREEN_BOTTOM
 10
32.230670
 20
15.789021
 40
0.101600
 41
0.101600
 42
0.000000
  0
SEQEND
  0
POLYLINE
  8
PIN_BOTTOM
 66
1
 70
1
 40
0.000000
 41
0.000000
 39
0.000000
  0
VERTEX
  8
PIN_BOTTOM
 10
31.744539
 20
6.698463
 40
0.000000
 41
0.000000
 42
0.000000
  0
VERTEX
  8
PIN_BOTTOM
 10
32.252539
 20
6.698463
 40
0.000000
 41
0.000000
 42
0.000000
  0
VERTEX
  8
PIN_BOTTOM
 10
32.252539
 20
7.206463
 40
0.000000
 41
0.000000
 42
0.000000
  0
VERTEX
  8
PIN_BOTTOM
 10
31.744539
 20
7.206463
 40
0.000000
 41
0.000000
 42
0.000000
  0
SEQEND
  0
POLYLINE
  8
PIN_BOTTOM
 66
1
 70
1
 40
0.000000
 41
0.000000
 39
0.000000
  0
VERTEX
  8
PIN_BOTTOM
 10
31.744539
 20
7.612863
 40
0.000000
 41
0.000000
 42
0.000000
  0
VERTEX
  8
PIN_BOTTOM
 10
32.252539
 20
7.612863
 40
0.000000
 41
0.000000
 42
0.000000
  0
VERTEX
  8
PIN_BOTTOM
 10
32.252539
 20
8.120863
 40
0.000000
 41
0.000000
 42
0.000000
  0
VERTEX
  8
PIN_BOTTOM
 10
31.744539
 20
8.120863
 40
0.000000
 41
0.000000
 42
0.000000
  0
SEQEND
  0
POLYLINE
  8
PG_SILKSCREEN_BOTTOM
 66
1
 70
0
 40
0.000000
 41
0.000000
 39
0.000000
  0
VERTEX
  8
PG_SILKSCREEN_BOTTOM
 10
32.354139
 20
8.226857
 40
0.101600
 41
0.101600
 42
0.000000
  0
VERTEX
  8
PG_SILKSCREEN_BOTTOM
 10
31.642939
 20
8.226857
 40
0.101600
 41
0.101600
 42
0.000000
  0
SEQEND
  0
POLYLINE
  8
PG_SILKSCREEN_BOTTOM
 66
1
 70
0
 40
0.000000
 41
0.000000
 39
0.000000
  0
VERTEX
  8
PG_SILKSCREEN_BOTTOM
 10
32.354139
 20
7.612863
 40
0.101600
 41
0.101600
 42
0.000000
  0
VERTEX
  8
PG_SILKSCREEN_BOTTOM
 10
32.354139
 20
8.222463
 40
0.101600
 41
0.101600
 42
0.000000
  0
SEQEND
  0
POLYLINE
  8
PG_SILKSCREEN_BOTTOM
 66
1
 70
0
 40
0.000000
 41
0.000000
 39
0.000000
  0
VERTEX
  8
PG_SILKSCREEN_BOTTOM
 10
31.642939
 20
8.222463
 40
0.101600
 41
0.101600
 42
0.000000
  0
VERTEX
  8
PG_SILKSCREEN_BOTTOM
 10
31.642939
 20
7.638263
 40
0.101600
 41
0.101600
 42
0.000000
  0
SEQEND
  0
POLYLINE
  8
PG_SILKSCREEN_BOTTOM
 66
1
 70
0
 40
0.000000
 41
0.000000
 39
0.000000
  0
VERTEX
  8
PG_SILKSCREEN_BOTTOM
 10
31.642939
 20
6.592468
 40
0.101600
 41
0.101600
 42
0.000000
  0
VERTEX
  8
PG_SILKSCREEN_BOTTOM
 10
31.642939
 20
7.202068
 40
0.101600
 41
0.101600
 42
0.000000
  0
SEQEND
  0
POLYLINE
  8
PG_SILKSCREEN_BOTTOM
 66
1
 70
0
 40
0.000000
 41
0.000000
 39
0.000000
  0
VERTEX
  8
PG_SILKSCREEN_BOTTOM
 10
32.354139
 20
6.592468
 40
0.101600
 41
0.101600
 42
0.000000
  0
VERTEX
  8
PG_SILKSCREEN_BOTTOM
 10
31.642939
 20
6.592468
 40
0.101600
 41
0.101600
 42
0.000000
  0
SEQEND
  0
POLYLINE
  8
PG_SILKSCREEN_BOTTOM
 66
1
 70
0
 40
0.000000
 41
0.000000
 39
0.000000
  0
VERTEX
  8
PG_SILKSCREEN_BOTTOM
 10
32.354139
 20
6.592468
 40
0.101600
 41
0.101600
 42
0.000000
  0
VERTEX
  8
PG_SILKSCREEN_BOTTOM
 10
32.354139
 20
7.202068
 40
0.101600
 41
0.101600
 42
0.000000
  0
SEQEND
  0
POLYLINE
  8
PIN_BOTTOM
 66
1
 70
1
 40
0.000000
 41
0.000000
 39
0.000000
  0
VERTEX
  8
PIN_BOTTOM
 10
36.797767
 20
23.708741
 40
0.000000
 41
0.000000
 42
0.000000
  0
VERTEX
  8
PIN_BOTTOM
 10
36.797767
 20
24.216741
 40
0.000000
 41
0.000000
 42
0.000000
  0
VERTEX
  8
PIN_BOTTOM
 10
36.289767
 20
24.216741
 40
0.000000
 41
0.000000
 42
0.000000
  0
VERTEX
  8
PIN_BOTTOM
 10
36.289767
 20
23.708741
 40
0.000000
 41
0.000000
 42
0.000000
  0
SEQEND
  0
POLYLINE
  8
PIN_BOTTOM
 66
1
 70
1
 40
0.000000
 41
0.000000
 39
0.000000
  0
VERTEX
  8
PIN_BOTTOM
 10
35.883367
 20
23.708741
 40
0.000000
 41
0.000000
 42
0.000000
  0
VERTEX
  8
PIN_BOTTOM
 10
35.883367
 20
24.216741
 40
0.000000
 41
0.000000
 42
0.000000
  0
VERTEX
  8
PIN_BOTTOM
 10
35.375367
 20
24.216741
 40
0.000000
 41
0.000000
 42
0.000000
  0
VERTEX
  8
PIN_BOTTOM
 10
35.375367
 20
23.708741
 40
0.000000
 41
0.000000
 42
0.000000
  0
SEQEND
  0
POLYLINE
  8
PG_SILKSCREEN_BOTTOM
 66
1
 70
0
 40
0.000000
 41
0.000000
 39
0.000000
  0
VERTEX
  8
PG_SILKSCREEN_BOTTOM
 10
35.269373
 20
24.318341
 40
0.101600
 41
0.101600
 42
0.000000
  0
VERTEX
  8
PG_SILKSCREEN_BOTTOM
 10
35.269373
 20
23.607141
 40
0.101600
 41
0.101600
 42
0.000000
  0
SEQEND
  0
POLYLINE
  8
PG_SILKSCREEN_BOTTOM
 66
1
 70
0
 40
0.000000
 41
0.000000
 39
0.000000
  0
VERTEX
  8
PG_SILKSCREEN_BOTTOM
 10
35.883367
 20
24.318341
 40
0.101600
 41
0.101600
 42
0.000000
  0
VERTEX
  8
PG_SILKSCREEN_BOTTOM
 10
35.273767
 20
24.318341
 40
0.101600
 41
0.101600
 42
0.000000
  0
SEQEND
  0
POLYLINE
  8
PG_SILKSCREEN_BOTTOM
 66
1
 70
0
 40
0.000000
 41
0.000000
 39
0.000000
  0
VERTEX
  8
PG_SILKSCREEN_BOTTOM
 10
35.273767
 20
23.607141
 40
0.101600
 41
0.101600
 42
0.000000
  0
VERTEX
  8
PG_SILKSCREEN_BOTTOM
 10
35.857967
 20
23.607141
 40
0.101600
 41
0.101600
 42
0.000000
  0
SEQEND
  0
POLYLINE
  8
PG_SILKSCREEN_BOTTOM
 66
1
 70
0
 40
0.000000
 41
0.000000
 39
0.000000
  0
VERTEX
  8
PG_SILKSCREEN_BOTTOM
 10
36.903762
 20
23.607141
 40
0.101600
 41
0.101600
 42
0.000000
  0
VERTEX
  8
PG_SILKSCREEN_BOTTOM
 10
36.294162
 20
23.607141
 40
0.101600
 41
0.101600
 42
0.000000
  0
SEQEND
  0
POLYLINE
  8
PG_SILKSCREEN_BOTTOM
 66
1
 70
0
 40
0.000000
 41
0.000000
 39
0.000000
  0
VERTEX
  8
PG_SILKSCREEN_BOTTOM
 10
36.903762
 20
24.318341
 40
0.101600
 41
0.101600
 42
0.000000
  0
VERTEX
  8
PG_SILKSCREEN_BOTTOM
 10
36.903762
 20
23.607141
 40
0.101600
 41
0.101600
 42
0.000000
  0
SEQEND
  0
POLYLINE
  8
PG_SILKSCREEN_BOTTOM
 66
1
 70
0
 40
0.000000
 41
0.000000
 39
0.000000
  0
VERTEX
  8
PG_SILKSCREEN_BOTTOM
 10
36.903762
 20
24.318341
 40
0.101600
 41
0.101600
 42
0.000000
  0
VERTEX
  8
PG_SILKSCREEN_BOTTOM
 10
36.294162
 20
24.318341
 40
0.101600
 41
0.101600
 42
0.000000
  0
SEQEND
  0
POLYLINE
  8
PIN_BOTTOM
 66
1
 70
1
 40
0.000000
 41
0.000000
 39
0.000000
  0
VERTEX
  8
PIN_BOTTOM
 10
43.606187
 20
33.778063
 40
0.000000
 41
0.000000
 42
0.000000
  0
VERTEX
  8
PIN_BOTTOM
 10
43.606187
 20
33.270063
 40
0.000000
 41
0.000000
 42
0.000000
  0
VERTEX
  8
PIN_BOTTOM
 10
44.114187
 20
33.270063
 40
0.000000
 41
0.000000
 42
0.000000
  0
VERTEX
  8
PIN_BOTTOM
 10
44.114187
 20
33.778063
 40
0.000000
 41
0.000000
 42
0.000000
  0
SEQEND
  0
POLYLINE
  8
PIN_BOTTOM
 66
1
 70
1
 40
0.000000
 41
0.000000
 39
0.000000
  0
VERTEX
  8
PIN_BOTTOM
 10
44.520587
 20
33.778063
 40
0.000000
 41
0.000000
 42
0.000000
  0
VERTEX
  8
PIN_BOTTOM
 10
44.520587
 20
33.270063
 40
0.000000
 41
0.000000
 42
0.000000
  0
VERTEX
  8
PIN_BOTTOM
 10
45.028587
 20
33.270063
 40
0.000000
 41
0.000000
 42
0.000000
  0
VERTEX
  8
PIN_BOTTOM
 10
45.028587
 20
33.778063
 40
0.000000
 41
0.000000
 42
0.000000
  0
SEQEND
  0
POLYLINE
  8
PG_SILKSCREEN_BOTTOM
 66
1
 70
0
 40
0.000000
 41
0.000000
 39
0.000000
  0
VERTEX
  8
PG_SILKSCREEN_BOTTOM
 10
45.134581
 20
33.168463
 40
0.101600
 41
0.101600
 42
0.000000
  0
VERTEX
  8
PG_SILKSCREEN_BOTTOM
 10
45.134581
 20
33.879663
 40
0.101600
 41
0.101600
 42
0.000000
  0
SEQEND
  0
POLYLINE
  8
PG_SILKSCREEN_BOTTOM
 66
1
 70
0
 40
0.000000
 41
0.000000
 39
0.000000
  0
VERTEX
  8
PG_SILKSCREEN_BOTTOM
 10
44.520587
 20
33.168463
 40
0.101600
 41
0.101600
 42
0.000000
  0
VERTEX
  8
PG_SILKSCREEN_BOTTOM
 10
45.130187
 20
33.168463
 40
0.101600
 41
0.101600
 42
0.000000
  0
SEQEND
  0
POLYLINE
  8
PG_SILKSCREEN_BOTTOM
 66
1
 70
0
 40
0.000000
 41
0.000000
 39
0.000000
  0
VERTEX
  8
PG_SILKSCREEN_BOTTOM
 10
45.130187
 20
33.879663
 40
0.101600
 41
0.101600
 42
0.000000
  0
VERTEX
  8
PG_SILKSCREEN_BOTTOM
 10
44.545987
 20
33.879663
 40
0.101600
 41
0.101600
 42
0.000000
  0
SEQEND
  0
POLYLINE
  8
PG_SILKSCREEN_BOTTOM
 66
1
 70
0
 40
0.000000
 41
0.000000
 39
0.000000
  0
VERTEX
  8
PG_SILKSCREEN_BOTTOM
 10
43.500192
 20
33.879663
 40
0.101600
 41
0.101600
 42
0.000000
  0
VERTEX
  8
PG_SILKSCREEN_BOTTOM
 10
44.109792
 20
33.879663
 40
0.101600
 41
0.101600
 42
0.000000
  0
SEQEND
  0
POLYLINE
  8
PG_SILKSCREEN_BOTTOM
 66
1
 70
0
 40
0.000000
 41
0.000000
 39
0.000000
  0
VERTEX
  8
PG_SILKSCREEN_BOTTOM
 10
43.500192
 20
33.168463
 40
0.101600
 41
0.101600
 42
0.000000
  0
VERTEX
  8
PG_SILKSCREEN_BOTTOM
 10
43.500192
 20
33.879663
 40
0.101600
 41
0.101600
 42
0.000000
  0
SEQEND
  0
POLYLINE
  8
PG_SILKSCREEN_BOTTOM
 66
1
 70
0
 40
0.000000
 41
0.000000
 39
0.000000
  0
VERTEX
  8
PG_SILKSCREEN_BOTTOM
 10
43.500192
 20
33.168463
 40
0.101600
 41
0.101600
 42
0.000000
  0
VERTEX
  8
PG_SILKSCREEN_BOTTOM
 10
44.109792
 20
33.168463
 40
0.101600
 41
0.101600
 42
0.000000
  0
SEQEND
  0
POLYLINE
  8
PIN_BOTTOM
 66
1
 70
1
 40
0.000000
 41
0.000000
 39
0.000000
  0
VERTEX
  8
PIN_BOTTOM
 10
30.869560
 20
6.711366
 40
0.000000
 41
0.000000
 42
0.000000
  0
VERTEX
  8
PIN_BOTTOM
 10
31.377560
 20
6.711366
 40
0.000000
 41
0.000000
 42
0.000000
  0
VERTEX
  8
PIN_BOTTOM
 10
31.377560
 20
7.219366
 40
0.000000
 41
0.000000
 42
0.000000
  0
VERTEX
  8
PIN_BOTTOM
 10
30.869560
 20
7.219366
 40
0.000000
 41
0.000000
 42
0.000000
  0
SEQEND
  0
POLYLINE
  8
PIN_BOTTOM
 66
1
 70
1
 40
0.000000
 41
0.000000
 39
0.000000
  0
VERTEX
  8
PIN_BOTTOM
 10
30.869560
 20
7.625766
 40
0.000000
 41
0.000000
 42
0.000000
  0
VERTEX
  8
PIN_BOTTOM
 10
31.377560
 20
7.625766
 40
0.000000
 41
0.000000
 42
0.000000
  0
VERTEX
  8
PIN_BOTTOM
 10
31.377560
 20
8.133766
 40
0.000000
 41
0.000000
 42
0.000000
  0
VERTEX
  8
PIN_BOTTOM
 10
30.869560
 20
8.133766
 40
0.000000
 41
0.000000
 42
0.000000
  0
SEQEND
  0
POLYLINE
  8
PG_SILKSCREEN_BOTTOM
 66
1
 70
0
 40
0.000000
 41
0.000000
 39
0.000000
  0
VERTEX
  8
PG_SILKSCREEN_BOTTOM
 10
31.479160
 20
8.239760
 40
0.101600
 41
0.101600
 42
0.000000
  0
VERTEX
  8
PG_SILKSCREEN_BOTTOM
 10
30.767960
 20
8.239760
 40
0.101600
 41
0.101600
 42
0.000000
  0
SEQEND
  0
POLYLINE
  8
PG_SILKSCREEN_BOTTOM
 66
1
 70
0
 40
0.000000
 41
0.000000
 39
0.000000
  0
VERTEX
  8
PG_SILKSCREEN_BOTTOM
 10
31.479160
 20
7.625766
 40
0.101600
 41
0.101600
 42
0.000000
  0
VERTEX
  8
PG_SILKSCREEN_BOTTOM
 10
31.479160
 20
8.235366
 40
0.101600
 41
0.101600
 42
0.000000
  0
SEQEND
  0
POLYLINE
  8
PG_SILKSCREEN_BOTTOM
 66
1
 70
0
 40
0.000000
 41
0.000000
 39
0.000000
  0
VERTEX
  8
PG_SILKSCREEN_BOTTOM
 10
30.767960
 20
8.235366
 40
0.101600
 41
0.101600
 42
0.000000
  0
VERTEX
  8
PG_SILKSCREEN_BOTTOM
 10
30.767960
 20
7.651166
 40
0.101600
 41
0.101600
 42
0.000000
  0
SEQEND
  0
POLYLINE
  8
PG_SILKSCREEN_BOTTOM
 66
1
 70
0
 40
0.000000
 41
0.000000
 39
0.000000
  0
VERTEX
  8
PG_SILKSCREEN_BOTTOM
 10
30.767960
 20
6.605346
 40
0.101600
 41
0.101600
 42
0.000000
  0
VERTEX
  8
PG_SILKSCREEN_BOTTOM
 10
30.767960
 20
7.214946
 40
0.101600
 41
0.101600
 42
0.000000
  0
SEQEND
  0
POLYLINE
  8
PG_SILKSCREEN_BOTTOM
 66
1
 70
0
 40
0.000000
 41
0.000000
 39
0.000000
  0
VERTEX
  8
PG_SILKSCREEN_BOTTOM
 10
31.479160
 20
6.605346
 40
0.101600
 41
0.101600
 42
0.000000
  0
VERTEX
  8
PG_SILKSCREEN_BOTTOM
 10
30.767960
 20
6.605346
 40
0.101600
 41
0.101600
 42
0.000000
  0
SEQEND
  0
POLYLINE
  8
PG_SILKSCREEN_BOTTOM
 66
1
 70
0
 40
0.000000
 41
0.000000
 39
0.000000
  0
VERTEX
  8
PG_SILKSCREEN_BOTTOM
 10
31.479160
 20
6.605346
 40
0.101600
 41
0.101600
 42
0.000000
  0
VERTEX
  8
PG_SILKSCREEN_BOTTOM
 10
31.479160
 20
7.214946
 40
0.101600
 41
0.101600
 42
0.000000
  0
SEQEND
  0
POLYLINE
  8
PIN_BOTTOM
 66
1
 70
1
 40
0.000000
 41
0.000000
 39
0.000000
  0
VERTEX
  8
PIN_BOTTOM
 10
21.756548
 20
12.337059
 40
0.000000
 41
0.000000
 42
0.000000
  0
VERTEX
  8
PIN_BOTTOM
 10
21.756548
 20
12.845059
 40
0.000000
 41
0.000000
 42
0.000000
  0
VERTEX
  8
PIN_BOTTOM
 10
21.248548
 20
12.845059
 40
0.000000
 41
0.000000
 42
0.000000
  0
VERTEX
  8
PIN_BOTTOM
 10
21.248548
 20
12.337059
 40
0.000000
 41
0.000000
 42
0.000000
  0
SEQEND
  0
POLYLINE
  8
PIN_BOTTOM
 66
1
 70
1
 40
0.000000
 41
0.000000
 39
0.000000
  0
VERTEX
  8
PIN_BOTTOM
 10
20.842148
 20
12.337059
 40
0.000000
 41
0.000000
 42
0.000000
  0
VERTEX
  8
PIN_BOTTOM
 10
20.842148
 20
12.845059
 40
0.000000
 41
0.000000
 42
0.000000
  0
VERTEX
  8
PIN_BOTTOM
 10
20.334148
 20
12.845059
 40
0.000000
 41
0.000000
 42
0.000000
  0
VERTEX
  8
PIN_BOTTOM
 10
20.334148
 20
12.337059
 40
0.000000
 41
0.000000
 42
0.000000
  0
SEQEND
  0
POLYLINE
  8
PG_SILKSCREEN_BOTTOM
 66
1
 70
0
 40
0.000000
 41
0.000000
 39
0.000000
  0
VERTEX
  8
PG_SILKSCREEN_BOTTOM
 10
20.228154
 20
12.946659
 40
0.101600
 41
0.101600
 42
0.000000
  0
VERTEX
  8
PG_SILKSCREEN_BOTTOM
 10
20.228154
 20
12.235459
 40
0.101600
 41
0.101600
 42
0.000000
  0
SEQEND
  0
POLYLINE
  8
PG_SILKSCREEN_BOTTOM
 66
1
 70
0
 40
0.000000
 41
0.000000
 39
0.000000
  0
VERTEX
  8
PG_SILKSCREEN_BOTTOM
 10
20.842148
 20
12.946659
 40
0.101600
 41
0.101600
 42
0.000000
  0
VERTEX
  8
PG_SILKSCREEN_BOTTOM
 10
20.232548
 20
12.946659
 40
0.101600
 41
0.101600
 42
0.000000
  0
SEQEND
  0
POLYLINE
  8
PG_SILKSCREEN_BOTTOM
 66
1
 70
0
 40
0.000000
 41
0.000000
 39
0.000000
  0
VERTEX
  8
PG_SILKSCREEN_BOTTOM
 10
20.232548
 20
12.235459
 40
0.101600
 41
0.101600
 42
0.000000
  0
VERTEX
  8
PG_SILKSCREEN_BOTTOM
 10
20.816748
 20
12.235459
 40
0.101600
 41
0.101600
 42
0.000000
  0
SEQEND
  0
POLYLINE
  8
PG_SILKSCREEN_BOTTOM
 66
1
 70
0
 40
0.000000
 41
0.000000
 39
0.000000
  0
VERTEX
  8
PG_SILKSCREEN_BOTTOM
 10
21.862567
 20
12.235459
 40
0.101600
 41
0.101600
 42
0.000000
  0
VERTEX
  8
PG_SILKSCREEN_BOTTOM
 10
21.252967
 20
12.235434
 40
0.101600
 41
0.101600
 42
0.000000
  0
SEQEND
  0
POLYLINE
  8
PG_SILKSCREEN_BOTTOM
 66
1
 70
0
 40
0.000000
 41
0.000000
 39
0.000000
  0
VERTEX
  8
PG_SILKSCREEN_BOTTOM
 10
21.862567
 20
12.946659
 40
0.101600
 41
0.101600
 42
0.000000
  0
VERTEX
  8
PG_SILKSCREEN_BOTTOM
 10
21.862567
 20
12.235459
 40
0.101600
 41
0.101600
 42
0.000000
  0
SEQEND
  0
POLYLINE
  8
PG_SILKSCREEN_BOTTOM
 66
1
 70
0
 40
0.000000
 41
0.000000
 39
0.000000
  0
VERTEX
  8
PG_SILKSCREEN_BOTTOM
 10
21.862567
 20
12.946659
 40
0.101600
 41
0.101600
 42
0.000000
  0
VERTEX
  8
PG_SILKSCREEN_BOTTOM
 10
21.252967
 20
12.946634
 40
0.101600
 41
0.101600
 42
0.000000
  0
SEQEND
  0
POLYLINE
  8
PIN_BOTTOM
 66
1
 70
1
 40
0.000000
 41
0.000000
 39
0.000000
  0
VERTEX
  8
PIN_BOTTOM
 10
21.749588
 20
10.577246
 40
0.000000
 41
0.000000
 42
0.000000
  0
VERTEX
  8
PIN_BOTTOM
 10
21.749588
 20
11.085246
 40
0.000000
 41
0.000000
 42
0.000000
  0
VERTEX
  8
PIN_BOTTOM
 10
21.241588
 20
11.085246
 40
0.000000
 41
0.000000
 42
0.000000
  0
VERTEX
  8
PIN_BOTTOM
 10
21.241588
 20
10.577246
 40
0.000000
 41
0.000000
 42
0.000000
  0
SEQEND
  0
POLYLINE
  8
PIN_BOTTOM
 66
1
 70
1
 40
0.000000
 41
0.000000
 39
0.000000
  0
VERTEX
  8
PIN_BOTTOM
 10
20.835188
 20
10.577246
 40
0.000000
 41
0.000000
 42
0.000000
  0
VERTEX
  8
PIN_BOTTOM
 10
20.835188
 20
11.085246
 40
0.000000
 41
0.000000
 42
0.000000
  0
VERTEX
  8
PIN_BOTTOM
 10
20.327188
 20
11.085246
 40
0.000000
 41
0.000000
 42
0.000000
  0
VERTEX
  8
PIN_BOTTOM
 10
20.327188
 20
10.577246
 40
0.000000
 41
0.000000
 42
0.000000
  0
SEQEND
  0
POLYLINE
  8
PG_SILKSCREEN_BOTTOM
 66
1
 70
0
 40
0.000000
 41
0.000000
 39
0.000000
  0
VERTEX
  8
PG_SILKSCREEN_BOTTOM
 10
20.221194
 20
11.186846
 40
0.101600
 41
0.101600
 42
0.000000
  0
VERTEX
  8
PG_SILKSCREEN_BOTTOM
 10
20.221194
 20
10.475646
 40
0.101600
 41
0.101600
 42
0.000000
  0
SEQEND
  0
POLYLINE
  8
PG_SILKSCREEN_BOTTOM
 66
1
 70
0
 40
0.000000
 41
0.000000
 39
0.000000
  0
VERTEX
  8
PG_SILKSCREEN_BOTTOM
 10
20.835188
 20
11.186846
 40
0.101600
 41
0.101600
 42
0.000000
  0
VERTEX
  8
PG_SILKSCREEN_BOTTOM
 10
20.225588
 20
11.186846
 40
0.101600
 41
0.101600
 42
0.000000
  0
SEQEND
  0
POLYLINE
  8
PG_SILKSCREEN_BOTTOM
 66
1
 70
0
 40
0.000000
 41
0.000000
 39
0.000000
  0
VERTEX
  8
PG_SILKSCREEN_BOTTOM
 10
20.225588
 20
10.475646
 40
0.101600
 41
0.101600
 42
0.000000
  0
VERTEX
  8
PG_SILKSCREEN_BOTTOM
 10
20.809788
 20
10.475646
 40
0.101600
 41
0.101600
 42
0.000000
  0
SEQEND
  0
POLYLINE
  8
PG_SILKSCREEN_BOTTOM
 66
1
 70
0
 40
0.000000
 41
0.000000
 39
0.000000
  0
VERTEX
  8
PG_SILKSCREEN_BOTTOM
 10
21.855608
 20
10.475646
 40
0.101600
 41
0.101600
 42
0.000000
  0
VERTEX
  8
PG_SILKSCREEN_BOTTOM
 10
21.246008
 20
10.475646
 40
0.101600
 41
0.101600
 42
0.000000
  0
SEQEND
  0
POLYLINE
  8
PG_SILKSCREEN_BOTTOM
 66
1
 70
0
 40
0.000000
 41
0.000000
 39
0.000000
  0
VERTEX
  8
PG_SILKSCREEN_BOTTOM
 10
21.855608
 20
11.186846
 40
0.101600
 41
0.101600
 42
0.000000
  0
VERTEX
  8
PG_SILKSCREEN_BOTTOM
 10
21.855608
 20
10.475646
 40
0.101600
 41
0.101600
 42
0.000000
  0
SEQEND
  0
POLYLINE
  8
PG_SILKSCREEN_BOTTOM
 66
1
 70
0
 40
0.000000
 41
0.000000
 39
0.000000
  0
VERTEX
  8
PG_SILKSCREEN_BOTTOM
 10
21.855608
 20
11.186846
 40
0.101600
 41
0.101600
 42
0.000000
  0
VERTEX
  8
PG_SILKSCREEN_BOTTOM
 10
21.246008
 20
11.186846
 40
0.101600
 41
0.101600
 42
0.000000
  0
SEQEND
  0
POLYLINE
  8
PIN_BOTTOM
 66
1
 70
1
 40
0.000000
 41
0.000000
 39
0.000000
  0
VERTEX
  8
PIN_BOTTOM
 10
41.034894
 20
9.599498
 40
0.000000
 41
0.000000
 42
0.000000
  0
VERTEX
  8
PIN_BOTTOM
 10
41.034894
 20
9.091498
 40
0.000000
 41
0.000000
 42
0.000000
  0
VERTEX
  8
PIN_BOTTOM
 10
41.542894
 20
9.091498
 40
0.000000
 41
0.000000
 42
0.000000
  0
VERTEX
  8
PIN_BOTTOM
 10
41.542894
 20
9.599498
 40
0.000000
 41
0.000000
 42
0.000000
  0
SEQEND
  0
POLYLINE
  8
PIN_BOTTOM
 66
1
 70
1
 40
0.000000
 41
0.000000
 39
0.000000
  0
VERTEX
  8
PIN_BOTTOM
 10
41.949294
 20
9.599498
 40
0.000000
 41
0.000000
 42
0.000000
  0
VERTEX
  8
PIN_BOTTOM
 10
41.949294
 20
9.091498
 40
0.000000
 41
0.000000
 42
0.000000
  0
VERTEX
  8
PIN_BOTTOM
 10
42.457294
 20
9.091498
 40
0.000000
 41
0.000000
 42
0.000000
  0
VERTEX
  8
PIN_BOTTOM
 10
42.457294
 20
9.599498
 40
0.000000
 41
0.000000
 42
0.000000
  0
SEQEND
  0
POLYLINE
  8
PG_SILKSCREEN_BOTTOM
 66
1
 70
0
 40
0.000000
 41
0.000000
 39
0.000000
  0
VERTEX
  8
PG_SILKSCREEN_BOTTOM
 10
42.563288
 20
8.989898
 40
0.101600
 41
0.101600
 42
0.000000
  0
VERTEX
  8
PG_SILKSCREEN_BOTTOM
 10
42.563288
 20
9.701098
 40
0.101600
 41
0.101600
 42
0.000000
  0
SEQEND
  0
POLYLINE
  8
PG_SILKSCREEN_BOTTOM
 66
1
 70
0
 40
0.000000
 41
0.000000
 39
0.000000
  0
VERTEX
  8
PG_SILKSCREEN_BOTTOM
 10
41.949294
 20
8.989898
 40
0.101600
 41
0.101600
 42
0.000000
  0
VERTEX
  8
PG_SILKSCREEN_BOTTOM
 10
42.558894
 20
8.989898
 40
0.101600
 41
0.101600
 42
0.000000
  0
SEQEND
  0
POLYLINE
  8
PG_SILKSCREEN_BOTTOM
 66
1
 70
0
 40
0.000000
 41
0.000000
 39
0.000000
  0
VERTEX
  8
PG_SILKSCREEN_BOTTOM
 10
42.558894
 20
9.701098
 40
0.101600
 41
0.101600
 42
0.000000
  0
VERTEX
  8
PG_SILKSCREEN_BOTTOM
 10
41.974694
 20
9.701098
 40
0.101600
 41
0.101600
 42
0.000000
  0
SEQEND
  0
POLYLINE
  8
PG_SILKSCREEN_BOTTOM
 66
1
 70
0
 40
0.000000
 41
0.000000
 39
0.000000
  0
VERTEX
  8
PG_SILKSCREEN_BOTTOM
 10
40.928874
 20
9.701098
 40
0.101600
 41
0.101600
 42
0.000000
  0
VERTEX
  8
PG_SILKSCREEN_BOTTOM
 10
41.538474
 20
9.701098
 40
0.101600
 41
0.101600
 42
0.000000
  0
SEQEND
  0
POLYLINE
  8
PG_SILKSCREEN_BOTTOM
 66
1
 70
0
 40
0.000000
 41
0.000000
 39
0.000000
  0
VERTEX
  8
PG_SILKSCREEN_BOTTOM
 10
40.928874
 20
8.989898
 40
0.101600
 41
0.101600
 42
0.000000
  0
VERTEX
  8
PG_SILKSCREEN_BOTTOM
 10
40.928874
 20
9.701098
 40
0.101600
 41
0.101600
 42
0.000000
  0
SEQEND
  0
POLYLINE
  8
PG_SILKSCREEN_BOTTOM
 66
1
 70
0
 40
0.000000
 41
0.000000
 39
0.000000
  0
VERTEX
  8
PG_SILKSCREEN_BOTTOM
 10
40.928874
 20
8.989898
 40
0.101600
 41
0.101600
 42
0.000000
  0
VERTEX
  8
PG_SILKSCREEN_BOTTOM
 10
41.538474
 20
8.989898
 40
0.101600
 41
0.101600
 42
0.000000
  0
SEQEND
  0
POLYLINE
  8
PIN_BOTTOM
 66
1
 70
1
 40
0.000000
 41
0.000000
 39
0.000000
  0
VERTEX
  8
PIN_BOTTOM
 10
22.709962
 20
20.291984
 40
0.000000
 41
0.000000
 42
0.000000
  0
VERTEX
  8
PIN_BOTTOM
 10
22.709962
 20
20.799984
 40
0.000000
 41
0.000000
 42
0.000000
  0
VERTEX
  8
PIN_BOTTOM
 10
22.201962
 20
20.799984
 40
0.000000
 41
0.000000
 42
0.000000
  0
VERTEX
  8
PIN_BOTTOM
 10
22.201962
 20
20.291984
 40
0.000000
 41
0.000000
 42
0.000000
  0
SEQEND
  0
POLYLINE
  8
PIN_BOTTOM
 66
1
 70
1
 40
0.000000
 41
0.000000
 39
0.000000
  0
VERTEX
  8
PIN_BOTTOM
 10
21.795562
 20
20.291984
 40
0.000000
 41
0.000000
 42
0.000000
  0
VERTEX
  8
PIN_BOTTOM
 10
21.795562
 20
20.799984
 40
0.000000
 41
0.000000
 42
0.000000
  0
VERTEX
  8
PIN_BOTTOM
 10
21.287562
 20
20.799984
 40
0.000000
 41
0.000000
 42
0.000000
  0
VERTEX
  8
PIN_BOTTOM
 10
21.287562
 20
20.291984
 40
0.000000
 41
0.000000
 42
0.000000
  0
SEQEND
  0
POLYLINE
  8
PG_SILKSCREEN_BOTTOM
 66
1
 70
0
 40
0.000000
 41
0.000000
 39
0.000000
  0
VERTEX
  8
PG_SILKSCREEN_BOTTOM
 10
21.181568
 20
20.901584
 40
0.101600
 41
0.101600
 42
0.000000
  0
VERTEX
  8
PG_SILKSCREEN_BOTTOM
 10
21.181568
 20
20.190384
 40
0.101600
 41
0.101600
 42
0.000000
  0
SEQEND
  0
POLYLINE
  8
PG_SILKSCREEN_BOTTOM
 66
1
 70
0
 40
0.000000
 41
0.000000
 39
0.000000
  0
VERTEX
  8
PG_SILKSCREEN_BOTTOM
 10
21.795562
 20
20.901584
 40
0.101600
 41
0.101600
 42
0.000000
  0
VERTEX
  8
PG_SILKSCREEN_BOTTOM
 10
21.185962
 20
20.901584
 40
0.101600
 41
0.101600
 42
0.000000
  0
SEQEND
  0
POLYLINE
  8
PG_SILKSCREEN_BOTTOM
 66
1
 70
0
 40
0.000000
 41
0.000000
 39
0.000000
  0
VERTEX
  8
PG_SILKSCREEN_BOTTOM
 10
21.185962
 20
20.190384
 40
0.101600
 41
0.101600
 42
0.000000
  0
VERTEX
  8
PG_SILKSCREEN_BOTTOM
 10
21.770162
 20
20.190384
 40
0.101600
 41
0.101600
 42
0.000000
  0
SEQEND
  0
POLYLINE
  8
PG_SILKSCREEN_BOTTOM
 66
1
 70
0
 40
0.000000
 41
0.000000
 39
0.000000
  0
VERTEX
  8
PG_SILKSCREEN_BOTTOM
 10
22.815982
 20
20.190384
 40
0.101600
 41
0.101600
 42
0.000000
  0
VERTEX
  8
PG_SILKSCREEN_BOTTOM
 10
22.206382
 20
20.190384
 40
0.101600
 41
0.101600
 42
0.000000
  0
SEQEND
  0
POLYLINE
  8
PG_SILKSCREEN_BOTTOM
 66
1
 70
0
 40
0.000000
 41
0.000000
 39
0.000000
  0
VERTEX
  8
PG_SILKSCREEN_BOTTOM
 10
22.815982
 20
20.901584
 40
0.101600
 41
0.101600
 42
0.000000
  0
VERTEX
  8
PG_SILKSCREEN_BOTTOM
 10
22.815982
 20
20.190384
 40
0.101600
 41
0.101600
 42
0.000000
  0
SEQEND
  0
POLYLINE
  8
PG_SILKSCREEN_BOTTOM
 66
1
 70
0
 40
0.000000
 41
0.000000
 39
0.000000
  0
VERTEX
  8
PG_SILKSCREEN_BOTTOM
 10
22.815982
 20
20.901584
 40
0.101600
 41
0.101600
 42
0.000000
  0
VERTEX
  8
PG_SILKSCREEN_BOTTOM
 10
22.206382
 20
20.901584
 40
0.101600
 41
0.101600
 42
0.000000
  0
SEQEND
  0
POLYLINE
  8
PIN_BOTTOM
 66
1
 70
1
 40
0.000000
 41
0.000000
 39
0.000000
  0
VERTEX
  8
PIN_BOTTOM
 10
21.741460
 20
9.072042
 40
0.000000
 41
0.000000
 42
0.000000
  0
VERTEX
  8
PIN_BOTTOM
 10
21.741460
 20
9.580042
 40
0.000000
 41
0.000000
 42
0.000000
  0
VERTEX
  8
PIN_BOTTOM
 10
21.233460
 20
9.580042
 40
0.000000
 41
0.000000
 42
0.000000
  0
VERTEX
  8
PIN_BOTTOM
 10
21.233460
 20
9.072042
 40
0.000000
 41
0.000000
 42
0.000000
  0
SEQEND
  0
POLYLINE
  8
PIN_BOTTOM
 66
1
 70
1
 40
0.000000
 41
0.000000
 39
0.000000
  0
VERTEX
  8
PIN_BOTTOM
 10
20.827060
 20
9.072042
 40
0.000000
 41
0.000000
 42
0.000000
  0
VERTEX
  8
PIN_BOTTOM
 10
20.827060
 20
9.580042
 40
0.000000
 41
0.000000
 42
0.000000
  0
VERTEX
  8
PIN_BOTTOM
 10
20.319060
 20
9.580042
 40
0.000000
 41
0.000000
 42
0.000000
  0
VERTEX
  8
PIN_BOTTOM
 10
20.319060
 20
9.072042
 40
0.000000
 41
0.000000
 42
0.000000
  0
SEQEND
  0
POLYLINE
  8
PG_SILKSCREEN_BOTTOM
 66
1
 70
0
 40
0.000000
 41
0.000000
 39
0.000000
  0
VERTEX
  8
PG_SILKSCREEN_BOTTOM
 10
20.213066
 20
9.681642
 40
0.101600
 41
0.101600
 42
0.000000
  0
VERTEX
  8
PG_SILKSCREEN_BOTTOM
 10
20.213066
 20
8.970442
 40
0.101600
 41
0.101600
 42
0.000000
  0
SEQEND
  0
POLYLINE
  8
PG_SILKSCREEN_BOTTOM
 66
1
 70
0
 40
0.000000
 41
0.000000
 39
0.000000
  0
VERTEX
  8
PG_SILKSCREEN_BOTTOM
 10
20.827060
 20
9.681642
 40
0.101600
 41
0.101600
 42
0.000000
  0
VERTEX
  8
PG_SILKSCREEN_BOTTOM
 10
20.217460
 20
9.681642
 40
0.101600
 41
0.101600
 42
0.000000
  0
SEQEND
  0
POLYLINE
  8
PG_SILKSCREEN_BOTTOM
 66
1
 70
0
 40
0.000000
 41
0.000000
 39
0.000000
  0
VERTEX
  8
PG_SILKSCREEN_BOTTOM
 10
20.217460
 20
8.970442
 40
0.101600
 41
0.101600
 42
0.000000
  0
VERTEX
  8
PG_SILKSCREEN_BOTTOM
 10
20.801660
 20
8.970442
 40
0.101600
 41
0.101600
 42
0.000000
  0
SEQEND
  0
POLYLINE
  8
PG_SILKSCREEN_BOTTOM
 66
1
 70
0
 40
0.000000
 41
0.000000
 39
0.000000
  0
VERTEX
  8
PG_SILKSCREEN_BOTTOM
 10
21.847480
 20
8.970442
 40
0.101600
 41
0.101600
 42
0.000000
  0
VERTEX
  8
PG_SILKSCREEN_BOTTOM
 10
21.237880
 20
8.970442
 40
0.101600
 41
0.101600
 42
0.000000
  0
SEQEND
  0
POLYLINE
  8
PG_SILKSCREEN_BOTTOM
 66
1
 70
0
 40
0.000000
 41
0.000000
 39
0.000000
  0
VERTEX
  8
PG_SILKSCREEN_BOTTOM
 10
21.847480
 20
9.681642
 40
0.101600
 41
0.101600
 42
0.000000
  0
VERTEX
  8
PG_SILKSCREEN_BOTTOM
 10
21.847480
 20
8.970442
 40
0.101600
 41
0.101600
 42
0.000000
  0
SEQEND
  0
POLYLINE
  8
PG_SILKSCREEN_BOTTOM
 66
1
 70
0
 40
0.000000
 41
0.000000
 39
0.000000
  0
VERTEX
  8
PG_SILKSCREEN_BOTTOM
 10
21.847480
 20
9.681642
 40
0.101600
 41
0.101600
 42
0.000000
  0
VERTEX
  8
PG_SILKSCREEN_BOTTOM
 10
21.237880
 20
9.681642
 40
0.101600
 41
0.101600
 42
0.000000
  0
SEQEND
  0
POLYLINE
  8
PIN_BOTTOM
 66
1
 70
1
 40
0.000000
 41
0.000000
 39
0.000000
  0
VERTEX
  8
PIN_BOTTOM
 10
21.751874
 20
7.878242
 40
0.000000
 41
0.000000
 42
0.000000
  0
VERTEX
  8
PIN_BOTTOM
 10
21.751874
 20
8.386242
 40
0.000000
 41
0.000000
 42
0.000000
  0
VERTEX
  8
PIN_BOTTOM
 10
21.243874
 20
8.386242
 40
0.000000
 41
0.000000
 42
0.000000
  0
VERTEX
  8
PIN_BOTTOM
 10
21.243874
 20
7.878242
 40
0.000000
 41
0.000000
 42
0.000000
  0
SEQEND
  0
POLYLINE
  8
PIN_BOTTOM
 66
1
 70
1
 40
0.000000
 41
0.000000
 39
0.000000
  0
VERTEX
  8
PIN_BOTTOM
 10
20.837474
 20
7.878242
 40
0.000000
 41
0.000000
 42
0.000000
  0
VERTEX
  8
PIN_BOTTOM
 10
20.837474
 20
8.386242
 40
0.000000
 41
0.000000
 42
0.000000
  0
VERTEX
  8
PIN_BOTTOM
 10
20.329474
 20
8.386242
 40
0.000000
 41
0.000000
 42
0.000000
  0
VERTEX
  8
PIN_BOTTOM
 10
20.329474
 20
7.878242
 40
0.000000
 41
0.000000
 42
0.000000
  0
SEQEND
  0
POLYLINE
  8
PG_SILKSCREEN_BOTTOM
 66
1
 70
0
 40
0.000000
 41
0.000000
 39
0.000000
  0
VERTEX
  8
PG_SILKSCREEN_BOTTOM
 10
20.223480
 20
8.487842
 40
0.101600
 41
0.101600
 42
0.000000
  0
VERTEX
  8
PG_SILKSCREEN_BOTTOM
 10
20.223480
 20
7.776642
 40
0.101600
 41
0.101600
 42
0.000000
  0
SEQEND
  0
POLYLINE
  8
PG_SILKSCREEN_BOTTOM
 66
1
 70
0
 40
0.000000
 41
0.000000
 39
0.000000
  0
VERTEX
  8
PG_SILKSCREEN_BOTTOM
 10
20.837474
 20
8.487842
 40
0.101600
 41
0.101600
 42
0.000000
  0
VERTEX
  8
PG_SILKSCREEN_BOTTOM
 10
20.227874
 20
8.487842
 40
0.101600
 41
0.101600
 42
0.000000
  0
SEQEND
  0
POLYLINE
  8
PG_SILKSCREEN_BOTTOM
 66
1
 70
0
 40
0.000000
 41
0.000000
 39
0.000000
  0
VERTEX
  8
PG_SILKSCREEN_BOTTOM
 10
20.227874
 20
7.776642
 40
0.101600
 41
0.101600
 42
0.000000
  0
VERTEX
  8
PG_SILKSCREEN_BOTTOM
 10
20.812074
 20
7.776642
 40
0.101600
 41
0.101600
 42
0.000000
  0
SEQEND
  0
POLYLINE
  8
PG_SILKSCREEN_BOTTOM
 66
1
 70
0
 40
0.000000
 41
0.000000
 39
0.000000
  0
VERTEX
  8
PG_SILKSCREEN_BOTTOM
 10
21.857894
 20
7.776642
 40
0.101600
 41
0.101600
 42
0.000000
  0
VERTEX
  8
PG_SILKSCREEN_BOTTOM
 10
21.248294
 20
7.776642
 40
0.101600
 41
0.101600
 42
0.000000
  0
SEQEND
  0
POLYLINE
  8
PG_SILKSCREEN_BOTTOM
 66
1
 70
0
 40
0.000000
 41
0.000000
 39
0.000000
  0
VERTEX
  8
PG_SILKSCREEN_BOTTOM
 10
21.857894
 20
8.487842
 40
0.101600
 41
0.101600
 42
0.000000
  0
VERTEX
  8
PG_SILKSCREEN_BOTTOM
 10
21.857894
 20
7.776642
 40
0.101600
 41
0.101600
 42
0.000000
  0
SEQEND
  0
POLYLINE
  8
PG_SILKSCREEN_BOTTOM
 66
1
 70
0
 40
0.000000
 41
0.000000
 39
0.000000
  0
VERTEX
  8
PG_SILKSCREEN_BOTTOM
 10
21.857894
 20
8.487842
 40
0.101600
 41
0.101600
 42
0.000000
  0
VERTEX
  8
PG_SILKSCREEN_BOTTOM
 10
21.248294
 20
8.487842
 40
0.101600
 41
0.101600
 42
0.000000
  0
SEQEND
  0
POLYLINE
  8
PIN_BOTTOM
 66
1
 70
1
 40
0.000000
 41
0.000000
 39
0.000000
  0
VERTEX
  8
PIN_BOTTOM
 10
34.828950
 20
66.890544
 40
0.000000
 41
0.000000
 42
0.000000
  0
VERTEX
  8
PIN_BOTTOM
 10
34.828950
 20
65.890546
 40
0.000000
 41
0.000000
 42
0.000000
  0
VERTEX
  8
PIN_BOTTOM
 10
35.878960
 20
65.890546
 40
0.000000
 41
0.000000
 42
0.000000
  0
VERTEX
  8
PIN_BOTTOM
 10
35.878960
 20
66.890544
 40
0.000000
 41
0.000000
 42
0.000000
  0
SEQEND
  0
POLYLINE
  8
PIN_BOTTOM
 66
1
 70
1
 40
0.000000
 41
0.000000
 39
0.000000
  0
VERTEX
  8
PIN_BOTTOM
 10
33.903958
 20
66.890544
 40
0.000000
 41
0.000000
 42
0.000000
  0
VERTEX
  8
PIN_BOTTOM
 10
33.903958
 20
65.890546
 40
0.000000
 41
0.000000
 42
0.000000
  0
VERTEX
  8
PIN_BOTTOM
 10
34.553969
 20
65.890546
 40
0.000000
 41
0.000000
 42
0.000000
  0
VERTEX
  8
PIN_BOTTOM
 10
34.553969
 20
66.890544
 40
0.000000
 41
0.000000
 42
0.000000
  0
SEQEND
  0
POLYLINE
  8
PIN_BOTTOM
 66
1
 70
1
 40
0.000000
 41
0.000000
 39
0.000000
  0
VERTEX
  8
PIN_BOTTOM
 10
32.578967
 20
66.890544
 40
0.000000
 41
0.000000
 42
0.000000
  0
VERTEX
  8
PIN_BOTTOM
 10
32.578967
 20
65.890546
 40
0.000000
 41
0.000000
 42
0.000000
  0
VERTEX
  8
PIN_BOTTOM
 10
33.628978
 20
65.890546
 40
0.000000
 41
0.000000
 42
0.000000
  0
VERTEX
  8
PIN_BOTTOM
 10
33.628978
 20
66.890544
 40
0.000000
 41
0.000000
 42
0.000000
  0
SEQEND
  0
POLYLINE
  8
PIN_BOTTOM
 66
1
 70
1
 40
0.000000
 41
0.000000
 39
0.000000
  0
VERTEX
  8
PIN_BOTTOM
 10
34.828950
 20
68.490744
 40
0.000000
 41
0.000000
 42
0.000000
  0
VERTEX
  8
PIN_BOTTOM
 10
34.828950
 20
67.490746
 40
0.000000
 41
0.000000
 42
0.000000
  0
VERTEX
  8
PIN_BOTTOM
 10
35.878960
 20
67.490746
 40
0.000000
 41
0.000000
 42
0.000000
  0
VERTEX
  8
PIN_BOTTOM
 10
35.878960
 20
68.490744
 40
0.000000
 41
0.000000
 42
0.000000
  0
SEQEND
  0
POLYLINE
  8
PIN_BOTTOM
 66
1
 70
1
 40
0.000000
 41
0.000000
 39
0.000000
  0
VERTEX
  8
PIN_BOTTOM
 10
33.903958
 20
68.490744
 40
0.000000
 41
0.000000
 42
0.000000
  0
VERTEX
  8
PIN_BOTTOM
 10
33.903958
 20
67.490746
 40
0.000000
 41
0.000000
 42
0.000000
  0
VERTEX
  8
PIN_BOTTOM
 10
34.553969
 20
67.490746
 40
0.000000
 41
0.000000
 42
0.000000
  0
VERTEX
  8
PIN_BOTTOM
 10
34.553969
 20
68.490744
 40
0.000000
 41
0.000000
 42
0.000000
  0
SEQEND
  0
POLYLINE
  8
PIN_BOTTOM
 66
1
 70
1
 40
0.000000
 41
0.000000
 39
0.000000
  0
VERTEX
  8
PIN_BOTTOM
 10
32.578967
 20
68.490744
 40
0.000000
 41
0.000000
 42
0.000000
  0
VERTEX
  8
PIN_BOTTOM
 10
32.578967
 20
67.490746
 40
0.000000
 41
0.000000
 42
0.000000
  0
VERTEX
  8
PIN_BOTTOM
 10
33.628978
 20
67.490746
 40
0.000000
 41
0.000000
 42
0.000000
  0
VERTEX
  8
PIN_BOTTOM
 10
33.628978
 20
68.490744
 40
0.000000
 41
0.000000
 42
0.000000
  0
SEQEND
  0
POLYLINE
  8
PG_SILKSCREEN_BOTTOM
 66
1
 70
0
 40
0.000000
 41
0.000000
 39
0.000000
  0
VERTEX
  8
PG_SILKSCREEN_BOTTOM
 10
36.260964
 20
66.428645
 40
0.254000
 41
0.254000
 42
0.000000
  0
VERTEX
  8
PG_SILKSCREEN_BOTTOM
 10
36.260964
 20
67.825645
 40
0.254000
 41
0.254000
 42
0.000000
  0
SEQEND
  0
POLYLINE
  8
PG_SILKSCREEN_BOTTOM
 66
1
 70
0
 40
0.000000
 41
0.000000
 39
0.000000
  0
VERTEX
  8
PG_SILKSCREEN_BOTTOM
 10
32.196964
 20
66.492145
 40
0.254000
 41
0.254000
 42
0.000000
  0
VERTEX
  8
PG_SILKSCREEN_BOTTOM
 10
32.196964
 20
67.889145
 40
0.254000
 41
0.254000
 42
0.000000
  0
SEQEND
  0
POLYLINE
  8
PG_SILKSCREEN_BOTTOM
 66
1
 70
0
 40
0.000000
 41
0.000000
 39
0.000000
  0
VERTEX
  8
PG_SILKSCREEN_BOTTOM
 10
33.085964
 20
68.968645
 40
0.254000
 41
0.254000
 42
0.999989
  0
VERTEX
  8
PG_SILKSCREEN_BOTTOM
 10
32.831989
 20
68.968645
 40
0.254000
 41
0.254000
 42
1.000011
  0
VERTEX
  8
PG_SILKSCREEN_BOTTOM
 10
33.085964
 20
68.968645
 40
0.254000
 41
0.254000
 42
0.000000
  0
SEQEND
  0
CIRCLE
  8
PIN_BOTTOM
 10
19.864959
 20
3.007995
 40
0.475056
  0
CIRCLE
  8
PIN_BOTTOM
 10
60.134983
 20
1.737995
 40
0.475056
  0
CIRCLE
  8
PIN_BOTTOM
 10
58.732471
 20
4.758004
 40
0.178003
  0
CIRCLE
  8
PIN_BOTTOM
 10
58.097471
 20
4.758004
 40
0.178003
  0
CIRCLE
  8
PIN_BOTTOM
 10
57.462471
 20
4.758004
 40
0.178003
  0
CIRCLE
  8
PIN_BOTTOM
 10
56.827471
 20
4.758004
 40
0.178003
  0
CIRCLE
  8
PIN_BOTTOM
 10
56.192471
 20
4.758004
 40
0.178003
  0
CIRCLE
  8
PIN_BOTTOM
 10
55.557471
 20
4.758004
 40
0.178003
  0
CIRCLE
  8
PIN_BOTTOM
 10
54.922471
 20
4.758004
 40
0.178003
  0
CIRCLE
  8
PIN_BOTTOM
 10
54.287471
 20
4.758004
 40
0.178003
  0
CIRCLE
  8
PIN_BOTTOM
 10
53.652471
 20
4.758004
 40
0.178003
  0
CIRCLE
  8
PIN_BOTTOM
 10
53.017471
 20
4.758004
 40
0.178003
  0
CIRCLE
  8
PIN_BOTTOM
 10
52.382471
 20
4.758004
 40
0.178003
  0
CIRCLE
  8
PIN_BOTTOM
 10
51.747471
 20
4.758004
 40
0.178003
  0
CIRCLE
  8
PIN_BOTTOM
 10
51.112471
 20
4.758004
 40
0.178003
  0
CIRCLE
  8
PIN_BOTTOM
 10
50.477471
 20
4.758004
 40
0.178003
  0
CIRCLE
  8
PIN_BOTTOM
 10
49.842471
 20
4.758004
 40
0.178003
  0
CIRCLE
  8
PIN_BOTTOM
 10
49.207471
 20
4.758004
 40
0.178003
  0
CIRCLE
  8
PIN_BOTTOM
 10
48.572471
 20
4.758004
 40
0.178003
  0
CIRCLE
  8
PIN_BOTTOM
 10
47.937471
 20
4.758004
 40
0.178003
  0
CIRCLE
  8
PIN_BOTTOM
 10
47.302471
 20
4.758004
 40
0.178003
  0
CIRCLE
  8
PIN_BOTTOM
 10
46.667471
 20
4.758004
 40
0.178003
  0
CIRCLE
  8
PIN_BOTTOM
 10
46.032471
 20
4.758004
 40
0.178003
  0
CIRCLE
  8
PIN_BOTTOM
 10
45.397471
 20
4.758004
 40
0.178003
  0
CIRCLE
  8
PIN_BOTTOM
 10
44.762471
 20
4.758004
 40
0.178003
  0
CIRCLE
  8
PIN_BOTTOM
 10
44.127471
 20
4.758004
 40
0.178003
  0
CIRCLE
  8
PIN_BOTTOM
 10
43.492471
 20
4.758004
 40
0.178003
  0
CIRCLE
  8
PIN_BOTTOM
 10
42.857471
 20
4.758004
 40
0.178003
  0
CIRCLE
  8
PIN_BOTTOM
 10
42.222471
 20
4.758004
 40
0.178003
  0
CIRCLE
  8
PIN_BOTTOM
 10
41.587471
 20
4.758004
 40
0.178003
  0
CIRCLE
  8
PIN_BOTTOM
 10
40.952471
 20
4.758004
 40
0.178003
  0
CIRCLE
  8
PIN_BOTTOM
 10
40.317471
 20
4.758004
 40
0.178003
  0
CIRCLE
  8
PIN_BOTTOM
 10
39.682471
 20
4.758004
 40
0.178003
  0
CIRCLE
  8
PIN_BOTTOM
 10
39.047471
 20
4.758004
 40
0.178003
  0
CIRCLE
  8
PIN_BOTTOM
 10
38.412471
 20
4.758004
 40
0.178003
  0
CIRCLE
  8
PIN_BOTTOM
 10
37.777471
 20
4.758004
 40
0.178003
  0
CIRCLE
  8
PIN_BOTTOM
 10
37.142471
 20
4.758004
 40
0.178003
  0
CIRCLE
  8
PIN_BOTTOM
 10
36.507471
 20
4.758004
 40
0.178003
  0
CIRCLE
  8
PIN_BOTTOM
 10
35.872471
 20
4.758004
 40
0.178003
  0
CIRCLE
  8
PIN_BOTTOM
 10
35.237471
 20
4.758004
 40
0.178003
  0
CIRCLE
  8
PIN_BOTTOM
 10
34.602471
 20
4.758004
 40
0.178003
  0
CIRCLE
  8
PIN_BOTTOM
 10
33.967471
 20
4.758004
 40
0.178003
  0
CIRCLE
  8
PIN_BOTTOM
 10
33.332471
 20
4.758004
 40
0.178003
  0
CIRCLE
  8
PIN_BOTTOM
 10
32.697471
 20
4.758004
 40
0.178003
  0
CIRCLE
  8
PIN_BOTTOM
 10
32.062471
 20
4.758004
 40
0.178003
  0
CIRCLE
  8
PIN_BOTTOM
 10
31.427471
 20
4.758004
 40
0.178003
  0
CIRCLE
  8
PIN_BOTTOM
 10
30.792471
 20
4.758004
 40
0.178003
  0
CIRCLE
  8
PIN_BOTTOM
 10
30.157471
 20
4.758004
 40
0.178003
  0
CIRCLE
  8
PIN_BOTTOM
 10
29.522471
 20
4.758004
 40
0.178003
  0
CIRCLE
  8
PIN_BOTTOM
 10
28.887471
 20
4.758004
 40
0.178003
  0
CIRCLE
  8
PIN_BOTTOM
 10
28.252471
 20
4.758004
 40
0.178003
  0
CIRCLE
  8
PIN_BOTTOM
 10
27.617471
 20
4.758004
 40
0.178003
  0
CIRCLE
  8
PIN_BOTTOM
 10
26.982471
 20
4.758004
 40
0.178003
  0
CIRCLE
  8
PIN_BOTTOM
 10
26.347471
 20
4.758004
 40
0.178003
  0
CIRCLE
  8
PIN_BOTTOM
 10
25.712471
 20
4.758004
 40
0.178003
  0
CIRCLE
  8
PIN_BOTTOM
 10
25.077471
 20
4.758004
 40
0.178003
  0
CIRCLE
  8
PIN_BOTTOM
 10
24.442471
 20
4.758004
 40
0.178003
  0
CIRCLE
  8
PIN_BOTTOM
 10
23.807471
 20
4.758004
 40
0.178003
  0
CIRCLE
  8
PIN_BOTTOM
 10
23.172471
 20
4.758004
 40
0.178003
  0
CIRCLE
  8
PIN_BOTTOM
 10
22.537471
 20
4.758004
 40
0.178003
  0
CIRCLE
  8
PIN_BOTTOM
 10
21.902471
 20
4.758004
 40
0.178003
  0
CIRCLE
  8
PIN_BOTTOM
 10
21.267471
 20
4.758004
 40
0.178003
  0
CIRCLE
  8
PIN_BOTTOM
 10
58.732471
 20
3.797986
 40
0.178003
  0
CIRCLE
  8
PIN_BOTTOM
 10
58.097471
 20
3.797986
 40
0.178003
  0
CIRCLE
  8
PIN_BOTTOM
 10
57.462471
 20
3.797986
 40
0.178003
  0
CIRCLE
  8
PIN_BOTTOM
 10
56.827471
 20
3.797986
 40
0.178003
  0
CIRCLE
  8
PIN_BOTTOM
 10
56.192471
 20
3.797986
 40
0.178003
  0
CIRCLE
  8
PIN_BOTTOM
 10
55.557471
 20
3.797986
 40
0.178003
  0
CIRCLE
  8
PIN_BOTTOM
 10
54.922471
 20
3.797986
 40
0.178003
  0
CIRCLE
  8
PIN_BOTTOM
 10
54.287471
 20
3.797986
 40
0.178003
  0
CIRCLE
  8
PIN_BOTTOM
 10
53.652471
 20
3.797986
 40
0.178003
  0
CIRCLE
  8
PIN_BOTTOM
 10
53.017471
 20
3.797986
 40
0.178003
  0
CIRCLE
  8
PIN_BOTTOM
 10
52.382471
 20
3.797986
 40
0.178003
  0
CIRCLE
  8
PIN_BOTTOM
 10
51.747471
 20
3.797986
 40
0.178003
  0
CIRCLE
  8
PIN_BOTTOM
 10
51.112471
 20
3.797986
 40
0.178003
  0
CIRCLE
  8
PIN_BOTTOM
 10
50.477471
 20
3.797986
 40
0.178003
  0
CIRCLE
  8
PIN_BOTTOM
 10
49.842471
 20
3.797986
 40
0.178003
  0
CIRCLE
  8
PIN_BOTTOM
 10
49.207471
 20
3.797986
 40
0.178003
  0
CIRCLE
  8
PIN_BOTTOM
 10
48.572471
 20
3.797986
 40
0.178003
  0
CIRCLE
  8
PIN_BOTTOM
 10
47.937471
 20
3.797986
 40
0.178003
  0
CIRCLE
  8
PIN_BOTTOM
 10
47.302471
 20
3.797986
 40
0.178003
  0
CIRCLE
  8
PIN_BOTTOM
 10
46.667471
 20
3.797986
 40
0.178003
  0
CIRCLE
  8
PIN_BOTTOM
 10
46.032471
 20
3.797986
 40
0.178003
  0
CIRCLE
  8
PIN_BOTTOM
 10
45.397471
 20
3.797986
 40
0.178003
  0
CIRCLE
  8
PIN_BOTTOM
 10
44.762471
 20
3.797986
 40
0.178003
  0
CIRCLE
  8
PIN_BOTTOM
 10
44.127471
 20
3.797986
 40
0.178003
  0
CIRCLE
  8
PIN_BOTTOM
 10
43.492471
 20
3.797986
 40
0.178003
  0
CIRCLE
  8
PIN_BOTTOM
 10
42.857471
 20
3.797986
 40
0.178003
  0
CIRCLE
  8
PIN_BOTTOM
 10
42.222471
 20
3.797986
 40
0.178003
  0
CIRCLE
  8
PIN_BOTTOM
 10
41.587471
 20
3.797986
 40
0.178003
  0
CIRCLE
  8
PIN_BOTTOM
 10
40.952471
 20
3.797986
 40
0.178003
  0
CIRCLE
  8
PIN_BOTTOM
 10
40.317471
 20
3.797986
 40
0.178003
  0
CIRCLE
  8
PIN_BOTTOM
 10
39.682471
 20
3.797986
 40
0.178003
  0
CIRCLE
  8
PIN_BOTTOM
 10
39.047471
 20
3.797986
 40
0.178003
  0
CIRCLE
  8
PIN_BOTTOM
 10
38.412471
 20
3.797986
 40
0.178003
  0
CIRCLE
  8
PIN_BOTTOM
 10
37.777471
 20
3.797986
 40
0.178003
  0
CIRCLE
  8
PIN_BOTTOM
 10
37.142471
 20
3.797986
 40
0.178003
  0
CIRCLE
  8
PIN_BOTTOM
 10
36.507471
 20
3.797986
 40
0.178003
  0
CIRCLE
  8
PIN_BOTTOM
 10
35.872471
 20
3.797986
 40
0.178003
  0
CIRCLE
  8
PIN_BOTTOM
 10
35.237471
 20
3.797986
 40
0.178003
  0
CIRCLE
  8
PIN_BOTTOM
 10
34.602471
 20
3.797986
 40
0.178003
  0
CIRCLE
  8
PIN_BOTTOM
 10
33.967471
 20
3.797986
 40
0.178003
  0
CIRCLE
  8
PIN_BOTTOM
 10
33.332471
 20
3.797986
 40
0.178003
  0
CIRCLE
  8
PIN_BOTTOM
 10
32.697471
 20
3.797986
 40
0.178003
  0
CIRCLE
  8
PIN_BOTTOM
 10
32.062471
 20
3.797986
 40
0.178003
  0
CIRCLE
  8
PIN_BOTTOM
 10
31.427471
 20
3.797986
 40
0.178003
  0
CIRCLE
  8
PIN_BOTTOM
 10
30.792471
 20
3.797986
 40
0.178003
  0
CIRCLE
  8
PIN_BOTTOM
 10
30.157471
 20
3.797986
 40
0.178003
  0
CIRCLE
  8
PIN_BOTTOM
 10
29.522471
 20
3.797986
 40
0.178003
  0
CIRCLE
  8
PIN_BOTTOM
 10
28.887471
 20
3.797986
 40
0.178003
  0
CIRCLE
  8
PIN_BOTTOM
 10
28.252471
 20
3.797986
 40
0.178003
  0
CIRCLE
  8
PIN_BOTTOM
 10
27.617471
 20
3.797986
 40
0.178003
  0
CIRCLE
  8
PIN_BOTTOM
 10
26.982471
 20
3.797986
 40
0.178003
  0
CIRCLE
  8
PIN_BOTTOM
 10
26.347471
 20
3.797986
 40
0.178003
  0
CIRCLE
  8
PIN_BOTTOM
 10
25.712471
 20
3.797986
 40
0.178003
  0
CIRCLE
  8
PIN_BOTTOM
 10
25.077471
 20
3.797986
 40
0.178003
  0
CIRCLE
  8
PIN_BOTTOM
 10
24.442471
 20
3.797986
 40
0.178003
  0
CIRCLE
  8
PIN_BOTTOM
 10
23.807471
 20
3.797986
 40
0.178003
  0
CIRCLE
  8
PIN_BOTTOM
 10
23.172471
 20
3.797986
 40
0.178003
  0
CIRCLE
  8
PIN_BOTTOM
 10
22.537471
 20
3.797986
 40
0.178003
  0
CIRCLE
  8
PIN_BOTTOM
 10
21.902471
 20
3.797986
 40
0.178003
  0
CIRCLE
  8
PIN_BOTTOM
 10
21.267471
 20
3.797986
 40
0.178003
  0
CIRCLE
  8
PIN_BOTTOM
 10
58.732471
 20
2.218004
 40
0.178003
  0
CIRCLE
  8
PIN_BOTTOM
 10
58.097471
 20
2.218004
 40
0.178003
  0
CIRCLE
  8
PIN_BOTTOM
 10
57.462471
 20
2.218004
 40
0.178003
  0
CIRCLE
  8
PIN_BOTTOM
 10
56.827471
 20
2.218004
 40
0.178003
  0
CIRCLE
  8
PIN_BOTTOM
 10
56.192471
 20
2.218004
 40
0.178003
  0
CIRCLE
  8
PIN_BOTTOM
 10
55.557471
 20
2.218004
 40
0.178003
  0
CIRCLE
  8
PIN_BOTTOM
 10
54.922471
 20
2.218004
 40
0.178003
  0
CIRCLE
  8
PIN_BOTTOM
 10
54.287471
 20
2.218004
 40
0.178003
  0
CIRCLE
  8
PIN_BOTTOM
 10
53.652471
 20
2.218004
 40
0.178003
  0
CIRCLE
  8
PIN_BOTTOM
 10
53.017471
 20
2.218004
 40
0.178003
  0
CIRCLE
  8
PIN_BOTTOM
 10
52.382471
 20
2.218004
 40
0.178003
  0
CIRCLE
  8
PIN_BOTTOM
 10
51.747471
 20
2.218004
 40
0.178003
  0
CIRCLE
  8
PIN_BOTTOM
 10
51.112471
 20
2.218004
 40
0.178003
  0
CIRCLE
  8
PIN_BOTTOM
 10
50.477471
 20
2.218004
 40
0.178003
  0
CIRCLE
  8
PIN_BOTTOM
 10
49.842471
 20
2.218004
 40
0.178003
  0
CIRCLE
  8
PIN_BOTTOM
 10
49.207471
 20
2.218004
 40
0.178003
  0
CIRCLE
  8
PIN_BOTTOM
 10
48.572471
 20
2.218004
 40
0.178003
  0
CIRCLE
  8
PIN_BOTTOM
 10
47.937471
 20
2.218004
 40
0.178003
  0
CIRCLE
  8
PIN_BOTTOM
 10
47.302471
 20
2.218004
 40
0.178003
  0
CIRCLE
  8
PIN_BOTTOM
 10
46.667471
 20
2.218004
 40
0.178003
  0
CIRCLE
  8
PIN_BOTTOM
 10
46.032471
 20
2.218004
 40
0.178003
  0
CIRCLE
  8
PIN_BOTTOM
 10
45.397471
 20
2.218004
 40
0.178003
  0
CIRCLE
  8
PIN_BOTTOM
 10
44.762471
 20
2.218004
 40
0.178003
  0
CIRCLE
  8
PIN_BOTTOM
 10
44.127471
 20
2.218004
 40
0.178003
  0
CIRCLE
  8
PIN_BOTTOM
 10
43.492471
 20
2.218004
 40
0.178003
  0
CIRCLE
  8
PIN_BOTTOM
 10
42.857471
 20
2.218004
 40
0.178003
  0
CIRCLE
  8
PIN_BOTTOM
 10
42.222471
 20
2.218004
 40
0.178003
  0
CIRCLE
  8
PIN_BOTTOM
 10
41.587471
 20
2.218004
 40
0.178003
  0
CIRCLE
  8
PIN_BOTTOM
 10
40.952471
 20
2.218004
 40
0.178003
  0
CIRCLE
  8
PIN_BOTTOM
 10
40.317471
 20
2.218004
 40
0.178003
  0
CIRCLE
  8
PIN_BOTTOM
 10
39.682471
 20
2.218004
 40
0.178003
  0
CIRCLE
  8
PIN_BOTTOM
 10
39.047471
 20
2.218004
 40
0.178003
  0
CIRCLE
  8
PIN_BOTTOM
 10
38.412471
 20
2.218004
 40
0.178003
  0
CIRCLE
  8
PIN_BOTTOM
 10
37.777471
 20
2.218004
 40
0.178003
  0
CIRCLE
  8
PIN_BOTTOM
 10
37.142471
 20
2.218004
 40
0.178003
  0
CIRCLE
  8
PIN_BOTTOM
 10
36.507471
 20
2.218004
 40
0.178003
  0
CIRCLE
  8
PIN_BOTTOM
 10
35.872471
 20
2.218004
 40
0.178003
  0
CIRCLE
  8
PIN_BOTTOM
 10
35.237471
 20
2.218004
 40
0.178003
  0
CIRCLE
  8
PIN_BOTTOM
 10
34.602471
 20
2.218004
 40
0.178003
  0
CIRCLE
  8
PIN_BOTTOM
 10
33.967471
 20
2.218004
 40
0.178003
  0
CIRCLE
  8
PIN_BOTTOM
 10
33.332471
 20
2.218004
 40
0.178003
  0
CIRCLE
  8
PIN_BOTTOM
 10
32.697471
 20
2.218004
 40
0.178003
  0
CIRCLE
  8
PIN_BOTTOM
 10
32.062471
 20
2.218004
 40
0.178003
  0
CIRCLE
  8
PIN_BOTTOM
 10
31.427471
 20
2.218004
 40
0.178003
  0
CIRCLE
  8
PIN_BOTTOM
 10
30.792471
 20
2.218004
 40
0.178003
  0
CIRCLE
  8
PIN_BOTTOM
 10
30.157471
 20
2.218004
 40
0.178003
  0
CIRCLE
  8
PIN_BOTTOM
 10
29.522471
 20
2.218004
 40
0.178003
  0
CIRCLE
  8
PIN_BOTTOM
 10
28.887471
 20
2.218004
 40
0.178003
  0
CIRCLE
  8
PIN_BOTTOM
 10
28.252471
 20
2.218004
 40
0.178003
  0
CIRCLE
  8
PIN_BOTTOM
 10
27.617471
 20
2.218004
 40
0.178003
  0
CIRCLE
  8
PIN_BOTTOM
 10
26.982471
 20
2.218004
 40
0.178003
  0
CIRCLE
  8
PIN_BOTTOM
 10
26.347471
 20
2.218004
 40
0.178003
  0
CIRCLE
  8
PIN_BOTTOM
 10
25.712471
 20
2.218004
 40
0.178003
  0
CIRCLE
  8
PIN_BOTTOM
 10
25.077471
 20
2.218004
 40
0.178003
  0
CIRCLE
  8
PIN_BOTTOM
 10
24.442471
 20
2.218004
 40
0.178003
  0
CIRCLE
  8
PIN_BOTTOM
 10
23.807471
 20
2.218004
 40
0.178003
  0
CIRCLE
  8
PIN_BOTTOM
 10
23.172471
 20
2.218004
 40
0.178003
  0
CIRCLE
  8
PIN_BOTTOM
 10
22.537471
 20
2.218004
 40
0.178003
  0
CIRCLE
  8
PIN_BOTTOM
 10
21.902471
 20
2.218004
 40
0.178003
  0
CIRCLE
  8
PIN_BOTTOM
 10
21.267471
 20
2.218004
 40
0.178003
  0
CIRCLE
  8
PIN_BOTTOM
 10
58.732471
 20
1.257986
 40
0.178003
  0
CIRCLE
  8
PIN_BOTTOM
 10
58.097471
 20
1.257986
 40
0.178003
  0
CIRCLE
  8
PIN_BOTTOM
 10
57.462471
 20
1.257986
 40
0.178003
  0
CIRCLE
  8
PIN_BOTTOM
 10
56.827471
 20
1.257986
 40
0.178003
  0
CIRCLE
  8
PIN_BOTTOM
 10
56.192471
 20
1.257986
 40
0.178003
  0
CIRCLE
  8
PIN_BOTTOM
 10
55.557471
 20
1.257986
 40
0.178003
  0
CIRCLE
  8
PIN_BOTTOM
 10
54.922471
 20
1.257986
 40
0.178003
  0
CIRCLE
  8
PIN_BOTTOM
 10
54.287471
 20
1.257986
 40
0.178003
  0
CIRCLE
  8
PIN_BOTTOM
 10
53.652471
 20
1.257986
 40
0.178003
  0
CIRCLE
  8
PIN_BOTTOM
 10
53.017471
 20
1.257986
 40
0.178003
  0
CIRCLE
  8
PIN_BOTTOM
 10
52.382471
 20
1.257986
 40
0.178003
  0
CIRCLE
  8
PIN_BOTTOM
 10
51.747471
 20
1.257986
 40
0.178003
  0
CIRCLE
  8
PIN_BOTTOM
 10
51.112471
 20
1.257986
 40
0.178003
  0
CIRCLE
  8
PIN_BOTTOM
 10
50.477471
 20
1.257986
 40
0.178003
  0
CIRCLE
  8
PIN_BOTTOM
 10
49.842471
 20
1.257986
 40
0.178003
  0
CIRCLE
  8
PIN_BOTTOM
 10
49.207471
 20
1.257986
 40
0.178003
  0
CIRCLE
  8
PIN_BOTTOM
 10
48.572471
 20
1.257986
 40
0.178003
  0
CIRCLE
  8
PIN_BOTTOM
 10
47.937471
 20
1.257986
 40
0.178003
  0
CIRCLE
  8
PIN_BOTTOM
 10
47.302471
 20
1.257986
 40
0.178003
  0
CIRCLE
  8
PIN_BOTTOM
 10
46.667471
 20
1.257986
 40
0.178003
  0
CIRCLE
  8
PIN_BOTTOM
 10
46.032471
 20
1.257986
 40
0.178003
  0
CIRCLE
  8
PIN_BOTTOM
 10
45.397471
 20
1.257986
 40
0.178003
  0
CIRCLE
  8
PIN_BOTTOM
 10
44.762471
 20
1.257986
 40
0.178003
  0
CIRCLE
  8
PIN_BOTTOM
 10
44.127471
 20
1.257986
 40
0.178003
  0
CIRCLE
  8
PIN_BOTTOM
 10
43.492471
 20
1.257986
 40
0.178003
  0
CIRCLE
  8
PIN_BOTTOM
 10
42.857471
 20
1.257986
 40
0.178003
  0
CIRCLE
  8
PIN_BOTTOM
 10
42.222471
 20
1.257986
 40
0.178003
  0
CIRCLE
  8
PIN_BOTTOM
 10
41.587471
 20
1.257986
 40
0.178003
  0
CIRCLE
  8
PIN_BOTTOM
 10
40.952471
 20
1.257986
 40
0.178003
  0
CIRCLE
  8
PIN_BOTTOM
 10
40.317471
 20
1.257986
 40
0.178003
  0
CIRCLE
  8
PIN_BOTTOM
 10
39.682471
 20
1.257986
 40
0.178003
  0
CIRCLE
  8
PIN_BOTTOM
 10
39.047471
 20
1.257986
 40
0.178003
  0
CIRCLE
  8
PIN_BOTTOM
 10
38.412471
 20
1.257986
 40
0.178003
  0
CIRCLE
  8
PIN_BOTTOM
 10
37.777471
 20
1.257986
 40
0.178003
  0
CIRCLE
  8
PIN_BOTTOM
 10
37.142471
 20
1.257986
 40
0.178003
  0
CIRCLE
  8
PIN_BOTTOM
 10
36.507471
 20
1.257986
 40
0.178003
  0
CIRCLE
  8
PIN_BOTTOM
 10
35.872471
 20
1.257986
 40
0.178003
  0
CIRCLE
  8
PIN_BOTTOM
 10
35.237471
 20
1.257986
 40
0.178003
  0
CIRCLE
  8
PIN_BOTTOM
 10
34.602471
 20
1.257986
 40
0.178003
  0
CIRCLE
  8
PIN_BOTTOM
 10
33.967471
 20
1.257986
 40
0.178003
  0
CIRCLE
  8
PIN_BOTTOM
 10
33.332471
 20
1.257986
 40
0.178003
  0
CIRCLE
  8
PIN_BOTTOM
 10
32.697471
 20
1.257986
 40
0.178003
  0
CIRCLE
  8
PIN_BOTTOM
 10
32.062471
 20
1.257986
 40
0.178003
  0
CIRCLE
  8
PIN_BOTTOM
 10
31.427471
 20
1.257986
 40
0.178003
  0
CIRCLE
  8
PIN_BOTTOM
 10
30.792471
 20
1.257986
 40
0.178003
  0
CIRCLE
  8
PIN_BOTTOM
 10
30.157471
 20
1.257986
 40
0.178003
  0
CIRCLE
  8
PIN_BOTTOM
 10
29.522471
 20
1.257986
 40
0.178003
  0
CIRCLE
  8
PIN_BOTTOM
 10
28.887471
 20
1.257986
 40
0.178003
  0
CIRCLE
  8
PIN_BOTTOM
 10
28.252471
 20
1.257986
 40
0.178003
  0
CIRCLE
  8
PIN_BOTTOM
 10
27.617471
 20
1.257986
 40
0.178003
  0
CIRCLE
  8
PIN_BOTTOM
 10
26.982471
 20
1.257986
 40
0.178003
  0
CIRCLE
  8
PIN_BOTTOM
 10
26.347471
 20
1.257986
 40
0.178003
  0
CIRCLE
  8
PIN_BOTTOM
 10
25.712471
 20
1.257986
 40
0.178003
  0
CIRCLE
  8
PIN_BOTTOM
 10
25.077471
 20
1.257986
 40
0.178003
  0
CIRCLE
  8
PIN_BOTTOM
 10
24.442471
 20
1.257986
 40
0.178003
  0
CIRCLE
  8
PIN_BOTTOM
 10
23.807471
 20
1.257986
 40
0.178003
  0
CIRCLE
  8
PIN_BOTTOM
 10
23.172471
 20
1.257986
 40
0.178003
  0
CIRCLE
  8
PIN_BOTTOM
 10
22.537471
 20
1.257986
 40
0.178003
  0
CIRCLE
  8
PIN_BOTTOM
 10
21.902471
 20
1.257986
 40
0.178003
  0
CIRCLE
  8
PIN_BOTTOM
 10
21.267471
 20
1.257986
 40
0.178003
  0
POLYLINE
  8
PG_SILKSCREEN_BOTTOM
 66
1
 70
0
 40
0.000000
 41
0.000000
 39
0.000000
  0
VERTEX
  8
PG_SILKSCREEN_BOTTOM
 10
18.589955
 20
0.508000
 40
0.200000
 41
0.200000
 42
0.000000
  0
VERTEX
  8
PG_SILKSCREEN_BOTTOM
 10
61.409961
 20
0.508000
 40
0.200000
 41
0.200000
 42
0.000000
  0
VERTEX
  8
PG_SILKSCREEN_BOTTOM
 10
61.409961
 20
4.507992
 40
0.200000
 41
0.200000
 42
0.000000
  0
VERTEX
  8
PG_SILKSCREEN_BOTTOM
 10
60.409963
 20
5.507990
 40
0.200000
 41
0.200000
 42
0.000000
  0
VERTEX
  8
PG_SILKSCREEN_BOTTOM
 10
19.589953
 20
5.507990
 40
0.200000
 41
0.200000
 42
0.000000
  0
VERTEX
  8
PG_SILKSCREEN_BOTTOM
 10
18.589955
 20
4.507992
 40
0.200000
 41
0.200000
 42
0.000000
  0
VERTEX
  8
PG_SILKSCREEN_BOTTOM
 10
18.589955
 20
0.508000
 40
0.200000
 41
0.200000
 42
0.000000
  0
SEQEND
  0
POLYLINE
  8
PG_SILKSCREEN_BOTTOM
 66
1
 70
0
 40
0.000000
 41
0.000000
 39
0.000000
  0
VERTEX
  8
PG_SILKSCREEN_BOTTOM
 10
58.832471
 20
6.182995
 40
0.200000
 41
0.200000
 42
1.000054
  0
VERTEX
  8
PG_SILKSCREEN_BOTTOM
 10
58.632446
 20
6.182995
 40
0.200000
 41
0.200000
 42
0.999946
  0
VERTEX
  8
PG_SILKSCREEN_BOTTOM
 10
58.832471
 20
6.182995
 40
0.200000
 41
0.200000
 42
0.000000
  0
SEQEND
  0
CIRCLE
  8
PIN_BOTTOM
 10
60.134983
 20
76.991997
 40
0.475056
  0
CIRCLE
  8
PIN_BOTTOM
 10
19.864959
 20
78.261997
 40
0.475056
  0
CIRCLE
  8
PIN_BOTTOM
 10
21.267471
 20
75.241988
 40
0.178003
  0
CIRCLE
  8
PIN_BOTTOM
 10
21.902471
 20
75.241988
 40
0.178003
  0
CIRCLE
  8
PIN_BOTTOM
 10
22.537471
 20
75.241988
 40
0.178003
  0
CIRCLE
  8
PIN_BOTTOM
 10
23.172471
 20
75.241988
 40
0.178003
  0
CIRCLE
  8
PIN_BOTTOM
 10
23.807471
 20
75.241988
 40
0.178003
  0
CIRCLE
  8
PIN_BOTTOM
 10
24.442471
 20
75.241988
 40
0.178003
  0
CIRCLE
  8
PIN_BOTTOM
 10
25.077471
 20
75.241988
 40
0.178003
  0
CIRCLE
  8
PIN_BOTTOM
 10
25.712471
 20
75.241988
 40
0.178003
  0
CIRCLE
  8
PIN_BOTTOM
 10
26.347471
 20
75.241988
 40
0.178003
  0
CIRCLE
  8
PIN_BOTTOM
 10
26.982471
 20
75.241988
 40
0.178003
  0
CIRCLE
  8
PIN_BOTTOM
 10
27.617471
 20
75.241988
 40
0.178003
  0
CIRCLE
  8
PIN_BOTTOM
 10
28.252471
 20
75.241988
 40
0.178003
  0
CIRCLE
  8
PIN_BOTTOM
 10
28.887471
 20
75.241988
 40
0.178003
  0
CIRCLE
  8
PIN_BOTTOM
 10
29.522471
 20
75.241988
 40
0.178003
  0
CIRCLE
  8
PIN_BOTTOM
 10
30.157471
 20
75.241988
 40
0.178003
  0
CIRCLE
  8
PIN_BOTTOM
 10
30.792471
 20
75.241988
 40
0.178003
  0
CIRCLE
  8
PIN_BOTTOM
 10
31.427471
 20
75.241988
 40
0.178003
  0
CIRCLE
  8
PIN_BOTTOM
 10
32.062471
 20
75.241988
 40
0.178003
  0
CIRCLE
  8
PIN_BOTTOM
 10
32.697471
 20
75.241988
 40
0.178003
  0
CIRCLE
  8
PIN_BOTTOM
 10
33.332471
 20
75.241988
 40
0.178003
  0
CIRCLE
  8
PIN_BOTTOM
 10
33.967471
 20
75.241988
 40
0.178003
  0
CIRCLE
  8
PIN_BOTTOM
 10
34.602471
 20
75.241988
 40
0.178003
  0
CIRCLE
  8
PIN_BOTTOM
 10
35.237471
 20
75.241988
 40
0.178003
  0
CIRCLE
  8
PIN_BOTTOM
 10
35.872471
 20
75.241988
 40
0.178003
  0
CIRCLE
  8
PIN_BOTTOM
 10
36.507471
 20
75.241988
 40
0.178003
  0
CIRCLE
  8
PIN_BOTTOM
 10
37.142471
 20
75.241988
 40
0.178003
  0
CIRCLE
  8
PIN_BOTTOM
 10
37.777471
 20
75.241988
 40
0.178003
  0
CIRCLE
  8
PIN_BOTTOM
 10
38.412471
 20
75.241988
 40
0.178003
  0
CIRCLE
  8
PIN_BOTTOM
 10
39.047471
 20
75.241988
 40
0.178003
  0
CIRCLE
  8
PIN_BOTTOM
 10
39.682471
 20
75.241988
 40
0.178003
  0
CIRCLE
  8
PIN_BOTTOM
 10
40.317471
 20
75.241988
 40
0.178003
  0
CIRCLE
  8
PIN_BOTTOM
 10
40.952471
 20
75.241988
 40
0.178003
  0
CIRCLE
  8
PIN_BOTTOM
 10
41.587471
 20
75.241988
 40
0.178003
  0
CIRCLE
  8
PIN_BOTTOM
 10
42.222471
 20
75.241988
 40
0.178003
  0
CIRCLE
  8
PIN_BOTTOM
 10
42.857471
 20
75.241988
 40
0.178003
  0
CIRCLE
  8
PIN_BOTTOM
 10
43.492471
 20
75.241988
 40
0.178003
  0
CIRCLE
  8
PIN_BOTTOM
 10
44.127471
 20
75.241988
 40
0.178003
  0
CIRCLE
  8
PIN_BOTTOM
 10
44.762471
 20
75.241988
 40
0.178003
  0
CIRCLE
  8
PIN_BOTTOM
 10
45.397471
 20
75.241988
 40
0.178003
  0
CIRCLE
  8
PIN_BOTTOM
 10
46.032471
 20
75.241988
 40
0.178003
  0
CIRCLE
  8
PIN_BOTTOM
 10
46.667471
 20
75.241988
 40
0.178003
  0
CIRCLE
  8
PIN_BOTTOM
 10
47.302471
 20
75.241988
 40
0.178003
  0
CIRCLE
  8
PIN_BOTTOM
 10
47.937471
 20
75.241988
 40
0.178003
  0
CIRCLE
  8
PIN_BOTTOM
 10
48.572471
 20
75.241988
 40
0.178003
  0
CIRCLE
  8
PIN_BOTTOM
 10
49.207471
 20
75.241988
 40
0.178003
  0
CIRCLE
  8
PIN_BOTTOM
 10
49.842471
 20
75.241988
 40
0.178003
  0
CIRCLE
  8
PIN_BOTTOM
 10
50.477471
 20
75.241988
 40
0.178003
  0
CIRCLE
  8
PIN_BOTTOM
 10
51.112471
 20
75.241988
 40
0.178003
  0
CIRCLE
  8
PIN_BOTTOM
 10
51.747471
 20
75.241988
 40
0.178003
  0
CIRCLE
  8
PIN_BOTTOM
 10
52.382471
 20
75.241988
 40
0.178003
  0
CIRCLE
  8
PIN_BOTTOM
 10
53.017471
 20
75.241988
 40
0.178003
  0
CIRCLE
  8
PIN_BOTTOM
 10
53.652471
 20
75.241988
 40
0.178003
  0
CIRCLE
  8
PIN_BOTTOM
 10
54.287471
 20
75.241988
 40
0.178003
  0
CIRCLE
  8
PIN_BOTTOM
 10
54.922471
 20
75.241988
 40
0.178003
  0
CIRCLE
  8
PIN_BOTTOM
 10
55.557471
 20
75.241988
 40
0.178003
  0
CIRCLE
  8
PIN_BOTTOM
 10
56.192471
 20
75.241988
 40
0.178003
  0
CIRCLE
  8
PIN_BOTTOM
 10
56.827471
 20
75.241988
 40
0.178003
  0
CIRCLE
  8
PIN_BOTTOM
 10
57.462471
 20
75.241988
 40
0.178003
  0
CIRCLE
  8
PIN_BOTTOM
 10
58.097471
 20
75.241988
 40
0.178003
  0
CIRCLE
  8
PIN_BOTTOM
 10
58.732471
 20
75.241988
 40
0.178003
  0
CIRCLE
  8
PIN_BOTTOM
 10
21.267471
 20
76.202007
 40
0.178003
  0
CIRCLE
  8
PIN_BOTTOM
 10
21.902471
 20
76.202007
 40
0.178003
  0
CIRCLE
  8
PIN_BOTTOM
 10
22.537471
 20
76.202007
 40
0.178003
  0
CIRCLE
  8
PIN_BOTTOM
 10
23.172471
 20
76.202007
 40
0.178003
  0
CIRCLE
  8
PIN_BOTTOM
 10
23.807471
 20
76.202007
 40
0.178003
  0
CIRCLE
  8
PIN_BOTTOM
 10
24.442471
 20
76.202007
 40
0.178003
  0
CIRCLE
  8
PIN_BOTTOM
 10
25.077471
 20
76.202007
 40
0.178003
  0
CIRCLE
  8
PIN_BOTTOM
 10
25.712471
 20
76.202007
 40
0.178003
  0
CIRCLE
  8
PIN_BOTTOM
 10
26.347471
 20
76.202007
 40
0.178003
  0
CIRCLE
  8
PIN_BOTTOM
 10
26.982471
 20
76.202007
 40
0.178003
  0
CIRCLE
  8
PIN_BOTTOM
 10
27.617471
 20
76.202007
 40
0.178003
  0
CIRCLE
  8
PIN_BOTTOM
 10
28.252471
 20
76.202007
 40
0.178003
  0
CIRCLE
  8
PIN_BOTTOM
 10
28.887471
 20
76.202007
 40
0.178003
  0
CIRCLE
  8
PIN_BOTTOM
 10
29.522471
 20
76.202007
 40
0.178003
  0
CIRCLE
  8
PIN_BOTTOM
 10
30.157471
 20
76.202007
 40
0.178003
  0
CIRCLE
  8
PIN_BOTTOM
 10
30.792471
 20
76.202007
 40
0.178003
  0
CIRCLE
  8
PIN_BOTTOM
 10
31.427471
 20
76.202007
 40
0.178003
  0
CIRCLE
  8
PIN_BOTTOM
 10
32.062471
 20
76.202007
 40
0.178003
  0
CIRCLE
  8
PIN_BOTTOM
 10
32.697471
 20
76.202007
 40
0.178003
  0
CIRCLE
  8
PIN_BOTTOM
 10
33.332471
 20
76.202007
 40
0.178003
  0
CIRCLE
  8
PIN_BOTTOM
 10
33.967471
 20
76.202007
 40
0.178003
  0
CIRCLE
  8
PIN_BOTTOM
 10
34.602471
 20
76.202007
 40
0.178003
  0
CIRCLE
  8
PIN_BOTTOM
 10
35.237471
 20
76.202007
 40
0.178003
  0
CIRCLE
  8
PIN_BOTTOM
 10
35.872471
 20
76.202007
 40
0.178003
  0
CIRCLE
  8
PIN_BOTTOM
 10
36.507471
 20
76.202007
 40
0.178003
  0
CIRCLE
  8
PIN_BOTTOM
 10
37.142471
 20
76.202007
 40
0.178003
  0
CIRCLE
  8
PIN_BOTTOM
 10
37.777471
 20
76.202007
 40
0.178003
  0
CIRCLE
  8
PIN_BOTTOM
 10
38.412471
 20
76.202007
 40
0.178003
  0
CIRCLE
  8
PIN_BOTTOM
 10
39.047471
 20
76.202007
 40
0.178003
  0
CIRCLE
  8
PIN_BOTTOM
 10
39.682471
 20
76.202007
 40
0.178003
  0
CIRCLE
  8
PIN_BOTTOM
 10
40.317471
 20
76.202007
 40
0.178003
  0
CIRCLE
  8
PIN_BOTTOM
 10
40.952471
 20
76.202007
 40
0.178003
  0
CIRCLE
  8
PIN_BOTTOM
 10
41.587471
 20
76.202007
 40
0.178003
  0
CIRCLE
  8
PIN_BOTTOM
 10
42.222471
 20
76.202007
 40
0.178003
  0
CIRCLE
  8
PIN_BOTTOM
 10
42.857471
 20
76.202007
 40
0.178003
  0
CIRCLE
  8
PIN_BOTTOM
 10
43.492471
 20
76.202007
 40
0.178003
  0
CIRCLE
  8
PIN_BOTTOM
 10
44.127471
 20
76.202007
 40
0.178003
  0
CIRCLE
  8
PIN_BOTTOM
 10
44.762471
 20
76.202007
 40
0.178003
  0
CIRCLE
  8
PIN_BOTTOM
 10
45.397471
 20
76.202007
 40
0.178003
  0
CIRCLE
  8
PIN_BOTTOM
 10
46.032471
 20
76.202007
 40
0.178003
  0
CIRCLE
  8
PIN_BOTTOM
 10
46.667471
 20
76.202007
 40
0.178003
  0
CIRCLE
  8
PIN_BOTTOM
 10
47.302471
 20
76.202007
 40
0.178003
  0
CIRCLE
  8
PIN_BOTTOM
 10
47.937471
 20
76.202007
 40
0.178003
  0
CIRCLE
  8
PIN_BOTTOM
 10
48.572471
 20
76.202007
 40
0.178003
  0
CIRCLE
  8
PIN_BOTTOM
 10
49.207471
 20
76.202007
 40
0.178003
  0
CIRCLE
  8
PIN_BOTTOM
 10
49.842471
 20
76.202007
 40
0.178003
  0
CIRCLE
  8
PIN_BOTTOM
 10
50.477471
 20
76.202007
 40
0.178003
  0
CIRCLE
  8
PIN_BOTTOM
 10
51.112471
 20
76.202007
 40
0.178003
  0
CIRCLE
  8
PIN_BOTTOM
 10
51.747471
 20
76.202007
 40
0.178003
  0
CIRCLE
  8
PIN_BOTTOM
 10
52.382471
 20
76.202007
 40
0.178003
  0
CIRCLE
  8
PIN_BOTTOM
 10
53.017471
 20
76.202007
 40
0.178003
  0
CIRCLE
  8
PIN_BOTTOM
 10
53.652471
 20
76.202007
 40
0.178003
  0
CIRCLE
  8
PIN_BOTTOM
 10
54.287471
 20
76.202007
 40
0.178003
  0
CIRCLE
  8
PIN_BOTTOM
 10
54.922471
 20
76.202007
 40
0.178003
  0
CIRCLE
  8
PIN_BOTTOM
 10
55.557471
 20
76.202007
 40
0.178003
  0
CIRCLE
  8
PIN_BOTTOM
 10
56.192471
 20
76.202007
 40
0.178003
  0
CIRCLE
  8
PIN_BOTTOM
 10
56.827471
 20
76.202007
 40
0.178003
  0
CIRCLE
  8
PIN_BOTTOM
 10
57.462471
 20
76.202007
 40
0.178003
  0
CIRCLE
  8
PIN_BOTTOM
 10
58.097471
 20
76.202007
 40
0.178003
  0
CIRCLE
  8
PIN_BOTTOM
 10
58.732471
 20
76.202007
 40
0.178003
  0
CIRCLE
  8
PIN_BOTTOM
 10
21.267471
 20
77.781988
 40
0.178003
  0
CIRCLE
  8
PIN_BOTTOM
 10
21.902471
 20
77.781988
 40
0.178003
  0
CIRCLE
  8
PIN_BOTTOM
 10
22.537471
 20
77.781988
 40
0.178003
  0
CIRCLE
  8
PIN_BOTTOM
 10
23.172471
 20
77.781988
 40
0.178003
  0
CIRCLE
  8
PIN_BOTTOM
 10
23.807471
 20
77.781988
 40
0.178003
  0
CIRCLE
  8
PIN_BOTTOM
 10
24.442471
 20
77.781988
 40
0.178003
  0
CIRCLE
  8
PIN_BOTTOM
 10
25.077471
 20
77.781988
 40
0.178003
  0
CIRCLE
  8
PIN_BOTTOM
 10
25.712471
 20
77.781988
 40
0.178003
  0
CIRCLE
  8
PIN_BOTTOM
 10
26.347471
 20
77.781988
 40
0.178003
  0
CIRCLE
  8
PIN_BOTTOM
 10
26.982471
 20
77.781988
 40
0.178003
  0
CIRCLE
  8
PIN_BOTTOM
 10
27.617471
 20
77.781988
 40
0.178003
  0
CIRCLE
  8
PIN_BOTTOM
 10
28.252471
 20
77.781988
 40
0.178003
  0
CIRCLE
  8
PIN_BOTTOM
 10
28.887471
 20
77.781988
 40
0.178003
  0
CIRCLE
  8
PIN_BOTTOM
 10
29.522471
 20
77.781988
 40
0.178003
  0
CIRCLE
  8
PIN_BOTTOM
 10
30.157471
 20
77.781988
 40
0.178003
  0
CIRCLE
  8
PIN_BOTTOM
 10
30.792471
 20
77.781988
 40
0.178003
  0
CIRCLE
  8
PIN_BOTTOM
 10
31.427471
 20
77.781988
 40
0.178003
  0
CIRCLE
  8
PIN_BOTTOM
 10
32.062471
 20
77.781988
 40
0.178003
  0
CIRCLE
  8
PIN_BOTTOM
 10
32.697471
 20
77.781988
 40
0.178003
  0
CIRCLE
  8
PIN_BOTTOM
 10
33.332471
 20
77.781988
 40
0.178003
  0
CIRCLE
  8
PIN_BOTTOM
 10
33.967471
 20
77.781988
 40
0.178003
  0
CIRCLE
  8
PIN_BOTTOM
 10
34.602471
 20
77.781988
 40
0.178003
  0
CIRCLE
  8
PIN_BOTTOM
 10
35.237471
 20
77.781988
 40
0.178003
  0
CIRCLE
  8
PIN_BOTTOM
 10
35.872471
 20
77.781988
 40
0.178003
  0
CIRCLE
  8
PIN_BOTTOM
 10
36.507471
 20
77.781988
 40
0.178003
  0
CIRCLE
  8
PIN_BOTTOM
 10
37.142471
 20
77.781988
 40
0.178003
  0
CIRCLE
  8
PIN_BOTTOM
 10
37.777471
 20
77.781988
 40
0.178003
  0
CIRCLE
  8
PIN_BOTTOM
 10
38.412471
 20
77.781988
 40
0.178003
  0
CIRCLE
  8
PIN_BOTTOM
 10
39.047471
 20
77.781988
 40
0.178003
  0
CIRCLE
  8
PIN_BOTTOM
 10
39.682471
 20
77.781988
 40
0.178003
  0
CIRCLE
  8
PIN_BOTTOM
 10
40.317471
 20
77.781988
 40
0.178003
  0
CIRCLE
  8
PIN_BOTTOM
 10
40.952471
 20
77.781988
 40
0.178003
  0
CIRCLE
  8
PIN_BOTTOM
 10
41.587471
 20
77.781988
 40
0.178003
  0
CIRCLE
  8
PIN_BOTTOM
 10
42.222471
 20
77.781988
 40
0.178003
  0
CIRCLE
  8
PIN_BOTTOM
 10
42.857471
 20
77.781988
 40
0.178003
  0
CIRCLE
  8
PIN_BOTTOM
 10
43.492471
 20
77.781988
 40
0.178003
  0
CIRCLE
  8
PIN_BOTTOM
 10
44.127471
 20
77.781988
 40
0.178003
  0
CIRCLE
  8
PIN_BOTTOM
 10
44.762471
 20
77.781988
 40
0.178003
  0
CIRCLE
  8
PIN_BOTTOM
 10
45.397471
 20
77.781988
 40
0.178003
  0
CIRCLE
  8
PIN_BOTTOM
 10
46.032471
 20
77.781988
 40
0.178003
  0
CIRCLE
  8
PIN_BOTTOM
 10
46.667471
 20
77.781988
 40
0.178003
  0
CIRCLE
  8
PIN_BOTTOM
 10
47.302471
 20
77.781988
 40
0.178003
  0
CIRCLE
  8
PIN_BOTTOM
 10
47.937471
 20
77.781988
 40
0.178003
  0
CIRCLE
  8
PIN_BOTTOM
 10
48.572471
 20
77.781988
 40
0.178003
  0
CIRCLE
  8
PIN_BOTTOM
 10
49.207471
 20
77.781988
 40
0.178003
  0
CIRCLE
  8
PIN_BOTTOM
 10
49.842471
 20
77.781988
 40
0.178003
  0
CIRCLE
  8
PIN_BOTTOM
 10
50.477471
 20
77.781988
 40
0.178003
  0
CIRCLE
  8
PIN_BOTTOM
 10
51.112471
 20
77.781988
 40
0.178003
  0
CIRCLE
  8
PIN_BOTTOM
 10
51.747471
 20
77.781988
 40
0.178003
  0
CIRCLE
  8
PIN_BOTTOM
 10
52.382471
 20
77.781988
 40
0.178003
  0
CIRCLE
  8
PIN_BOTTOM
 10
53.017471
 20
77.781988
 40
0.178003
  0
CIRCLE
  8
PIN_BOTTOM
 10
53.652471
 20
77.781988
 40
0.178003
  0
CIRCLE
  8
PIN_BOTTOM
 10
54.287471
 20
77.781988
 40
0.178003
  0
CIRCLE
  8
PIN_BOTTOM
 10
54.922471
 20
77.781988
 40
0.178003
  0
CIRCLE
  8
PIN_BOTTOM
 10
55.557471
 20
77.781988
 40
0.178003
  0
CIRCLE
  8
PIN_BOTTOM
 10
56.192471
 20
77.781988
 40
0.178003
  0
CIRCLE
  8
PIN_BOTTOM
 10
56.827471
 20
77.781988
 40
0.178003
  0
CIRCLE
  8
PIN_BOTTOM
 10
57.462471
 20
77.781988
 40
0.178003
  0
CIRCLE
  8
PIN_BOTTOM
 10
58.097471
 20
77.781988
 40
0.178003
  0
CIRCLE
  8
PIN_BOTTOM
 10
58.732471
 20
77.781988
 40
0.178003
  0
CIRCLE
  8
PIN_BOTTOM
 10
21.267471
 20
78.742007
 40
0.178003
  0
CIRCLE
  8
PIN_BOTTOM
 10
21.902471
 20
78.742007
 40
0.178003
  0
CIRCLE
  8
PIN_BOTTOM
 10
22.537471
 20
78.742007
 40
0.178003
  0
CIRCLE
  8
PIN_BOTTOM
 10
23.172471
 20
78.742007
 40
0.178003
  0
CIRCLE
  8
PIN_BOTTOM
 10
23.807471
 20
78.742007
 40
0.178003
  0
CIRCLE
  8
PIN_BOTTOM
 10
24.442471
 20
78.742007
 40
0.178003
  0
CIRCLE
  8
PIN_BOTTOM
 10
25.077471
 20
78.742007
 40
0.178003
  0
CIRCLE
  8
PIN_BOTTOM
 10
25.712471
 20
78.742007
 40
0.178003
  0
CIRCLE
  8
PIN_BOTTOM
 10
26.347471
 20
78.742007
 40
0.178003
  0
CIRCLE
  8
PIN_BOTTOM
 10
26.982471
 20
78.742007
 40
0.178003
  0
CIRCLE
  8
PIN_BOTTOM
 10
27.617471
 20
78.742007
 40
0.178003
  0
CIRCLE
  8
PIN_BOTTOM
 10
28.252471
 20
78.742007
 40
0.178003
  0
CIRCLE
  8
PIN_BOTTOM
 10
28.887471
 20
78.742007
 40
0.178003
  0
CIRCLE
  8
PIN_BOTTOM
 10
29.522471
 20
78.742007
 40
0.178003
  0
CIRCLE
  8
PIN_BOTTOM
 10
30.157471
 20
78.742007
 40
0.178003
  0
CIRCLE
  8
PIN_BOTTOM
 10
30.792471
 20
78.742007
 40
0.178003
  0
CIRCLE
  8
PIN_BOTTOM
 10
31.427471
 20
78.742007
 40
0.178003
  0
CIRCLE
  8
PIN_BOTTOM
 10
32.062471
 20
78.742007
 40
0.178003
  0
CIRCLE
  8
PIN_BOTTOM
 10
32.697471
 20
78.742007
 40
0.178003
  0
CIRCLE
  8
PIN_BOTTOM
 10
33.332471
 20
78.742007
 40
0.178003
  0
CIRCLE
  8
PIN_BOTTOM
 10
33.967471
 20
78.742007
 40
0.178003
  0
CIRCLE
  8
PIN_BOTTOM
 10
34.602471
 20
78.742007
 40
0.178003
  0
CIRCLE
  8
PIN_BOTTOM
 10
35.237471
 20
78.742007
 40
0.178003
  0
CIRCLE
  8
PIN_BOTTOM
 10
35.872471
 20
78.742007
 40
0.178003
  0
CIRCLE
  8
PIN_BOTTOM
 10
36.507471
 20
78.742007
 40
0.178003
  0
CIRCLE
  8
PIN_BOTTOM
 10
37.142471
 20
78.742007
 40
0.178003
  0
CIRCLE
  8
PIN_BOTTOM
 10
37.777471
 20
78.742007
 40
0.178003
  0
CIRCLE
  8
PIN_BOTTOM
 10
38.412471
 20
78.742007
 40
0.178003
  0
CIRCLE
  8
PIN_BOTTOM
 10
39.047471
 20
78.742007
 40
0.178003
  0
CIRCLE
  8
PIN_BOTTOM
 10
39.682471
 20
78.742007
 40
0.178003
  0
CIRCLE
  8
PIN_BOTTOM
 10
40.317471
 20
78.742007
 40
0.178003
  0
CIRCLE
  8
PIN_BOTTOM
 10
40.952471
 20
78.742007
 40
0.178003
  0
CIRCLE
  8
PIN_BOTTOM
 10
41.587471
 20
78.742007
 40
0.178003
  0
CIRCLE
  8
PIN_BOTTOM
 10
42.222471
 20
78.742007
 40
0.178003
  0
CIRCLE
  8
PIN_BOTTOM
 10
42.857471
 20
78.742007
 40
0.178003
  0
CIRCLE
  8
PIN_BOTTOM
 10
43.492471
 20
78.742007
 40
0.178003
  0
CIRCLE
  8
PIN_BOTTOM
 10
44.127471
 20
78.742007
 40
0.178003
  0
CIRCLE
  8
PIN_BOTTOM
 10
44.762471
 20
78.742007
 40
0.178003
  0
CIRCLE
  8
PIN_BOTTOM
 10
45.397471
 20
78.742007
 40
0.178003
  0
CIRCLE
  8
PIN_BOTTOM
 10
46.032471
 20
78.742007
 40
0.178003
  0
CIRCLE
  8
PIN_BOTTOM
 10
46.667471
 20
78.742007
 40
0.178003
  0
CIRCLE
  8
PIN_BOTTOM
 10
47.302471
 20
78.742007
 40
0.178003
  0
CIRCLE
  8
PIN_BOTTOM
 10
47.937471
 20
78.742007
 40
0.178003
  0
CIRCLE
  8
PIN_BOTTOM
 10
48.572471
 20
78.742007
 40
0.178003
  0
CIRCLE
  8
PIN_BOTTOM
 10
49.207471
 20
78.742007
 40
0.178003
  0
CIRCLE
  8
PIN_BOTTOM
 10
49.842471
 20
78.742007
 40
0.178003
  0
CIRCLE
  8
PIN_BOTTOM
 10
50.477471
 20
78.742007
 40
0.178003
  0
CIRCLE
  8
PIN_BOTTOM
 10
51.112471
 20
78.742007
 40
0.178003
  0
CIRCLE
  8
PIN_BOTTOM
 10
51.747471
 20
78.742007
 40
0.178003
  0
CIRCLE
  8
PIN_BOTTOM
 10
52.382471
 20
78.742007
 40
0.178003
  0
CIRCLE
  8
PIN_BOTTOM
 10
53.017471
 20
78.742007
 40
0.178003
  0
CIRCLE
  8
PIN_BOTTOM
 10
53.652471
 20
78.742007
 40
0.178003
  0
CIRCLE
  8
PIN_BOTTOM
 10
54.287471
 20
78.742007
 40
0.178003
  0
CIRCLE
  8
PIN_BOTTOM
 10
54.922471
 20
78.742007
 40
0.178003
  0
CIRCLE
  8
PIN_BOTTOM
 10
55.557471
 20
78.742007
 40
0.178003
  0
CIRCLE
  8
PIN_BOTTOM
 10
56.192471
 20
78.742007
 40
0.178003
  0
CIRCLE
  8
PIN_BOTTOM
 10
56.827471
 20
78.742007
 40
0.178003
  0
CIRCLE
  8
PIN_BOTTOM
 10
57.462471
 20
78.742007
 40
0.178003
  0
CIRCLE
  8
PIN_BOTTOM
 10
58.097471
 20
78.742007
 40
0.178003
  0
CIRCLE
  8
PIN_BOTTOM
 10
58.732471
 20
78.742007
 40
0.178003
  0
POLYLINE
  8
PG_SILKSCREEN_BOTTOM
 66
1
 70
0
 40
0.000000
 41
0.000000
 39
0.000000
  0
VERTEX
  8
PG_SILKSCREEN_BOTTOM
 10
61.409986
 20
79.491992
 40
0.200000
 41
0.200000
 42
0.000000
  0
VERTEX
  8
PG_SILKSCREEN_BOTTOM
 10
18.589981
 20
79.491992
 40
0.200000
 41
0.200000
 42
0.000000
  0
VERTEX
  8
PG_SILKSCREEN_BOTTOM
 10
18.589981
 20
75.492000
 40
0.200000
 41
0.200000
 42
0.000000
  0
VERTEX
  8
PG_SILKSCREEN_BOTTOM
 10
19.589979
 20
74.492002
 40
0.200000
 41
0.200000
 42
0.000000
  0
VERTEX
  8
PG_SILKSCREEN_BOTTOM
 10
60.409988
 20
74.492002
 40
0.200000
 41
0.200000
 42
0.000000
  0
VERTEX
  8
PG_SILKSCREEN_BOTTOM
 10
61.409986
 20
75.492000
 40
0.200000
 41
0.200000
 42
0.000000
  0
VERTEX
  8
PG_SILKSCREEN_BOTTOM
 10
61.409986
 20
79.491992
 40
0.200000
 41
0.200000
 42
0.000000
  0
SEQEND
  0
POLYLINE
  8
PG_SILKSCREEN_BOTTOM
 66
1
 70
0
 40
0.000000
 41
0.000000
 39
0.000000
  0
VERTEX
  8
PG_SILKSCREEN_BOTTOM
 10
21.367496
 20
73.816997
 40
0.200000
 41
0.200000
 42
1.000056
  0
VERTEX
  8
PG_SILKSCREEN_BOTTOM
 10
21.167471
 20
73.816997
 40
0.200000
 41
0.200000
 42
0.999944
  0
VERTEX
  8
PG_SILKSCREEN_BOTTOM
 10
21.367496
 20
73.816997
 40
0.200000
 41
0.200000
 42
0.000000
  0
SEQEND
  0
CIRCLE
  8
PIN_BOTTOM
 10
76.991997
 20
19.865010
 40
0.475056
  0
CIRCLE
  8
PIN_BOTTOM
 10
78.261997
 20
60.135033
 40
0.475056
  0
CIRCLE
  8
PIN_BOTTOM
 10
75.241988
 20
58.732522
 40
0.178003
  0
CIRCLE
  8
PIN_BOTTOM
 10
75.241988
 20
58.097522
 40
0.178003
  0
CIRCLE
  8
PIN_BOTTOM
 10
75.241988
 20
57.462522
 40
0.178003
  0
CIRCLE
  8
PIN_BOTTOM
 10
75.241988
 20
56.827522
 40
0.178003
  0
CIRCLE
  8
PIN_BOTTOM
 10
75.241988
 20
56.192522
 40
0.178003
  0
CIRCLE
  8
PIN_BOTTOM
 10
75.241988
 20
55.557522
 40
0.178003
  0
CIRCLE
  8
PIN_BOTTOM
 10
75.241988
 20
54.922522
 40
0.178003
  0
CIRCLE
  8
PIN_BOTTOM
 10
75.241988
 20
54.287522
 40
0.178003
  0
CIRCLE
  8
PIN_BOTTOM
 10
75.241988
 20
53.652522
 40
0.178003
  0
CIRCLE
  8
PIN_BOTTOM
 10
75.241988
 20
53.017522
 40
0.178003
  0
CIRCLE
  8
PIN_BOTTOM
 10
75.241988
 20
52.382522
 40
0.178003
  0
CIRCLE
  8
PIN_BOTTOM
 10
75.241988
 20
51.747522
 40
0.178003
  0
CIRCLE
  8
PIN_BOTTOM
 10
75.241988
 20
51.112522
 40
0.178003
  0
CIRCLE
  8
PIN_BOTTOM
 10
75.241988
 20
50.477522
 40
0.178003
  0
CIRCLE
  8
PIN_BOTTOM
 10
75.241988
 20
49.842522
 40
0.178003
  0
CIRCLE
  8
PIN_BOTTOM
 10
75.241988
 20
49.207522
 40
0.178003
  0
CIRCLE
  8
PIN_BOTTOM
 10
75.241988
 20
48.572522
 40
0.178003
  0
CIRCLE
  8
PIN_BOTTOM
 10
75.241988
 20
47.937522
 40
0.178003
  0
CIRCLE
  8
PIN_BOTTOM
 10
75.241988
 20
47.302522
 40
0.178003
  0
CIRCLE
  8
PIN_BOTTOM
 10
75.241988
 20
46.667522
 40
0.178003
  0
CIRCLE
  8
PIN_BOTTOM
 10
75.241988
 20
46.032522
 40
0.178003
  0
CIRCLE
  8
PIN_BOTTOM
 10
75.241988
 20
45.397522
 40
0.178003
  0
CIRCLE
  8
PIN_BOTTOM
 10
75.241988
 20
44.762522
 40
0.178003
  0
CIRCLE
  8
PIN_BOTTOM
 10
75.241988
 20
44.127522
 40
0.178003
  0
CIRCLE
  8
PIN_BOTTOM
 10
75.241988
 20
43.492522
 40
0.178003
  0
CIRCLE
  8
PIN_BOTTOM
 10
75.241988
 20
42.857522
 40
0.178003
  0
CIRCLE
  8
PIN_BOTTOM
 10
75.241988
 20
42.222522
 40
0.178003
  0
CIRCLE
  8
PIN_BOTTOM
 10
75.241988
 20
41.587522
 40
0.178003
  0
CIRCLE
  8
PIN_BOTTOM
 10
75.241988
 20
40.952522
 40
0.178003
  0
CIRCLE
  8
PIN_BOTTOM
 10
75.241988
 20
40.317522
 40
0.178003
  0
CIRCLE
  8
PIN_BOTTOM
 10
75.241988
 20
39.682522
 40
0.178003
  0
CIRCLE
  8
PIN_BOTTOM
 10
75.241988
 20
39.047522
 40
0.178003
  0
CIRCLE
  8
PIN_BOTTOM
 10
75.241988
 20
38.412522
 40
0.178003
  0
CIRCLE
  8
PIN_BOTTOM
 10
75.241988
 20
37.777522
 40
0.178003
  0
CIRCLE
  8
PIN_BOTTOM
 10
75.241988
 20
37.142522
 40
0.178003
  0
CIRCLE
  8
PIN_BOTTOM
 10
75.241988
 20
36.507522
 40
0.178003
  0
CIRCLE
  8
PIN_BOTTOM
 10
75.241988
 20
35.872522
 40
0.178003
  0
CIRCLE
  8
PIN_BOTTOM
 10
75.241988
 20
35.237522
 40
0.178003
  0
CIRCLE
  8
PIN_BOTTOM
 10
75.241988
 20
34.602522
 40
0.178003
  0
CIRCLE
  8
PIN_BOTTOM
 10
75.241988
 20
33.967522
 40
0.178003
  0
CIRCLE
  8
PIN_BOTTOM
 10
75.241988
 20
33.332522
 40
0.178003
  0
CIRCLE
  8
PIN_BOTTOM
 10
75.241988
 20
32.697522
 40
0.178003
  0
CIRCLE
  8
PIN_BOTTOM
 10
75.241988
 20
32.062522
 40
0.178003
  0
CIRCLE
  8
PIN_BOTTOM
 10
75.241988
 20
31.427522
 40
0.178003
  0
CIRCLE
  8
PIN_BOTTOM
 10
75.241988
 20
30.792522
 40
0.178003
  0
CIRCLE
  8
PIN_BOTTOM
 10
75.241988
 20
30.157522
 40
0.178003
  0
CIRCLE
  8
PIN_BOTTOM
 10
75.241988
 20
29.522522
 40
0.178003
  0
CIRCLE
  8
PIN_BOTTOM
 10
75.241988
 20
28.887522
 40
0.178003
  0
CIRCLE
  8
PIN_BOTTOM
 10
75.241988
 20
28.252522
 40
0.178003
  0
CIRCLE
  8
PIN_BOTTOM
 10
75.241988
 20
27.617522
 40
0.178003
  0
CIRCLE
  8
PIN_BOTTOM
 10
75.241988
 20
26.982522
 40
0.178003
  0
CIRCLE
  8
PIN_BOTTOM
 10
75.241988
 20
26.347522
 40
0.178003
  0
CIRCLE
  8
PIN_BOTTOM
 10
75.241988
 20
25.712522
 40
0.178003
  0
CIRCLE
  8
PIN_BOTTOM
 10
75.241988
 20
25.077522
 40
0.178003
  0
CIRCLE
  8
PIN_BOTTOM
 10
75.241988
 20
24.442522
 40
0.178003
  0
CIRCLE
  8
PIN_BOTTOM
 10
75.241988
 20
23.807522
 40
0.178003
  0
CIRCLE
  8
PIN_BOTTOM
 10
75.241988
 20
23.172522
 40
0.178003
  0
CIRCLE
  8
PIN_BOTTOM
 10
75.241988
 20
22.537522
 40
0.178003
  0
CIRCLE
  8
PIN_BOTTOM
 10
75.241988
 20
21.902522
 40
0.178003
  0
CIRCLE
  8
PIN_BOTTOM
 10
75.241988
 20
21.267522
 40
0.178003
  0
CIRCLE
  8
PIN_BOTTOM
 10
76.202007
 20
58.732522
 40
0.178003
  0
CIRCLE
  8
PIN_BOTTOM
 10
76.202007
 20
58.097522
 40
0.178003
  0
CIRCLE
  8
PIN_BOTTOM
 10
76.202007
 20
57.462522
 40
0.178003
  0
CIRCLE
  8
PIN_BOTTOM
 10
76.202007
 20
56.827522
 40
0.178003
  0
CIRCLE
  8
PIN_BOTTOM
 10
76.202007
 20
56.192522
 40
0.178003
  0
CIRCLE
  8
PIN_BOTTOM
 10
76.202007
 20
55.557522
 40
0.178003
  0
CIRCLE
  8
PIN_BOTTOM
 10
76.202007
 20
54.922522
 40
0.178003
  0
CIRCLE
  8
PIN_BOTTOM
 10
76.202007
 20
54.287522
 40
0.178003
  0
CIRCLE
  8
PIN_BOTTOM
 10
76.202007
 20
53.652522
 40
0.178003
  0
CIRCLE
  8
PIN_BOTTOM
 10
76.202007
 20
53.017522
 40
0.178003
  0
CIRCLE
  8
PIN_BOTTOM
 10
76.202007
 20
52.382522
 40
0.178003
  0
CIRCLE
  8
PIN_BOTTOM
 10
76.202007
 20
51.747522
 40
0.178003
  0
CIRCLE
  8
PIN_BOTTOM
 10
76.202007
 20
51.112522
 40
0.178003
  0
CIRCLE
  8
PIN_BOTTOM
 10
76.202007
 20
50.477522
 40
0.178003
  0
CIRCLE
  8
PIN_BOTTOM
 10
76.202007
 20
49.842522
 40
0.178003
  0
CIRCLE
  8
PIN_BOTTOM
 10
76.202007
 20
49.207522
 40
0.178003
  0
CIRCLE
  8
PIN_BOTTOM
 10
76.202007
 20
48.572522
 40
0.178003
  0
CIRCLE
  8
PIN_BOTTOM
 10
76.202007
 20
47.937522
 40
0.178003
  0
CIRCLE
  8
PIN_BOTTOM
 10
76.202007
 20
47.302522
 40
0.178003
  0
CIRCLE
  8
PIN_BOTTOM
 10
76.202007
 20
46.667522
 40
0.178003
  0
CIRCLE
  8
PIN_BOTTOM
 10
76.202007
 20
46.032522
 40
0.178003
  0
CIRCLE
  8
PIN_BOTTOM
 10
76.202007
 20
45.397522
 40
0.178003
  0
CIRCLE
  8
PIN_BOTTOM
 10
76.202007
 20
44.762522
 40
0.178003
  0
CIRCLE
  8
PIN_BOTTOM
 10
76.202007
 20
44.127522
 40
0.178003
  0
CIRCLE
  8
PIN_BOTTOM
 10
76.202007
 20
43.492522
 40
0.178003
  0
CIRCLE
  8
PIN_BOTTOM
 10
76.202007
 20
42.857522
 40
0.178003
  0
CIRCLE
  8
PIN_BOTTOM
 10
76.202007
 20
42.222522
 40
0.178003
  0
CIRCLE
  8
PIN_BOTTOM
 10
76.202007
 20
41.587522
 40
0.178003
  0
CIRCLE
  8
PIN_BOTTOM
 10
76.202007
 20
40.952522
 40
0.178003
  0
CIRCLE
  8
PIN_BOTTOM
 10
76.202007
 20
40.317522
 40
0.178003
  0
CIRCLE
  8
PIN_BOTTOM
 10
76.202007
 20
39.682522
 40
0.178003
  0
CIRCLE
  8
PIN_BOTTOM
 10
76.202007
 20
39.047522
 40
0.178003
  0
CIRCLE
  8
PIN_BOTTOM
 10
76.202007
 20
38.412522
 40
0.178003
  0
CIRCLE
  8
PIN_BOTTOM
 10
76.202007
 20
37.777522
 40
0.178003
  0
CIRCLE
  8
PIN_BOTTOM
 10
76.202007
 20
37.142522
 40
0.178003
  0
CIRCLE
  8
PIN_BOTTOM
 10
76.202007
 20
36.507522
 40
0.178003
  0
CIRCLE
  8
PIN_BOTTOM
 10
76.202007
 20
35.872522
 40
0.178003
  0
CIRCLE
  8
PIN_BOTTOM
 10
76.202007
 20
35.237522
 40
0.178003
  0
CIRCLE
  8
PIN_BOTTOM
 10
76.202007
 20
34.602522
 40
0.178003
  0
CIRCLE
  8
PIN_BOTTOM
 10
76.202007
 20
33.967522
 40
0.178003
  0
CIRCLE
  8
PIN_BOTTOM
 10
76.202007
 20
33.332522
 40
0.178003
  0
CIRCLE
  8
PIN_BOTTOM
 10
76.202007
 20
32.697522
 40
0.178003
  0
CIRCLE
  8
PIN_BOTTOM
 10
76.202007
 20
32.062522
 40
0.178003
  0
CIRCLE
  8
PIN_BOTTOM
 10
76.202007
 20
31.427522
 40
0.178003
  0
CIRCLE
  8
PIN_BOTTOM
 10
76.202007
 20
30.792522
 40
0.178003
  0
CIRCLE
  8
PIN_BOTTOM
 10
76.202007
 20
30.157522
 40
0.178003
  0
CIRCLE
  8
PIN_BOTTOM
 10
76.202007
 20
29.522522
 40
0.178003
  0
CIRCLE
  8
PIN_BOTTOM
 10
76.202007
 20
28.887522
 40
0.178003
  0
CIRCLE
  8
PIN_BOTTOM
 10
76.202007
 20
28.252522
 40
0.178003
  0
CIRCLE
  8
PIN_BOTTOM
 10
76.202007
 20
27.617522
 40
0.178003
  0
CIRCLE
  8
PIN_BOTTOM
 10
76.202007
 20
26.982522
 40
0.178003
  0
CIRCLE
  8
PIN_BOTTOM
 10
76.202007
 20
26.347522
 40
0.178003
  0
CIRCLE
  8
PIN_BOTTOM
 10
76.202007
 20
25.712522
 40
0.178003
  0
CIRCLE
  8
PIN_BOTTOM
 10
76.202007
 20
25.077522
 40
0.178003
  0
CIRCLE
  8
PIN_BOTTOM
 10
76.202007
 20
24.442522
 40
0.178003
  0
CIRCLE
  8
PIN_BOTTOM
 10
76.202007
 20
23.807522
 40
0.178003
  0
CIRCLE
  8
PIN_BOTTOM
 10
76.202007
 20
23.172522
 40
0.178003
  0
CIRCLE
  8
PIN_BOTTOM
 10
76.202007
 20
22.537522
 40
0.178003
  0
CIRCLE
  8
PIN_BOTTOM
 10
76.202007
 20
21.902522
 40
0.178003
  0
CIRCLE
  8
PIN_BOTTOM
 10
76.202007
 20
21.267522
 40
0.178003
  0
CIRCLE
  8
PIN_BOTTOM
 10
77.781988
 20
58.732522
 40
0.178003
  0
CIRCLE
  8
PIN_BOTTOM
 10
77.781988
 20
58.097522
 40
0.178003
  0
CIRCLE
  8
PIN_BOTTOM
 10
77.781988
 20
57.462522
 40
0.178003
  0
CIRCLE
  8
PIN_BOTTOM
 10
77.781988
 20
56.827522
 40
0.178003
  0
CIRCLE
  8
PIN_BOTTOM
 10
77.781988
 20
56.192522
 40
0.178003
  0
CIRCLE
  8
PIN_BOTTOM
 10
77.781988
 20
55.557522
 40
0.178003
  0
CIRCLE
  8
PIN_BOTTOM
 10
77.781988
 20
54.922522
 40
0.178003
  0
CIRCLE
  8
PIN_BOTTOM
 10
77.781988
 20
54.287522
 40
0.178003
  0
CIRCLE
  8
PIN_BOTTOM
 10
77.781988
 20
53.652522
 40
0.178003
  0
CIRCLE
  8
PIN_BOTTOM
 10
77.781988
 20
53.017522
 40
0.178003
  0
CIRCLE
  8
PIN_BOTTOM
 10
77.781988
 20
52.382522
 40
0.178003
  0
CIRCLE
  8
PIN_BOTTOM
 10
77.781988
 20
51.747522
 40
0.178003
  0
CIRCLE
  8
PIN_BOTTOM
 10
77.781988
 20
51.112522
 40
0.178003
  0
CIRCLE
  8
PIN_BOTTOM
 10
77.781988
 20
50.477522
 40
0.178003
  0
CIRCLE
  8
PIN_BOTTOM
 10
77.781988
 20
49.842522
 40
0.178003
  0
CIRCLE
  8
PIN_BOTTOM
 10
77.781988
 20
49.207522
 40
0.178003
  0
CIRCLE
  8
PIN_BOTTOM
 10
77.781988
 20
48.572522
 40
0.178003
  0
CIRCLE
  8
PIN_BOTTOM
 10
77.781988
 20
47.937522
 40
0.178003
  0
CIRCLE
  8
PIN_BOTTOM
 10
77.781988
 20
47.302522
 40
0.178003
  0
CIRCLE
  8
PIN_BOTTOM
 10
77.781988
 20
46.667522
 40
0.178003
  0
CIRCLE
  8
PIN_BOTTOM
 10
77.781988
 20
46.032522
 40
0.178003
  0
CIRCLE
  8
PIN_BOTTOM
 10
77.781988
 20
45.397522
 40
0.178003
  0
CIRCLE
  8
PIN_BOTTOM
 10
77.781988
 20
44.762522
 40
0.178003
  0
CIRCLE
  8
PIN_BOTTOM
 10
77.781988
 20
44.127522
 40
0.178003
  0
CIRCLE
  8
PIN_BOTTOM
 10
77.781988
 20
43.492522
 40
0.178003
  0
CIRCLE
  8
PIN_BOTTOM
 10
77.781988
 20
42.857522
 40
0.178003
  0
CIRCLE
  8
PIN_BOTTOM
 10
77.781988
 20
42.222522
 40
0.178003
  0
CIRCLE
  8
PIN_BOTTOM
 10
77.781988
 20
41.587522
 40
0.178003
  0
CIRCLE
  8
PIN_BOTTOM
 10
77.781988
 20
40.952522
 40
0.178003
  0
CIRCLE
  8
PIN_BOTTOM
 10
77.781988
 20
40.317522
 40
0.178003
  0
CIRCLE
  8
PIN_BOTTOM
 10
77.781988
 20
39.682522
 40
0.178003
  0
CIRCLE
  8
PIN_BOTTOM
 10
77.781988
 20
39.047522
 40
0.178003
  0
CIRCLE
  8
PIN_BOTTOM
 10
77.781988
 20
38.412522
 40
0.178003
  0
CIRCLE
  8
PIN_BOTTOM
 10
77.781988
 20
37.777522
 40
0.178003
  0
CIRCLE
  8
PIN_BOTTOM
 10
77.781988
 20
37.142522
 40
0.178003
  0
CIRCLE
  8
PIN_BOTTOM
 10
77.781988
 20
36.507522
 40
0.178003
  0
CIRCLE
  8
PIN_BOTTOM
 10
77.781988
 20
35.872522
 40
0.178003
  0
CIRCLE
  8
PIN_BOTTOM
 10
77.781988
 20
35.237522
 40
0.178003
  0
CIRCLE
  8
PIN_BOTTOM
 10
77.781988
 20
34.602522
 40
0.178003
  0
CIRCLE
  8
PIN_BOTTOM
 10
77.781988
 20
33.967522
 40
0.178003
  0
CIRCLE
  8
PIN_BOTTOM
 10
77.781988
 20
33.332522
 40
0.178003
  0
CIRCLE
  8
PIN_BOTTOM
 10
77.781988
 20
32.697522
 40
0.178003
  0
CIRCLE
  8
PIN_BOTTOM
 10
77.781988
 20
32.062522
 40
0.178003
  0
CIRCLE
  8
PIN_BOTTOM
 10
77.781988
 20
31.427522
 40
0.178003
  0
CIRCLE
  8
PIN_BOTTOM
 10
77.781988
 20
30.792522
 40
0.178003
  0
CIRCLE
  8
PIN_BOTTOM
 10
77.781988
 20
30.157522
 40
0.178003
  0
CIRCLE
  8
PIN_BOTTOM
 10
77.781988
 20
29.522522
 40
0.178003
  0
CIRCLE
  8
PIN_BOTTOM
 10
77.781988
 20
28.887522
 40
0.178003
  0
CIRCLE
  8
PIN_BOTTOM
 10
77.781988
 20
28.252522
 40
0.178003
  0
CIRCLE
  8
PIN_BOTTOM
 10
77.781988
 20
27.617522
 40
0.178003
  0
CIRCLE
  8
PIN_BOTTOM
 10
77.781988
 20
26.982522
 40
0.178003
  0
CIRCLE
  8
PIN_BOTTOM
 10
77.781988
 20
26.347522
 40
0.178003
  0
CIRCLE
  8
PIN_BOTTOM
 10
77.781988
 20
25.712522
 40
0.178003
  0
CIRCLE
  8
PIN_BOTTOM
 10
77.781988
 20
25.077522
 40
0.178003
  0
CIRCLE
  8
PIN_BOTTOM
 10
77.781988
 20
24.442522
 40
0.178003
  0
CIRCLE
  8
PIN_BOTTOM
 10
77.781988
 20
23.807522
 40
0.178003
  0
CIRCLE
  8
PIN_BOTTOM
 10
77.781988
 20
23.172522
 40
0.178003
  0
CIRCLE
  8
PIN_BOTTOM
 10
77.781988
 20
22.537522
 40
0.178003
  0
CIRCLE
  8
PIN_BOTTOM
 10
77.781988
 20
21.902522
 40
0.178003
  0
CIRCLE
  8
PIN_BOTTOM
 10
77.781988
 20
21.267522
 40
0.178003
  0
CIRCLE
  8
PIN_BOTTOM
 10
78.742007
 20
58.732522
 40
0.178003
  0
CIRCLE
  8
PIN_BOTTOM
 10
78.742007
 20
58.097522
 40
0.178003
  0
CIRCLE
  8
PIN_BOTTOM
 10
78.742007
 20
57.462522
 40
0.178003
  0
CIRCLE
  8
PIN_BOTTOM
 10
78.742007
 20
56.827522
 40
0.178003
  0
CIRCLE
  8
PIN_BOTTOM
 10
78.742007
 20
56.192522
 40
0.178003
  0
CIRCLE
  8
PIN_BOTTOM
 10
78.742007
 20
55.557522
 40
0.178003
  0
CIRCLE
  8
PIN_BOTTOM
 10
78.742007
 20
54.922522
 40
0.178003
  0
CIRCLE
  8
PIN_BOTTOM
 10
78.742007
 20
54.287522
 40
0.178003
  0
CIRCLE
  8
PIN_BOTTOM
 10
78.742007
 20
53.652522
 40
0.178003
  0
CIRCLE
  8
PIN_BOTTOM
 10
78.742007
 20
53.017522
 40
0.178003
  0
CIRCLE
  8
PIN_BOTTOM
 10
78.742007
 20
52.382522
 40
0.178003
  0
CIRCLE
  8
PIN_BOTTOM
 10
78.742007
 20
51.747522
 40
0.178003
  0
CIRCLE
  8
PIN_BOTTOM
 10
78.742007
 20
51.112522
 40
0.178003
  0
CIRCLE
  8
PIN_BOTTOM
 10
78.742007
 20
50.477522
 40
0.178003
  0
CIRCLE
  8
PIN_BOTTOM
 10
78.742007
 20
49.842522
 40
0.178003
  0
CIRCLE
  8
PIN_BOTTOM
 10
78.742007
 20
49.207522
 40
0.178003
  0
CIRCLE
  8
PIN_BOTTOM
 10
78.742007
 20
48.572522
 40
0.178003
  0
CIRCLE
  8
PIN_BOTTOM
 10
78.742007
 20
47.937522
 40
0.178003
  0
CIRCLE
  8
PIN_BOTTOM
 10
78.742007
 20
47.302522
 40
0.178003
  0
CIRCLE
  8
PIN_BOTTOM
 10
78.742007
 20
46.667522
 40
0.178003
  0
CIRCLE
  8
PIN_BOTTOM
 10
78.742007
 20
46.032522
 40
0.178003
  0
CIRCLE
  8
PIN_BOTTOM
 10
78.742007
 20
45.397522
 40
0.178003
  0
CIRCLE
  8
PIN_BOTTOM
 10
78.742007
 20
44.762522
 40
0.178003
  0
CIRCLE
  8
PIN_BOTTOM
 10
78.742007
 20
44.127522
 40
0.178003
  0
CIRCLE
  8
PIN_BOTTOM
 10
78.742007
 20
43.492522
 40
0.178003
  0
CIRCLE
  8
PIN_BOTTOM
 10
78.742007
 20
42.857522
 40
0.178003
  0
CIRCLE
  8
PIN_BOTTOM
 10
78.742007
 20
42.222522
 40
0.178003
  0
CIRCLE
  8
PIN_BOTTOM
 10
78.742007
 20
41.587522
 40
0.178003
  0
CIRCLE
  8
PIN_BOTTOM
 10
78.742007
 20
40.952522
 40
0.178003
  0
CIRCLE
  8
PIN_BOTTOM
 10
78.742007
 20
40.317522
 40
0.178003
  0
CIRCLE
  8
PIN_BOTTOM
 10
78.742007
 20
39.682522
 40
0.178003
  0
CIRCLE
  8
PIN_BOTTOM
 10
78.742007
 20
39.047522
 40
0.178003
  0
CIRCLE
  8
PIN_BOTTOM
 10
78.742007
 20
38.412522
 40
0.178003
  0
CIRCLE
  8
PIN_BOTTOM
 10
78.742007
 20
37.777522
 40
0.178003
  0
CIRCLE
  8
PIN_BOTTOM
 10
78.742007
 20
37.142522
 40
0.178003
  0
CIRCLE
  8
PIN_BOTTOM
 10
78.742007
 20
36.507522
 40
0.178003
  0
CIRCLE
  8
PIN_BOTTOM
 10
78.742007
 20
35.872522
 40
0.178003
  0
CIRCLE
  8
PIN_BOTTOM
 10
78.742007
 20
35.237522
 40
0.178003
  0
CIRCLE
  8
PIN_BOTTOM
 10
78.742007
 20
34.602522
 40
0.178003
  0
CIRCLE
  8
PIN_BOTTOM
 10
78.742007
 20
33.967522
 40
0.178003
  0
CIRCLE
  8
PIN_BOTTOM
 10
78.742007
 20
33.332522
 40
0.178003
  0
CIRCLE
  8
PIN_BOTTOM
 10
78.742007
 20
32.697522
 40
0.178003
  0
CIRCLE
  8
PIN_BOTTOM
 10
78.742007
 20
32.062522
 40
0.178003
  0
CIRCLE
  8
PIN_BOTTOM
 10
78.742007
 20
31.427522
 40
0.178003
  0
CIRCLE
  8
PIN_BOTTOM
 10
78.742007
 20
30.792522
 40
0.178003
  0
CIRCLE
  8
PIN_BOTTOM
 10
78.742007
 20
30.157522
 40
0.178003
  0
CIRCLE
  8
PIN_BOTTOM
 10
78.742007
 20
29.522522
 40
0.178003
  0
CIRCLE
  8
PIN_BOTTOM
 10
78.742007
 20
28.887522
 40
0.178003
  0
CIRCLE
  8
PIN_BOTTOM
 10
78.742007
 20
28.252522
 40
0.178003
  0
CIRCLE
  8
PIN_BOTTOM
 10
78.742007
 20
27.617522
 40
0.178003
  0
CIRCLE
  8
PIN_BOTTOM
 10
78.742007
 20
26.982522
 40
0.178003
  0
CIRCLE
  8
PIN_BOTTOM
 10
78.742007
 20
26.347522
 40
0.178003
  0
CIRCLE
  8
PIN_BOTTOM
 10
78.742007
 20
25.712522
 40
0.178003
  0
CIRCLE
  8
PIN_BOTTOM
 10
78.742007
 20
25.077522
 40
0.178003
  0
CIRCLE
  8
PIN_BOTTOM
 10
78.742007
 20
24.442522
 40
0.178003
  0
CIRCLE
  8
PIN_BOTTOM
 10
78.742007
 20
23.807522
 40
0.178003
  0
CIRCLE
  8
PIN_BOTTOM
 10
78.742007
 20
23.172522
 40
0.178003
  0
CIRCLE
  8
PIN_BOTTOM
 10
78.742007
 20
22.537522
 40
0.178003
  0
CIRCLE
  8
PIN_BOTTOM
 10
78.742007
 20
21.902522
 40
0.178003
  0
CIRCLE
  8
PIN_BOTTOM
 10
78.742007
 20
21.267522
 40
0.178003
  0
POLYLINE
  8
PG_SILKSCREEN_BOTTOM
 66
1
 70
0
 40
0.000000
 41
0.000000
 39
0.000000
  0
VERTEX
  8
PG_SILKSCREEN_BOTTOM
 10
79.491992
 20
18.590006
 40
0.200000
 41
0.200000
 42
0.000000
  0
VERTEX
  8
PG_SILKSCREEN_BOTTOM
 10
79.491992
 20
61.410012
 40
0.200000
 41
0.200000
 42
0.000000
  0
VERTEX
  8
PG_SILKSCREEN_BOTTOM
 10
75.492000
 20
61.410012
 40
0.200000
 41
0.200000
 42
0.000000
  0
VERTEX
  8
PG_SILKSCREEN_BOTTOM
 10
74.491977
 20
60.410014
 40
0.200000
 41
0.200000
 42
0.000000
  0
VERTEX
  8
PG_SILKSCREEN_BOTTOM
 10
74.491977
 20
19.590004
 40
0.200000
 41
0.200000
 42
0.000000
  0
VERTEX
  8
PG_SILKSCREEN_BOTTOM
 10
75.492000
 20
18.590006
 40
0.200000
 41
0.200000
 42
0.000000
  0
VERTEX
  8
PG_SILKSCREEN_BOTTOM
 10
79.491992
 20
18.590006
 40
0.200000
 41
0.200000
 42
0.000000
  0
SEQEND
  0
POLYLINE
  8
PG_SILKSCREEN_BOTTOM
 66
1
 70
0
 40
0.000000
 41
0.000000
 39
0.000000
  0
VERTEX
  8
PG_SILKSCREEN_BOTTOM
 10
73.916997
 20
58.732522
 40
0.200000
 41
0.200000
 42
1.000053
  0
VERTEX
  8
PG_SILKSCREEN_BOTTOM
 10
73.716972
 20
58.732496
 40
0.200000
 41
0.200000
 42
0.999947
  0
VERTEX
  8
PG_SILKSCREEN_BOTTOM
 10
73.916997
 20
58.732522
 40
0.200000
 41
0.200000
 42
0.000000
  0
SEQEND
  0
CIRCLE
  8
PIN_BOTTOM
 10
3.007995
 20
19.865010
 40
0.475056
  0
CIRCLE
  8
PIN_BOTTOM
 10
4.277995
 20
60.135033
 40
0.475056
  0
CIRCLE
  8
PIN_BOTTOM
 10
1.257986
 20
58.732522
 40
0.178003
  0
CIRCLE
  8
PIN_BOTTOM
 10
1.257986
 20
58.097522
 40
0.178003
  0
CIRCLE
  8
PIN_BOTTOM
 10
1.257986
 20
57.462522
 40
0.178003
  0
CIRCLE
  8
PIN_BOTTOM
 10
1.257986
 20
56.827522
 40
0.178003
  0
CIRCLE
  8
PIN_BOTTOM
 10
1.257986
 20
56.192522
 40
0.178003
  0
CIRCLE
  8
PIN_BOTTOM
 10
1.257986
 20
55.557522
 40
0.178003
  0
CIRCLE
  8
PIN_BOTTOM
 10
1.257986
 20
54.922522
 40
0.178003
  0
CIRCLE
  8
PIN_BOTTOM
 10
1.257986
 20
54.287522
 40
0.178003
  0
CIRCLE
  8
PIN_BOTTOM
 10
1.257986
 20
53.652522
 40
0.178003
  0
CIRCLE
  8
PIN_BOTTOM
 10
1.257986
 20
53.017522
 40
0.178003
  0
CIRCLE
  8
PIN_BOTTOM
 10
1.257986
 20
52.382522
 40
0.178003
  0
CIRCLE
  8
PIN_BOTTOM
 10
1.257986
 20
51.747522
 40
0.178003
  0
CIRCLE
  8
PIN_BOTTOM
 10
1.257986
 20
51.112522
 40
0.178003
  0
CIRCLE
  8
PIN_BOTTOM
 10
1.257986
 20
50.477522
 40
0.178003
  0
CIRCLE
  8
PIN_BOTTOM
 10
1.257986
 20
49.842522
 40
0.178003
  0
CIRCLE
  8
PIN_BOTTOM
 10
1.257986
 20
49.207522
 40
0.178003
  0
CIRCLE
  8
PIN_BOTTOM
 10
1.257986
 20
48.572522
 40
0.178003
  0
CIRCLE
  8
PIN_BOTTOM
 10
1.257986
 20
47.937522
 40
0.178003
  0
CIRCLE
  8
PIN_BOTTOM
 10
1.257986
 20
47.302522
 40
0.178003
  0
CIRCLE
  8
PIN_BOTTOM
 10
1.257986
 20
46.667522
 40
0.178003
  0
CIRCLE
  8
PIN_BOTTOM
 10
1.257986
 20
46.032522
 40
0.178003
  0
CIRCLE
  8
PIN_BOTTOM
 10
1.257986
 20
45.397522
 40
0.178003
  0
CIRCLE
  8
PIN_BOTTOM
 10
1.257986
 20
44.762522
 40
0.178003
  0
CIRCLE
  8
PIN_BOTTOM
 10
1.257986
 20
44.127522
 40
0.178003
  0
CIRCLE
  8
PIN_BOTTOM
 10
1.257986
 20
43.492522
 40
0.178003
  0
CIRCLE
  8
PIN_BOTTOM
 10
1.257986
 20
42.857522
 40
0.178003
  0
CIRCLE
  8
PIN_BOTTOM
 10
1.257986
 20
42.222522
 40
0.178003
  0
CIRCLE
  8
PIN_BOTTOM
 10
1.257986
 20
41.587522
 40
0.178003
  0
CIRCLE
  8
PIN_BOTTOM
 10
1.257986
 20
40.952522
 40
0.178003
  0
CIRCLE
  8
PIN_BOTTOM
 10
1.257986
 20
40.317522
 40
0.178003
  0
CIRCLE
  8
PIN_BOTTOM
 10
1.257986
 20
39.682522
 40
0.178003
  0
CIRCLE
  8
PIN_BOTTOM
 10
1.257986
 20
39.047522
 40
0.178003
  0
CIRCLE
  8
PIN_BOTTOM
 10
1.257986
 20
38.412522
 40
0.178003
  0
CIRCLE
  8
PIN_BOTTOM
 10
1.257986
 20
37.777522
 40
0.178003
  0
CIRCLE
  8
PIN_BOTTOM
 10
1.257986
 20
37.142522
 40
0.178003
  0
CIRCLE
  8
PIN_BOTTOM
 10
1.257986
 20
36.507522
 40
0.178003
  0
CIRCLE
  8
PIN_BOTTOM
 10
1.257986
 20
35.872522
 40
0.178003
  0
CIRCLE
  8
PIN_BOTTOM
 10
1.257986
 20
35.237522
 40
0.178003
  0
CIRCLE
  8
PIN_BOTTOM
 10
1.257986
 20
34.602522
 40
0.178003
  0
CIRCLE
  8
PIN_BOTTOM
 10
1.257986
 20
33.967522
 40
0.178003
  0
CIRCLE
  8
PIN_BOTTOM
 10
1.257986
 20
33.332522
 40
0.178003
  0
CIRCLE
  8
PIN_BOTTOM
 10
1.257986
 20
32.697522
 40
0.178003
  0
CIRCLE
  8
PIN_BOTTOM
 10
1.257986
 20
32.062522
 40
0.178003
  0
CIRCLE
  8
PIN_BOTTOM
 10
1.257986
 20
31.427522
 40
0.178003
  0
CIRCLE
  8
PIN_BOTTOM
 10
1.257986
 20
30.792522
 40
0.178003
  0
CIRCLE
  8
PIN_BOTTOM
 10
1.257986
 20
30.157522
 40
0.178003
  0
CIRCLE
  8
PIN_BOTTOM
 10
1.257986
 20
29.522522
 40
0.178003
  0
CIRCLE
  8
PIN_BOTTOM
 10
1.257986
 20
28.887522
 40
0.178003
  0
CIRCLE
  8
PIN_BOTTOM
 10
1.257986
 20
28.252522
 40
0.178003
  0
CIRCLE
  8
PIN_BOTTOM
 10
1.257986
 20
27.617522
 40
0.178003
  0
CIRCLE
  8
PIN_BOTTOM
 10
1.257986
 20
26.982522
 40
0.178003
  0
CIRCLE
  8
PIN_BOTTOM
 10
1.257986
 20
26.347522
 40
0.178003
  0
CIRCLE
  8
PIN_BOTTOM
 10
1.257986
 20
25.712522
 40
0.178003
  0
CIRCLE
  8
PIN_BOTTOM
 10
1.257986
 20
25.077522
 40
0.178003
  0
CIRCLE
  8
PIN_BOTTOM
 10
1.257986
 20
24.442522
 40
0.178003
  0
CIRCLE
  8
PIN_BOTTOM
 10
1.257986
 20
23.807522
 40
0.178003
  0
CIRCLE
  8
PIN_BOTTOM
 10
1.257986
 20
23.172522
 40
0.178003
  0
CIRCLE
  8
PIN_BOTTOM
 10
1.257986
 20
22.537522
 40
0.178003
  0
CIRCLE
  8
PIN_BOTTOM
 10
1.257986
 20
21.902522
 40
0.178003
  0
CIRCLE
  8
PIN_BOTTOM
 10
1.257986
 20
21.267522
 40
0.178003
  0
CIRCLE
  8
PIN_BOTTOM
 10
2.218004
 20
58.732522
 40
0.178003
  0
CIRCLE
  8
PIN_BOTTOM
 10
2.218004
 20
58.097522
 40
0.178003
  0
CIRCLE
  8
PIN_BOTTOM
 10
2.218004
 20
57.462522
 40
0.178003
  0
CIRCLE
  8
PIN_BOTTOM
 10
2.218004
 20
56.827522
 40
0.178003
  0
CIRCLE
  8
PIN_BOTTOM
 10
2.218004
 20
56.192522
 40
0.178003
  0
CIRCLE
  8
PIN_BOTTOM
 10
2.218004
 20
55.557522
 40
0.178003
  0
CIRCLE
  8
PIN_BOTTOM
 10
2.218004
 20
54.922522
 40
0.178003
  0
CIRCLE
  8
PIN_BOTTOM
 10
2.218004
 20
54.287522
 40
0.178003
  0
CIRCLE
  8
PIN_BOTTOM
 10
2.218004
 20
53.652522
 40
0.178003
  0
CIRCLE
  8
PIN_BOTTOM
 10
2.218004
 20
53.017522
 40
0.178003
  0
CIRCLE
  8
PIN_BOTTOM
 10
2.218004
 20
52.382522
 40
0.178003
  0
CIRCLE
  8
PIN_BOTTOM
 10
2.218004
 20
51.747522
 40
0.178003
  0
CIRCLE
  8
PIN_BOTTOM
 10
2.218004
 20
51.112522
 40
0.178003
  0
CIRCLE
  8
PIN_BOTTOM
 10
2.218004
 20
50.477522
 40
0.178003
  0
CIRCLE
  8
PIN_BOTTOM
 10
2.218004
 20
49.842522
 40
0.178003
  0
CIRCLE
  8
PIN_BOTTOM
 10
2.218004
 20
49.207522
 40
0.178003
  0
CIRCLE
  8
PIN_BOTTOM
 10
2.218004
 20
48.572522
 40
0.178003
  0
CIRCLE
  8
PIN_BOTTOM
 10
2.218004
 20
47.937522
 40
0.178003
  0
CIRCLE
  8
PIN_BOTTOM
 10
2.218004
 20
47.302522
 40
0.178003
  0
CIRCLE
  8
PIN_BOTTOM
 10
2.218004
 20
46.667522
 40
0.178003
  0
CIRCLE
  8
PIN_BOTTOM
 10
2.218004
 20
46.032522
 40
0.178003
  0
CIRCLE
  8
PIN_BOTTOM
 10
2.218004
 20
45.397522
 40
0.178003
  0
CIRCLE
  8
PIN_BOTTOM
 10
2.218004
 20
44.762522
 40
0.178003
  0
CIRCLE
  8
PIN_BOTTOM
 10
2.218004
 20
44.127522
 40
0.178003
  0
CIRCLE
  8
PIN_BOTTOM
 10
2.218004
 20
43.492522
 40
0.178003
  0
CIRCLE
  8
PIN_BOTTOM
 10
2.218004
 20
42.857522
 40
0.178003
  0
CIRCLE
  8
PIN_BOTTOM
 10
2.218004
 20
42.222522
 40
0.178003
  0
CIRCLE
  8
PIN_BOTTOM
 10
2.218004
 20
41.587522
 40
0.178003
  0
CIRCLE
  8
PIN_BOTTOM
 10
2.218004
 20
40.952522
 40
0.178003
  0
CIRCLE
  8
PIN_BOTTOM
 10
2.218004
 20
40.317522
 40
0.178003
  0
CIRCLE
  8
PIN_BOTTOM
 10
2.218004
 20
39.682522
 40
0.178003
  0
CIRCLE
  8
PIN_BOTTOM
 10
2.218004
 20
39.047522
 40
0.178003
  0
CIRCLE
  8
PIN_BOTTOM
 10
2.218004
 20
38.412522
 40
0.178003
  0
CIRCLE
  8
PIN_BOTTOM
 10
2.218004
 20
37.777522
 40
0.178003
  0
CIRCLE
  8
PIN_BOTTOM
 10
2.218004
 20
37.142522
 40
0.178003
  0
CIRCLE
  8
PIN_BOTTOM
 10
2.218004
 20
36.507522
 40
0.178003
  0
CIRCLE
  8
PIN_BOTTOM
 10
2.218004
 20
35.872522
 40
0.178003
  0
CIRCLE
  8
PIN_BOTTOM
 10
2.218004
 20
35.237522
 40
0.178003
  0
CIRCLE
  8
PIN_BOTTOM
 10
2.218004
 20
34.602522
 40
0.178003
  0
CIRCLE
  8
PIN_BOTTOM
 10
2.218004
 20
33.967522
 40
0.178003
  0
CIRCLE
  8
PIN_BOTTOM
 10
2.218004
 20
33.332522
 40
0.178003
  0
CIRCLE
  8
PIN_BOTTOM
 10
2.218004
 20
32.697522
 40
0.178003
  0
CIRCLE
  8
PIN_BOTTOM
 10
2.218004
 20
32.062522
 40
0.178003
  0
CIRCLE
  8
PIN_BOTTOM
 10
2.218004
 20
31.427522
 40
0.178003
  0
CIRCLE
  8
PIN_BOTTOM
 10
2.218004
 20
30.792522
 40
0.178003
  0
CIRCLE
  8
PIN_BOTTOM
 10
2.218004
 20
30.157522
 40
0.178003
  0
CIRCLE
  8
PIN_BOTTOM
 10
2.218004
 20
29.522522
 40
0.178003
  0
CIRCLE
  8
PIN_BOTTOM
 10
2.218004
 20
28.887522
 40
0.178003
  0
CIRCLE
  8
PIN_BOTTOM
 10
2.218004
 20
28.252522
 40
0.178003
  0
CIRCLE
  8
PIN_BOTTOM
 10
2.218004
 20
27.617522
 40
0.178003
  0
CIRCLE
  8
PIN_BOTTOM
 10
2.218004
 20
26.982522
 40
0.178003
  0
CIRCLE
  8
PIN_BOTTOM
 10
2.218004
 20
26.347522
 40
0.178003
  0
CIRCLE
  8
PIN_BOTTOM
 10
2.218004
 20
25.712522
 40
0.178003
  0
CIRCLE
  8
PIN_BOTTOM
 10
2.218004
 20
25.077522
 40
0.178003
  0
CIRCLE
  8
PIN_BOTTOM
 10
2.218004
 20
24.442522
 40
0.178003
  0
CIRCLE
  8
PIN_BOTTOM
 10
2.218004
 20
23.807522
 40
0.178003
  0
CIRCLE
  8
PIN_BOTTOM
 10
2.218004
 20
23.172522
 40
0.178003
  0
CIRCLE
  8
PIN_BOTTOM
 10
2.218004
 20
22.537522
 40
0.178003
  0
CIRCLE
  8
PIN_BOTTOM
 10
2.218004
 20
21.902522
 40
0.178003
  0
CIRCLE
  8
PIN_BOTTOM
 10
2.218004
 20
21.267522
 40
0.178003
  0
CIRCLE
  8
PIN_BOTTOM
 10
3.797986
 20
58.732522
 40
0.178003
  0
CIRCLE
  8
PIN_BOTTOM
 10
3.797986
 20
58.097522
 40
0.178003
  0
CIRCLE
  8
PIN_BOTTOM
 10
3.797986
 20
57.462522
 40
0.178003
  0
CIRCLE
  8
PIN_BOTTOM
 10
3.797986
 20
56.827522
 40
0.178003
  0
CIRCLE
  8
PIN_BOTTOM
 10
3.797986
 20
56.192522
 40
0.178003
  0
CIRCLE
  8
PIN_BOTTOM
 10
3.797986
 20
55.557522
 40
0.178003
  0
CIRCLE
  8
PIN_BOTTOM
 10
3.797986
 20
54.922522
 40
0.178003
  0
CIRCLE
  8
PIN_BOTTOM
 10
3.797986
 20
54.287522
 40
0.178003
  0
CIRCLE
  8
PIN_BOTTOM
 10
3.797986
 20
53.652522
 40
0.178003
  0
CIRCLE
  8
PIN_BOTTOM
 10
3.797986
 20
53.017522
 40
0.178003
  0
CIRCLE
  8
PIN_BOTTOM
 10
3.797986
 20
52.382522
 40
0.178003
  0
CIRCLE
  8
PIN_BOTTOM
 10
3.797986
 20
51.747522
 40
0.178003
  0
CIRCLE
  8
PIN_BOTTOM
 10
3.797986
 20
51.112522
 40
0.178003
  0
CIRCLE
  8
PIN_BOTTOM
 10
3.797986
 20
50.477522
 40
0.178003
  0
CIRCLE
  8
PIN_BOTTOM
 10
3.797986
 20
49.842522
 40
0.178003
  0
CIRCLE
  8
PIN_BOTTOM
 10
3.797986
 20
49.207522
 40
0.178003
  0
CIRCLE
  8
PIN_BOTTOM
 10
3.797986
 20
48.572522
 40
0.178003
  0
CIRCLE
  8
PIN_BOTTOM
 10
3.797986
 20
47.937522
 40
0.178003
  0
CIRCLE
  8
PIN_BOTTOM
 10
3.797986
 20
47.302522
 40
0.178003
  0
CIRCLE
  8
PIN_BOTTOM
 10
3.797986
 20
46.667522
 40
0.178003
  0
CIRCLE
  8
PIN_BOTTOM
 10
3.797986
 20
46.032522
 40
0.178003
  0
CIRCLE
  8
PIN_BOTTOM
 10
3.797986
 20
45.397522
 40
0.178003
  0
CIRCLE
  8
PIN_BOTTOM
 10
3.797986
 20
44.762522
 40
0.178003
  0
CIRCLE
  8
PIN_BOTTOM
 10
3.797986
 20
44.127522
 40
0.178003
  0
CIRCLE
  8
PIN_BOTTOM
 10
3.797986
 20
43.492522
 40
0.178003
  0
CIRCLE
  8
PIN_BOTTOM
 10
3.797986
 20
42.857522
 40
0.178003
  0
CIRCLE
  8
PIN_BOTTOM
 10
3.797986
 20
42.222522
 40
0.178003
  0
CIRCLE
  8
PIN_BOTTOM
 10
3.797986
 20
41.587522
 40
0.178003
  0
CIRCLE
  8
PIN_BOTTOM
 10
3.797986
 20
40.952522
 40
0.178003
  0
CIRCLE
  8
PIN_BOTTOM
 10
3.797986
 20
40.317522
 40
0.178003
  0
CIRCLE
  8
PIN_BOTTOM
 10
3.797986
 20
39.682522
 40
0.178003
  0
CIRCLE
  8
PIN_BOTTOM
 10
3.797986
 20
39.047522
 40
0.178003
  0
CIRCLE
  8
PIN_BOTTOM
 10
3.797986
 20
38.412522
 40
0.178003
  0
CIRCLE
  8
PIN_BOTTOM
 10
3.797986
 20
37.777522
 40
0.178003
  0
CIRCLE
  8
PIN_BOTTOM
 10
3.797986
 20
37.142522
 40
0.178003
  0
CIRCLE
  8
PIN_BOTTOM
 10
3.797986
 20
36.507522
 40
0.178003
  0
CIRCLE
  8
PIN_BOTTOM
 10
3.797986
 20
35.872522
 40
0.178003
  0
CIRCLE
  8
PIN_BOTTOM
 10
3.797986
 20
35.237522
 40
0.178003
  0
CIRCLE
  8
PIN_BOTTOM
 10
3.797986
 20
34.602522
 40
0.178003
  0
CIRCLE
  8
PIN_BOTTOM
 10
3.797986
 20
33.967522
 40
0.178003
  0
CIRCLE
  8
PIN_BOTTOM
 10
3.797986
 20
33.332522
 40
0.178003
  0
CIRCLE
  8
PIN_BOTTOM
 10
3.797986
 20
32.697522
 40
0.178003
  0
CIRCLE
  8
PIN_BOTTOM
 10
3.797986
 20
32.062522
 40
0.178003
  0
CIRCLE
  8
PIN_BOTTOM
 10
3.797986
 20
31.427522
 40
0.178003
  0
CIRCLE
  8
PIN_BOTTOM
 10
3.797986
 20
30.792522
 40
0.178003
  0
CIRCLE
  8
PIN_BOTTOM
 10
3.797986
 20
30.157522
 40
0.178003
  0
CIRCLE
  8
PIN_BOTTOM
 10
3.797986
 20
29.522522
 40
0.178003
  0
CIRCLE
  8
PIN_BOTTOM
 10
3.797986
 20
28.887522
 40
0.178003
  0
CIRCLE
  8
PIN_BOTTOM
 10
3.797986
 20
28.252522
 40
0.178003
  0
CIRCLE
  8
PIN_BOTTOM
 10
3.797986
 20
27.617522
 40
0.178003
  0
CIRCLE
  8
PIN_BOTTOM
 10
3.797986
 20
26.982522
 40
0.178003
  0
CIRCLE
  8
PIN_BOTTOM
 10
3.797986
 20
26.347522
 40
0.178003
  0
CIRCLE
  8
PIN_BOTTOM
 10
3.797986
 20
25.712522
 40
0.178003
  0
CIRCLE
  8
PIN_BOTTOM
 10
3.797986
 20
25.077522
 40
0.178003
  0
CIRCLE
  8
PIN_BOTTOM
 10
3.797986
 20
24.442522
 40
0.178003
  0
CIRCLE
  8
PIN_BOTTOM
 10
3.797986
 20
23.807522
 40
0.178003
  0
CIRCLE
  8
PIN_BOTTOM
 10
3.797986
 20
23.172522
 40
0.178003
  0
CIRCLE
  8
PIN_BOTTOM
 10
3.797986
 20
22.537522
 40
0.178003
  0
CIRCLE
  8
PIN_BOTTOM
 10
3.797986
 20
21.902522
 40
0.178003
  0
CIRCLE
  8
PIN_BOTTOM
 10
3.797986
 20
21.267522
 40
0.178003
  0
CIRCLE
  8
PIN_BOTTOM
 10
4.758004
 20
58.732522
 40
0.178003
  0
CIRCLE
  8
PIN_BOTTOM
 10
4.758004
 20
58.097522
 40
0.178003
  0
CIRCLE
  8
PIN_BOTTOM
 10
4.758004
 20
57.462522
 40
0.178003
  0
CIRCLE
  8
PIN_BOTTOM
 10
4.758004
 20
56.827522
 40
0.178003
  0
CIRCLE
  8
PIN_BOTTOM
 10
4.758004
 20
56.192522
 40
0.178003
  0
CIRCLE
  8
PIN_BOTTOM
 10
4.758004
 20
55.557522
 40
0.178003
  0
CIRCLE
  8
PIN_BOTTOM
 10
4.758004
 20
54.922522
 40
0.178003
  0
CIRCLE
  8
PIN_BOTTOM
 10
4.758004
 20
54.287522
 40
0.178003
  0
CIRCLE
  8
PIN_BOTTOM
 10
4.758004
 20
53.652522
 40
0.178003
  0
CIRCLE
  8
PIN_BOTTOM
 10
4.758004
 20
53.017522
 40
0.178003
  0
CIRCLE
  8
PIN_BOTTOM
 10
4.758004
 20
52.382522
 40
0.178003
  0
CIRCLE
  8
PIN_BOTTOM
 10
4.758004
 20
51.747522
 40
0.178003
  0
CIRCLE
  8
PIN_BOTTOM
 10
4.758004
 20
51.112522
 40
0.178003
  0
CIRCLE
  8
PIN_BOTTOM
 10
4.758004
 20
50.477522
 40
0.178003
  0
CIRCLE
  8
PIN_BOTTOM
 10
4.758004
 20
49.842522
 40
0.178003
  0
CIRCLE
  8
PIN_BOTTOM
 10
4.758004
 20
49.207522
 40
0.178003
  0
CIRCLE
  8
PIN_BOTTOM
 10
4.758004
 20
48.572522
 40
0.178003
  0
CIRCLE
  8
PIN_BOTTOM
 10
4.758004
 20
47.937522
 40
0.178003
  0
CIRCLE
  8
PIN_BOTTOM
 10
4.758004
 20
47.302522
 40
0.178003
  0
CIRCLE
  8
PIN_BOTTOM
 10
4.758004
 20
46.667522
 40
0.178003
  0
CIRCLE
  8
PIN_BOTTOM
 10
4.758004
 20
46.032522
 40
0.178003
  0
CIRCLE
  8
PIN_BOTTOM
 10
4.758004
 20
45.397522
 40
0.178003
  0
CIRCLE
  8
PIN_BOTTOM
 10
4.758004
 20
44.762522
 40
0.178003
  0
CIRCLE
  8
PIN_BOTTOM
 10
4.758004
 20
44.127522
 40
0.178003
  0
CIRCLE
  8
PIN_BOTTOM
 10
4.758004
 20
43.492522
 40
0.178003
  0
CIRCLE
  8
PIN_BOTTOM
 10
4.758004
 20
42.857522
 40
0.178003
  0
CIRCLE
  8
PIN_BOTTOM
 10
4.758004
 20
42.222522
 40
0.178003
  0
CIRCLE
  8
PIN_BOTTOM
 10
4.758004
 20
41.587522
 40
0.178003
  0
CIRCLE
  8
PIN_BOTTOM
 10
4.758004
 20
40.952522
 40
0.178003
  0
CIRCLE
  8
PIN_BOTTOM
 10
4.758004
 20
40.317522
 40
0.178003
  0
CIRCLE
  8
PIN_BOTTOM
 10
4.758004
 20
39.682522
 40
0.178003
  0
CIRCLE
  8
PIN_BOTTOM
 10
4.758004
 20
39.047522
 40
0.178003
  0
CIRCLE
  8
PIN_BOTTOM
 10
4.758004
 20
38.412522
 40
0.178003
  0
CIRCLE
  8
PIN_BOTTOM
 10
4.758004
 20
37.777522
 40
0.178003
  0
CIRCLE
  8
PIN_BOTTOM
 10
4.758004
 20
37.142522
 40
0.178003
  0
CIRCLE
  8
PIN_BOTTOM
 10
4.758004
 20
36.507522
 40
0.178003
  0
CIRCLE
  8
PIN_BOTTOM
 10
4.758004
 20
35.872522
 40
0.178003
  0
CIRCLE
  8
PIN_BOTTOM
 10
4.758004
 20
35.237522
 40
0.178003
  0
CIRCLE
  8
PIN_BOTTOM
 10
4.758004
 20
34.602522
 40
0.178003
  0
CIRCLE
  8
PIN_BOTTOM
 10
4.758004
 20
33.967522
 40
0.178003
  0
CIRCLE
  8
PIN_BOTTOM
 10
4.758004
 20
33.332522
 40
0.178003
  0
CIRCLE
  8
PIN_BOTTOM
 10
4.758004
 20
32.697522
 40
0.178003
  0
CIRCLE
  8
PIN_BOTTOM
 10
4.758004
 20
32.062522
 40
0.178003
  0
CIRCLE
  8
PIN_BOTTOM
 10
4.758004
 20
31.427522
 40
0.178003
  0
CIRCLE
  8
PIN_BOTTOM
 10
4.758004
 20
30.792522
 40
0.178003
  0
CIRCLE
  8
PIN_BOTTOM
 10
4.758004
 20
30.157522
 40
0.178003
  0
CIRCLE
  8
PIN_BOTTOM
 10
4.758004
 20
29.522522
 40
0.178003
  0
CIRCLE
  8
PIN_BOTTOM
 10
4.758004
 20
28.887522
 40
0.178003
  0
CIRCLE
  8
PIN_BOTTOM
 10
4.758004
 20
28.252522
 40
0.178003
  0
CIRCLE
  8
PIN_BOTTOM
 10
4.758004
 20
27.617522
 40
0.178003
  0
CIRCLE
  8
PIN_BOTTOM
 10
4.758004
 20
26.982522
 40
0.178003
  0
CIRCLE
  8
PIN_BOTTOM
 10
4.758004
 20
26.347522
 40
0.178003
  0
CIRCLE
  8
PIN_BOTTOM
 10
4.758004
 20
25.712522
 40
0.178003
  0
CIRCLE
  8
PIN_BOTTOM
 10
4.758004
 20
25.077522
 40
0.178003
  0
CIRCLE
  8
PIN_BOTTOM
 10
4.758004
 20
24.442522
 40
0.178003
  0
CIRCLE
  8
PIN_BOTTOM
 10
4.758004
 20
23.807522
 40
0.178003
  0
CIRCLE
  8
PIN_BOTTOM
 10
4.758004
 20
23.172522
 40
0.178003
  0
CIRCLE
  8
PIN_BOTTOM
 10
4.758004
 20
22.537522
 40
0.178003
  0
CIRCLE
  8
PIN_BOTTOM
 10
4.758004
 20
21.902522
 40
0.178003
  0
CIRCLE
  8
PIN_BOTTOM
 10
4.758004
 20
21.267522
 40
0.178003
  0
POLYLINE
  8
PG_SILKSCREEN_BOTTOM
 66
1
 70
0
 40
0.000000
 41
0.000000
 39
0.000000
  0
VERTEX
  8
PG_SILKSCREEN_BOTTOM
 10
5.507990
 20
18.590006
 40
0.200000
 41
0.200000
 42
0.000000
  0
VERTEX
  8
PG_SILKSCREEN_BOTTOM
 10
5.507990
 20
61.410012
 40
0.200000
 41
0.200000
 42
0.000000
  0
VERTEX
  8
PG_SILKSCREEN_BOTTOM
 10
1.507998
 20
61.410012
 40
0.200000
 41
0.200000
 42
0.000000
  0
VERTEX
  8
PG_SILKSCREEN_BOTTOM
 10
0.508000
 20
60.410014
 40
0.200000
 41
0.200000
 42
0.000000
  0
VERTEX
  8
PG_SILKSCREEN_BOTTOM
 10
0.508000
 20
19.590004
 40
0.200000
 41
0.200000
 42
0.000000
  0
VERTEX
  8
PG_SILKSCREEN_BOTTOM
 10
1.507998
 20
18.590006
 40
0.200000
 41
0.200000
 42
0.000000
  0
VERTEX
  8
PG_SILKSCREEN_BOTTOM
 10
5.507990
 20
18.590006
 40
0.200000
 41
0.200000
 42
0.000000
  0
SEQEND
  0
POLYLINE
  8
PG_SILKSCREEN_BOTTOM
 66
1
 70
0
 40
0.000000
 41
0.000000
 39
0.000000
  0
VERTEX
  8
PG_SILKSCREEN_BOTTOM
 10
-0.067005
 20
58.732522
 40
0.200000
 41
0.200000
 42
1.000053
  0
VERTEX
  8
PG_SILKSCREEN_BOTTOM
 10
-0.267005
 20
58.732496
 40
0.200000
 41
0.200000
 42
0.999947
  0
VERTEX
  8
PG_SILKSCREEN_BOTTOM
 10
-0.067005
 20
58.732522
 40
0.200000
 41
0.200000
 42
0.000000
  0
SEQEND
  0
POLYLINE
  8
BG_OUTLINE
 66
1
 70
0
 40
0.000000
 41
0.000000
 39
0.000000
  0
VERTEX
  8
BG_OUTLINE
 10
0.000000
 20
0.000000
 40
0.100000
 41
0.100000
 42
0.000000
  0
VERTEX
  8
BG_OUTLINE
 10
79.999992
 20
0.000000
 40
0.100000
 41
0.100000
 42
0.000000
  0
VERTEX
  8
BG_OUTLINE
 10
79.999992
 20
79.999992
 40
0.100000
 41
0.100000
 42
0.000000
  0
VERTEX
  8
BG_OUTLINE
 10
0.000000
 20
79.999992
 40
0.100000
 41
0.100000
 42
0.000000
  0
VERTEX
  8
BG_OUTLINE
 10
0.000000
 20
0.000000
 40
0.100000
 41
0.100000
 42
0.000000
  0
SEQEND
  0
ENDSEC
  0
EOF
