  0
SECTION
  2
HEADER
  9
$ACADVER
  1
AC1009
  9
$INSBASE
 10
0.000000
 20
0.000000
  9
$LIMMIN
 10
-5000.000008
 20
-5000.000008
  9
$LIMMAX
 10
5000.000008
 20
5000.000008
  9
$EXTMIN
 10
-5000.000008
 20
-5000.000008
  9
$EXTMAX
 10
5000.000008
 20
5000.000008
  9
$ATTMODE
 70
0
  9
$LUNITS
 70
2
  9
$LUPREC
 70
3
  9
$THICKNESS
 40
4.003040
  0
ENDSEC
  0
SECTION
  2
TABLES
  0
TABLE
  2
LTYPE
 70
1
  0
LTYPE
  3
Solid Line
  2
CONTINUOUS
 70
0
 72
65
 73
0
 40
0.000000
  0
ENDTAB
  0
TABLE
  2
LAYER
 70
4
  0
LAYER
  2
BG_DIMENSION
 70
0
 62
85
  6
CONTINUOUS
  0
LAYER
  2
BG_OUTLINE
 70
0
 62
254
  6
CONTINUOUS
  0
LAYER
  2
PG_SILKSCREEN_TOP
 70
0
 62
2
  6
CONTINUOUS
  0
LAYER
  2
PIN_TOP
 70
0
 62
1
  6
CONTINUOUS
  0
ENDTAB
  0
TABLE
  2
STYLE
 70
1
  0
STYLE
  2
STANDARD
 70
0
 40
0.000000
 41
1.000000
 50
0.000000
 71
0
 42
0.200000
  3
txt
  0
ENDTAB
  0
ENDSEC
  0
SECTION
  2
BLOCKS
  0
BLOCK
  8
0
  2
FIGURE_CIRCLE
 70
0
 10
0.000000
 20
0.000000
  0
CIRCLE
  8
0
 10
0.000000
 20
0.000000
 40
0.500000
  0
ENDBLK
  0
BLOCK
  8
0
  2
FIGURE_SQUARE
 70
0
 10
0.000000
 20
0.000000
  0
POLYLINE
  8
0
 66
1
 70
1
 40
0.000000
 41
0.000000
 39
0.000000
  0
VERTEX
  8
0
 10
-0.500000
 20
-0.500000
 40
0.000000
 41
0.000000
 42
0.000000
  0
VERTEX
  8
0
 10
-0.500000
 20
0.500000
 40
0.000000
 41
0.000000
 42
0.000000
  0
VERTEX
  8
0
 10
0.500000
 20
0.500000
 40
0.000000
 41
0.000000
 42
0.000000
  0
VERTEX
  8
0
 10
0.500000
 20
-0.500000
 40
0.000000
 41
0.000000
 42
0.000000
  0
SEQEND
  0
ENDBLK
  0
BLOCK
  8
0
  2
FIGURE_HEX
 70
0
 10
0.000000
 20
0.000000
  0
POLYLINE
  8
0
 66
1
 70
1
 40
0.000000
 41
0.000000
 39
0.000000
  0
VERTEX
  8
0
 10
-0.500000
 20
0.000000
 40
0.000000
 41
0.000000
 42
0.000000
  0
VERTEX
  8
0
 10
-0.250000
 20
0.500000
 40
0.000000
 41
0.000000
 42
0.000000
  0
VERTEX
  8
0
 10
0.250000
 20
0.500000
 40
0.000000
 41
0.000000
 42
0.000000
  0
VERTEX
  8
0
 10
0.500000
 20
0.000000
 40
0.000000
 41
0.000000
 42
0.000000
  0
VERTEX
  8
0
 10
0.250000
 20
-0.500000
 40
0.000000
 41
0.000000
 42
0.000000
  0
VERTEX
  8
0
 10
-0.250000
 20
-0.500000
 40
0.000000
 41
0.000000
 42
0.000000
  0
SEQEND
  0
ENDBLK
  0
BLOCK
  8
0
  2
FIGURE_OCT
 70
0
 10
0.000000
 20
0.000000
  0
POLYLINE
  8
0
 66
1
 70
1
 40
0.000000
 41
0.000000
 39
0.000000
  0
VERTEX
  8
0
 10
-0.500000
 20
-0.207100
 40
0.000000
 41
0.000000
 42
0.000000
  0
VERTEX
  8
0
 10
-0.500000
 20
0.207100
 40
0.000000
 41
0.000000
 42
0.000000
  0
VERTEX
  8
0
 10
-0.207100
 20
0.500000
 40
0.000000
 41
0.000000
 42
0.000000
  0
VERTEX
  8
0
 10
0.207100
 20
0.500000
 40
0.000000
 41
0.000000
 42
0.000000
  0
VERTEX
  8
0
 10
0.500000
 20
0.207100
 40
0.000000
 41
0.000000
 42
0.000000
  0
VERTEX
  8
0
 10
0.500000
 20
-0.207100
 40
0.000000
 41
0.000000
 42
0.000000
  0
VERTEX
  8
0
 10
0.207100
 20
-0.500000
 40
0.000000
 41
0.000000
 42
0.000000
  0
VERTEX
  8
0
 10
-0.207100
 20
-0.500000
 40
0.000000
 41
0.000000
 42
0.000000
  0
SEQEND
  0
ENDBLK
  0
BLOCK
  8
0
  2
FIGURE_OBLONG
 70
0
 10
0.000000
 20
0.000000
  0
POLYLINE
  8
0
 66
1
 70
1
 40
0.000000
 41
0.000000
 39
0.000000
  0
VERTEX
  8
0
 10
-0.500000
 20
-0.125000
 40
0.000000
 41
0.000000
 42
0.000000
  0
VERTEX
  8
0
 10
-0.500000
 20
0.125000
 40
0.000000
 41
0.000000
 42
0.000000
  0
VERTEX
  8
0
 10
-0.416000
 20
0.375000
 40
0.000000
 41
0.000000
 42
0.000000
  0
VERTEX
  8
0
 10
-0.250000
 20
0.500000
 40
0.000000
 41
0.000000
 42
0.000000
  0
VERTEX
  8
0
 10
0.250000
 20
0.500000
 40
0.000000
 41
0.000000
 42
0.000000
  0
VERTEX
  8
0
 10
0.416000
 20
0.375000
 40
0.000000
 41
0.000000
 42
0.000000
  0
VERTEX
  8
0
 10
0.500000
 20
0.125000
 40
0.000000
 41
0.000000
 42
0.000000
  0
VERTEX
  8
0
 10
0.500000
 20
-0.125000
 40
0.000000
 41
0.000000
 42
0.000000
  0
VERTEX
  8
0
 10
0.416000
 20
-0.375000
 40
0.000000
 41
0.000000
 42
0.000000
  0
VERTEX
  8
0
 10
0.250000
 20
-0.500000
 40
0.000000
 41
0.000000
 42
0.000000
  0
VERTEX
  8
0
 10
-0.250000
 20
-0.500000
 40
0.000000
 41
0.000000
 42
0.000000
  0
VERTEX
  8
0
 10
-0.416000
 20
-0.375000
 40
0.000000
 41
0.000000
 42
0.000000
  0
SEQEND
  0
ENDBLK
  0
BLOCK
  8
0
  2
FIGURE_TRI
 70
0
 10
0.000000
 20
0.000000
  0
POLYLINE
  8
0
 66
1
 70
1
 40
0.000000
 41
0.000000
 39
0.000000
  0
VERTEX
  8
0
 10
-0.500000
 20
-0.500000
 40
0.000000
 41
0.000000
 42
0.000000
  0
VERTEX
  8
0
 10
0.000000
 20
0.500000
 40
0.000000
 41
0.000000
 42
0.000000
  0
VERTEX
  8
0
 10
0.500000
 20
-0.500000
 40
0.000000
 41
0.000000
 42
0.000000
  0
SEQEND
  0
ENDBLK
  0
BLOCK
  8
0
  2
FIGURE_CROSS
 70
0
 10
0.000000
 20
0.000000
  0
POLYLINE
  8
0
 66
1
 70
0
 40
0.000000
 41
0.000000
 39
0.000000
  0
VERTEX
  8
0
 10
-0.500000
 20
0.000000
 40
0.000000
 41
0.000000
 42
0.000000
  0
VERTEX
  8
0
 10
0.500000
 20
0.000000
 40
0.000000
 41
0.000000
 42
0.000000
  0
SEQEND
  0
POLYLINE
  8
0
 66
1
 70
0
 40
0.000000
 41
0.000000
 39
0.000000
  0
VERTEX
  8
0
 10
0.000000
 20
0.500000
 40
0.000000
 41
0.000000
 42
0.000000
  0
VERTEX
  8
0
 10
0.000000
 20
-0.500000
 40
0.000000
 41
0.000000
 42
0.000000
  0
SEQEND
  0
ENDBLK
  0
BLOCK
  8
0
  2
FIGURE_DIAMOND
 70
0
 10
0.000000
 20
0.000000
  0
POLYLINE
  8
0
 66
1
 70
1
 40
0.000000
 41
0.000000
 39
0.000000
  0
VERTEX
  8
0
 10
-0.500000
 20
0.000000
 40
0.000000
 41
0.000000
 42
0.000000
  0
VERTEX
  8
0
 10
0.000000
 20
0.500000
 40
0.000000
 41
0.000000
 42
0.000000
  0
VERTEX
  8
0
 10
0.500000
 20
0.000000
 40
0.000000
 41
0.000000
 42
0.000000
  0
VERTEX
  8
0
 10
0.000000
 20
-0.500000
 40
0.000000
 41
0.000000
 42
0.000000
  0
SEQEND
  0
ENDBLK
  0
ENDSEC
  0
SECTION
  2
ENTITIES
  0
POLYLINE
  8
BG_DIMENSION
 66
1
 70
0
 40
0.000000
 41
0.000000
 39
0.000000
  0
VERTEX
  8
BG_DIMENSION
 10
2.415540
 20
81.624424
 40
0.000000
 41
0.000000
 42
0.000000
  0
VERTEX
  8
BG_DIMENSION
 10
3.177540
 20
82.005424
 40
0.000000
 41
0.000000
 42
0.000000
  0
VERTEX
  8
BG_DIMENSION
 10
2.415540
 20
82.386424
 40
0.000000
 41
0.000000
 42
0.000000
  0
VERTEX
  8
BG_DIMENSION
 10
2.415540
 20
81.624424
 40
0.000000
 41
0.000000
 42
0.000000
  0
SEQEND
  0
POLYLINE
  8
BG_DIMENSION
 66
1
 70
0
 40
0.000000
 41
0.000000
 39
0.000000
  0
VERTEX
  8
BG_DIMENSION
 10
3.587496
 20
82.005424
 40
0.000000
 41
0.000000
 42
0.000000
  0
VERTEX
  8
BG_DIMENSION
 10
3.177540
 20
82.005424
 40
0.000000
 41
0.000000
 42
0.000000
  0
SEQEND
  0
POLYLINE
  8
BG_DIMENSION
 66
1
 70
0
 40
0.000000
 41
0.000000
 39
0.000000
  0
VERTEX
  8
BG_DIMENSION
 10
0.762000
 20
82.386424
 40
0.000000
 41
0.000000
 42
0.000000
  0
VERTEX
  8
BG_DIMENSION
 10
0.000000
 20
82.005424
 40
0.000000
 41
0.000000
 42
0.000000
  0
VERTEX
  8
BG_DIMENSION
 10
0.762000
 20
81.624424
 40
0.000000
 41
0.000000
 42
0.000000
  0
VERTEX
  8
BG_DIMENSION
 10
0.762000
 20
82.386424
 40
0.000000
 41
0.000000
 42
0.000000
  0
SEQEND
  0
POLYLINE
  8
BG_DIMENSION
 66
1
 70
0
 40
0.000000
 41
0.000000
 39
0.000000
  0
VERTEX
  8
BG_DIMENSION
 10
3.177540
 20
82.005424
 40
0.000000
 41
0.000000
 42
0.000000
  0
VERTEX
  8
BG_DIMENSION
 10
0.000000
 20
82.005424
 40
0.000000
 41
0.000000
 42
0.000000
  0
SEQEND
  0
POLYLINE
  8
BG_DIMENSION
 66
1
 70
0
 40
0.000000
 41
0.000000
 39
0.000000
  0
VERTEX
  8
BG_DIMENSION
 10
3.177540
 20
79.362452
 40
0.000000
 41
0.000000
 42
0.000000
  0
VERTEX
  8
BG_DIMENSION
 10
3.177540
 20
84.545424
 40
0.000000
 41
0.000000
 42
0.000000
  0
SEQEND
  0
POLYLINE
  8
BG_DIMENSION
 66
1
 70
0
 40
0.000000
 41
0.000000
 39
0.000000
  0
VERTEX
  8
BG_DIMENSION
 10
0.000000
 20
82.539992
 40
0.000000
 41
0.000000
 42
0.000000
  0
VERTEX
  8
BG_DIMENSION
 10
0.000000
 20
84.545424
 40
0.000000
 41
0.000000
 42
0.000000
  0
SEQEND
  0
TEXT
  8
BG_DIMENSION
 10
5.378196
 20
80.811624
 11
0.000000
 21
0.000000
 40
2.387600
 41
0.978723
 50
0.000000
  7
STANDARD
 71
0
 72
0
  1
3.18MM
 73
0
  0
POLYLINE
  8
BG_DIMENSION
 66
1
 70
0
 40
0.000000
 41
0.000000
 39
0.000000
  0
VERTEX
  8
BG_DIMENSION
 10
-1.756664
 20
79.237992
 40
0.000000
 41
0.000000
 42
0.000000
  0
VERTEX
  8
BG_DIMENSION
 10
-2.137664
 20
79.999992
 40
0.000000
 41
0.000000
 42
0.000000
  0
VERTEX
  8
BG_DIMENSION
 10
-2.518664
 20
79.237992
 40
0.000000
 41
0.000000
 42
0.000000
  0
VERTEX
  8
BG_DIMENSION
 10
-1.756664
 20
79.237992
 40
0.000000
 41
0.000000
 42
0.000000
  0
SEQEND
  0
POLYLINE
  8
BG_DIMENSION
 66
1
 70
0
 40
0.000000
 41
0.000000
 39
0.000000
  0
VERTEX
  8
BG_DIMENSION
 10
-2.137664
 20
76.822452
 40
0.000000
 41
0.000000
 42
0.000000
  0
VERTEX
  8
BG_DIMENSION
 10
-2.137664
 20
79.999992
 40
0.000000
 41
0.000000
 42
0.000000
  0
SEQEND
  0
POLYLINE
  8
BG_DIMENSION
 66
1
 70
0
 40
0.000000
 41
0.000000
 39
0.000000
  0
VERTEX
  8
BG_DIMENSION
 10
-2.518664
 20
77.584452
 40
0.000000
 41
0.000000
 42
0.000000
  0
VERTEX
  8
BG_DIMENSION
 10
-2.137664
 20
76.822452
 40
0.000000
 41
0.000000
 42
0.000000
  0
VERTEX
  8
BG_DIMENSION
 10
-1.756664
 20
77.584452
 40
0.000000
 41
0.000000
 42
0.000000
  0
VERTEX
  8
BG_DIMENSION
 10
-2.518664
 20
77.584452
 40
0.000000
 41
0.000000
 42
0.000000
  0
SEQEND
  0
POLYLINE
  8
BG_DIMENSION
 66
1
 70
0
 40
0.000000
 41
0.000000
 39
0.000000
  0
VERTEX
  8
BG_DIMENSION
 10
-2.137664
 20
77.628750
 40
0.000000
 41
0.000000
 42
0.000000
  0
VERTEX
  8
BG_DIMENSION
 10
-2.137664
 20
76.822452
 40
0.000000
 41
0.000000
 42
0.000000
  0
SEQEND
  0
POLYLINE
  8
BG_DIMENSION
 66
1
 70
0
 40
0.000000
 41
0.000000
 39
0.000000
  0
VERTEX
  8
BG_DIMENSION
 10
0.637540
 20
76.822452
 40
0.000000
 41
0.000000
 42
0.000000
  0
VERTEX
  8
BG_DIMENSION
 10
-4.677664
 20
76.822452
 40
0.000000
 41
0.000000
 42
0.000000
  0
SEQEND
  0
POLYLINE
  8
BG_DIMENSION
 66
1
 70
0
 40
0.000000
 41
0.000000
 39
0.000000
  0
VERTEX
  8
BG_DIMENSION
 10
-2.540000
 20
79.999992
 40
0.000000
 41
0.000000
 42
0.000000
  0
VERTEX
  8
BG_DIMENSION
 10
-4.677664
 20
79.999992
 40
0.000000
 41
0.000000
 42
0.000000
  0
SEQEND
  0
TEXT
  8
BG_DIMENSION
 10
-0.943864
 20
62.401450
 11
0.000000
 21
0.000000
 40
2.387600
 41
0.978723
 50
90.000000
  7
STANDARD
 71
0
 72
0
  1
3.18MM
 73
0
  0
POLYLINE
  8
BG_DIMENSION
 66
1
 70
0
 40
0.000000
 41
0.000000
 39
0.000000
  0
VERTEX
  8
BG_DIMENSION
 10
-6.224016
 20
76.189992
 40
0.000000
 41
0.000000
 42
0.000000
  0
VERTEX
  8
BG_DIMENSION
 10
-6.859016
 20
79.999992
 40
0.000000
 41
0.000000
 42
0.000000
  0
VERTEX
  8
BG_DIMENSION
 10
-7.494016
 20
76.189992
 40
0.000000
 41
0.000000
 42
0.000000
  0
VERTEX
  8
BG_DIMENSION
 10
-6.224016
 20
76.189992
 40
0.000000
 41
0.000000
 42
0.000000
  0
SEQEND
  0
POLYLINE
  8
BG_DIMENSION
 66
1
 70
0
 40
0.000000
 41
0.000000
 39
0.000000
  0
VERTEX
  8
BG_DIMENSION
 10
-6.859016
 20
44.784264
 40
0.000000
 41
0.000000
 42
0.000000
  0
VERTEX
  8
BG_DIMENSION
 10
-6.859016
 20
79.999992
 40
0.000000
 41
0.000000
 42
0.000000
  0
SEQEND
  0
POLYLINE
  8
BG_DIMENSION
 66
1
 70
0
 40
0.000000
 41
0.000000
 39
0.000000
  0
VERTEX
  8
BG_DIMENSION
 10
-7.494016
 20
3.810000
 40
0.000000
 41
0.000000
 42
0.000000
  0
VERTEX
  8
BG_DIMENSION
 10
-6.859016
 20
0.000000
 40
0.000000
 41
0.000000
 42
0.000000
  0
VERTEX
  8
BG_DIMENSION
 10
-6.224016
 20
3.810000
 40
0.000000
 41
0.000000
 42
0.000000
  0
VERTEX
  8
BG_DIMENSION
 10
-7.494016
 20
3.810000
 40
0.000000
 41
0.000000
 42
0.000000
  0
SEQEND
  0
POLYLINE
  8
BG_DIMENSION
 66
1
 70
0
 40
0.000000
 41
0.000000
 39
0.000000
  0
VERTEX
  8
BG_DIMENSION
 10
-6.859016
 20
32.439864
 40
0.000000
 41
0.000000
 42
0.000000
  0
VERTEX
  8
BG_DIMENSION
 10
-6.859016
 20
0.000000
 40
0.000000
 41
0.000000
 42
0.000000
  0
SEQEND
  0
POLYLINE
  8
BG_DIMENSION
 66
1
 70
0
 40
0.000000
 41
0.000000
 39
0.000000
  0
VERTEX
  8
BG_DIMENSION
 10
-2.540000
 20
0.000000
 40
0.000000
 41
0.000000
 42
0.000000
  0
VERTEX
  8
BG_DIMENSION
 10
-9.399016
 20
0.000000
 40
0.000000
 41
0.000000
 42
0.000000
  0
SEQEND
  0
POLYLINE
  8
BG_DIMENSION
 66
1
 70
0
 40
0.000000
 41
0.000000
 39
0.000000
  0
VERTEX
  8
BG_DIMENSION
 10
-2.540000
 20
79.999992
 40
0.000000
 41
0.000000
 42
0.000000
  0
VERTEX
  8
BG_DIMENSION
 10
-9.399016
 20
79.999992
 40
0.000000
 41
0.000000
 42
0.000000
  0
SEQEND
  0
TEXT
  8
BG_DIMENSION
 10
-5.665216
 20
34.230564
 11
0.000000
 21
0.000000
 40
2.387600
 41
0.978723
 50
90.000000
  7
STANDARD
 71
0
 72
0
  1
80MM
 73
0
  0
POLYLINE
  8
BG_DIMENSION
 66
1
 70
0
 40
0.000000
 41
0.000000
 39
0.000000
  0
VERTEX
  8
BG_DIMENSION
 10
76.189992
 20
83.387946
 40
0.000000
 41
0.000000
 42
0.000000
  0
VERTEX
  8
BG_DIMENSION
 10
79.999992
 20
84.022946
 40
0.000000
 41
0.000000
 42
0.000000
  0
VERTEX
  8
BG_DIMENSION
 10
76.189992
 20
84.657946
 40
0.000000
 41
0.000000
 42
0.000000
  0
VERTEX
  8
BG_DIMENSION
 10
76.189992
 20
83.387946
 40
0.000000
 41
0.000000
 42
0.000000
  0
SEQEND
  0
POLYLINE
  8
BG_DIMENSION
 66
1
 70
0
 40
0.000000
 41
0.000000
 39
0.000000
  0
VERTEX
  8
BG_DIMENSION
 10
45.004228
 20
84.022946
 40
0.000000
 41
0.000000
 42
0.000000
  0
VERTEX
  8
BG_DIMENSION
 10
79.999992
 20
84.022946
 40
0.000000
 41
0.000000
 42
0.000000
  0
SEQEND
  0
POLYLINE
  8
BG_DIMENSION
 66
1
 70
0
 40
0.000000
 41
0.000000
 39
0.000000
  0
VERTEX
  8
BG_DIMENSION
 10
3.810000
 20
84.657946
 40
0.000000
 41
0.000000
 42
0.000000
  0
VERTEX
  8
BG_DIMENSION
 10
0.000000
 20
84.022946
 40
0.000000
 41
0.000000
 42
0.000000
  0
VERTEX
  8
BG_DIMENSION
 10
3.810000
 20
83.387946
 40
0.000000
 41
0.000000
 42
0.000000
  0
VERTEX
  8
BG_DIMENSION
 10
3.810000
 20
84.657946
 40
0.000000
 41
0.000000
 42
0.000000
  0
SEQEND
  0
POLYLINE
  8
BG_DIMENSION
 66
1
 70
0
 40
0.000000
 41
0.000000
 39
0.000000
  0
VERTEX
  8
BG_DIMENSION
 10
32.659828
 20
84.022946
 40
0.000000
 41
0.000000
 42
0.000000
  0
VERTEX
  8
BG_DIMENSION
 10
0.000000
 20
84.022946
 40
0.000000
 41
0.000000
 42
0.000000
  0
SEQEND
  0
POLYLINE
  8
BG_DIMENSION
 66
1
 70
0
 40
0.000000
 41
0.000000
 39
0.000000
  0
VERTEX
  8
BG_DIMENSION
 10
79.999992
 20
82.539992
 40
0.000000
 41
0.000000
 42
0.000000
  0
VERTEX
  8
BG_DIMENSION
 10
79.999992
 20
86.562946
 40
0.000000
 41
0.000000
 42
0.000000
  0
SEQEND
  0
POLYLINE
  8
BG_DIMENSION
 66
1
 70
0
 40
0.000000
 41
0.000000
 39
0.000000
  0
VERTEX
  8
BG_DIMENSION
 10
0.000000
 20
82.539992
 40
0.000000
 41
0.000000
 42
0.000000
  0
VERTEX
  8
BG_DIMENSION
 10
0.000000
 20
86.562946
 40
0.000000
 41
0.000000
 42
0.000000
  0
SEQEND
  0
TEXT
  8
BG_DIMENSION
 10
34.450528
 20
82.829146
 11
0.000000
 21
0.000000
 40
2.387600
 41
0.978723
 50
0.000000
  7
STANDARD
 71
0
 72
0
  1
80MM
 73
0
  0
POLYLINE
  8
PIN_TOP
 66
1
 70
1
 40
0.000000
 41
0.000000
 39
0.000000
  0
VERTEX
  8
PIN_TOP
 10
71.370914
 20
67.194354
 40
0.000000
 41
0.000000
 42
0.000000
  0
VERTEX
  8
PIN_TOP
 10
71.070915
 20
67.194354
 40
0.000000
 41
0.000000
 42
0.000000
  0
VERTEX
  8
PIN_TOP
 10
71.070915
 20
68.194352
 40
0.000000
 41
0.000000
 42
0.000000
  0
VERTEX
  8
PIN_TOP
 10
71.370914
 20
68.194352
 40
0.000000
 41
0.000000
 42
0.000000
  0
SEQEND
  0
POLYLINE
  8
PIN_TOP
 66
1
 70
1
 40
0.000000
 41
0.000000
 39
0.000000
  0
VERTEX
  8
PIN_TOP
 10
67.970921
 20
67.194354
 40
0.000000
 41
0.000000
 42
0.000000
  0
VERTEX
  8
PIN_TOP
 10
67.670921
 20
67.194354
 40
0.000000
 41
0.000000
 42
0.000000
  0
VERTEX
  8
PIN_TOP
 10
67.670921
 20
68.194352
 40
0.000000
 41
0.000000
 42
0.000000
  0
VERTEX
  8
PIN_TOP
 10
67.970921
 20
68.194352
 40
0.000000
 41
0.000000
 42
0.000000
  0
SEQEND
  0
POLYLINE
  8
PIN_TOP
 66
1
 70
1
 40
0.000000
 41
0.000000
 39
0.000000
  0
VERTEX
  8
PIN_TOP
 10
67.970921
 20
69.994551
 40
0.000000
 41
0.000000
 42
0.000000
  0
VERTEX
  8
PIN_TOP
 10
67.670921
 20
69.994551
 40
0.000000
 41
0.000000
 42
0.000000
  0
VERTEX
  8
PIN_TOP
 10
67.670921
 20
70.994549
 40
0.000000
 41
0.000000
 42
0.000000
  0
VERTEX
  8
PIN_TOP
 10
67.970921
 20
70.994549
 40
0.000000
 41
0.000000
 42
0.000000
  0
SEQEND
  0
POLYLINE
  8
PIN_TOP
 66
1
 70
1
 40
0.000000
 41
0.000000
 39
0.000000
  0
VERTEX
  8
PIN_TOP
 10
69.320867
 20
68.644453
 40
0.000000
 41
0.000000
 42
0.000000
  0
VERTEX
  8
PIN_TOP
 10
67.120973
 20
68.644453
 40
0.000000
 41
0.000000
 42
0.000000
  0
VERTEX
  8
PIN_TOP
 10
67.120973
 20
68.944452
 40
0.000000
 41
0.000000
 42
0.000000
  0
VERTEX
  8
PIN_TOP
 10
69.320867
 20
68.944452
 40
0.000000
 41
0.000000
 42
0.000000
  0
SEQEND
  0
POLYLINE
  8
PIN_TOP
 66
1
 70
1
 40
0.000000
 41
0.000000
 39
0.000000
  0
VERTEX
  8
PIN_TOP
 10
69.320867
 20
69.244451
 40
0.000000
 41
0.000000
 42
0.000000
  0
VERTEX
  8
PIN_TOP
 10
67.120973
 20
69.244451
 40
0.000000
 41
0.000000
 42
0.000000
  0
VERTEX
  8
PIN_TOP
 10
67.120973
 20
69.544451
 40
0.000000
 41
0.000000
 42
0.000000
  0
VERTEX
  8
PIN_TOP
 10
69.320867
 20
69.544451
 40
0.000000
 41
0.000000
 42
0.000000
  0
SEQEND
  0
POLYLINE
  8
PIN_TOP
 66
1
 70
1
 40
0.000000
 41
0.000000
 39
0.000000
  0
VERTEX
  8
PIN_TOP
 10
68.420869
 20
69.994551
 40
0.000000
 41
0.000000
 42
0.000000
  0
VERTEX
  8
PIN_TOP
 10
68.220971
 20
69.994551
 40
0.000000
 41
0.000000
 42
0.000000
  0
VERTEX
  8
PIN_TOP
 10
68.220971
 20
70.994549
 40
0.000000
 41
0.000000
 42
0.000000
  0
VERTEX
  8
PIN_TOP
 10
68.420869
 20
70.994549
 40
0.000000
 41
0.000000
 42
0.000000
  0
SEQEND
  0
POLYLINE
  8
PIN_TOP
 66
1
 70
1
 40
0.000000
 41
0.000000
 39
0.000000
  0
VERTEX
  8
PIN_TOP
 10
68.820868
 20
69.994551
 40
0.000000
 41
0.000000
 42
0.000000
  0
VERTEX
  8
PIN_TOP
 10
68.620970
 20
69.994551
 40
0.000000
 41
0.000000
 42
0.000000
  0
VERTEX
  8
PIN_TOP
 10
68.620970
 20
70.994549
 40
0.000000
 41
0.000000
 42
0.000000
  0
VERTEX
  8
PIN_TOP
 10
68.820868
 20
70.994549
 40
0.000000
 41
0.000000
 42
0.000000
  0
SEQEND
  0
POLYLINE
  8
PIN_TOP
 66
1
 70
1
 40
0.000000
 41
0.000000
 39
0.000000
  0
VERTEX
  8
PIN_TOP
 10
69.220867
 20
69.994551
 40
0.000000
 41
0.000000
 42
0.000000
  0
VERTEX
  8
PIN_TOP
 10
69.020969
 20
69.994551
 40
0.000000
 41
0.000000
 42
0.000000
  0
VERTEX
  8
PIN_TOP
 10
69.020969
 20
70.994549
 40
0.000000
 41
0.000000
 42
0.000000
  0
VERTEX
  8
PIN_TOP
 10
69.220867
 20
70.994549
 40
0.000000
 41
0.000000
 42
0.000000
  0
SEQEND
  0
POLYLINE
  8
PIN_TOP
 66
1
 70
1
 40
0.000000
 41
0.000000
 39
0.000000
  0
VERTEX
  8
PIN_TOP
 10
69.620867
 20
69.994551
 40
0.000000
 41
0.000000
 42
0.000000
  0
VERTEX
  8
PIN_TOP
 10
69.420969
 20
69.994551
 40
0.000000
 41
0.000000
 42
0.000000
  0
VERTEX
  8
PIN_TOP
 10
69.420969
 20
70.994549
 40
0.000000
 41
0.000000
 42
0.000000
  0
VERTEX
  8
PIN_TOP
 10
69.620867
 20
70.994549
 40
0.000000
 41
0.000000
 42
0.000000
  0
SEQEND
  0
POLYLINE
  8
PIN_TOP
 66
1
 70
1
 40
0.000000
 41
0.000000
 39
0.000000
  0
VERTEX
  8
PIN_TOP
 10
70.020866
 20
69.994551
 40
0.000000
 41
0.000000
 42
0.000000
  0
VERTEX
  8
PIN_TOP
 10
69.820968
 20
69.994551
 40
0.000000
 41
0.000000
 42
0.000000
  0
VERTEX
  8
PIN_TOP
 10
69.820968
 20
70.994549
 40
0.000000
 41
0.000000
 42
0.000000
  0
VERTEX
  8
PIN_TOP
 10
70.020866
 20
70.994549
 40
0.000000
 41
0.000000
 42
0.000000
  0
SEQEND
  0
POLYLINE
  8
PIN_TOP
 66
1
 70
1
 40
0.000000
 41
0.000000
 39
0.000000
  0
VERTEX
  8
PIN_TOP
 10
70.420865
 20
69.994551
 40
0.000000
 41
0.000000
 42
0.000000
  0
VERTEX
  8
PIN_TOP
 10
70.220967
 20
69.994551
 40
0.000000
 41
0.000000
 42
0.000000
  0
VERTEX
  8
PIN_TOP
 10
70.220967
 20
70.994549
 40
0.000000
 41
0.000000
 42
0.000000
  0
VERTEX
  8
PIN_TOP
 10
70.420865
 20
70.994549
 40
0.000000
 41
0.000000
 42
0.000000
  0
SEQEND
  0
POLYLINE
  8
PIN_TOP
 66
1
 70
1
 40
0.000000
 41
0.000000
 39
0.000000
  0
VERTEX
  8
PIN_TOP
 10
70.820864
 20
69.994551
 40
0.000000
 41
0.000000
 42
0.000000
  0
VERTEX
  8
PIN_TOP
 10
70.620966
 20
69.994551
 40
0.000000
 41
0.000000
 42
0.000000
  0
VERTEX
  8
PIN_TOP
 10
70.620966
 20
70.994549
 40
0.000000
 41
0.000000
 42
0.000000
  0
VERTEX
  8
PIN_TOP
 10
70.820864
 20
70.994549
 40
0.000000
 41
0.000000
 42
0.000000
  0
SEQEND
  0
POLYLINE
  8
PIN_TOP
 66
1
 70
1
 40
0.000000
 41
0.000000
 39
0.000000
  0
VERTEX
  8
PIN_TOP
 10
70.820864
 20
67.194354
 40
0.000000
 41
0.000000
 42
0.000000
  0
VERTEX
  8
PIN_TOP
 10
70.620966
 20
67.194354
 40
0.000000
 41
0.000000
 42
0.000000
  0
VERTEX
  8
PIN_TOP
 10
70.620966
 20
68.194352
 40
0.000000
 41
0.000000
 42
0.000000
  0
VERTEX
  8
PIN_TOP
 10
70.820864
 20
68.194352
 40
0.000000
 41
0.000000
 42
0.000000
  0
SEQEND
  0
POLYLINE
  8
PIN_TOP
 66
1
 70
1
 40
0.000000
 41
0.000000
 39
0.000000
  0
VERTEX
  8
PIN_TOP
 10
70.420865
 20
67.194354
 40
0.000000
 41
0.000000
 42
0.000000
  0
VERTEX
  8
PIN_TOP
 10
70.220967
 20
67.194354
 40
0.000000
 41
0.000000
 42
0.000000
  0
VERTEX
  8
PIN_TOP
 10
70.220967
 20
68.194352
 40
0.000000
 41
0.000000
 42
0.000000
  0
VERTEX
  8
PIN_TOP
 10
70.420865
 20
68.194352
 40
0.000000
 41
0.000000
 42
0.000000
  0
SEQEND
  0
POLYLINE
  8
PIN_TOP
 66
1
 70
1
 40
0.000000
 41
0.000000
 39
0.000000
  0
VERTEX
  8
PIN_TOP
 10
70.020866
 20
67.194354
 40
0.000000
 41
0.000000
 42
0.000000
  0
VERTEX
  8
PIN_TOP
 10
69.820968
 20
67.194354
 40
0.000000
 41
0.000000
 42
0.000000
  0
VERTEX
  8
PIN_TOP
 10
69.820968
 20
68.194352
 40
0.000000
 41
0.000000
 42
0.000000
  0
VERTEX
  8
PIN_TOP
 10
70.020866
 20
68.194352
 40
0.000000
 41
0.000000
 42
0.000000
  0
SEQEND
  0
POLYLINE
  8
PIN_TOP
 66
1
 70
1
 40
0.000000
 41
0.000000
 39
0.000000
  0
VERTEX
  8
PIN_TOP
 10
69.620867
 20
67.194354
 40
0.000000
 41
0.000000
 42
0.000000
  0
VERTEX
  8
PIN_TOP
 10
69.420969
 20
67.194354
 40
0.000000
 41
0.000000
 42
0.000000
  0
VERTEX
  8
PIN_TOP
 10
69.420969
 20
68.194352
 40
0.000000
 41
0.000000
 42
0.000000
  0
VERTEX
  8
PIN_TOP
 10
69.620867
 20
68.194352
 40
0.000000
 41
0.000000
 42
0.000000
  0
SEQEND
  0
POLYLINE
  8
PIN_TOP
 66
1
 70
1
 40
0.000000
 41
0.000000
 39
0.000000
  0
VERTEX
  8
PIN_TOP
 10
69.220867
 20
67.194354
 40
0.000000
 41
0.000000
 42
0.000000
  0
VERTEX
  8
PIN_TOP
 10
69.020969
 20
67.194354
 40
0.000000
 41
0.000000
 42
0.000000
  0
VERTEX
  8
PIN_TOP
 10
69.020969
 20
68.194352
 40
0.000000
 41
0.000000
 42
0.000000
  0
VERTEX
  8
PIN_TOP
 10
69.220867
 20
68.194352
 40
0.000000
 41
0.000000
 42
0.000000
  0
SEQEND
  0
POLYLINE
  8
PIN_TOP
 66
1
 70
1
 40
0.000000
 41
0.000000
 39
0.000000
  0
VERTEX
  8
PIN_TOP
 10
68.820868
 20
67.194354
 40
0.000000
 41
0.000000
 42
0.000000
  0
VERTEX
  8
PIN_TOP
 10
68.620970
 20
67.194354
 40
0.000000
 41
0.000000
 42
0.000000
  0
VERTEX
  8
PIN_TOP
 10
68.620970
 20
68.194352
 40
0.000000
 41
0.000000
 42
0.000000
  0
VERTEX
  8
PIN_TOP
 10
68.820868
 20
68.194352
 40
0.000000
 41
0.000000
 42
0.000000
  0
SEQEND
  0
POLYLINE
  8
PIN_TOP
 66
1
 70
1
 40
0.000000
 41
0.000000
 39
0.000000
  0
VERTEX
  8
PIN_TOP
 10
68.420869
 20
67.194354
 40
0.000000
 41
0.000000
 42
0.000000
  0
VERTEX
  8
PIN_TOP
 10
68.220971
 20
67.194354
 40
0.000000
 41
0.000000
 42
0.000000
  0
VERTEX
  8
PIN_TOP
 10
68.220971
 20
68.194352
 40
0.000000
 41
0.000000
 42
0.000000
  0
VERTEX
  8
PIN_TOP
 10
68.420869
 20
68.194352
 40
0.000000
 41
0.000000
 42
0.000000
  0
SEQEND
  0
POLYLINE
  8
PIN_TOP
 66
1
 70
1
 40
0.000000
 41
0.000000
 39
0.000000
  0
VERTEX
  8
PIN_TOP
 10
68.220920
 20
69.994450
 40
0.000000
 41
0.000000
 42
0.000000
  0
VERTEX
  8
PIN_TOP
 10
68.220920
 20
70.344462
 40
0.000000
 41
0.000000
 42
0.000000
  0
VERTEX
  8
PIN_TOP
 10
71.070826
 20
70.344462
 40
0.000000
 41
0.000000
 42
0.000000
  0
VERTEX
  8
PIN_TOP
 10
71.070826
 20
70.994651
 40
0.000000
 41
0.000000
 42
0.000000
  0
VERTEX
  8
PIN_TOP
 10
71.371130
 20
70.994651
 40
0.000000
 41
0.000000
 42
0.000000
  0
VERTEX
  8
PIN_TOP
 10
71.371130
 20
69.994450
 40
0.000000
 41
0.000000
 42
0.000000
  0
SEQEND
  0
POLYLINE
  8
PIN_TOP
 66
1
 70
1
 40
0.000000
 41
0.000000
 39
0.000000
  0
VERTEX
  8
PIN_TOP
 10
71.920862
 20
68.644453
 40
0.000000
 41
0.000000
 42
0.000000
  0
VERTEX
  8
PIN_TOP
 10
69.720968
 20
68.644453
 40
0.000000
 41
0.000000
 42
0.000000
  0
VERTEX
  8
PIN_TOP
 10
69.720968
 20
68.944452
 40
0.000000
 41
0.000000
 42
0.000000
  0
VERTEX
  8
PIN_TOP
 10
71.920862
 20
68.944452
 40
0.000000
 41
0.000000
 42
0.000000
  0
SEQEND
  0
POLYLINE
  8
PG_SILKSCREEN_TOP
 66
1
 70
0
 40
0.000000
 41
0.000000
 39
0.000000
  0
VERTEX
  8
PG_SILKSCREEN_TOP
 10
67.520922
 20
70.594550
 40
0.152400
 41
0.152400
 42
0.000000
  0
VERTEX
  8
PG_SILKSCREEN_TOP
 10
67.520922
 20
69.678652
 40
0.152400
 41
0.152400
 42
0.000000
  0
SEQEND
  0
POLYLINE
  8
PG_SILKSCREEN_TOP
 66
1
 70
0
 40
0.000000
 41
0.000000
 39
0.000000
  0
VERTEX
  8
PG_SILKSCREEN_TOP
 10
71.520914
 20
69.094452
 40
0.152400
 41
0.152400
 42
0.000000
  0
VERTEX
  8
PG_SILKSCREEN_TOP
 10
71.520914
 20
70.594550
 40
0.152400
 41
0.152400
 42
0.000000
  0
SEQEND
  0
POLYLINE
  8
PG_SILKSCREEN_TOP
 66
1
 70
0
 40
0.000000
 41
0.000000
 39
0.000000
  0
VERTEX
  8
PG_SILKSCREEN_TOP
 10
67.520922
 20
68.510252
 40
0.152400
 41
0.152400
 42
0.000000
  0
VERTEX
  8
PG_SILKSCREEN_TOP
 10
67.520922
 20
67.594353
 40
0.152400
 41
0.152400
 42
0.000000
  0
SEQEND
  0
POLYLINE
  8
PG_SILKSCREEN_TOP
 66
1
 70
0
 40
0.000000
 41
0.000000
 39
0.000000
  0
VERTEX
  8
PG_SILKSCREEN_TOP
 10
71.520914
 20
67.594353
 40
0.152400
 41
0.152400
 42
0.000000
  0
VERTEX
  8
PG_SILKSCREEN_TOP
 10
71.520914
 20
68.459452
 40
0.152400
 41
0.152400
 42
0.000000
  0
SEQEND
  0
POLYLINE
  8
PG_SILKSCREEN_TOP
 66
1
 70
1
 40
0.000000
 41
0.000000
 39
0.000000
  0
VERTEX
  8
PG_SILKSCREEN_TOP
 10
67.426916
 20
67.614444
 40
0.000000
 41
0.000000
 42
1.000000
  0
VERTEX
  8
PG_SILKSCREEN_TOP
 10
67.154919
 20
67.614459
 40
0.000000
 41
0.000000
 42
1.000000
  0
SEQEND
  0
POLYLINE
  8
PIN_TOP
 66
1
 70
1
 40
0.000000
 41
0.000000
 39
0.000000
  0
VERTEX
  8
PIN_TOP
 10
56.981052
 20
68.715560
 40
0.000000
 41
0.000000
 42
0.000000
  0
VERTEX
  8
PIN_TOP
 10
56.681052
 20
68.715560
 40
0.000000
 41
0.000000
 42
0.000000
  0
VERTEX
  8
PIN_TOP
 10
56.681052
 20
69.715558
 40
0.000000
 41
0.000000
 42
0.000000
  0
VERTEX
  8
PIN_TOP
 10
56.981052
 20
69.715558
 40
0.000000
 41
0.000000
 42
0.000000
  0
SEQEND
  0
POLYLINE
  8
PIN_TOP
 66
1
 70
1
 40
0.000000
 41
0.000000
 39
0.000000
  0
VERTEX
  8
PIN_TOP
 10
53.581059
 20
68.715560
 40
0.000000
 41
0.000000
 42
0.000000
  0
VERTEX
  8
PIN_TOP
 10
53.281059
 20
68.715560
 40
0.000000
 41
0.000000
 42
0.000000
  0
VERTEX
  8
PIN_TOP
 10
53.281059
 20
69.715558
 40
0.000000
 41
0.000000
 42
0.000000
  0
VERTEX
  8
PIN_TOP
 10
53.581059
 20
69.715558
 40
0.000000
 41
0.000000
 42
0.000000
  0
SEQEND
  0
POLYLINE
  8
PIN_TOP
 66
1
 70
1
 40
0.000000
 41
0.000000
 39
0.000000
  0
VERTEX
  8
PIN_TOP
 10
53.581059
 20
71.515757
 40
0.000000
 41
0.000000
 42
0.000000
  0
VERTEX
  8
PIN_TOP
 10
53.281059
 20
71.515757
 40
0.000000
 41
0.000000
 42
0.000000
  0
VERTEX
  8
PIN_TOP
 10
53.281059
 20
72.515755
 40
0.000000
 41
0.000000
 42
0.000000
  0
VERTEX
  8
PIN_TOP
 10
53.581059
 20
72.515755
 40
0.000000
 41
0.000000
 42
0.000000
  0
SEQEND
  0
POLYLINE
  8
PIN_TOP
 66
1
 70
1
 40
0.000000
 41
0.000000
 39
0.000000
  0
VERTEX
  8
PIN_TOP
 10
54.931005
 20
70.165658
 40
0.000000
 41
0.000000
 42
0.000000
  0
VERTEX
  8
PIN_TOP
 10
52.731111
 20
70.165658
 40
0.000000
 41
0.000000
 42
0.000000
  0
VERTEX
  8
PIN_TOP
 10
52.731111
 20
70.465658
 40
0.000000
 41
0.000000
 42
0.000000
  0
VERTEX
  8
PIN_TOP
 10
54.931005
 20
70.465658
 40
0.000000
 41
0.000000
 42
0.000000
  0
SEQEND
  0
POLYLINE
  8
PIN_TOP
 66
1
 70
1
 40
0.000000
 41
0.000000
 39
0.000000
  0
VERTEX
  8
PIN_TOP
 10
54.931005
 20
70.765657
 40
0.000000
 41
0.000000
 42
0.000000
  0
VERTEX
  8
PIN_TOP
 10
52.731111
 20
70.765657
 40
0.000000
 41
0.000000
 42
0.000000
  0
VERTEX
  8
PIN_TOP
 10
52.731111
 20
71.065657
 40
0.000000
 41
0.000000
 42
0.000000
  0
VERTEX
  8
PIN_TOP
 10
54.931005
 20
71.065657
 40
0.000000
 41
0.000000
 42
0.000000
  0
SEQEND
  0
POLYLINE
  8
PIN_TOP
 66
1
 70
1
 40
0.000000
 41
0.000000
 39
0.000000
  0
VERTEX
  8
PIN_TOP
 10
54.031007
 20
71.515757
 40
0.000000
 41
0.000000
 42
0.000000
  0
VERTEX
  8
PIN_TOP
 10
53.831109
 20
71.515757
 40
0.000000
 41
0.000000
 42
0.000000
  0
VERTEX
  8
PIN_TOP
 10
53.831109
 20
72.515755
 40
0.000000
 41
0.000000
 42
0.000000
  0
VERTEX
  8
PIN_TOP
 10
54.031007
 20
72.515755
 40
0.000000
 41
0.000000
 42
0.000000
  0
SEQEND
  0
POLYLINE
  8
PIN_TOP
 66
1
 70
1
 40
0.000000
 41
0.000000
 39
0.000000
  0
VERTEX
  8
PIN_TOP
 10
54.431006
 20
71.515757
 40
0.000000
 41
0.000000
 42
0.000000
  0
VERTEX
  8
PIN_TOP
 10
54.231108
 20
71.515757
 40
0.000000
 41
0.000000
 42
0.000000
  0
VERTEX
  8
PIN_TOP
 10
54.231108
 20
72.515755
 40
0.000000
 41
0.000000
 42
0.000000
  0
VERTEX
  8
PIN_TOP
 10
54.431006
 20
72.515755
 40
0.000000
 41
0.000000
 42
0.000000
  0
SEQEND
  0
POLYLINE
  8
PIN_TOP
 66
1
 70
1
 40
0.000000
 41
0.000000
 39
0.000000
  0
VERTEX
  8
PIN_TOP
 10
54.831005
 20
71.515757
 40
0.000000
 41
0.000000
 42
0.000000
  0
VERTEX
  8
PIN_TOP
 10
54.631107
 20
71.515757
 40
0.000000
 41
0.000000
 42
0.000000
  0
VERTEX
  8
PIN_TOP
 10
54.631107
 20
72.515755
 40
0.000000
 41
0.000000
 42
0.000000
  0
VERTEX
  8
PIN_TOP
 10
54.831005
 20
72.515755
 40
0.000000
 41
0.000000
 42
0.000000
  0
SEQEND
  0
POLYLINE
  8
PIN_TOP
 66
1
 70
1
 40
0.000000
 41
0.000000
 39
0.000000
  0
VERTEX
  8
PIN_TOP
 10
55.231005
 20
71.515757
 40
0.000000
 41
0.000000
 42
0.000000
  0
VERTEX
  8
PIN_TOP
 10
55.031107
 20
71.515757
 40
0.000000
 41
0.000000
 42
0.000000
  0
VERTEX
  8
PIN_TOP
 10
55.031107
 20
72.515755
 40
0.000000
 41
0.000000
 42
0.000000
  0
VERTEX
  8
PIN_TOP
 10
55.231005
 20
72.515755
 40
0.000000
 41
0.000000
 42
0.000000
  0
SEQEND
  0
POLYLINE
  8
PIN_TOP
 66
1
 70
1
 40
0.000000
 41
0.000000
 39
0.000000
  0
VERTEX
  8
PIN_TOP
 10
55.631004
 20
71.515757
 40
0.000000
 41
0.000000
 42
0.000000
  0
VERTEX
  8
PIN_TOP
 10
55.431106
 20
71.515757
 40
0.000000
 41
0.000000
 42
0.000000
  0
VERTEX
  8
PIN_TOP
 10
55.431106
 20
72.515755
 40
0.000000
 41
0.000000
 42
0.000000
  0
VERTEX
  8
PIN_TOP
 10
55.631004
 20
72.515755
 40
0.000000
 41
0.000000
 42
0.000000
  0
SEQEND
  0
POLYLINE
  8
PIN_TOP
 66
1
 70
1
 40
0.000000
 41
0.000000
 39
0.000000
  0
VERTEX
  8
PIN_TOP
 10
56.031003
 20
71.515757
 40
0.000000
 41
0.000000
 42
0.000000
  0
VERTEX
  8
PIN_TOP
 10
55.831105
 20
71.515757
 40
0.000000
 41
0.000000
 42
0.000000
  0
VERTEX
  8
PIN_TOP
 10
55.831105
 20
72.515755
 40
0.000000
 41
0.000000
 42
0.000000
  0
VERTEX
  8
PIN_TOP
 10
56.031003
 20
72.515755
 40
0.000000
 41
0.000000
 42
0.000000
  0
SEQEND
  0
POLYLINE
  8
PIN_TOP
 66
1
 70
1
 40
0.000000
 41
0.000000
 39
0.000000
  0
VERTEX
  8
PIN_TOP
 10
56.431002
 20
71.515757
 40
0.000000
 41
0.000000
 42
0.000000
  0
VERTEX
  8
PIN_TOP
 10
56.231104
 20
71.515757
 40
0.000000
 41
0.000000
 42
0.000000
  0
VERTEX
  8
PIN_TOP
 10
56.231104
 20
72.515755
 40
0.000000
 41
0.000000
 42
0.000000
  0
VERTEX
  8
PIN_TOP
 10
56.431002
 20
72.515755
 40
0.000000
 41
0.000000
 42
0.000000
  0
SEQEND
  0
POLYLINE
  8
PIN_TOP
 66
1
 70
1
 40
0.000000
 41
0.000000
 39
0.000000
  0
VERTEX
  8
PIN_TOP
 10
56.431002
 20
68.715560
 40
0.000000
 41
0.000000
 42
0.000000
  0
VERTEX
  8
PIN_TOP
 10
56.231104
 20
68.715560
 40
0.000000
 41
0.000000
 42
0.000000
  0
VERTEX
  8
PIN_TOP
 10
56.231104
 20
69.715558
 40
0.000000
 41
0.000000
 42
0.000000
  0
VERTEX
  8
PIN_TOP
 10
56.431002
 20
69.715558
 40
0.000000
 41
0.000000
 42
0.000000
  0
SEQEND
  0
POLYLINE
  8
PIN_TOP
 66
1
 70
1
 40
0.000000
 41
0.000000
 39
0.000000
  0
VERTEX
  8
PIN_TOP
 10
56.031003
 20
68.715560
 40
0.000000
 41
0.000000
 42
0.000000
  0
VERTEX
  8
PIN_TOP
 10
55.831105
 20
68.715560
 40
0.000000
 41
0.000000
 42
0.000000
  0
VERTEX
  8
PIN_TOP
 10
55.831105
 20
69.715558
 40
0.000000
 41
0.000000
 42
0.000000
  0
VERTEX
  8
PIN_TOP
 10
56.031003
 20
69.715558
 40
0.000000
 41
0.000000
 42
0.000000
  0
SEQEND
  0
POLYLINE
  8
PIN_TOP
 66
1
 70
1
 40
0.000000
 41
0.000000
 39
0.000000
  0
VERTEX
  8
PIN_TOP
 10
55.631004
 20
68.715560
 40
0.000000
 41
0.000000
 42
0.000000
  0
VERTEX
  8
PIN_TOP
 10
55.431106
 20
68.715560
 40
0.000000
 41
0.000000
 42
0.000000
  0
VERTEX
  8
PIN_TOP
 10
55.431106
 20
69.715558
 40
0.000000
 41
0.000000
 42
0.000000
  0
VERTEX
  8
PIN_TOP
 10
55.631004
 20
69.715558
 40
0.000000
 41
0.000000
 42
0.000000
  0
SEQEND
  0
POLYLINE
  8
PIN_TOP
 66
1
 70
1
 40
0.000000
 41
0.000000
 39
0.000000
  0
VERTEX
  8
PIN_TOP
 10
55.231005
 20
68.715560
 40
0.000000
 41
0.000000
 42
0.000000
  0
VERTEX
  8
PIN_TOP
 10
55.031107
 20
68.715560
 40
0.000000
 41
0.000000
 42
0.000000
  0
VERTEX
  8
PIN_TOP
 10
55.031107
 20
69.715558
 40
0.000000
 41
0.000000
 42
0.000000
  0
VERTEX
  8
PIN_TOP
 10
55.231005
 20
69.715558
 40
0.000000
 41
0.000000
 42
0.000000
  0
SEQEND
  0
POLYLINE
  8
PIN_TOP
 66
1
 70
1
 40
0.000000
 41
0.000000
 39
0.000000
  0
VERTEX
  8
PIN_TOP
 10
54.831005
 20
68.715560
 40
0.000000
 41
0.000000
 42
0.000000
  0
VERTEX
  8
PIN_TOP
 10
54.631107
 20
68.715560
 40
0.000000
 41
0.000000
 42
0.000000
  0
VERTEX
  8
PIN_TOP
 10
54.631107
 20
69.715558
 40
0.000000
 41
0.000000
 42
0.000000
  0
VERTEX
  8
PIN_TOP
 10
54.831005
 20
69.715558
 40
0.000000
 41
0.000000
 42
0.000000
  0
SEQEND
  0
POLYLINE
  8
PIN_TOP
 66
1
 70
1
 40
0.000000
 41
0.000000
 39
0.000000
  0
VERTEX
  8
PIN_TOP
 10
54.431006
 20
68.715560
 40
0.000000
 41
0.000000
 42
0.000000
  0
VERTEX
  8
PIN_TOP
 10
54.231108
 20
68.715560
 40
0.000000
 41
0.000000
 42
0.000000
  0
VERTEX
  8
PIN_TOP
 10
54.231108
 20
69.715558
 40
0.000000
 41
0.000000
 42
0.000000
  0
VERTEX
  8
PIN_TOP
 10
54.431006
 20
69.715558
 40
0.000000
 41
0.000000
 42
0.000000
  0
SEQEND
  0
POLYLINE
  8
PIN_TOP
 66
1
 70
1
 40
0.000000
 41
0.000000
 39
0.000000
  0
VERTEX
  8
PIN_TOP
 10
54.031007
 20
68.715560
 40
0.000000
 41
0.000000
 42
0.000000
  0
VERTEX
  8
PIN_TOP
 10
53.831109
 20
68.715560
 40
0.000000
 41
0.000000
 42
0.000000
  0
VERTEX
  8
PIN_TOP
 10
53.831109
 20
69.715558
 40
0.000000
 41
0.000000
 42
0.000000
  0
VERTEX
  8
PIN_TOP
 10
54.031007
 20
69.715558
 40
0.000000
 41
0.000000
 42
0.000000
  0
SEQEND
  0
POLYLINE
  8
PIN_TOP
 66
1
 70
1
 40
0.000000
 41
0.000000
 39
0.000000
  0
VERTEX
  8
PIN_TOP
 10
53.831058
 20
71.515656
 40
0.000000
 41
0.000000
 42
0.000000
  0
VERTEX
  8
PIN_TOP
 10
53.831058
 20
71.865668
 40
0.000000
 41
0.000000
 42
0.000000
  0
VERTEX
  8
PIN_TOP
 10
56.680964
 20
71.865668
 40
0.000000
 41
0.000000
 42
0.000000
  0
VERTEX
  8
PIN_TOP
 10
56.680964
 20
72.515857
 40
0.000000
 41
0.000000
 42
0.000000
  0
VERTEX
  8
PIN_TOP
 10
56.981268
 20
72.515857
 40
0.000000
 41
0.000000
 42
0.000000
  0
VERTEX
  8
PIN_TOP
 10
56.981268
 20
71.515656
 40
0.000000
 41
0.000000
 42
0.000000
  0
SEQEND
  0
POLYLINE
  8
PIN_TOP
 66
1
 70
1
 40
0.000000
 41
0.000000
 39
0.000000
  0
VERTEX
  8
PIN_TOP
 10
57.531000
 20
70.165658
 40
0.000000
 41
0.000000
 42
0.000000
  0
VERTEX
  8
PIN_TOP
 10
55.331106
 20
70.165658
 40
0.000000
 41
0.000000
 42
0.000000
  0
VERTEX
  8
PIN_TOP
 10
55.331106
 20
70.465658
 40
0.000000
 41
0.000000
 42
0.000000
  0
VERTEX
  8
PIN_TOP
 10
57.531000
 20
70.465658
 40
0.000000
 41
0.000000
 42
0.000000
  0
SEQEND
  0
POLYLINE
  8
PG_SILKSCREEN_TOP
 66
1
 70
0
 40
0.000000
 41
0.000000
 39
0.000000
  0
VERTEX
  8
PG_SILKSCREEN_TOP
 10
53.131060
 20
72.115756
 40
0.152400
 41
0.152400
 42
0.000000
  0
VERTEX
  8
PG_SILKSCREEN_TOP
 10
53.131060
 20
71.199858
 40
0.152400
 41
0.152400
 42
0.000000
  0
SEQEND
  0
POLYLINE
  8
PG_SILKSCREEN_TOP
 66
1
 70
0
 40
0.000000
 41
0.000000
 39
0.000000
  0
VERTEX
  8
PG_SILKSCREEN_TOP
 10
57.131052
 20
70.615658
 40
0.152400
 41
0.152400
 42
0.000000
  0
VERTEX
  8
PG_SILKSCREEN_TOP
 10
57.131052
 20
72.115756
 40
0.152400
 41
0.152400
 42
0.000000
  0
SEQEND
  0
POLYLINE
  8
PG_SILKSCREEN_TOP
 66
1
 70
0
 40
0.000000
 41
0.000000
 39
0.000000
  0
VERTEX
  8
PG_SILKSCREEN_TOP
 10
53.131060
 20
70.031458
 40
0.152400
 41
0.152400
 42
0.000000
  0
VERTEX
  8
PG_SILKSCREEN_TOP
 10
53.131060
 20
69.115559
 40
0.152400
 41
0.152400
 42
0.000000
  0
SEQEND
  0
POLYLINE
  8
PG_SILKSCREEN_TOP
 66
1
 70
0
 40
0.000000
 41
0.000000
 39
0.000000
  0
VERTEX
  8
PG_SILKSCREEN_TOP
 10
57.131052
 20
69.115559
 40
0.152400
 41
0.152400
 42
0.000000
  0
VERTEX
  8
PG_SILKSCREEN_TOP
 10
57.131052
 20
69.980658
 40
0.152400
 41
0.152400
 42
0.000000
  0
SEQEND
  0
POLYLINE
  8
PG_SILKSCREEN_TOP
 66
1
 70
1
 40
0.000000
 41
0.000000
 39
0.000000
  0
VERTEX
  8
PG_SILKSCREEN_TOP
 10
53.037054
 20
69.135650
 40
0.000000
 41
0.000000
 42
1.000000
  0
VERTEX
  8
PG_SILKSCREEN_TOP
 10
52.765057
 20
69.135665
 40
0.000000
 41
0.000000
 42
1.000000
  0
SEQEND
  0
CIRCLE
  8
PIN_TOP
 10
28.256865
 20
5.634076
 40
0.228600
  0
CIRCLE
  8
PIN_TOP
 10
28.256865
 20
6.434176
 40
0.228600
  0
POLYLINE
  8
PG_SILKSCREEN_TOP
 66
1
 70
0
 40
0.000000
 41
0.000000
 39
0.000000
  0
VERTEX
  8
PG_SILKSCREEN_TOP
 10
28.637865
 20
6.879438
 40
0.100076
 41
0.100076
 42
0.000000
  0
VERTEX
  8
PG_SILKSCREEN_TOP
 10
27.875865
 20
6.879438
 40
0.100076
 41
0.100076
 42
0.000000
  0
VERTEX
  8
PG_SILKSCREEN_TOP
 10
27.875865
 20
5.188814
 40
0.100076
 41
0.100076
 42
0.000000
  0
VERTEX
  8
PG_SILKSCREEN_TOP
 10
28.637865
 20
5.188814
 40
0.100076
 41
0.100076
 42
0.000000
  0
VERTEX
  8
PG_SILKSCREEN_TOP
 10
28.637865
 20
6.879438
 40
0.100076
 41
0.100076
 42
0.000000
  0
SEQEND
  0
CIRCLE
  8
PIN_TOP
 10
27.297939
 20
5.634076
 40
0.228600
  0
CIRCLE
  8
PIN_TOP
 10
27.297939
 20
6.434176
 40
0.228600
  0
POLYLINE
  8
PG_SILKSCREEN_TOP
 66
1
 70
0
 40
0.000000
 41
0.000000
 39
0.000000
  0
VERTEX
  8
PG_SILKSCREEN_TOP
 10
27.678939
 20
6.879438
 40
0.100076
 41
0.100076
 42
0.000000
  0
VERTEX
  8
PG_SILKSCREEN_TOP
 10
26.916939
 20
6.879438
 40
0.100076
 41
0.100076
 42
0.000000
  0
VERTEX
  8
PG_SILKSCREEN_TOP
 10
26.916939
 20
5.188814
 40
0.100076
 41
0.100076
 42
0.000000
  0
VERTEX
  8
PG_SILKSCREEN_TOP
 10
27.678939
 20
5.188814
 40
0.100076
 41
0.100076
 42
0.000000
  0
VERTEX
  8
PG_SILKSCREEN_TOP
 10
27.678939
 20
6.879438
 40
0.100076
 41
0.100076
 42
0.000000
  0
SEQEND
  0
CIRCLE
  8
PIN_TOP
 10
23.500842
 20
5.612638
 40
0.228600
  0
CIRCLE
  8
PIN_TOP
 10
23.500842
 20
6.412738
 40
0.228600
  0
POLYLINE
  8
PG_SILKSCREEN_TOP
 66
1
 70
0
 40
0.000000
 41
0.000000
 39
0.000000
  0
VERTEX
  8
PG_SILKSCREEN_TOP
 10
23.881842
 20
6.858000
 40
0.100076
 41
0.100076
 42
0.000000
  0
VERTEX
  8
PG_SILKSCREEN_TOP
 10
23.119842
 20
6.858000
 40
0.100076
 41
0.100076
 42
0.000000
  0
VERTEX
  8
PG_SILKSCREEN_TOP
 10
23.119842
 20
5.167376
 40
0.100076
 41
0.100076
 42
0.000000
  0
VERTEX
  8
PG_SILKSCREEN_TOP
 10
23.881842
 20
5.167376
 40
0.100076
 41
0.100076
 42
0.000000
  0
VERTEX
  8
PG_SILKSCREEN_TOP
 10
23.881842
 20
6.858000
 40
0.100076
 41
0.100076
 42
0.000000
  0
SEQEND
  0
CIRCLE
  8
PIN_TOP
 10
26.339013
 20
5.634076
 40
0.228600
  0
CIRCLE
  8
PIN_TOP
 10
26.339013
 20
6.434176
 40
0.228600
  0
POLYLINE
  8
PG_SILKSCREEN_TOP
 66
1
 70
0
 40
0.000000
 41
0.000000
 39
0.000000
  0
VERTEX
  8
PG_SILKSCREEN_TOP
 10
26.720013
 20
6.879438
 40
0.100076
 41
0.100076
 42
0.000000
  0
VERTEX
  8
PG_SILKSCREEN_TOP
 10
25.958013
 20
6.879438
 40
0.100076
 41
0.100076
 42
0.000000
  0
VERTEX
  8
PG_SILKSCREEN_TOP
 10
25.958013
 20
5.188814
 40
0.100076
 41
0.100076
 42
0.000000
  0
VERTEX
  8
PG_SILKSCREEN_TOP
 10
26.720013
 20
5.188814
 40
0.100076
 41
0.100076
 42
0.000000
  0
VERTEX
  8
PG_SILKSCREEN_TOP
 10
26.720013
 20
6.879438
 40
0.100076
 41
0.100076
 42
0.000000
  0
SEQEND
  0
CIRCLE
  8
PIN_TOP
 10
25.380086
 20
5.634076
 40
0.228600
  0
CIRCLE
  8
PIN_TOP
 10
25.380086
 20
6.434176
 40
0.228600
  0
POLYLINE
  8
PG_SILKSCREEN_TOP
 66
1
 70
0
 40
0.000000
 41
0.000000
 39
0.000000
  0
VERTEX
  8
PG_SILKSCREEN_TOP
 10
25.761086
 20
6.879438
 40
0.100076
 41
0.100076
 42
0.000000
  0
VERTEX
  8
PG_SILKSCREEN_TOP
 10
24.999086
 20
6.879438
 40
0.100076
 41
0.100076
 42
0.000000
  0
VERTEX
  8
PG_SILKSCREEN_TOP
 10
24.999086
 20
5.188814
 40
0.100076
 41
0.100076
 42
0.000000
  0
VERTEX
  8
PG_SILKSCREEN_TOP
 10
25.761086
 20
5.188814
 40
0.100076
 41
0.100076
 42
0.000000
  0
VERTEX
  8
PG_SILKSCREEN_TOP
 10
25.761086
 20
6.879438
 40
0.100076
 41
0.100076
 42
0.000000
  0
SEQEND
  0
CIRCLE
  8
PIN_TOP
 10
24.443182
 20
5.623306
 40
0.228600
  0
CIRCLE
  8
PIN_TOP
 10
24.443182
 20
6.423406
 40
0.228600
  0
POLYLINE
  8
PG_SILKSCREEN_TOP
 66
1
 70
0
 40
0.000000
 41
0.000000
 39
0.000000
  0
VERTEX
  8
PG_SILKSCREEN_TOP
 10
24.824182
 20
6.868668
 40
0.100076
 41
0.100076
 42
0.000000
  0
VERTEX
  8
PG_SILKSCREEN_TOP
 10
24.062182
 20
6.868668
 40
0.100076
 41
0.100076
 42
0.000000
  0
VERTEX
  8
PG_SILKSCREEN_TOP
 10
24.062182
 20
5.178044
 40
0.100076
 41
0.100076
 42
0.000000
  0
VERTEX
  8
PG_SILKSCREEN_TOP
 10
24.824182
 20
5.178044
 40
0.100076
 41
0.100076
 42
0.000000
  0
VERTEX
  8
PG_SILKSCREEN_TOP
 10
24.824182
 20
6.868668
 40
0.100076
 41
0.100076
 42
0.000000
  0
SEQEND
  0
CIRCLE
  8
PIN_TOP
 10
25.791465
 20
63.566218
 40
0.249999
  0
CIRCLE
  8
PIN_TOP
 10
26.791463
 20
63.566218
 40
0.249999
  0
CIRCLE
  8
PIN_TOP
 10
27.791461
 20
63.566218
 40
0.249999
  0
CIRCLE
  8
PIN_TOP
 10
28.791459
 20
63.566218
 40
0.249999
  0
CIRCLE
  8
PIN_TOP
 10
29.791457
 20
63.566218
 40
0.249999
  0
CIRCLE
  8
PIN_TOP
 10
30.791455
 20
63.566218
 40
0.249999
  0
CIRCLE
  8
PIN_TOP
 10
31.791453
 20
63.566218
 40
0.249999
  0
CIRCLE
  8
PIN_TOP
 10
32.791451
 20
63.566218
 40
0.249999
  0
CIRCLE
  8
PIN_TOP
 10
33.791449
 20
63.566218
 40
0.249999
  0
CIRCLE
  8
PIN_TOP
 10
34.791447
 20
63.566218
 40
0.249999
  0
CIRCLE
  8
PIN_TOP
 10
35.791445
 20
63.566218
 40
0.249999
  0
CIRCLE
  8
PIN_TOP
 10
36.791443
 20
63.566218
 40
0.249999
  0
CIRCLE
  8
PIN_TOP
 10
37.791466
 20
63.566218
 40
0.249999
  0
CIRCLE
  8
PIN_TOP
 10
38.791464
 20
63.566218
 40
0.249999
  0
CIRCLE
  8
PIN_TOP
 10
39.791462
 20
63.566218
 40
0.249999
  0
CIRCLE
  8
PIN_TOP
 10
40.791460
 20
63.566218
 40
0.249999
  0
CIRCLE
  8
PIN_TOP
 10
41.791458
 20
63.566218
 40
0.249999
  0
CIRCLE
  8
PIN_TOP
 10
42.791456
 20
63.566218
 40
0.249999
  0
CIRCLE
  8
PIN_TOP
 10
43.791454
 20
63.566218
 40
0.249999
  0
CIRCLE
  8
PIN_TOP
 10
44.791452
 20
63.566218
 40
0.249999
  0
CIRCLE
  8
PIN_TOP
 10
45.791450
 20
63.566218
 40
0.249999
  0
CIRCLE
  8
PIN_TOP
 10
46.791448
 20
63.566218
 40
0.249999
  0
CIRCLE
  8
PIN_TOP
 10
47.791446
 20
63.566218
 40
0.249999
  0
CIRCLE
  8
PIN_TOP
 10
48.791444
 20
63.566218
 40
0.249999
  0
CIRCLE
  8
PIN_TOP
 10
49.791442
 20
63.566218
 40
0.249999
  0
CIRCLE
  8
PIN_TOP
 10
50.791466
 20
63.566218
 40
0.249999
  0
CIRCLE
  8
PIN_TOP
 10
51.791464
 20
63.566218
 40
0.249999
  0
CIRCLE
  8
PIN_TOP
 10
52.791462
 20
63.566218
 40
0.249999
  0
CIRCLE
  8
PIN_TOP
 10
53.791460
 20
63.566218
 40
0.249999
  0
CIRCLE
  8
PIN_TOP
 10
54.791458
 20
63.566218
 40
0.249999
  0
CIRCLE
  8
PIN_TOP
 10
55.791456
 20
63.566218
 40
0.249999
  0
CIRCLE
  8
PIN_TOP
 10
56.791454
 20
63.566218
 40
0.249999
  0
CIRCLE
  8
PIN_TOP
 10
57.791452
 20
63.566218
 40
0.249999
  0
CIRCLE
  8
PIN_TOP
 10
58.791450
 20
63.566218
 40
0.249999
  0
CIRCLE
  8
PIN_TOP
 10
59.791448
 20
63.566218
 40
0.249999
  0
CIRCLE
  8
PIN_TOP
 10
60.791446
 20
63.566218
 40
0.249999
  0
CIRCLE
  8
PIN_TOP
 10
61.791444
 20
63.566218
 40
0.249999
  0
CIRCLE
  8
PIN_TOP
 10
24.791467
 20
62.566220
 40
0.249999
  0
CIRCLE
  8
PIN_TOP
 10
25.791465
 20
62.566220
 40
0.249999
  0
CIRCLE
  8
PIN_TOP
 10
26.791463
 20
62.566220
 40
0.249999
  0
CIRCLE
  8
PIN_TOP
 10
27.791461
 20
62.566220
 40
0.249999
  0
CIRCLE
  8
PIN_TOP
 10
28.791459
 20
62.566220
 40
0.249999
  0
CIRCLE
  8
PIN_TOP
 10
29.791457
 20
62.566220
 40
0.249999
  0
CIRCLE
  8
PIN_TOP
 10
30.791455
 20
62.566220
 40
0.249999
  0
CIRCLE
  8
PIN_TOP
 10
31.791453
 20
62.566220
 40
0.249999
  0
CIRCLE
  8
PIN_TOP
 10
32.791451
 20
62.566220
 40
0.249999
  0
CIRCLE
  8
PIN_TOP
 10
33.791449
 20
62.566220
 40
0.249999
  0
CIRCLE
  8
PIN_TOP
 10
34.791447
 20
62.566220
 40
0.249999
  0
CIRCLE
  8
PIN_TOP
 10
35.791445
 20
62.566220
 40
0.249999
  0
CIRCLE
  8
PIN_TOP
 10
36.791443
 20
62.566220
 40
0.249999
  0
CIRCLE
  8
PIN_TOP
 10
37.791466
 20
62.566220
 40
0.249999
  0
CIRCLE
  8
PIN_TOP
 10
38.791464
 20
62.566220
 40
0.249999
  0
CIRCLE
  8
PIN_TOP
 10
39.791462
 20
62.566220
 40
0.249999
  0
CIRCLE
  8
PIN_TOP
 10
40.791460
 20
62.566220
 40
0.249999
  0
CIRCLE
  8
PIN_TOP
 10
41.791458
 20
62.566220
 40
0.249999
  0
CIRCLE
  8
PIN_TOP
 10
42.791456
 20
62.566220
 40
0.249999
  0
CIRCLE
  8
PIN_TOP
 10
43.791454
 20
62.566220
 40
0.249999
  0
CIRCLE
  8
PIN_TOP
 10
44.791452
 20
62.566220
 40
0.249999
  0
CIRCLE
  8
PIN_TOP
 10
45.791450
 20
62.566220
 40
0.249999
  0
CIRCLE
  8
PIN_TOP
 10
46.791448
 20
62.566220
 40
0.249999
  0
CIRCLE
  8
PIN_TOP
 10
47.791446
 20
62.566220
 40
0.249999
  0
CIRCLE
  8
PIN_TOP
 10
48.791444
 20
62.566220
 40
0.249999
  0
CIRCLE
  8
PIN_TOP
 10
49.791442
 20
62.566220
 40
0.249999
  0
CIRCLE
  8
PIN_TOP
 10
50.791466
 20
62.566220
 40
0.249999
  0
CIRCLE
  8
PIN_TOP
 10
51.791464
 20
62.566220
 40
0.249999
  0
CIRCLE
  8
PIN_TOP
 10
52.791462
 20
62.566220
 40
0.249999
  0
CIRCLE
  8
PIN_TOP
 10
53.791460
 20
62.566220
 40
0.249999
  0
CIRCLE
  8
PIN_TOP
 10
54.791458
 20
62.566220
 40
0.249999
  0
CIRCLE
  8
PIN_TOP
 10
55.791456
 20
62.566220
 40
0.249999
  0
CIRCLE
  8
PIN_TOP
 10
56.791454
 20
62.566220
 40
0.249999
  0
CIRCLE
  8
PIN_TOP
 10
57.791452
 20
62.566220
 40
0.249999
  0
CIRCLE
  8
PIN_TOP
 10
58.791450
 20
62.566220
 40
0.249999
  0
CIRCLE
  8
PIN_TOP
 10
59.791448
 20
62.566220
 40
0.249999
  0
CIRCLE
  8
PIN_TOP
 10
60.791446
 20
62.566220
 40
0.249999
  0
CIRCLE
  8
PIN_TOP
 10
61.791444
 20
62.566220
 40
0.249999
  0
CIRCLE
  8
PIN_TOP
 10
62.791442
 20
62.566220
 40
0.249999
  0
CIRCLE
  8
PIN_TOP
 10
24.791467
 20
61.566222
 40
0.249999
  0
CIRCLE
  8
PIN_TOP
 10
25.791465
 20
61.566222
 40
0.249999
  0
CIRCLE
  8
PIN_TOP
 10
26.791463
 20
61.566222
 40
0.249999
  0
CIRCLE
  8
PIN_TOP
 10
27.791461
 20
61.566222
 40
0.249999
  0
CIRCLE
  8
PIN_TOP
 10
28.791459
 20
61.566222
 40
0.249999
  0
CIRCLE
  8
PIN_TOP
 10
29.791457
 20
61.566222
 40
0.249999
  0
CIRCLE
  8
PIN_TOP
 10
30.791455
 20
61.566222
 40
0.249999
  0
CIRCLE
  8
PIN_TOP
 10
31.791453
 20
61.566222
 40
0.249999
  0
CIRCLE
  8
PIN_TOP
 10
32.791451
 20
61.566222
 40
0.249999
  0
CIRCLE
  8
PIN_TOP
 10
33.791449
 20
61.566222
 40
0.249999
  0
CIRCLE
  8
PIN_TOP
 10
34.791447
 20
61.566222
 40
0.249999
  0
CIRCLE
  8
PIN_TOP
 10
35.791445
 20
61.566222
 40
0.249999
  0
CIRCLE
  8
PIN_TOP
 10
36.791443
 20
61.566222
 40
0.249999
  0
CIRCLE
  8
PIN_TOP
 10
37.791466
 20
61.566222
 40
0.249999
  0
CIRCLE
  8
PIN_TOP
 10
38.791464
 20
61.566222
 40
0.249999
  0
CIRCLE
  8
PIN_TOP
 10
39.791462
 20
61.566222
 40
0.249999
  0
CIRCLE
  8
PIN_TOP
 10
40.791460
 20
61.566222
 40
0.249999
  0
CIRCLE
  8
PIN_TOP
 10
41.791458
 20
61.566222
 40
0.249999
  0
CIRCLE
  8
PIN_TOP
 10
42.791456
 20
61.566222
 40
0.249999
  0
CIRCLE
  8
PIN_TOP
 10
43.791454
 20
61.566222
 40
0.249999
  0
CIRCLE
  8
PIN_TOP
 10
44.791452
 20
61.566222
 40
0.249999
  0
CIRCLE
  8
PIN_TOP
 10
45.791450
 20
61.566222
 40
0.249999
  0
CIRCLE
  8
PIN_TOP
 10
46.791448
 20
61.566222
 40
0.249999
  0
CIRCLE
  8
PIN_TOP
 10
47.791446
 20
61.566222
 40
0.249999
  0
CIRCLE
  8
PIN_TOP
 10
48.791444
 20
61.566222
 40
0.249999
  0
CIRCLE
  8
PIN_TOP
 10
49.791442
 20
61.566222
 40
0.249999
  0
CIRCLE
  8
PIN_TOP
 10
50.791466
 20
61.566222
 40
0.249999
  0
CIRCLE
  8
PIN_TOP
 10
51.791464
 20
61.566222
 40
0.249999
  0
CIRCLE
  8
PIN_TOP
 10
52.791462
 20
61.566222
 40
0.249999
  0
CIRCLE
  8
PIN_TOP
 10
53.791460
 20
61.566222
 40
0.249999
  0
CIRCLE
  8
PIN_TOP
 10
54.791458
 20
61.566222
 40
0.249999
  0
CIRCLE
  8
PIN_TOP
 10
55.791456
 20
61.566222
 40
0.249999
  0
CIRCLE
  8
PIN_TOP
 10
56.791454
 20
61.566222
 40
0.249999
  0
CIRCLE
  8
PIN_TOP
 10
57.791452
 20
61.566222
 40
0.249999
  0
CIRCLE
  8
PIN_TOP
 10
58.791450
 20
61.566222
 40
0.249999
  0
CIRCLE
  8
PIN_TOP
 10
59.791448
 20
61.566222
 40
0.249999
  0
CIRCLE
  8
PIN_TOP
 10
60.791446
 20
61.566222
 40
0.249999
  0
CIRCLE
  8
PIN_TOP
 10
61.791444
 20
61.566222
 40
0.249999
  0
CIRCLE
  8
PIN_TOP
 10
62.791442
 20
61.566222
 40
0.249999
  0
CIRCLE
  8
PIN_TOP
 10
24.791467
 20
60.566224
 40
0.249999
  0
CIRCLE
  8
PIN_TOP
 10
25.791465
 20
60.566224
 40
0.249999
  0
CIRCLE
  8
PIN_TOP
 10
26.791463
 20
60.566224
 40
0.249999
  0
CIRCLE
  8
PIN_TOP
 10
27.791461
 20
60.566224
 40
0.249999
  0
CIRCLE
  8
PIN_TOP
 10
28.791459
 20
60.566224
 40
0.249999
  0
CIRCLE
  8
PIN_TOP
 10
29.791457
 20
60.566224
 40
0.249999
  0
CIRCLE
  8
PIN_TOP
 10
30.791455
 20
60.566224
 40
0.249999
  0
CIRCLE
  8
PIN_TOP
 10
31.791453
 20
60.566224
 40
0.249999
  0
CIRCLE
  8
PIN_TOP
 10
32.791451
 20
60.566224
 40
0.249999
  0
CIRCLE
  8
PIN_TOP
 10
33.791449
 20
60.566224
 40
0.249999
  0
CIRCLE
  8
PIN_TOP
 10
34.791447
 20
60.566224
 40
0.249999
  0
CIRCLE
  8
PIN_TOP
 10
35.791445
 20
60.566224
 40
0.249999
  0
CIRCLE
  8
PIN_TOP
 10
36.791443
 20
60.566224
 40
0.249999
  0
CIRCLE
  8
PIN_TOP
 10
37.791466
 20
60.566224
 40
0.249999
  0
CIRCLE
  8
PIN_TOP
 10
38.791464
 20
60.566224
 40
0.249999
  0
CIRCLE
  8
PIN_TOP
 10
39.791462
 20
60.566224
 40
0.249999
  0
CIRCLE
  8
PIN_TOP
 10
40.791460
 20
60.566224
 40
0.249999
  0
CIRCLE
  8
PIN_TOP
 10
41.791458
 20
60.566224
 40
0.249999
  0
CIRCLE
  8
PIN_TOP
 10
42.791456
 20
60.566224
 40
0.249999
  0
CIRCLE
  8
PIN_TOP
 10
43.791454
 20
60.566224
 40
0.249999
  0
CIRCLE
  8
PIN_TOP
 10
44.791452
 20
60.566224
 40
0.249999
  0
CIRCLE
  8
PIN_TOP
 10
45.791450
 20
60.566224
 40
0.249999
  0
CIRCLE
  8
PIN_TOP
 10
46.791448
 20
60.566224
 40
0.249999
  0
CIRCLE
  8
PIN_TOP
 10
47.791446
 20
60.566224
 40
0.249999
  0
CIRCLE
  8
PIN_TOP
 10
48.791444
 20
60.566224
 40
0.249999
  0
CIRCLE
  8
PIN_TOP
 10
49.791442
 20
60.566224
 40
0.249999
  0
CIRCLE
  8
PIN_TOP
 10
50.791466
 20
60.566224
 40
0.249999
  0
CIRCLE
  8
PIN_TOP
 10
51.791464
 20
60.566224
 40
0.249999
  0
CIRCLE
  8
PIN_TOP
 10
52.791462
 20
60.566224
 40
0.249999
  0
CIRCLE
  8
PIN_TOP
 10
53.791460
 20
60.566224
 40
0.249999
  0
CIRCLE
  8
PIN_TOP
 10
54.791458
 20
60.566224
 40
0.249999
  0
CIRCLE
  8
PIN_TOP
 10
55.791456
 20
60.566224
 40
0.249999
  0
CIRCLE
  8
PIN_TOP
 10
56.791454
 20
60.566224
 40
0.249999
  0
CIRCLE
  8
PIN_TOP
 10
57.791452
 20
60.566224
 40
0.249999
  0
CIRCLE
  8
PIN_TOP
 10
58.791450
 20
60.566224
 40
0.249999
  0
CIRCLE
  8
PIN_TOP
 10
59.791448
 20
60.566224
 40
0.249999
  0
CIRCLE
  8
PIN_TOP
 10
60.791446
 20
60.566224
 40
0.249999
  0
CIRCLE
  8
PIN_TOP
 10
61.791444
 20
60.566224
 40
0.249999
  0
CIRCLE
  8
PIN_TOP
 10
62.791442
 20
60.566224
 40
0.249999
  0
CIRCLE
  8
PIN_TOP
 10
24.791467
 20
59.566226
 40
0.249999
  0
CIRCLE
  8
PIN_TOP
 10
25.791465
 20
59.566226
 40
0.249999
  0
CIRCLE
  8
PIN_TOP
 10
26.791463
 20
59.566226
 40
0.249999
  0
CIRCLE
  8
PIN_TOP
 10
27.791461
 20
59.566226
 40
0.249999
  0
CIRCLE
  8
PIN_TOP
 10
28.791459
 20
59.566226
 40
0.249999
  0
CIRCLE
  8
PIN_TOP
 10
29.791457
 20
59.566226
 40
0.249999
  0
CIRCLE
  8
PIN_TOP
 10
30.791455
 20
59.566226
 40
0.249999
  0
CIRCLE
  8
PIN_TOP
 10
31.791453
 20
59.566226
 40
0.249999
  0
CIRCLE
  8
PIN_TOP
 10
32.791451
 20
59.566226
 40
0.249999
  0
CIRCLE
  8
PIN_TOP
 10
33.791449
 20
59.566226
 40
0.249999
  0
CIRCLE
  8
PIN_TOP
 10
34.791447
 20
59.566226
 40
0.249999
  0
CIRCLE
  8
PIN_TOP
 10
35.791445
 20
59.566226
 40
0.249999
  0
CIRCLE
  8
PIN_TOP
 10
36.791443
 20
59.566226
 40
0.249999
  0
CIRCLE
  8
PIN_TOP
 10
37.791466
 20
59.566226
 40
0.249999
  0
CIRCLE
  8
PIN_TOP
 10
38.791464
 20
59.566226
 40
0.249999
  0
CIRCLE
  8
PIN_TOP
 10
39.791462
 20
59.566226
 40
0.249999
  0
CIRCLE
  8
PIN_TOP
 10
40.791460
 20
59.566226
 40
0.249999
  0
CIRCLE
  8
PIN_TOP
 10
41.791458
 20
59.566226
 40
0.249999
  0
CIRCLE
  8
PIN_TOP
 10
42.791456
 20
59.566226
 40
0.249999
  0
CIRCLE
  8
PIN_TOP
 10
43.791454
 20
59.566226
 40
0.249999
  0
CIRCLE
  8
PIN_TOP
 10
44.791452
 20
59.566226
 40
0.249999
  0
CIRCLE
  8
PIN_TOP
 10
45.791450
 20
59.566226
 40
0.249999
  0
CIRCLE
  8
PIN_TOP
 10
46.791448
 20
59.566226
 40
0.249999
  0
CIRCLE
  8
PIN_TOP
 10
47.791446
 20
59.566226
 40
0.249999
  0
CIRCLE
  8
PIN_TOP
 10
48.791444
 20
59.566226
 40
0.249999
  0
CIRCLE
  8
PIN_TOP
 10
49.791442
 20
59.566226
 40
0.249999
  0
CIRCLE
  8
PIN_TOP
 10
50.791466
 20
59.566226
 40
0.249999
  0
CIRCLE
  8
PIN_TOP
 10
51.791464
 20
59.566226
 40
0.249999
  0
CIRCLE
  8
PIN_TOP
 10
52.791462
 20
59.566226
 40
0.249999
  0
CIRCLE
  8
PIN_TOP
 10
53.791460
 20
59.566226
 40
0.249999
  0
CIRCLE
  8
PIN_TOP
 10
54.791458
 20
59.566226
 40
0.249999
  0
CIRCLE
  8
PIN_TOP
 10
55.791456
 20
59.566226
 40
0.249999
  0
CIRCLE
  8
PIN_TOP
 10
56.791454
 20
59.566226
 40
0.249999
  0
CIRCLE
  8
PIN_TOP
 10
57.791452
 20
59.566226
 40
0.249999
  0
CIRCLE
  8
PIN_TOP
 10
58.791450
 20
59.566226
 40
0.249999
  0
CIRCLE
  8
PIN_TOP
 10
59.791448
 20
59.566226
 40
0.249999
  0
CIRCLE
  8
PIN_TOP
 10
60.791446
 20
59.566226
 40
0.249999
  0
CIRCLE
  8
PIN_TOP
 10
61.791444
 20
59.566226
 40
0.249999
  0
CIRCLE
  8
PIN_TOP
 10
62.791442
 20
59.566226
 40
0.249999
  0
CIRCLE
  8
PIN_TOP
 10
24.791467
 20
58.566228
 40
0.249999
  0
CIRCLE
  8
PIN_TOP
 10
25.791465
 20
58.566228
 40
0.249999
  0
CIRCLE
  8
PIN_TOP
 10
26.791463
 20
58.566228
 40
0.249999
  0
CIRCLE
  8
PIN_TOP
 10
27.791461
 20
58.566228
 40
0.249999
  0
CIRCLE
  8
PIN_TOP
 10
28.791459
 20
58.566228
 40
0.249999
  0
CIRCLE
  8
PIN_TOP
 10
29.791457
 20
58.566228
 40
0.249999
  0
CIRCLE
  8
PIN_TOP
 10
30.791455
 20
58.566228
 40
0.249999
  0
CIRCLE
  8
PIN_TOP
 10
31.791453
 20
58.566228
 40
0.249999
  0
CIRCLE
  8
PIN_TOP
 10
32.791451
 20
58.566228
 40
0.249999
  0
CIRCLE
  8
PIN_TOP
 10
33.791449
 20
58.566228
 40
0.249999
  0
CIRCLE
  8
PIN_TOP
 10
34.791447
 20
58.566228
 40
0.249999
  0
CIRCLE
  8
PIN_TOP
 10
35.791445
 20
58.566228
 40
0.249999
  0
CIRCLE
  8
PIN_TOP
 10
36.791443
 20
58.566228
 40
0.249999
  0
CIRCLE
  8
PIN_TOP
 10
37.791466
 20
58.566228
 40
0.249999
  0
CIRCLE
  8
PIN_TOP
 10
38.791464
 20
58.566228
 40
0.249999
  0
CIRCLE
  8
PIN_TOP
 10
39.791462
 20
58.566228
 40
0.249999
  0
CIRCLE
  8
PIN_TOP
 10
40.791460
 20
58.566228
 40
0.249999
  0
CIRCLE
  8
PIN_TOP
 10
41.791458
 20
58.566228
 40
0.249999
  0
CIRCLE
  8
PIN_TOP
 10
42.791456
 20
58.566228
 40
0.249999
  0
CIRCLE
  8
PIN_TOP
 10
43.791454
 20
58.566228
 40
0.249999
  0
CIRCLE
  8
PIN_TOP
 10
44.791452
 20
58.566228
 40
0.249999
  0
CIRCLE
  8
PIN_TOP
 10
45.791450
 20
58.566228
 40
0.249999
  0
CIRCLE
  8
PIN_TOP
 10
46.791448
 20
58.566228
 40
0.249999
  0
CIRCLE
  8
PIN_TOP
 10
47.791446
 20
58.566228
 40
0.249999
  0
CIRCLE
  8
PIN_TOP
 10
48.791444
 20
58.566228
 40
0.249999
  0
CIRCLE
  8
PIN_TOP
 10
49.791442
 20
58.566228
 40
0.249999
  0
CIRCLE
  8
PIN_TOP
 10
50.791466
 20
58.566228
 40
0.249999
  0
CIRCLE
  8
PIN_TOP
 10
51.791464
 20
58.566228
 40
0.249999
  0
CIRCLE
  8
PIN_TOP
 10
52.791462
 20
58.566228
 40
0.249999
  0
CIRCLE
  8
PIN_TOP
 10
53.791460
 20
58.566228
 40
0.249999
  0
CIRCLE
  8
PIN_TOP
 10
54.791458
 20
58.566228
 40
0.249999
  0
CIRCLE
  8
PIN_TOP
 10
55.791456
 20
58.566228
 40
0.249999
  0
CIRCLE
  8
PIN_TOP
 10
56.791454
 20
58.566228
 40
0.249999
  0
CIRCLE
  8
PIN_TOP
 10
57.791452
 20
58.566228
 40
0.249999
  0
CIRCLE
  8
PIN_TOP
 10
58.791450
 20
58.566228
 40
0.249999
  0
CIRCLE
  8
PIN_TOP
 10
59.791448
 20
58.566228
 40
0.249999
  0
CIRCLE
  8
PIN_TOP
 10
60.791446
 20
58.566228
 40
0.249999
  0
CIRCLE
  8
PIN_TOP
 10
61.791444
 20
58.566228
 40
0.249999
  0
CIRCLE
  8
PIN_TOP
 10
62.791442
 20
58.566228
 40
0.249999
  0
CIRCLE
  8
PIN_TOP
 10
24.791467
 20
57.566230
 40
0.249999
  0
CIRCLE
  8
PIN_TOP
 10
25.791465
 20
57.566230
 40
0.249999
  0
CIRCLE
  8
PIN_TOP
 10
26.791463
 20
57.566230
 40
0.249999
  0
CIRCLE
  8
PIN_TOP
 10
27.791461
 20
57.566230
 40
0.249999
  0
CIRCLE
  8
PIN_TOP
 10
28.791459
 20
57.566230
 40
0.249999
  0
CIRCLE
  8
PIN_TOP
 10
29.791457
 20
57.566230
 40
0.249999
  0
CIRCLE
  8
PIN_TOP
 10
30.791455
 20
57.566230
 40
0.249999
  0
CIRCLE
  8
PIN_TOP
 10
31.791453
 20
57.566230
 40
0.249999
  0
CIRCLE
  8
PIN_TOP
 10
32.791451
 20
57.566230
 40
0.249999
  0
CIRCLE
  8
PIN_TOP
 10
33.791449
 20
57.566230
 40
0.249999
  0
CIRCLE
  8
PIN_TOP
 10
34.791447
 20
57.566230
 40
0.249999
  0
CIRCLE
  8
PIN_TOP
 10
35.791445
 20
57.566230
 40
0.249999
  0
CIRCLE
  8
PIN_TOP
 10
36.791443
 20
57.566230
 40
0.249999
  0
CIRCLE
  8
PIN_TOP
 10
37.791466
 20
57.566230
 40
0.249999
  0
CIRCLE
  8
PIN_TOP
 10
38.791464
 20
57.566230
 40
0.249999
  0
CIRCLE
  8
PIN_TOP
 10
39.791462
 20
57.566230
 40
0.249999
  0
CIRCLE
  8
PIN_TOP
 10
40.791460
 20
57.566230
 40
0.249999
  0
CIRCLE
  8
PIN_TOP
 10
41.791458
 20
57.566230
 40
0.249999
  0
CIRCLE
  8
PIN_TOP
 10
42.791456
 20
57.566230
 40
0.249999
  0
CIRCLE
  8
PIN_TOP
 10
43.791454
 20
57.566230
 40
0.249999
  0
CIRCLE
  8
PIN_TOP
 10
44.791452
 20
57.566230
 40
0.249999
  0
CIRCLE
  8
PIN_TOP
 10
45.791450
 20
57.566230
 40
0.249999
  0
CIRCLE
  8
PIN_TOP
 10
46.791448
 20
57.566230
 40
0.249999
  0
CIRCLE
  8
PIN_TOP
 10
47.791446
 20
57.566230
 40
0.249999
  0
CIRCLE
  8
PIN_TOP
 10
48.791444
 20
57.566230
 40
0.249999
  0
CIRCLE
  8
PIN_TOP
 10
49.791442
 20
57.566230
 40
0.249999
  0
CIRCLE
  8
PIN_TOP
 10
50.791466
 20
57.566230
 40
0.249999
  0
CIRCLE
  8
PIN_TOP
 10
51.791464
 20
57.566230
 40
0.249999
  0
CIRCLE
  8
PIN_TOP
 10
52.791462
 20
57.566230
 40
0.249999
  0
CIRCLE
  8
PIN_TOP
 10
53.791460
 20
57.566230
 40
0.249999
  0
CIRCLE
  8
PIN_TOP
 10
54.791458
 20
57.566230
 40
0.249999
  0
CIRCLE
  8
PIN_TOP
 10
55.791456
 20
57.566230
 40
0.249999
  0
CIRCLE
  8
PIN_TOP
 10
56.791454
 20
57.566230
 40
0.249999
  0
CIRCLE
  8
PIN_TOP
 10
57.791452
 20
57.566230
 40
0.249999
  0
CIRCLE
  8
PIN_TOP
 10
58.791450
 20
57.566230
 40
0.249999
  0
CIRCLE
  8
PIN_TOP
 10
59.791448
 20
57.566230
 40
0.249999
  0
CIRCLE
  8
PIN_TOP
 10
60.791446
 20
57.566230
 40
0.249999
  0
CIRCLE
  8
PIN_TOP
 10
61.791444
 20
57.566230
 40
0.249999
  0
CIRCLE
  8
PIN_TOP
 10
62.791442
 20
57.566230
 40
0.249999
  0
CIRCLE
  8
PIN_TOP
 10
24.791467
 20
56.566232
 40
0.249999
  0
CIRCLE
  8
PIN_TOP
 10
25.791465
 20
56.566232
 40
0.249999
  0
CIRCLE
  8
PIN_TOP
 10
26.791463
 20
56.566232
 40
0.249999
  0
CIRCLE
  8
PIN_TOP
 10
27.791461
 20
56.566232
 40
0.249999
  0
CIRCLE
  8
PIN_TOP
 10
28.791459
 20
56.566232
 40
0.249999
  0
CIRCLE
  8
PIN_TOP
 10
29.791457
 20
56.566232
 40
0.249999
  0
CIRCLE
  8
PIN_TOP
 10
30.791455
 20
56.566232
 40
0.249999
  0
CIRCLE
  8
PIN_TOP
 10
31.791453
 20
56.566232
 40
0.249999
  0
CIRCLE
  8
PIN_TOP
 10
32.791451
 20
56.566232
 40
0.249999
  0
CIRCLE
  8
PIN_TOP
 10
33.791449
 20
56.566232
 40
0.249999
  0
CIRCLE
  8
PIN_TOP
 10
34.791447
 20
56.566232
 40
0.249999
  0
CIRCLE
  8
PIN_TOP
 10
35.791445
 20
56.566232
 40
0.249999
  0
CIRCLE
  8
PIN_TOP
 10
36.791443
 20
56.566232
 40
0.249999
  0
CIRCLE
  8
PIN_TOP
 10
37.791466
 20
56.566232
 40
0.249999
  0
CIRCLE
  8
PIN_TOP
 10
38.791464
 20
56.566232
 40
0.249999
  0
CIRCLE
  8
PIN_TOP
 10
39.791462
 20
56.566232
 40
0.249999
  0
CIRCLE
  8
PIN_TOP
 10
40.791460
 20
56.566232
 40
0.249999
  0
CIRCLE
  8
PIN_TOP
 10
41.791458
 20
56.566232
 40
0.249999
  0
CIRCLE
  8
PIN_TOP
 10
42.791456
 20
56.566232
 40
0.249999
  0
CIRCLE
  8
PIN_TOP
 10
43.791454
 20
56.566232
 40
0.249999
  0
CIRCLE
  8
PIN_TOP
 10
44.791452
 20
56.566232
 40
0.249999
  0
CIRCLE
  8
PIN_TOP
 10
45.791450
 20
56.566232
 40
0.249999
  0
CIRCLE
  8
PIN_TOP
 10
46.791448
 20
56.566232
 40
0.249999
  0
CIRCLE
  8
PIN_TOP
 10
47.791446
 20
56.566232
 40
0.249999
  0
CIRCLE
  8
PIN_TOP
 10
48.791444
 20
56.566232
 40
0.249999
  0
CIRCLE
  8
PIN_TOP
 10
49.791442
 20
56.566232
 40
0.249999
  0
CIRCLE
  8
PIN_TOP
 10
50.791466
 20
56.566232
 40
0.249999
  0
CIRCLE
  8
PIN_TOP
 10
51.791464
 20
56.566232
 40
0.249999
  0
CIRCLE
  8
PIN_TOP
 10
52.791462
 20
56.566232
 40
0.249999
  0
CIRCLE
  8
PIN_TOP
 10
53.791460
 20
56.566232
 40
0.249999
  0
CIRCLE
  8
PIN_TOP
 10
54.791458
 20
56.566232
 40
0.249999
  0
CIRCLE
  8
PIN_TOP
 10
55.791456
 20
56.566232
 40
0.249999
  0
CIRCLE
  8
PIN_TOP
 10
56.791454
 20
56.566232
 40
0.249999
  0
CIRCLE
  8
PIN_TOP
 10
57.791452
 20
56.566232
 40
0.249999
  0
CIRCLE
  8
PIN_TOP
 10
58.791450
 20
56.566232
 40
0.249999
  0
CIRCLE
  8
PIN_TOP
 10
59.791448
 20
56.566232
 40
0.249999
  0
CIRCLE
  8
PIN_TOP
 10
60.791446
 20
56.566232
 40
0.249999
  0
CIRCLE
  8
PIN_TOP
 10
61.791444
 20
56.566232
 40
0.249999
  0
CIRCLE
  8
PIN_TOP
 10
62.791442
 20
56.566232
 40
0.249999
  0
CIRCLE
  8
PIN_TOP
 10
24.791467
 20
55.566234
 40
0.249999
  0
CIRCLE
  8
PIN_TOP
 10
25.791465
 20
55.566234
 40
0.249999
  0
CIRCLE
  8
PIN_TOP
 10
26.791463
 20
55.566234
 40
0.249999
  0
CIRCLE
  8
PIN_TOP
 10
27.791461
 20
55.566234
 40
0.249999
  0
CIRCLE
  8
PIN_TOP
 10
28.791459
 20
55.566234
 40
0.249999
  0
CIRCLE
  8
PIN_TOP
 10
29.791457
 20
55.566234
 40
0.249999
  0
CIRCLE
  8
PIN_TOP
 10
30.791455
 20
55.566234
 40
0.249999
  0
CIRCLE
  8
PIN_TOP
 10
31.791453
 20
55.566234
 40
0.249999
  0
CIRCLE
  8
PIN_TOP
 10
32.791451
 20
55.566234
 40
0.249999
  0
CIRCLE
  8
PIN_TOP
 10
33.791449
 20
55.566234
 40
0.249999
  0
CIRCLE
  8
PIN_TOP
 10
34.791447
 20
55.566234
 40
0.249999
  0
CIRCLE
  8
PIN_TOP
 10
35.791445
 20
55.566234
 40
0.249999
  0
CIRCLE
  8
PIN_TOP
 10
36.791443
 20
55.566234
 40
0.249999
  0
CIRCLE
  8
PIN_TOP
 10
37.791466
 20
55.566234
 40
0.249999
  0
CIRCLE
  8
PIN_TOP
 10
38.791464
 20
55.566234
 40
0.249999
  0
CIRCLE
  8
PIN_TOP
 10
39.791462
 20
55.566234
 40
0.249999
  0
CIRCLE
  8
PIN_TOP
 10
40.791460
 20
55.566234
 40
0.249999
  0
CIRCLE
  8
PIN_TOP
 10
41.791458
 20
55.566234
 40
0.249999
  0
CIRCLE
  8
PIN_TOP
 10
42.791456
 20
55.566234
 40
0.249999
  0
CIRCLE
  8
PIN_TOP
 10
43.791454
 20
55.566234
 40
0.249999
  0
CIRCLE
  8
PIN_TOP
 10
44.791452
 20
55.566234
 40
0.249999
  0
CIRCLE
  8
PIN_TOP
 10
45.791450
 20
55.566234
 40
0.249999
  0
CIRCLE
  8
PIN_TOP
 10
46.791448
 20
55.566234
 40
0.249999
  0
CIRCLE
  8
PIN_TOP
 10
47.791446
 20
55.566234
 40
0.249999
  0
CIRCLE
  8
PIN_TOP
 10
48.791444
 20
55.566234
 40
0.249999
  0
CIRCLE
  8
PIN_TOP
 10
49.791442
 20
55.566234
 40
0.249999
  0
CIRCLE
  8
PIN_TOP
 10
50.791466
 20
55.566234
 40
0.249999
  0
CIRCLE
  8
PIN_TOP
 10
51.791464
 20
55.566234
 40
0.249999
  0
CIRCLE
  8
PIN_TOP
 10
52.791462
 20
55.566234
 40
0.249999
  0
CIRCLE
  8
PIN_TOP
 10
53.791460
 20
55.566234
 40
0.249999
  0
CIRCLE
  8
PIN_TOP
 10
54.791458
 20
55.566234
 40
0.249999
  0
CIRCLE
  8
PIN_TOP
 10
55.791456
 20
55.566234
 40
0.249999
  0
CIRCLE
  8
PIN_TOP
 10
56.791454
 20
55.566234
 40
0.249999
  0
CIRCLE
  8
PIN_TOP
 10
57.791452
 20
55.566234
 40
0.249999
  0
CIRCLE
  8
PIN_TOP
 10
58.791450
 20
55.566234
 40
0.249999
  0
CIRCLE
  8
PIN_TOP
 10
59.791448
 20
55.566234
 40
0.249999
  0
CIRCLE
  8
PIN_TOP
 10
60.791446
 20
55.566234
 40
0.249999
  0
CIRCLE
  8
PIN_TOP
 10
61.791444
 20
55.566234
 40
0.249999
  0
CIRCLE
  8
PIN_TOP
 10
62.791442
 20
55.566234
 40
0.249999
  0
CIRCLE
  8
PIN_TOP
 10
24.791467
 20
54.566236
 40
0.249999
  0
CIRCLE
  8
PIN_TOP
 10
25.791465
 20
54.566236
 40
0.249999
  0
CIRCLE
  8
PIN_TOP
 10
26.791463
 20
54.566236
 40
0.249999
  0
CIRCLE
  8
PIN_TOP
 10
27.791461
 20
54.566236
 40
0.249999
  0
CIRCLE
  8
PIN_TOP
 10
28.791459
 20
54.566236
 40
0.249999
  0
CIRCLE
  8
PIN_TOP
 10
29.791457
 20
54.566236
 40
0.249999
  0
CIRCLE
  8
PIN_TOP
 10
30.791455
 20
54.566236
 40
0.249999
  0
CIRCLE
  8
PIN_TOP
 10
31.791453
 20
54.566236
 40
0.249999
  0
CIRCLE
  8
PIN_TOP
 10
32.791451
 20
54.566236
 40
0.249999
  0
CIRCLE
  8
PIN_TOP
 10
33.791449
 20
54.566236
 40
0.249999
  0
CIRCLE
  8
PIN_TOP
 10
34.791447
 20
54.566236
 40
0.249999
  0
CIRCLE
  8
PIN_TOP
 10
35.791445
 20
54.566236
 40
0.249999
  0
CIRCLE
  8
PIN_TOP
 10
36.791443
 20
54.566236
 40
0.249999
  0
CIRCLE
  8
PIN_TOP
 10
37.791466
 20
54.566236
 40
0.249999
  0
CIRCLE
  8
PIN_TOP
 10
38.791464
 20
54.566236
 40
0.249999
  0
CIRCLE
  8
PIN_TOP
 10
39.791462
 20
54.566236
 40
0.249999
  0
CIRCLE
  8
PIN_TOP
 10
40.791460
 20
54.566236
 40
0.249999
  0
CIRCLE
  8
PIN_TOP
 10
41.791458
 20
54.566236
 40
0.249999
  0
CIRCLE
  8
PIN_TOP
 10
42.791456
 20
54.566236
 40
0.249999
  0
CIRCLE
  8
PIN_TOP
 10
43.791454
 20
54.566236
 40
0.249999
  0
CIRCLE
  8
PIN_TOP
 10
44.791452
 20
54.566236
 40
0.249999
  0
CIRCLE
  8
PIN_TOP
 10
45.791450
 20
54.566236
 40
0.249999
  0
CIRCLE
  8
PIN_TOP
 10
46.791448
 20
54.566236
 40
0.249999
  0
CIRCLE
  8
PIN_TOP
 10
47.791446
 20
54.566236
 40
0.249999
  0
CIRCLE
  8
PIN_TOP
 10
48.791444
 20
54.566236
 40
0.249999
  0
CIRCLE
  8
PIN_TOP
 10
49.791442
 20
54.566236
 40
0.249999
  0
CIRCLE
  8
PIN_TOP
 10
50.791466
 20
54.566236
 40
0.249999
  0
CIRCLE
  8
PIN_TOP
 10
51.791464
 20
54.566236
 40
0.249999
  0
CIRCLE
  8
PIN_TOP
 10
52.791462
 20
54.566236
 40
0.249999
  0
CIRCLE
  8
PIN_TOP
 10
53.791460
 20
54.566236
 40
0.249999
  0
CIRCLE
  8
PIN_TOP
 10
54.791458
 20
54.566236
 40
0.249999
  0
CIRCLE
  8
PIN_TOP
 10
55.791456
 20
54.566236
 40
0.249999
  0
CIRCLE
  8
PIN_TOP
 10
56.791454
 20
54.566236
 40
0.249999
  0
CIRCLE
  8
PIN_TOP
 10
57.791452
 20
54.566236
 40
0.249999
  0
CIRCLE
  8
PIN_TOP
 10
58.791450
 20
54.566236
 40
0.249999
  0
CIRCLE
  8
PIN_TOP
 10
59.791448
 20
54.566236
 40
0.249999
  0
CIRCLE
  8
PIN_TOP
 10
60.791446
 20
54.566236
 40
0.249999
  0
CIRCLE
  8
PIN_TOP
 10
61.791444
 20
54.566236
 40
0.249999
  0
CIRCLE
  8
PIN_TOP
 10
62.791442
 20
54.566236
 40
0.249999
  0
CIRCLE
  8
PIN_TOP
 10
24.791467
 20
53.566238
 40
0.249999
  0
CIRCLE
  8
PIN_TOP
 10
25.791465
 20
53.566238
 40
0.249999
  0
CIRCLE
  8
PIN_TOP
 10
26.791463
 20
53.566238
 40
0.249999
  0
CIRCLE
  8
PIN_TOP
 10
27.791461
 20
53.566238
 40
0.249999
  0
CIRCLE
  8
PIN_TOP
 10
28.791459
 20
53.566238
 40
0.249999
  0
CIRCLE
  8
PIN_TOP
 10
29.791457
 20
53.566238
 40
0.249999
  0
CIRCLE
  8
PIN_TOP
 10
30.791455
 20
53.566238
 40
0.249999
  0
CIRCLE
  8
PIN_TOP
 10
31.791453
 20
53.566238
 40
0.249999
  0
CIRCLE
  8
PIN_TOP
 10
32.791451
 20
53.566238
 40
0.249999
  0
CIRCLE
  8
PIN_TOP
 10
33.791449
 20
53.566238
 40
0.249999
  0
CIRCLE
  8
PIN_TOP
 10
34.791447
 20
53.566238
 40
0.249999
  0
CIRCLE
  8
PIN_TOP
 10
35.791445
 20
53.566238
 40
0.249999
  0
CIRCLE
  8
PIN_TOP
 10
36.791443
 20
53.566238
 40
0.249999
  0
CIRCLE
  8
PIN_TOP
 10
37.791466
 20
53.566238
 40
0.249999
  0
CIRCLE
  8
PIN_TOP
 10
38.791464
 20
53.566238
 40
0.249999
  0
CIRCLE
  8
PIN_TOP
 10
39.791462
 20
53.566238
 40
0.249999
  0
CIRCLE
  8
PIN_TOP
 10
40.791460
 20
53.566238
 40
0.249999
  0
CIRCLE
  8
PIN_TOP
 10
41.791458
 20
53.566238
 40
0.249999
  0
CIRCLE
  8
PIN_TOP
 10
42.791456
 20
53.566238
 40
0.249999
  0
CIRCLE
  8
PIN_TOP
 10
43.791454
 20
53.566238
 40
0.249999
  0
CIRCLE
  8
PIN_TOP
 10
44.791452
 20
53.566238
 40
0.249999
  0
CIRCLE
  8
PIN_TOP
 10
45.791450
 20
53.566238
 40
0.249999
  0
CIRCLE
  8
PIN_TOP
 10
46.791448
 20
53.566238
 40
0.249999
  0
CIRCLE
  8
PIN_TOP
 10
47.791446
 20
53.566238
 40
0.249999
  0
CIRCLE
  8
PIN_TOP
 10
48.791444
 20
53.566238
 40
0.249999
  0
CIRCLE
  8
PIN_TOP
 10
49.791442
 20
53.566238
 40
0.249999
  0
CIRCLE
  8
PIN_TOP
 10
50.791466
 20
53.566238
 40
0.249999
  0
CIRCLE
  8
PIN_TOP
 10
51.791464
 20
53.566238
 40
0.249999
  0
CIRCLE
  8
PIN_TOP
 10
52.791462
 20
53.566238
 40
0.249999
  0
CIRCLE
  8
PIN_TOP
 10
53.791460
 20
53.566238
 40
0.249999
  0
CIRCLE
  8
PIN_TOP
 10
54.791458
 20
53.566238
 40
0.249999
  0
CIRCLE
  8
PIN_TOP
 10
55.791456
 20
53.566238
 40
0.249999
  0
CIRCLE
  8
PIN_TOP
 10
56.791454
 20
53.566238
 40
0.249999
  0
CIRCLE
  8
PIN_TOP
 10
57.791452
 20
53.566238
 40
0.249999
  0
CIRCLE
  8
PIN_TOP
 10
58.791450
 20
53.566238
 40
0.249999
  0
CIRCLE
  8
PIN_TOP
 10
59.791448
 20
53.566238
 40
0.249999
  0
CIRCLE
  8
PIN_TOP
 10
60.791446
 20
53.566238
 40
0.249999
  0
CIRCLE
  8
PIN_TOP
 10
61.791444
 20
53.566238
 40
0.249999
  0
CIRCLE
  8
PIN_TOP
 10
62.791442
 20
53.566238
 40
0.249999
  0
CIRCLE
  8
PIN_TOP
 10
24.791467
 20
52.566240
 40
0.249999
  0
CIRCLE
  8
PIN_TOP
 10
25.791465
 20
52.566240
 40
0.249999
  0
CIRCLE
  8
PIN_TOP
 10
26.791463
 20
52.566240
 40
0.249999
  0
CIRCLE
  8
PIN_TOP
 10
27.791461
 20
52.566240
 40
0.249999
  0
CIRCLE
  8
PIN_TOP
 10
28.791459
 20
52.566240
 40
0.249999
  0
CIRCLE
  8
PIN_TOP
 10
29.791457
 20
52.566240
 40
0.249999
  0
CIRCLE
  8
PIN_TOP
 10
30.791455
 20
52.566240
 40
0.249999
  0
CIRCLE
  8
PIN_TOP
 10
31.791453
 20
52.566240
 40
0.249999
  0
CIRCLE
  8
PIN_TOP
 10
32.791451
 20
52.566240
 40
0.249999
  0
CIRCLE
  8
PIN_TOP
 10
33.791449
 20
52.566240
 40
0.249999
  0
CIRCLE
  8
PIN_TOP
 10
34.791447
 20
52.566240
 40
0.249999
  0
CIRCLE
  8
PIN_TOP
 10
35.791445
 20
52.566240
 40
0.249999
  0
CIRCLE
  8
PIN_TOP
 10
36.791443
 20
52.566240
 40
0.249999
  0
CIRCLE
  8
PIN_TOP
 10
37.791466
 20
52.566240
 40
0.249999
  0
CIRCLE
  8
PIN_TOP
 10
38.791464
 20
52.566240
 40
0.249999
  0
CIRCLE
  8
PIN_TOP
 10
39.791462
 20
52.566240
 40
0.249999
  0
CIRCLE
  8
PIN_TOP
 10
40.791460
 20
52.566240
 40
0.249999
  0
CIRCLE
  8
PIN_TOP
 10
41.791458
 20
52.566240
 40
0.249999
  0
CIRCLE
  8
PIN_TOP
 10
42.791456
 20
52.566240
 40
0.249999
  0
CIRCLE
  8
PIN_TOP
 10
43.791454
 20
52.566240
 40
0.249999
  0
CIRCLE
  8
PIN_TOP
 10
44.791452
 20
52.566240
 40
0.249999
  0
CIRCLE
  8
PIN_TOP
 10
45.791450
 20
52.566240
 40
0.249999
  0
CIRCLE
  8
PIN_TOP
 10
46.791448
 20
52.566240
 40
0.249999
  0
CIRCLE
  8
PIN_TOP
 10
47.791446
 20
52.566240
 40
0.249999
  0
CIRCLE
  8
PIN_TOP
 10
48.791444
 20
52.566240
 40
0.249999
  0
CIRCLE
  8
PIN_TOP
 10
49.791442
 20
52.566240
 40
0.249999
  0
CIRCLE
  8
PIN_TOP
 10
50.791466
 20
52.566240
 40
0.249999
  0
CIRCLE
  8
PIN_TOP
 10
51.791464
 20
52.566240
 40
0.249999
  0
CIRCLE
  8
PIN_TOP
 10
52.791462
 20
52.566240
 40
0.249999
  0
CIRCLE
  8
PIN_TOP
 10
53.791460
 20
52.566240
 40
0.249999
  0
CIRCLE
  8
PIN_TOP
 10
54.791458
 20
52.566240
 40
0.249999
  0
CIRCLE
  8
PIN_TOP
 10
55.791456
 20
52.566240
 40
0.249999
  0
CIRCLE
  8
PIN_TOP
 10
56.791454
 20
52.566240
 40
0.249999
  0
CIRCLE
  8
PIN_TOP
 10
57.791452
 20
52.566240
 40
0.249999
  0
CIRCLE
  8
PIN_TOP
 10
58.791450
 20
52.566240
 40
0.249999
  0
CIRCLE
  8
PIN_TOP
 10
59.791448
 20
52.566240
 40
0.249999
  0
CIRCLE
  8
PIN_TOP
 10
60.791446
 20
52.566240
 40
0.249999
  0
CIRCLE
  8
PIN_TOP
 10
61.791444
 20
52.566240
 40
0.249999
  0
CIRCLE
  8
PIN_TOP
 10
62.791442
 20
52.566240
 40
0.249999
  0
CIRCLE
  8
PIN_TOP
 10
24.791467
 20
51.566242
 40
0.249999
  0
CIRCLE
  8
PIN_TOP
 10
25.791465
 20
51.566242
 40
0.249999
  0
CIRCLE
  8
PIN_TOP
 10
26.791463
 20
51.566242
 40
0.249999
  0
CIRCLE
  8
PIN_TOP
 10
27.791461
 20
51.566242
 40
0.249999
  0
CIRCLE
  8
PIN_TOP
 10
28.791459
 20
51.566242
 40
0.249999
  0
CIRCLE
  8
PIN_TOP
 10
29.791457
 20
51.566242
 40
0.249999
  0
CIRCLE
  8
PIN_TOP
 10
30.791455
 20
51.566242
 40
0.249999
  0
CIRCLE
  8
PIN_TOP
 10
31.791453
 20
51.566242
 40
0.249999
  0
CIRCLE
  8
PIN_TOP
 10
32.791451
 20
51.566242
 40
0.249999
  0
CIRCLE
  8
PIN_TOP
 10
33.791449
 20
51.566242
 40
0.249999
  0
CIRCLE
  8
PIN_TOP
 10
34.791447
 20
51.566242
 40
0.249999
  0
CIRCLE
  8
PIN_TOP
 10
35.791445
 20
51.566242
 40
0.249999
  0
CIRCLE
  8
PIN_TOP
 10
36.791443
 20
51.566242
 40
0.249999
  0
CIRCLE
  8
PIN_TOP
 10
37.791466
 20
51.566242
 40
0.249999
  0
CIRCLE
  8
PIN_TOP
 10
38.791464
 20
51.566242
 40
0.249999
  0
CIRCLE
  8
PIN_TOP
 10
39.791462
 20
51.566242
 40
0.249999
  0
CIRCLE
  8
PIN_TOP
 10
40.791460
 20
51.566242
 40
0.249999
  0
CIRCLE
  8
PIN_TOP
 10
41.791458
 20
51.566242
 40
0.249999
  0
CIRCLE
  8
PIN_TOP
 10
42.791456
 20
51.566242
 40
0.249999
  0
CIRCLE
  8
PIN_TOP
 10
43.791454
 20
51.566242
 40
0.249999
  0
CIRCLE
  8
PIN_TOP
 10
44.791452
 20
51.566242
 40
0.249999
  0
CIRCLE
  8
PIN_TOP
 10
45.791450
 20
51.566242
 40
0.249999
  0
CIRCLE
  8
PIN_TOP
 10
46.791448
 20
51.566242
 40
0.249999
  0
CIRCLE
  8
PIN_TOP
 10
47.791446
 20
51.566242
 40
0.249999
  0
CIRCLE
  8
PIN_TOP
 10
48.791444
 20
51.566242
 40
0.249999
  0
CIRCLE
  8
PIN_TOP
 10
49.791442
 20
51.566242
 40
0.249999
  0
CIRCLE
  8
PIN_TOP
 10
50.791466
 20
51.566242
 40
0.249999
  0
CIRCLE
  8
PIN_TOP
 10
51.791464
 20
51.566242
 40
0.249999
  0
CIRCLE
  8
PIN_TOP
 10
52.791462
 20
51.566242
 40
0.249999
  0
CIRCLE
  8
PIN_TOP
 10
53.791460
 20
51.566242
 40
0.249999
  0
CIRCLE
  8
PIN_TOP
 10
54.791458
 20
51.566242
 40
0.249999
  0
CIRCLE
  8
PIN_TOP
 10
55.791456
 20
51.566242
 40
0.249999
  0
CIRCLE
  8
PIN_TOP
 10
56.791454
 20
51.566242
 40
0.249999
  0
CIRCLE
  8
PIN_TOP
 10
57.791452
 20
51.566242
 40
0.249999
  0
CIRCLE
  8
PIN_TOP
 10
58.791450
 20
51.566242
 40
0.249999
  0
CIRCLE
  8
PIN_TOP
 10
59.791448
 20
51.566242
 40
0.249999
  0
CIRCLE
  8
PIN_TOP
 10
60.791446
 20
51.566242
 40
0.249999
  0
CIRCLE
  8
PIN_TOP
 10
61.791444
 20
51.566242
 40
0.249999
  0
CIRCLE
  8
PIN_TOP
 10
62.791442
 20
51.566242
 40
0.249999
  0
CIRCLE
  8
PIN_TOP
 10
24.791467
 20
50.566218
 40
0.249999
  0
CIRCLE
  8
PIN_TOP
 10
25.791465
 20
50.566218
 40
0.249999
  0
CIRCLE
  8
PIN_TOP
 10
26.791463
 20
50.566218
 40
0.249999
  0
CIRCLE
  8
PIN_TOP
 10
27.791461
 20
50.566218
 40
0.249999
  0
CIRCLE
  8
PIN_TOP
 10
28.791459
 20
50.566218
 40
0.249999
  0
CIRCLE
  8
PIN_TOP
 10
29.791457
 20
50.566218
 40
0.249999
  0
CIRCLE
  8
PIN_TOP
 10
30.791455
 20
50.566218
 40
0.249999
  0
CIRCLE
  8
PIN_TOP
 10
31.791453
 20
50.566218
 40
0.249999
  0
CIRCLE
  8
PIN_TOP
 10
32.791451
 20
50.566218
 40
0.249999
  0
CIRCLE
  8
PIN_TOP
 10
33.791449
 20
50.566218
 40
0.249999
  0
CIRCLE
  8
PIN_TOP
 10
34.791447
 20
50.566218
 40
0.249999
  0
CIRCLE
  8
PIN_TOP
 10
35.791445
 20
50.566218
 40
0.249999
  0
CIRCLE
  8
PIN_TOP
 10
36.791443
 20
50.566218
 40
0.249999
  0
CIRCLE
  8
PIN_TOP
 10
37.791466
 20
50.566218
 40
0.249999
  0
CIRCLE
  8
PIN_TOP
 10
38.791464
 20
50.566218
 40
0.249999
  0
CIRCLE
  8
PIN_TOP
 10
39.791462
 20
50.566218
 40
0.249999
  0
CIRCLE
  8
PIN_TOP
 10
40.791460
 20
50.566218
 40
0.249999
  0
CIRCLE
  8
PIN_TOP
 10
41.791458
 20
50.566218
 40
0.249999
  0
CIRCLE
  8
PIN_TOP
 10
42.791456
 20
50.566218
 40
0.249999
  0
CIRCLE
  8
PIN_TOP
 10
43.791454
 20
50.566218
 40
0.249999
  0
CIRCLE
  8
PIN_TOP
 10
44.791452
 20
50.566218
 40
0.249999
  0
CIRCLE
  8
PIN_TOP
 10
45.791450
 20
50.566218
 40
0.249999
  0
CIRCLE
  8
PIN_TOP
 10
46.791448
 20
50.566218
 40
0.249999
  0
CIRCLE
  8
PIN_TOP
 10
47.791446
 20
50.566218
 40
0.249999
  0
CIRCLE
  8
PIN_TOP
 10
48.791444
 20
50.566218
 40
0.249999
  0
CIRCLE
  8
PIN_TOP
 10
49.791442
 20
50.566218
 40
0.249999
  0
CIRCLE
  8
PIN_TOP
 10
50.791466
 20
50.566218
 40
0.249999
  0
CIRCLE
  8
PIN_TOP
 10
51.791464
 20
50.566218
 40
0.249999
  0
CIRCLE
  8
PIN_TOP
 10
52.791462
 20
50.566218
 40
0.249999
  0
CIRCLE
  8
PIN_TOP
 10
53.791460
 20
50.566218
 40
0.249999
  0
CIRCLE
  8
PIN_TOP
 10
54.791458
 20
50.566218
 40
0.249999
  0
CIRCLE
  8
PIN_TOP
 10
55.791456
 20
50.566218
 40
0.249999
  0
CIRCLE
  8
PIN_TOP
 10
56.791454
 20
50.566218
 40
0.249999
  0
CIRCLE
  8
PIN_TOP
 10
57.791452
 20
50.566218
 40
0.249999
  0
CIRCLE
  8
PIN_TOP
 10
58.791450
 20
50.566218
 40
0.249999
  0
CIRCLE
  8
PIN_TOP
 10
59.791448
 20
50.566218
 40
0.249999
  0
CIRCLE
  8
PIN_TOP
 10
60.791446
 20
50.566218
 40
0.249999
  0
CIRCLE
  8
PIN_TOP
 10
61.791444
 20
50.566218
 40
0.249999
  0
CIRCLE
  8
PIN_TOP
 10
62.791442
 20
50.566218
 40
0.249999
  0
CIRCLE
  8
PIN_TOP
 10
24.791467
 20
49.566220
 40
0.249999
  0
CIRCLE
  8
PIN_TOP
 10
25.791465
 20
49.566220
 40
0.249999
  0
CIRCLE
  8
PIN_TOP
 10
26.791463
 20
49.566220
 40
0.249999
  0
CIRCLE
  8
PIN_TOP
 10
27.791461
 20
49.566220
 40
0.249999
  0
CIRCLE
  8
PIN_TOP
 10
28.791459
 20
49.566220
 40
0.249999
  0
CIRCLE
  8
PIN_TOP
 10
29.791457
 20
49.566220
 40
0.249999
  0
CIRCLE
  8
PIN_TOP
 10
30.791455
 20
49.566220
 40
0.249999
  0
CIRCLE
  8
PIN_TOP
 10
31.791453
 20
49.566220
 40
0.249999
  0
CIRCLE
  8
PIN_TOP
 10
32.791451
 20
49.566220
 40
0.249999
  0
CIRCLE
  8
PIN_TOP
 10
33.791449
 20
49.566220
 40
0.249999
  0
CIRCLE
  8
PIN_TOP
 10
34.791447
 20
49.566220
 40
0.249999
  0
CIRCLE
  8
PIN_TOP
 10
35.791445
 20
49.566220
 40
0.249999
  0
CIRCLE
  8
PIN_TOP
 10
36.791443
 20
49.566220
 40
0.249999
  0
CIRCLE
  8
PIN_TOP
 10
37.791466
 20
49.566220
 40
0.249999
  0
CIRCLE
  8
PIN_TOP
 10
38.791464
 20
49.566220
 40
0.249999
  0
CIRCLE
  8
PIN_TOP
 10
39.791462
 20
49.566220
 40
0.249999
  0
CIRCLE
  8
PIN_TOP
 10
40.791460
 20
49.566220
 40
0.249999
  0
CIRCLE
  8
PIN_TOP
 10
41.791458
 20
49.566220
 40
0.249999
  0
CIRCLE
  8
PIN_TOP
 10
42.791456
 20
49.566220
 40
0.249999
  0
CIRCLE
  8
PIN_TOP
 10
43.791454
 20
49.566220
 40
0.249999
  0
CIRCLE
  8
PIN_TOP
 10
44.791452
 20
49.566220
 40
0.249999
  0
CIRCLE
  8
PIN_TOP
 10
45.791450
 20
49.566220
 40
0.249999
  0
CIRCLE
  8
PIN_TOP
 10
46.791448
 20
49.566220
 40
0.249999
  0
CIRCLE
  8
PIN_TOP
 10
47.791446
 20
49.566220
 40
0.249999
  0
CIRCLE
  8
PIN_TOP
 10
48.791444
 20
49.566220
 40
0.249999
  0
CIRCLE
  8
PIN_TOP
 10
49.791442
 20
49.566220
 40
0.249999
  0
CIRCLE
  8
PIN_TOP
 10
50.791466
 20
49.566220
 40
0.249999
  0
CIRCLE
  8
PIN_TOP
 10
51.791464
 20
49.566220
 40
0.249999
  0
CIRCLE
  8
PIN_TOP
 10
52.791462
 20
49.566220
 40
0.249999
  0
CIRCLE
  8
PIN_TOP
 10
53.791460
 20
49.566220
 40
0.249999
  0
CIRCLE
  8
PIN_TOP
 10
54.791458
 20
49.566220
 40
0.249999
  0
CIRCLE
  8
PIN_TOP
 10
55.791456
 20
49.566220
 40
0.249999
  0
CIRCLE
  8
PIN_TOP
 10
56.791454
 20
49.566220
 40
0.249999
  0
CIRCLE
  8
PIN_TOP
 10
57.791452
 20
49.566220
 40
0.249999
  0
CIRCLE
  8
PIN_TOP
 10
58.791450
 20
49.566220
 40
0.249999
  0
CIRCLE
  8
PIN_TOP
 10
59.791448
 20
49.566220
 40
0.249999
  0
CIRCLE
  8
PIN_TOP
 10
60.791446
 20
49.566220
 40
0.249999
  0
CIRCLE
  8
PIN_TOP
 10
61.791444
 20
49.566220
 40
0.249999
  0
CIRCLE
  8
PIN_TOP
 10
62.791442
 20
49.566220
 40
0.249999
  0
CIRCLE
  8
PIN_TOP
 10
24.791467
 20
48.566222
 40
0.249999
  0
CIRCLE
  8
PIN_TOP
 10
25.791465
 20
48.566222
 40
0.249999
  0
CIRCLE
  8
PIN_TOP
 10
26.791463
 20
48.566222
 40
0.249999
  0
CIRCLE
  8
PIN_TOP
 10
27.791461
 20
48.566222
 40
0.249999
  0
CIRCLE
  8
PIN_TOP
 10
28.791459
 20
48.566222
 40
0.249999
  0
CIRCLE
  8
PIN_TOP
 10
29.791457
 20
48.566222
 40
0.249999
  0
CIRCLE
  8
PIN_TOP
 10
30.791455
 20
48.566222
 40
0.249999
  0
CIRCLE
  8
PIN_TOP
 10
31.791453
 20
48.566222
 40
0.249999
  0
CIRCLE
  8
PIN_TOP
 10
32.791451
 20
48.566222
 40
0.249999
  0
CIRCLE
  8
PIN_TOP
 10
33.791449
 20
48.566222
 40
0.249999
  0
CIRCLE
  8
PIN_TOP
 10
34.791447
 20
48.566222
 40
0.249999
  0
CIRCLE
  8
PIN_TOP
 10
35.791445
 20
48.566222
 40
0.249999
  0
CIRCLE
  8
PIN_TOP
 10
36.791443
 20
48.566222
 40
0.249999
  0
CIRCLE
  8
PIN_TOP
 10
37.791466
 20
48.566222
 40
0.249999
  0
CIRCLE
  8
PIN_TOP
 10
38.791464
 20
48.566222
 40
0.249999
  0
CIRCLE
  8
PIN_TOP
 10
39.791462
 20
48.566222
 40
0.249999
  0
CIRCLE
  8
PIN_TOP
 10
40.791460
 20
48.566222
 40
0.249999
  0
CIRCLE
  8
PIN_TOP
 10
41.791458
 20
48.566222
 40
0.249999
  0
CIRCLE
  8
PIN_TOP
 10
42.791456
 20
48.566222
 40
0.249999
  0
CIRCLE
  8
PIN_TOP
 10
43.791454
 20
48.566222
 40
0.249999
  0
CIRCLE
  8
PIN_TOP
 10
44.791452
 20
48.566222
 40
0.249999
  0
CIRCLE
  8
PIN_TOP
 10
45.791450
 20
48.566222
 40
0.249999
  0
CIRCLE
  8
PIN_TOP
 10
46.791448
 20
48.566222
 40
0.249999
  0
CIRCLE
  8
PIN_TOP
 10
47.791446
 20
48.566222
 40
0.249999
  0
CIRCLE
  8
PIN_TOP
 10
48.791444
 20
48.566222
 40
0.249999
  0
CIRCLE
  8
PIN_TOP
 10
49.791442
 20
48.566222
 40
0.249999
  0
CIRCLE
  8
PIN_TOP
 10
50.791466
 20
48.566222
 40
0.249999
  0
CIRCLE
  8
PIN_TOP
 10
51.791464
 20
48.566222
 40
0.249999
  0
CIRCLE
  8
PIN_TOP
 10
52.791462
 20
48.566222
 40
0.249999
  0
CIRCLE
  8
PIN_TOP
 10
53.791460
 20
48.566222
 40
0.249999
  0
CIRCLE
  8
PIN_TOP
 10
54.791458
 20
48.566222
 40
0.249999
  0
CIRCLE
  8
PIN_TOP
 10
55.791456
 20
48.566222
 40
0.249999
  0
CIRCLE
  8
PIN_TOP
 10
56.791454
 20
48.566222
 40
0.249999
  0
CIRCLE
  8
PIN_TOP
 10
57.791452
 20
48.566222
 40
0.249999
  0
CIRCLE
  8
PIN_TOP
 10
58.791450
 20
48.566222
 40
0.249999
  0
CIRCLE
  8
PIN_TOP
 10
59.791448
 20
48.566222
 40
0.249999
  0
CIRCLE
  8
PIN_TOP
 10
60.791446
 20
48.566222
 40
0.249999
  0
CIRCLE
  8
PIN_TOP
 10
61.791444
 20
48.566222
 40
0.249999
  0
CIRCLE
  8
PIN_TOP
 10
62.791442
 20
48.566222
 40
0.249999
  0
CIRCLE
  8
PIN_TOP
 10
24.791467
 20
47.566224
 40
0.249999
  0
CIRCLE
  8
PIN_TOP
 10
25.791465
 20
47.566224
 40
0.249999
  0
CIRCLE
  8
PIN_TOP
 10
26.791463
 20
47.566224
 40
0.249999
  0
CIRCLE
  8
PIN_TOP
 10
27.791461
 20
47.566224
 40
0.249999
  0
CIRCLE
  8
PIN_TOP
 10
28.791459
 20
47.566224
 40
0.249999
  0
CIRCLE
  8
PIN_TOP
 10
29.791457
 20
47.566224
 40
0.249999
  0
CIRCLE
  8
PIN_TOP
 10
30.791455
 20
47.566224
 40
0.249999
  0
CIRCLE
  8
PIN_TOP
 10
31.791453
 20
47.566224
 40
0.249999
  0
CIRCLE
  8
PIN_TOP
 10
32.791451
 20
47.566224
 40
0.249999
  0
CIRCLE
  8
PIN_TOP
 10
33.791449
 20
47.566224
 40
0.249999
  0
CIRCLE
  8
PIN_TOP
 10
34.791447
 20
47.566224
 40
0.249999
  0
CIRCLE
  8
PIN_TOP
 10
35.791445
 20
47.566224
 40
0.249999
  0
CIRCLE
  8
PIN_TOP
 10
36.791443
 20
47.566224
 40
0.249999
  0
CIRCLE
  8
PIN_TOP
 10
37.791466
 20
47.566224
 40
0.249999
  0
CIRCLE
  8
PIN_TOP
 10
38.791464
 20
47.566224
 40
0.249999
  0
CIRCLE
  8
PIN_TOP
 10
39.791462
 20
47.566224
 40
0.249999
  0
CIRCLE
  8
PIN_TOP
 10
40.791460
 20
47.566224
 40
0.249999
  0
CIRCLE
  8
PIN_TOP
 10
41.791458
 20
47.566224
 40
0.249999
  0
CIRCLE
  8
PIN_TOP
 10
42.791456
 20
47.566224
 40
0.249999
  0
CIRCLE
  8
PIN_TOP
 10
43.791454
 20
47.566224
 40
0.249999
  0
CIRCLE
  8
PIN_TOP
 10
44.791452
 20
47.566224
 40
0.249999
  0
CIRCLE
  8
PIN_TOP
 10
45.791450
 20
47.566224
 40
0.249999
  0
CIRCLE
  8
PIN_TOP
 10
46.791448
 20
47.566224
 40
0.249999
  0
CIRCLE
  8
PIN_TOP
 10
47.791446
 20
47.566224
 40
0.249999
  0
CIRCLE
  8
PIN_TOP
 10
48.791444
 20
47.566224
 40
0.249999
  0
CIRCLE
  8
PIN_TOP
 10
49.791442
 20
47.566224
 40
0.249999
  0
CIRCLE
  8
PIN_TOP
 10
50.791466
 20
47.566224
 40
0.249999
  0
CIRCLE
  8
PIN_TOP
 10
51.791464
 20
47.566224
 40
0.249999
  0
CIRCLE
  8
PIN_TOP
 10
52.791462
 20
47.566224
 40
0.249999
  0
CIRCLE
  8
PIN_TOP
 10
53.791460
 20
47.566224
 40
0.249999
  0
CIRCLE
  8
PIN_TOP
 10
54.791458
 20
47.566224
 40
0.249999
  0
CIRCLE
  8
PIN_TOP
 10
55.791456
 20
47.566224
 40
0.249999
  0
CIRCLE
  8
PIN_TOP
 10
56.791454
 20
47.566224
 40
0.249999
  0
CIRCLE
  8
PIN_TOP
 10
57.791452
 20
47.566224
 40
0.249999
  0
CIRCLE
  8
PIN_TOP
 10
58.791450
 20
47.566224
 40
0.249999
  0
CIRCLE
  8
PIN_TOP
 10
59.791448
 20
47.566224
 40
0.249999
  0
CIRCLE
  8
PIN_TOP
 10
60.791446
 20
47.566224
 40
0.249999
  0
CIRCLE
  8
PIN_TOP
 10
61.791444
 20
47.566224
 40
0.249999
  0
CIRCLE
  8
PIN_TOP
 10
62.791442
 20
47.566224
 40
0.249999
  0
CIRCLE
  8
PIN_TOP
 10
24.791467
 20
46.566226
 40
0.249999
  0
CIRCLE
  8
PIN_TOP
 10
25.791465
 20
46.566226
 40
0.249999
  0
CIRCLE
  8
PIN_TOP
 10
26.791463
 20
46.566226
 40
0.249999
  0
CIRCLE
  8
PIN_TOP
 10
27.791461
 20
46.566226
 40
0.249999
  0
CIRCLE
  8
PIN_TOP
 10
28.791459
 20
46.566226
 40
0.249999
  0
CIRCLE
  8
PIN_TOP
 10
29.791457
 20
46.566226
 40
0.249999
  0
CIRCLE
  8
PIN_TOP
 10
30.791455
 20
46.566226
 40
0.249999
  0
CIRCLE
  8
PIN_TOP
 10
31.791453
 20
46.566226
 40
0.249999
  0
CIRCLE
  8
PIN_TOP
 10
32.791451
 20
46.566226
 40
0.249999
  0
CIRCLE
  8
PIN_TOP
 10
33.791449
 20
46.566226
 40
0.249999
  0
CIRCLE
  8
PIN_TOP
 10
34.791447
 20
46.566226
 40
0.249999
  0
CIRCLE
  8
PIN_TOP
 10
35.791445
 20
46.566226
 40
0.249999
  0
CIRCLE
  8
PIN_TOP
 10
36.791443
 20
46.566226
 40
0.249999
  0
CIRCLE
  8
PIN_TOP
 10
37.791466
 20
46.566226
 40
0.249999
  0
CIRCLE
  8
PIN_TOP
 10
38.791464
 20
46.566226
 40
0.249999
  0
CIRCLE
  8
PIN_TOP
 10
39.791462
 20
46.566226
 40
0.249999
  0
CIRCLE
  8
PIN_TOP
 10
40.791460
 20
46.566226
 40
0.249999
  0
CIRCLE
  8
PIN_TOP
 10
41.791458
 20
46.566226
 40
0.249999
  0
CIRCLE
  8
PIN_TOP
 10
42.791456
 20
46.566226
 40
0.249999
  0
CIRCLE
  8
PIN_TOP
 10
43.791454
 20
46.566226
 40
0.249999
  0
CIRCLE
  8
PIN_TOP
 10
44.791452
 20
46.566226
 40
0.249999
  0
CIRCLE
  8
PIN_TOP
 10
45.791450
 20
46.566226
 40
0.249999
  0
CIRCLE
  8
PIN_TOP
 10
46.791448
 20
46.566226
 40
0.249999
  0
CIRCLE
  8
PIN_TOP
 10
47.791446
 20
46.566226
 40
0.249999
  0
CIRCLE
  8
PIN_TOP
 10
48.791444
 20
46.566226
 40
0.249999
  0
CIRCLE
  8
PIN_TOP
 10
49.791442
 20
46.566226
 40
0.249999
  0
CIRCLE
  8
PIN_TOP
 10
50.791466
 20
46.566226
 40
0.249999
  0
CIRCLE
  8
PIN_TOP
 10
51.791464
 20
46.566226
 40
0.249999
  0
CIRCLE
  8
PIN_TOP
 10
52.791462
 20
46.566226
 40
0.249999
  0
CIRCLE
  8
PIN_TOP
 10
53.791460
 20
46.566226
 40
0.249999
  0
CIRCLE
  8
PIN_TOP
 10
54.791458
 20
46.566226
 40
0.249999
  0
CIRCLE
  8
PIN_TOP
 10
55.791456
 20
46.566226
 40
0.249999
  0
CIRCLE
  8
PIN_TOP
 10
56.791454
 20
46.566226
 40
0.249999
  0
CIRCLE
  8
PIN_TOP
 10
57.791452
 20
46.566226
 40
0.249999
  0
CIRCLE
  8
PIN_TOP
 10
58.791450
 20
46.566226
 40
0.249999
  0
CIRCLE
  8
PIN_TOP
 10
59.791448
 20
46.566226
 40
0.249999
  0
CIRCLE
  8
PIN_TOP
 10
60.791446
 20
46.566226
 40
0.249999
  0
CIRCLE
  8
PIN_TOP
 10
61.791444
 20
46.566226
 40
0.249999
  0
CIRCLE
  8
PIN_TOP
 10
62.791442
 20
46.566226
 40
0.249999
  0
CIRCLE
  8
PIN_TOP
 10
24.791467
 20
45.566228
 40
0.249999
  0
CIRCLE
  8
PIN_TOP
 10
25.791465
 20
45.566228
 40
0.249999
  0
CIRCLE
  8
PIN_TOP
 10
26.791463
 20
45.566228
 40
0.249999
  0
CIRCLE
  8
PIN_TOP
 10
27.791461
 20
45.566228
 40
0.249999
  0
CIRCLE
  8
PIN_TOP
 10
28.791459
 20
45.566228
 40
0.249999
  0
CIRCLE
  8
PIN_TOP
 10
29.791457
 20
45.566228
 40
0.249999
  0
CIRCLE
  8
PIN_TOP
 10
30.791455
 20
45.566228
 40
0.249999
  0
CIRCLE
  8
PIN_TOP
 10
31.791453
 20
45.566228
 40
0.249999
  0
CIRCLE
  8
PIN_TOP
 10
32.791451
 20
45.566228
 40
0.249999
  0
CIRCLE
  8
PIN_TOP
 10
33.791449
 20
45.566228
 40
0.249999
  0
CIRCLE
  8
PIN_TOP
 10
34.791447
 20
45.566228
 40
0.249999
  0
CIRCLE
  8
PIN_TOP
 10
35.791445
 20
45.566228
 40
0.249999
  0
CIRCLE
  8
PIN_TOP
 10
36.791443
 20
45.566228
 40
0.249999
  0
CIRCLE
  8
PIN_TOP
 10
37.791466
 20
45.566228
 40
0.249999
  0
CIRCLE
  8
PIN_TOP
 10
38.791464
 20
45.566228
 40
0.249999
  0
CIRCLE
  8
PIN_TOP
 10
39.791462
 20
45.566228
 40
0.249999
  0
CIRCLE
  8
PIN_TOP
 10
40.791460
 20
45.566228
 40
0.249999
  0
CIRCLE
  8
PIN_TOP
 10
41.791458
 20
45.566228
 40
0.249999
  0
CIRCLE
  8
PIN_TOP
 10
42.791456
 20
45.566228
 40
0.249999
  0
CIRCLE
  8
PIN_TOP
 10
43.791454
 20
45.566228
 40
0.249999
  0
CIRCLE
  8
PIN_TOP
 10
44.791452
 20
45.566228
 40
0.249999
  0
CIRCLE
  8
PIN_TOP
 10
45.791450
 20
45.566228
 40
0.249999
  0
CIRCLE
  8
PIN_TOP
 10
46.791448
 20
45.566228
 40
0.249999
  0
CIRCLE
  8
PIN_TOP
 10
47.791446
 20
45.566228
 40
0.249999
  0
CIRCLE
  8
PIN_TOP
 10
48.791444
 20
45.566228
 40
0.249999
  0
CIRCLE
  8
PIN_TOP
 10
49.791442
 20
45.566228
 40
0.249999
  0
CIRCLE
  8
PIN_TOP
 10
50.791466
 20
45.566228
 40
0.249999
  0
CIRCLE
  8
PIN_TOP
 10
51.791464
 20
45.566228
 40
0.249999
  0
CIRCLE
  8
PIN_TOP
 10
52.791462
 20
45.566228
 40
0.249999
  0
CIRCLE
  8
PIN_TOP
 10
53.791460
 20
45.566228
 40
0.249999
  0
CIRCLE
  8
PIN_TOP
 10
54.791458
 20
45.566228
 40
0.249999
  0
CIRCLE
  8
PIN_TOP
 10
55.791456
 20
45.566228
 40
0.249999
  0
CIRCLE
  8
PIN_TOP
 10
56.791454
 20
45.566228
 40
0.249999
  0
CIRCLE
  8
PIN_TOP
 10
57.791452
 20
45.566228
 40
0.249999
  0
CIRCLE
  8
PIN_TOP
 10
58.791450
 20
45.566228
 40
0.249999
  0
CIRCLE
  8
PIN_TOP
 10
59.791448
 20
45.566228
 40
0.249999
  0
CIRCLE
  8
PIN_TOP
 10
60.791446
 20
45.566228
 40
0.249999
  0
CIRCLE
  8
PIN_TOP
 10
61.791444
 20
45.566228
 40
0.249999
  0
CIRCLE
  8
PIN_TOP
 10
62.791442
 20
45.566228
 40
0.249999
  0
CIRCLE
  8
PIN_TOP
 10
24.791467
 20
44.566230
 40
0.249999
  0
CIRCLE
  8
PIN_TOP
 10
25.791465
 20
44.566230
 40
0.249999
  0
CIRCLE
  8
PIN_TOP
 10
26.791463
 20
44.566230
 40
0.249999
  0
CIRCLE
  8
PIN_TOP
 10
27.791461
 20
44.566230
 40
0.249999
  0
CIRCLE
  8
PIN_TOP
 10
28.791459
 20
44.566230
 40
0.249999
  0
CIRCLE
  8
PIN_TOP
 10
29.791457
 20
44.566230
 40
0.249999
  0
CIRCLE
  8
PIN_TOP
 10
30.791455
 20
44.566230
 40
0.249999
  0
CIRCLE
  8
PIN_TOP
 10
31.791453
 20
44.566230
 40
0.249999
  0
CIRCLE
  8
PIN_TOP
 10
32.791451
 20
44.566230
 40
0.249999
  0
CIRCLE
  8
PIN_TOP
 10
33.791449
 20
44.566230
 40
0.249999
  0
CIRCLE
  8
PIN_TOP
 10
34.791447
 20
44.566230
 40
0.249999
  0
CIRCLE
  8
PIN_TOP
 10
35.791445
 20
44.566230
 40
0.249999
  0
CIRCLE
  8
PIN_TOP
 10
36.791443
 20
44.566230
 40
0.249999
  0
CIRCLE
  8
PIN_TOP
 10
37.791466
 20
44.566230
 40
0.249999
  0
CIRCLE
  8
PIN_TOP
 10
38.791464
 20
44.566230
 40
0.249999
  0
CIRCLE
  8
PIN_TOP
 10
39.791462
 20
44.566230
 40
0.249999
  0
CIRCLE
  8
PIN_TOP
 10
40.791460
 20
44.566230
 40
0.249999
  0
CIRCLE
  8
PIN_TOP
 10
41.791458
 20
44.566230
 40
0.249999
  0
CIRCLE
  8
PIN_TOP
 10
42.791456
 20
44.566230
 40
0.249999
  0
CIRCLE
  8
PIN_TOP
 10
43.791454
 20
44.566230
 40
0.249999
  0
CIRCLE
  8
PIN_TOP
 10
44.791452
 20
44.566230
 40
0.249999
  0
CIRCLE
  8
PIN_TOP
 10
45.791450
 20
44.566230
 40
0.249999
  0
CIRCLE
  8
PIN_TOP
 10
46.791448
 20
44.566230
 40
0.249999
  0
CIRCLE
  8
PIN_TOP
 10
47.791446
 20
44.566230
 40
0.249999
  0
CIRCLE
  8
PIN_TOP
 10
48.791444
 20
44.566230
 40
0.249999
  0
CIRCLE
  8
PIN_TOP
 10
49.791442
 20
44.566230
 40
0.249999
  0
CIRCLE
  8
PIN_TOP
 10
50.791466
 20
44.566230
 40
0.249999
  0
CIRCLE
  8
PIN_TOP
 10
51.791464
 20
44.566230
 40
0.249999
  0
CIRCLE
  8
PIN_TOP
 10
52.791462
 20
44.566230
 40
0.249999
  0
CIRCLE
  8
PIN_TOP
 10
53.791460
 20
44.566230
 40
0.249999
  0
CIRCLE
  8
PIN_TOP
 10
54.791458
 20
44.566230
 40
0.249999
  0
CIRCLE
  8
PIN_TOP
 10
55.791456
 20
44.566230
 40
0.249999
  0
CIRCLE
  8
PIN_TOP
 10
56.791454
 20
44.566230
 40
0.249999
  0
CIRCLE
  8
PIN_TOP
 10
57.791452
 20
44.566230
 40
0.249999
  0
CIRCLE
  8
PIN_TOP
 10
58.791450
 20
44.566230
 40
0.249999
  0
CIRCLE
  8
PIN_TOP
 10
59.791448
 20
44.566230
 40
0.249999
  0
CIRCLE
  8
PIN_TOP
 10
60.791446
 20
44.566230
 40
0.249999
  0
CIRCLE
  8
PIN_TOP
 10
61.791444
 20
44.566230
 40
0.249999
  0
CIRCLE
  8
PIN_TOP
 10
62.791442
 20
44.566230
 40
0.249999
  0
CIRCLE
  8
PIN_TOP
 10
24.791467
 20
43.566232
 40
0.249999
  0
CIRCLE
  8
PIN_TOP
 10
25.791465
 20
43.566232
 40
0.249999
  0
CIRCLE
  8
PIN_TOP
 10
26.791463
 20
43.566232
 40
0.249999
  0
CIRCLE
  8
PIN_TOP
 10
27.791461
 20
43.566232
 40
0.249999
  0
CIRCLE
  8
PIN_TOP
 10
28.791459
 20
43.566232
 40
0.249999
  0
CIRCLE
  8
PIN_TOP
 10
29.791457
 20
43.566232
 40
0.249999
  0
CIRCLE
  8
PIN_TOP
 10
30.791455
 20
43.566232
 40
0.249999
  0
CIRCLE
  8
PIN_TOP
 10
31.791453
 20
43.566232
 40
0.249999
  0
CIRCLE
  8
PIN_TOP
 10
32.791451
 20
43.566232
 40
0.249999
  0
CIRCLE
  8
PIN_TOP
 10
33.791449
 20
43.566232
 40
0.249999
  0
CIRCLE
  8
PIN_TOP
 10
34.791447
 20
43.566232
 40
0.249999
  0
CIRCLE
  8
PIN_TOP
 10
35.791445
 20
43.566232
 40
0.249999
  0
CIRCLE
  8
PIN_TOP
 10
36.791443
 20
43.566232
 40
0.249999
  0
CIRCLE
  8
PIN_TOP
 10
37.791466
 20
43.566232
 40
0.249999
  0
CIRCLE
  8
PIN_TOP
 10
38.791464
 20
43.566232
 40
0.249999
  0
CIRCLE
  8
PIN_TOP
 10
39.791462
 20
43.566232
 40
0.249999
  0
CIRCLE
  8
PIN_TOP
 10
40.791460
 20
43.566232
 40
0.249999
  0
CIRCLE
  8
PIN_TOP
 10
41.791458
 20
43.566232
 40
0.249999
  0
CIRCLE
  8
PIN_TOP
 10
42.791456
 20
43.566232
 40
0.249999
  0
CIRCLE
  8
PIN_TOP
 10
43.791454
 20
43.566232
 40
0.249999
  0
CIRCLE
  8
PIN_TOP
 10
44.791452
 20
43.566232
 40
0.249999
  0
CIRCLE
  8
PIN_TOP
 10
45.791450
 20
43.566232
 40
0.249999
  0
CIRCLE
  8
PIN_TOP
 10
46.791448
 20
43.566232
 40
0.249999
  0
CIRCLE
  8
PIN_TOP
 10
47.791446
 20
43.566232
 40
0.249999
  0
CIRCLE
  8
PIN_TOP
 10
48.791444
 20
43.566232
 40
0.249999
  0
CIRCLE
  8
PIN_TOP
 10
49.791442
 20
43.566232
 40
0.249999
  0
CIRCLE
  8
PIN_TOP
 10
50.791466
 20
43.566232
 40
0.249999
  0
CIRCLE
  8
PIN_TOP
 10
51.791464
 20
43.566232
 40
0.249999
  0
CIRCLE
  8
PIN_TOP
 10
52.791462
 20
43.566232
 40
0.249999
  0
CIRCLE
  8
PIN_TOP
 10
53.791460
 20
43.566232
 40
0.249999
  0
CIRCLE
  8
PIN_TOP
 10
54.791458
 20
43.566232
 40
0.249999
  0
CIRCLE
  8
PIN_TOP
 10
55.791456
 20
43.566232
 40
0.249999
  0
CIRCLE
  8
PIN_TOP
 10
56.791454
 20
43.566232
 40
0.249999
  0
CIRCLE
  8
PIN_TOP
 10
57.791452
 20
43.566232
 40
0.249999
  0
CIRCLE
  8
PIN_TOP
 10
58.791450
 20
43.566232
 40
0.249999
  0
CIRCLE
  8
PIN_TOP
 10
59.791448
 20
43.566232
 40
0.249999
  0
CIRCLE
  8
PIN_TOP
 10
60.791446
 20
43.566232
 40
0.249999
  0
CIRCLE
  8
PIN_TOP
 10
61.791444
 20
43.566232
 40
0.249999
  0
CIRCLE
  8
PIN_TOP
 10
62.791442
 20
43.566232
 40
0.249999
  0
CIRCLE
  8
PIN_TOP
 10
24.791467
 20
42.566234
 40
0.249999
  0
CIRCLE
  8
PIN_TOP
 10
25.791465
 20
42.566234
 40
0.249999
  0
CIRCLE
  8
PIN_TOP
 10
26.791463
 20
42.566234
 40
0.249999
  0
CIRCLE
  8
PIN_TOP
 10
27.791461
 20
42.566234
 40
0.249999
  0
CIRCLE
  8
PIN_TOP
 10
28.791459
 20
42.566234
 40
0.249999
  0
CIRCLE
  8
PIN_TOP
 10
29.791457
 20
42.566234
 40
0.249999
  0
CIRCLE
  8
PIN_TOP
 10
30.791455
 20
42.566234
 40
0.249999
  0
CIRCLE
  8
PIN_TOP
 10
31.791453
 20
42.566234
 40
0.249999
  0
CIRCLE
  8
PIN_TOP
 10
32.791451
 20
42.566234
 40
0.249999
  0
CIRCLE
  8
PIN_TOP
 10
33.791449
 20
42.566234
 40
0.249999
  0
CIRCLE
  8
PIN_TOP
 10
34.791447
 20
42.566234
 40
0.249999
  0
CIRCLE
  8
PIN_TOP
 10
35.791445
 20
42.566234
 40
0.249999
  0
CIRCLE
  8
PIN_TOP
 10
36.791443
 20
42.566234
 40
0.249999
  0
CIRCLE
  8
PIN_TOP
 10
37.791466
 20
42.566234
 40
0.249999
  0
CIRCLE
  8
PIN_TOP
 10
38.791464
 20
42.566234
 40
0.249999
  0
CIRCLE
  8
PIN_TOP
 10
39.791462
 20
42.566234
 40
0.249999
  0
CIRCLE
  8
PIN_TOP
 10
40.791460
 20
42.566234
 40
0.249999
  0
CIRCLE
  8
PIN_TOP
 10
41.791458
 20
42.566234
 40
0.249999
  0
CIRCLE
  8
PIN_TOP
 10
42.791456
 20
42.566234
 40
0.249999
  0
CIRCLE
  8
PIN_TOP
 10
43.791454
 20
42.566234
 40
0.249999
  0
CIRCLE
  8
PIN_TOP
 10
44.791452
 20
42.566234
 40
0.249999
  0
CIRCLE
  8
PIN_TOP
 10
45.791450
 20
42.566234
 40
0.249999
  0
CIRCLE
  8
PIN_TOP
 10
46.791448
 20
42.566234
 40
0.249999
  0
CIRCLE
  8
PIN_TOP
 10
47.791446
 20
42.566234
 40
0.249999
  0
CIRCLE
  8
PIN_TOP
 10
48.791444
 20
42.566234
 40
0.249999
  0
CIRCLE
  8
PIN_TOP
 10
49.791442
 20
42.566234
 40
0.249999
  0
CIRCLE
  8
PIN_TOP
 10
50.791466
 20
42.566234
 40
0.249999
  0
CIRCLE
  8
PIN_TOP
 10
51.791464
 20
42.566234
 40
0.249999
  0
CIRCLE
  8
PIN_TOP
 10
52.791462
 20
42.566234
 40
0.249999
  0
CIRCLE
  8
PIN_TOP
 10
53.791460
 20
42.566234
 40
0.249999
  0
CIRCLE
  8
PIN_TOP
 10
54.791458
 20
42.566234
 40
0.249999
  0
CIRCLE
  8
PIN_TOP
 10
55.791456
 20
42.566234
 40
0.249999
  0
CIRCLE
  8
PIN_TOP
 10
56.791454
 20
42.566234
 40
0.249999
  0
CIRCLE
  8
PIN_TOP
 10
57.791452
 20
42.566234
 40
0.249999
  0
CIRCLE
  8
PIN_TOP
 10
58.791450
 20
42.566234
 40
0.249999
  0
CIRCLE
  8
PIN_TOP
 10
59.791448
 20
42.566234
 40
0.249999
  0
CIRCLE
  8
PIN_TOP
 10
60.791446
 20
42.566234
 40
0.249999
  0
CIRCLE
  8
PIN_TOP
 10
61.791444
 20
42.566234
 40
0.249999
  0
CIRCLE
  8
PIN_TOP
 10
62.791442
 20
42.566234
 40
0.249999
  0
CIRCLE
  8
PIN_TOP
 10
24.791467
 20
41.566236
 40
0.249999
  0
CIRCLE
  8
PIN_TOP
 10
25.791465
 20
41.566236
 40
0.249999
  0
CIRCLE
  8
PIN_TOP
 10
26.791463
 20
41.566236
 40
0.249999
  0
CIRCLE
  8
PIN_TOP
 10
27.791461
 20
41.566236
 40
0.249999
  0
CIRCLE
  8
PIN_TOP
 10
28.791459
 20
41.566236
 40
0.249999
  0
CIRCLE
  8
PIN_TOP
 10
29.791457
 20
41.566236
 40
0.249999
  0
CIRCLE
  8
PIN_TOP
 10
30.791455
 20
41.566236
 40
0.249999
  0
CIRCLE
  8
PIN_TOP
 10
31.791453
 20
41.566236
 40
0.249999
  0
CIRCLE
  8
PIN_TOP
 10
32.791451
 20
41.566236
 40
0.249999
  0
CIRCLE
  8
PIN_TOP
 10
33.791449
 20
41.566236
 40
0.249999
  0
CIRCLE
  8
PIN_TOP
 10
34.791447
 20
41.566236
 40
0.249999
  0
CIRCLE
  8
PIN_TOP
 10
35.791445
 20
41.566236
 40
0.249999
  0
CIRCLE
  8
PIN_TOP
 10
36.791443
 20
41.566236
 40
0.249999
  0
CIRCLE
  8
PIN_TOP
 10
37.791466
 20
41.566236
 40
0.249999
  0
CIRCLE
  8
PIN_TOP
 10
38.791464
 20
41.566236
 40
0.249999
  0
CIRCLE
  8
PIN_TOP
 10
39.791462
 20
41.566236
 40
0.249999
  0
CIRCLE
  8
PIN_TOP
 10
40.791460
 20
41.566236
 40
0.249999
  0
CIRCLE
  8
PIN_TOP
 10
41.791458
 20
41.566236
 40
0.249999
  0
CIRCLE
  8
PIN_TOP
 10
42.791456
 20
41.566236
 40
0.249999
  0
CIRCLE
  8
PIN_TOP
 10
43.791454
 20
41.566236
 40
0.249999
  0
CIRCLE
  8
PIN_TOP
 10
44.791452
 20
41.566236
 40
0.249999
  0
CIRCLE
  8
PIN_TOP
 10
45.791450
 20
41.566236
 40
0.249999
  0
CIRCLE
  8
PIN_TOP
 10
46.791448
 20
41.566236
 40
0.249999
  0
CIRCLE
  8
PIN_TOP
 10
47.791446
 20
41.566236
 40
0.249999
  0
CIRCLE
  8
PIN_TOP
 10
48.791444
 20
41.566236
 40
0.249999
  0
CIRCLE
  8
PIN_TOP
 10
49.791442
 20
41.566236
 40
0.249999
  0
CIRCLE
  8
PIN_TOP
 10
50.791466
 20
41.566236
 40
0.249999
  0
CIRCLE
  8
PIN_TOP
 10
51.791464
 20
41.566236
 40
0.249999
  0
CIRCLE
  8
PIN_TOP
 10
52.791462
 20
41.566236
 40
0.249999
  0
CIRCLE
  8
PIN_TOP
 10
53.791460
 20
41.566236
 40
0.249999
  0
CIRCLE
  8
PIN_TOP
 10
54.791458
 20
41.566236
 40
0.249999
  0
CIRCLE
  8
PIN_TOP
 10
55.791456
 20
41.566236
 40
0.249999
  0
CIRCLE
  8
PIN_TOP
 10
56.791454
 20
41.566236
 40
0.249999
  0
CIRCLE
  8
PIN_TOP
 10
57.791452
 20
41.566236
 40
0.249999
  0
CIRCLE
  8
PIN_TOP
 10
58.791450
 20
41.566236
 40
0.249999
  0
CIRCLE
  8
PIN_TOP
 10
59.791448
 20
41.566236
 40
0.249999
  0
CIRCLE
  8
PIN_TOP
 10
60.791446
 20
41.566236
 40
0.249999
  0
CIRCLE
  8
PIN_TOP
 10
61.791444
 20
41.566236
 40
0.249999
  0
CIRCLE
  8
PIN_TOP
 10
62.791442
 20
41.566236
 40
0.249999
  0
CIRCLE
  8
PIN_TOP
 10
24.791467
 20
40.566238
 40
0.249999
  0
CIRCLE
  8
PIN_TOP
 10
25.791465
 20
40.566238
 40
0.249999
  0
CIRCLE
  8
PIN_TOP
 10
26.791463
 20
40.566238
 40
0.249999
  0
CIRCLE
  8
PIN_TOP
 10
27.791461
 20
40.566238
 40
0.249999
  0
CIRCLE
  8
PIN_TOP
 10
28.791459
 20
40.566238
 40
0.249999
  0
CIRCLE
  8
PIN_TOP
 10
29.791457
 20
40.566238
 40
0.249999
  0
CIRCLE
  8
PIN_TOP
 10
30.791455
 20
40.566238
 40
0.249999
  0
CIRCLE
  8
PIN_TOP
 10
31.791453
 20
40.566238
 40
0.249999
  0
CIRCLE
  8
PIN_TOP
 10
32.791451
 20
40.566238
 40
0.249999
  0
CIRCLE
  8
PIN_TOP
 10
33.791449
 20
40.566238
 40
0.249999
  0
CIRCLE
  8
PIN_TOP
 10
34.791447
 20
40.566238
 40
0.249999
  0
CIRCLE
  8
PIN_TOP
 10
35.791445
 20
40.566238
 40
0.249999
  0
CIRCLE
  8
PIN_TOP
 10
36.791443
 20
40.566238
 40
0.249999
  0
CIRCLE
  8
PIN_TOP
 10
37.791466
 20
40.566238
 40
0.249999
  0
CIRCLE
  8
PIN_TOP
 10
38.791464
 20
40.566238
 40
0.249999
  0
CIRCLE
  8
PIN_TOP
 10
39.791462
 20
40.566238
 40
0.249999
  0
CIRCLE
  8
PIN_TOP
 10
40.791460
 20
40.566238
 40
0.249999
  0
CIRCLE
  8
PIN_TOP
 10
41.791458
 20
40.566238
 40
0.249999
  0
CIRCLE
  8
PIN_TOP
 10
42.791456
 20
40.566238
 40
0.249999
  0
CIRCLE
  8
PIN_TOP
 10
43.791454
 20
40.566238
 40
0.249999
  0
CIRCLE
  8
PIN_TOP
 10
44.791452
 20
40.566238
 40
0.249999
  0
CIRCLE
  8
PIN_TOP
 10
45.791450
 20
40.566238
 40
0.249999
  0
CIRCLE
  8
PIN_TOP
 10
46.791448
 20
40.566238
 40
0.249999
  0
CIRCLE
  8
PIN_TOP
 10
47.791446
 20
40.566238
 40
0.249999
  0
CIRCLE
  8
PIN_TOP
 10
48.791444
 20
40.566238
 40
0.249999
  0
CIRCLE
  8
PIN_TOP
 10
49.791442
 20
40.566238
 40
0.249999
  0
CIRCLE
  8
PIN_TOP
 10
50.791466
 20
40.566238
 40
0.249999
  0
CIRCLE
  8
PIN_TOP
 10
51.791464
 20
40.566238
 40
0.249999
  0
CIRCLE
  8
PIN_TOP
 10
52.791462
 20
40.566238
 40
0.249999
  0
CIRCLE
  8
PIN_TOP
 10
53.791460
 20
40.566238
 40
0.249999
  0
CIRCLE
  8
PIN_TOP
 10
54.791458
 20
40.566238
 40
0.249999
  0
CIRCLE
  8
PIN_TOP
 10
55.791456
 20
40.566238
 40
0.249999
  0
CIRCLE
  8
PIN_TOP
 10
56.791454
 20
40.566238
 40
0.249999
  0
CIRCLE
  8
PIN_TOP
 10
57.791452
 20
40.566238
 40
0.249999
  0
CIRCLE
  8
PIN_TOP
 10
58.791450
 20
40.566238
 40
0.249999
  0
CIRCLE
  8
PIN_TOP
 10
59.791448
 20
40.566238
 40
0.249999
  0
CIRCLE
  8
PIN_TOP
 10
60.791446
 20
40.566238
 40
0.249999
  0
CIRCLE
  8
PIN_TOP
 10
61.791444
 20
40.566238
 40
0.249999
  0
CIRCLE
  8
PIN_TOP
 10
62.791442
 20
40.566238
 40
0.249999
  0
CIRCLE
  8
PIN_TOP
 10
24.791467
 20
39.566240
 40
0.249999
  0
CIRCLE
  8
PIN_TOP
 10
25.791465
 20
39.566240
 40
0.249999
  0
CIRCLE
  8
PIN_TOP
 10
26.791463
 20
39.566240
 40
0.249999
  0
CIRCLE
  8
PIN_TOP
 10
27.791461
 20
39.566240
 40
0.249999
  0
CIRCLE
  8
PIN_TOP
 10
28.791459
 20
39.566240
 40
0.249999
  0
CIRCLE
  8
PIN_TOP
 10
29.791457
 20
39.566240
 40
0.249999
  0
CIRCLE
  8
PIN_TOP
 10
30.791455
 20
39.566240
 40
0.249999
  0
CIRCLE
  8
PIN_TOP
 10
31.791453
 20
39.566240
 40
0.249999
  0
CIRCLE
  8
PIN_TOP
 10
32.791451
 20
39.566240
 40
0.249999
  0
CIRCLE
  8
PIN_TOP
 10
33.791449
 20
39.566240
 40
0.249999
  0
CIRCLE
  8
PIN_TOP
 10
34.791447
 20
39.566240
 40
0.249999
  0
CIRCLE
  8
PIN_TOP
 10
35.791445
 20
39.566240
 40
0.249999
  0
CIRCLE
  8
PIN_TOP
 10
36.791443
 20
39.566240
 40
0.249999
  0
CIRCLE
  8
PIN_TOP
 10
37.791466
 20
39.566240
 40
0.249999
  0
CIRCLE
  8
PIN_TOP
 10
38.791464
 20
39.566240
 40
0.249999
  0
CIRCLE
  8
PIN_TOP
 10
39.791462
 20
39.566240
 40
0.249999
  0
CIRCLE
  8
PIN_TOP
 10
40.791460
 20
39.566240
 40
0.249999
  0
CIRCLE
  8
PIN_TOP
 10
41.791458
 20
39.566240
 40
0.249999
  0
CIRCLE
  8
PIN_TOP
 10
42.791456
 20
39.566240
 40
0.249999
  0
CIRCLE
  8
PIN_TOP
 10
43.791454
 20
39.566240
 40
0.249999
  0
CIRCLE
  8
PIN_TOP
 10
44.791452
 20
39.566240
 40
0.249999
  0
CIRCLE
  8
PIN_TOP
 10
45.791450
 20
39.566240
 40
0.249999
  0
CIRCLE
  8
PIN_TOP
 10
46.791448
 20
39.566240
 40
0.249999
  0
CIRCLE
  8
PIN_TOP
 10
47.791446
 20
39.566240
 40
0.249999
  0
CIRCLE
  8
PIN_TOP
 10
48.791444
 20
39.566240
 40
0.249999
  0
CIRCLE
  8
PIN_TOP
 10
49.791442
 20
39.566240
 40
0.249999
  0
CIRCLE
  8
PIN_TOP
 10
50.791466
 20
39.566240
 40
0.249999
  0
CIRCLE
  8
PIN_TOP
 10
51.791464
 20
39.566240
 40
0.249999
  0
CIRCLE
  8
PIN_TOP
 10
52.791462
 20
39.566240
 40
0.249999
  0
CIRCLE
  8
PIN_TOP
 10
53.791460
 20
39.566240
 40
0.249999
  0
CIRCLE
  8
PIN_TOP
 10
54.791458
 20
39.566240
 40
0.249999
  0
CIRCLE
  8
PIN_TOP
 10
55.791456
 20
39.566240
 40
0.249999
  0
CIRCLE
  8
PIN_TOP
 10
56.791454
 20
39.566240
 40
0.249999
  0
CIRCLE
  8
PIN_TOP
 10
57.791452
 20
39.566240
 40
0.249999
  0
CIRCLE
  8
PIN_TOP
 10
58.791450
 20
39.566240
 40
0.249999
  0
CIRCLE
  8
PIN_TOP
 10
59.791448
 20
39.566240
 40
0.249999
  0
CIRCLE
  8
PIN_TOP
 10
60.791446
 20
39.566240
 40
0.249999
  0
CIRCLE
  8
PIN_TOP
 10
61.791444
 20
39.566240
 40
0.249999
  0
CIRCLE
  8
PIN_TOP
 10
62.791442
 20
39.566240
 40
0.249999
  0
CIRCLE
  8
PIN_TOP
 10
24.791467
 20
38.566242
 40
0.249999
  0
CIRCLE
  8
PIN_TOP
 10
25.791465
 20
38.566242
 40
0.249999
  0
CIRCLE
  8
PIN_TOP
 10
26.791463
 20
38.566242
 40
0.249999
  0
CIRCLE
  8
PIN_TOP
 10
27.791461
 20
38.566242
 40
0.249999
  0
CIRCLE
  8
PIN_TOP
 10
28.791459
 20
38.566242
 40
0.249999
  0
CIRCLE
  8
PIN_TOP
 10
29.791457
 20
38.566242
 40
0.249999
  0
CIRCLE
  8
PIN_TOP
 10
30.791455
 20
38.566242
 40
0.249999
  0
CIRCLE
  8
PIN_TOP
 10
31.791453
 20
38.566242
 40
0.249999
  0
CIRCLE
  8
PIN_TOP
 10
32.791451
 20
38.566242
 40
0.249999
  0
CIRCLE
  8
PIN_TOP
 10
33.791449
 20
38.566242
 40
0.249999
  0
CIRCLE
  8
PIN_TOP
 10
34.791447
 20
38.566242
 40
0.249999
  0
CIRCLE
  8
PIN_TOP
 10
35.791445
 20
38.566242
 40
0.249999
  0
CIRCLE
  8
PIN_TOP
 10
36.791443
 20
38.566242
 40
0.249999
  0
CIRCLE
  8
PIN_TOP
 10
37.791466
 20
38.566242
 40
0.249999
  0
CIRCLE
  8
PIN_TOP
 10
38.791464
 20
38.566242
 40
0.249999
  0
CIRCLE
  8
PIN_TOP
 10
39.791462
 20
38.566242
 40
0.249999
  0
CIRCLE
  8
PIN_TOP
 10
40.791460
 20
38.566242
 40
0.249999
  0
CIRCLE
  8
PIN_TOP
 10
41.791458
 20
38.566242
 40
0.249999
  0
CIRCLE
  8
PIN_TOP
 10
42.791456
 20
38.566242
 40
0.249999
  0
CIRCLE
  8
PIN_TOP
 10
43.791454
 20
38.566242
 40
0.249999
  0
CIRCLE
  8
PIN_TOP
 10
44.791452
 20
38.566242
 40
0.249999
  0
CIRCLE
  8
PIN_TOP
 10
45.791450
 20
38.566242
 40
0.249999
  0
CIRCLE
  8
PIN_TOP
 10
46.791448
 20
38.566242
 40
0.249999
  0
CIRCLE
  8
PIN_TOP
 10
47.791446
 20
38.566242
 40
0.249999
  0
CIRCLE
  8
PIN_TOP
 10
48.791444
 20
38.566242
 40
0.249999
  0
CIRCLE
  8
PIN_TOP
 10
49.791442
 20
38.566242
 40
0.249999
  0
CIRCLE
  8
PIN_TOP
 10
50.791466
 20
38.566242
 40
0.249999
  0
CIRCLE
  8
PIN_TOP
 10
51.791464
 20
38.566242
 40
0.249999
  0
CIRCLE
  8
PIN_TOP
 10
52.791462
 20
38.566242
 40
0.249999
  0
CIRCLE
  8
PIN_TOP
 10
53.791460
 20
38.566242
 40
0.249999
  0
CIRCLE
  8
PIN_TOP
 10
54.791458
 20
38.566242
 40
0.249999
  0
CIRCLE
  8
PIN_TOP
 10
55.791456
 20
38.566242
 40
0.249999
  0
CIRCLE
  8
PIN_TOP
 10
56.791454
 20
38.566242
 40
0.249999
  0
CIRCLE
  8
PIN_TOP
 10
57.791452
 20
38.566242
 40
0.249999
  0
CIRCLE
  8
PIN_TOP
 10
58.791450
 20
38.566242
 40
0.249999
  0
CIRCLE
  8
PIN_TOP
 10
59.791448
 20
38.566242
 40
0.249999
  0
CIRCLE
  8
PIN_TOP
 10
60.791446
 20
38.566242
 40
0.249999
  0
CIRCLE
  8
PIN_TOP
 10
61.791444
 20
38.566242
 40
0.249999
  0
CIRCLE
  8
PIN_TOP
 10
62.791442
 20
38.566242
 40
0.249999
  0
CIRCLE
  8
PIN_TOP
 10
24.791467
 20
37.566219
 40
0.249999
  0
CIRCLE
  8
PIN_TOP
 10
25.791465
 20
37.566219
 40
0.249999
  0
CIRCLE
  8
PIN_TOP
 10
26.791463
 20
37.566219
 40
0.249999
  0
CIRCLE
  8
PIN_TOP
 10
27.791461
 20
37.566219
 40
0.249999
  0
CIRCLE
  8
PIN_TOP
 10
28.791459
 20
37.566219
 40
0.249999
  0
CIRCLE
  8
PIN_TOP
 10
29.791457
 20
37.566219
 40
0.249999
  0
CIRCLE
  8
PIN_TOP
 10
30.791455
 20
37.566219
 40
0.249999
  0
CIRCLE
  8
PIN_TOP
 10
31.791453
 20
37.566219
 40
0.249999
  0
CIRCLE
  8
PIN_TOP
 10
32.791451
 20
37.566219
 40
0.249999
  0
CIRCLE
  8
PIN_TOP
 10
33.791449
 20
37.566219
 40
0.249999
  0
CIRCLE
  8
PIN_TOP
 10
34.791447
 20
37.566219
 40
0.249999
  0
CIRCLE
  8
PIN_TOP
 10
35.791445
 20
37.566219
 40
0.249999
  0
CIRCLE
  8
PIN_TOP
 10
36.791443
 20
37.566219
 40
0.249999
  0
CIRCLE
  8
PIN_TOP
 10
37.791466
 20
37.566219
 40
0.249999
  0
CIRCLE
  8
PIN_TOP
 10
38.791464
 20
37.566219
 40
0.249999
  0
CIRCLE
  8
PIN_TOP
 10
39.791462
 20
37.566219
 40
0.249999
  0
CIRCLE
  8
PIN_TOP
 10
40.791460
 20
37.566219
 40
0.249999
  0
CIRCLE
  8
PIN_TOP
 10
41.791458
 20
37.566219
 40
0.249999
  0
CIRCLE
  8
PIN_TOP
 10
42.791456
 20
37.566219
 40
0.249999
  0
CIRCLE
  8
PIN_TOP
 10
43.791454
 20
37.566219
 40
0.249999
  0
CIRCLE
  8
PIN_TOP
 10
44.791452
 20
37.566219
 40
0.249999
  0
CIRCLE
  8
PIN_TOP
 10
45.791450
 20
37.566219
 40
0.249999
  0
CIRCLE
  8
PIN_TOP
 10
46.791448
 20
37.566219
 40
0.249999
  0
CIRCLE
  8
PIN_TOP
 10
47.791446
 20
37.566219
 40
0.249999
  0
CIRCLE
  8
PIN_TOP
 10
48.791444
 20
37.566219
 40
0.249999
  0
CIRCLE
  8
PIN_TOP
 10
49.791442
 20
37.566219
 40
0.249999
  0
CIRCLE
  8
PIN_TOP
 10
50.791466
 20
37.566219
 40
0.249999
  0
CIRCLE
  8
PIN_TOP
 10
51.791464
 20
37.566219
 40
0.249999
  0
CIRCLE
  8
PIN_TOP
 10
52.791462
 20
37.566219
 40
0.249999
  0
CIRCLE
  8
PIN_TOP
 10
53.791460
 20
37.566219
 40
0.249999
  0
CIRCLE
  8
PIN_TOP
 10
54.791458
 20
37.566219
 40
0.249999
  0
CIRCLE
  8
PIN_TOP
 10
55.791456
 20
37.566219
 40
0.249999
  0
CIRCLE
  8
PIN_TOP
 10
56.791454
 20
37.566219
 40
0.249999
  0
CIRCLE
  8
PIN_TOP
 10
57.791452
 20
37.566219
 40
0.249999
  0
CIRCLE
  8
PIN_TOP
 10
58.791450
 20
37.566219
 40
0.249999
  0
CIRCLE
  8
PIN_TOP
 10
59.791448
 20
37.566219
 40
0.249999
  0
CIRCLE
  8
PIN_TOP
 10
60.791446
 20
37.566219
 40
0.249999
  0
CIRCLE
  8
PIN_TOP
 10
61.791444
 20
37.566219
 40
0.249999
  0
CIRCLE
  8
PIN_TOP
 10
62.791442
 20
37.566219
 40
0.249999
  0
CIRCLE
  8
PIN_TOP
 10
24.791467
 20
36.566221
 40
0.249999
  0
CIRCLE
  8
PIN_TOP
 10
25.791465
 20
36.566221
 40
0.249999
  0
CIRCLE
  8
PIN_TOP
 10
26.791463
 20
36.566221
 40
0.249999
  0
CIRCLE
  8
PIN_TOP
 10
27.791461
 20
36.566221
 40
0.249999
  0
CIRCLE
  8
PIN_TOP
 10
28.791459
 20
36.566221
 40
0.249999
  0
CIRCLE
  8
PIN_TOP
 10
29.791457
 20
36.566221
 40
0.249999
  0
CIRCLE
  8
PIN_TOP
 10
30.791455
 20
36.566221
 40
0.249999
  0
CIRCLE
  8
PIN_TOP
 10
31.791453
 20
36.566221
 40
0.249999
  0
CIRCLE
  8
PIN_TOP
 10
32.791451
 20
36.566221
 40
0.249999
  0
CIRCLE
  8
PIN_TOP
 10
33.791449
 20
36.566221
 40
0.249999
  0
CIRCLE
  8
PIN_TOP
 10
34.791447
 20
36.566221
 40
0.249999
  0
CIRCLE
  8
PIN_TOP
 10
35.791445
 20
36.566221
 40
0.249999
  0
CIRCLE
  8
PIN_TOP
 10
36.791443
 20
36.566221
 40
0.249999
  0
CIRCLE
  8
PIN_TOP
 10
37.791466
 20
36.566221
 40
0.249999
  0
CIRCLE
  8
PIN_TOP
 10
38.791464
 20
36.566221
 40
0.249999
  0
CIRCLE
  8
PIN_TOP
 10
39.791462
 20
36.566221
 40
0.249999
  0
CIRCLE
  8
PIN_TOP
 10
40.791460
 20
36.566221
 40
0.249999
  0
CIRCLE
  8
PIN_TOP
 10
41.791458
 20
36.566221
 40
0.249999
  0
CIRCLE
  8
PIN_TOP
 10
42.791456
 20
36.566221
 40
0.249999
  0
CIRCLE
  8
PIN_TOP
 10
43.791454
 20
36.566221
 40
0.249999
  0
CIRCLE
  8
PIN_TOP
 10
44.791452
 20
36.566221
 40
0.249999
  0
CIRCLE
  8
PIN_TOP
 10
45.791450
 20
36.566221
 40
0.249999
  0
CIRCLE
  8
PIN_TOP
 10
46.791448
 20
36.566221
 40
0.249999
  0
CIRCLE
  8
PIN_TOP
 10
47.791446
 20
36.566221
 40
0.249999
  0
CIRCLE
  8
PIN_TOP
 10
48.791444
 20
36.566221
 40
0.249999
  0
CIRCLE
  8
PIN_TOP
 10
49.791442
 20
36.566221
 40
0.249999
  0
CIRCLE
  8
PIN_TOP
 10
50.791466
 20
36.566221
 40
0.249999
  0
CIRCLE
  8
PIN_TOP
 10
51.791464
 20
36.566221
 40
0.249999
  0
CIRCLE
  8
PIN_TOP
 10
52.791462
 20
36.566221
 40
0.249999
  0
CIRCLE
  8
PIN_TOP
 10
53.791460
 20
36.566221
 40
0.249999
  0
CIRCLE
  8
PIN_TOP
 10
54.791458
 20
36.566221
 40
0.249999
  0
CIRCLE
  8
PIN_TOP
 10
55.791456
 20
36.566221
 40
0.249999
  0
CIRCLE
  8
PIN_TOP
 10
56.791454
 20
36.566221
 40
0.249999
  0
CIRCLE
  8
PIN_TOP
 10
57.791452
 20
36.566221
 40
0.249999
  0
CIRCLE
  8
PIN_TOP
 10
58.791450
 20
36.566221
 40
0.249999
  0
CIRCLE
  8
PIN_TOP
 10
59.791448
 20
36.566221
 40
0.249999
  0
CIRCLE
  8
PIN_TOP
 10
60.791446
 20
36.566221
 40
0.249999
  0
CIRCLE
  8
PIN_TOP
 10
61.791444
 20
36.566221
 40
0.249999
  0
CIRCLE
  8
PIN_TOP
 10
62.791442
 20
36.566221
 40
0.249999
  0
CIRCLE
  8
PIN_TOP
 10
24.791467
 20
35.566223
 40
0.249999
  0
CIRCLE
  8
PIN_TOP
 10
25.791465
 20
35.566223
 40
0.249999
  0
CIRCLE
  8
PIN_TOP
 10
26.791463
 20
35.566223
 40
0.249999
  0
CIRCLE
  8
PIN_TOP
 10
27.791461
 20
35.566223
 40
0.249999
  0
CIRCLE
  8
PIN_TOP
 10
28.791459
 20
35.566223
 40
0.249999
  0
CIRCLE
  8
PIN_TOP
 10
29.791457
 20
35.566223
 40
0.249999
  0
CIRCLE
  8
PIN_TOP
 10
30.791455
 20
35.566223
 40
0.249999
  0
CIRCLE
  8
PIN_TOP
 10
31.791453
 20
35.566223
 40
0.249999
  0
CIRCLE
  8
PIN_TOP
 10
32.791451
 20
35.566223
 40
0.249999
  0
CIRCLE
  8
PIN_TOP
 10
33.791449
 20
35.566223
 40
0.249999
  0
CIRCLE
  8
PIN_TOP
 10
34.791447
 20
35.566223
 40
0.249999
  0
CIRCLE
  8
PIN_TOP
 10
35.791445
 20
35.566223
 40
0.249999
  0
CIRCLE
  8
PIN_TOP
 10
36.791443
 20
35.566223
 40
0.249999
  0
CIRCLE
  8
PIN_TOP
 10
37.791466
 20
35.566223
 40
0.249999
  0
CIRCLE
  8
PIN_TOP
 10
38.791464
 20
35.566223
 40
0.249999
  0
CIRCLE
  8
PIN_TOP
 10
39.791462
 20
35.566223
 40
0.249999
  0
CIRCLE
  8
PIN_TOP
 10
40.791460
 20
35.566223
 40
0.249999
  0
CIRCLE
  8
PIN_TOP
 10
41.791458
 20
35.566223
 40
0.249999
  0
CIRCLE
  8
PIN_TOP
 10
42.791456
 20
35.566223
 40
0.249999
  0
CIRCLE
  8
PIN_TOP
 10
43.791454
 20
35.566223
 40
0.249999
  0
CIRCLE
  8
PIN_TOP
 10
44.791452
 20
35.566223
 40
0.249999
  0
CIRCLE
  8
PIN_TOP
 10
45.791450
 20
35.566223
 40
0.249999
  0
CIRCLE
  8
PIN_TOP
 10
46.791448
 20
35.566223
 40
0.249999
  0
CIRCLE
  8
PIN_TOP
 10
47.791446
 20
35.566223
 40
0.249999
  0
CIRCLE
  8
PIN_TOP
 10
48.791444
 20
35.566223
 40
0.249999
  0
CIRCLE
  8
PIN_TOP
 10
49.791442
 20
35.566223
 40
0.249999
  0
CIRCLE
  8
PIN_TOP
 10
50.791466
 20
35.566223
 40
0.249999
  0
CIRCLE
  8
PIN_TOP
 10
51.791464
 20
35.566223
 40
0.249999
  0
CIRCLE
  8
PIN_TOP
 10
52.791462
 20
35.566223
 40
0.249999
  0
CIRCLE
  8
PIN_TOP
 10
53.791460
 20
35.566223
 40
0.249999
  0
CIRCLE
  8
PIN_TOP
 10
54.791458
 20
35.566223
 40
0.249999
  0
CIRCLE
  8
PIN_TOP
 10
55.791456
 20
35.566223
 40
0.249999
  0
CIRCLE
  8
PIN_TOP
 10
56.791454
 20
35.566223
 40
0.249999
  0
CIRCLE
  8
PIN_TOP
 10
57.791452
 20
35.566223
 40
0.249999
  0
CIRCLE
  8
PIN_TOP
 10
58.791450
 20
35.566223
 40
0.249999
  0
CIRCLE
  8
PIN_TOP
 10
59.791448
 20
35.566223
 40
0.249999
  0
CIRCLE
  8
PIN_TOP
 10
60.791446
 20
35.566223
 40
0.249999
  0
CIRCLE
  8
PIN_TOP
 10
61.791444
 20
35.566223
 40
0.249999
  0
CIRCLE
  8
PIN_TOP
 10
62.791442
 20
35.566223
 40
0.249999
  0
CIRCLE
  8
PIN_TOP
 10
24.791467
 20
34.566225
 40
0.249999
  0
CIRCLE
  8
PIN_TOP
 10
25.791465
 20
34.566225
 40
0.249999
  0
CIRCLE
  8
PIN_TOP
 10
26.791463
 20
34.566225
 40
0.249999
  0
CIRCLE
  8
PIN_TOP
 10
27.791461
 20
34.566225
 40
0.249999
  0
CIRCLE
  8
PIN_TOP
 10
28.791459
 20
34.566225
 40
0.249999
  0
CIRCLE
  8
PIN_TOP
 10
29.791457
 20
34.566225
 40
0.249999
  0
CIRCLE
  8
PIN_TOP
 10
30.791455
 20
34.566225
 40
0.249999
  0
CIRCLE
  8
PIN_TOP
 10
31.791453
 20
34.566225
 40
0.249999
  0
CIRCLE
  8
PIN_TOP
 10
32.791451
 20
34.566225
 40
0.249999
  0
CIRCLE
  8
PIN_TOP
 10
33.791449
 20
34.566225
 40
0.249999
  0
CIRCLE
  8
PIN_TOP
 10
34.791447
 20
34.566225
 40
0.249999
  0
CIRCLE
  8
PIN_TOP
 10
35.791445
 20
34.566225
 40
0.249999
  0
CIRCLE
  8
PIN_TOP
 10
36.791443
 20
34.566225
 40
0.249999
  0
CIRCLE
  8
PIN_TOP
 10
37.791466
 20
34.566225
 40
0.249999
  0
CIRCLE
  8
PIN_TOP
 10
38.791464
 20
34.566225
 40
0.249999
  0
CIRCLE
  8
PIN_TOP
 10
39.791462
 20
34.566225
 40
0.249999
  0
CIRCLE
  8
PIN_TOP
 10
40.791460
 20
34.566225
 40
0.249999
  0
CIRCLE
  8
PIN_TOP
 10
41.791458
 20
34.566225
 40
0.249999
  0
CIRCLE
  8
PIN_TOP
 10
42.791456
 20
34.566225
 40
0.249999
  0
CIRCLE
  8
PIN_TOP
 10
43.791454
 20
34.566225
 40
0.249999
  0
CIRCLE
  8
PIN_TOP
 10
44.791452
 20
34.566225
 40
0.249999
  0
CIRCLE
  8
PIN_TOP
 10
45.791450
 20
34.566225
 40
0.249999
  0
CIRCLE
  8
PIN_TOP
 10
46.791448
 20
34.566225
 40
0.249999
  0
CIRCLE
  8
PIN_TOP
 10
47.791446
 20
34.566225
 40
0.249999
  0
CIRCLE
  8
PIN_TOP
 10
48.791444
 20
34.566225
 40
0.249999
  0
CIRCLE
  8
PIN_TOP
 10
49.791442
 20
34.566225
 40
0.249999
  0
CIRCLE
  8
PIN_TOP
 10
50.791466
 20
34.566225
 40
0.249999
  0
CIRCLE
  8
PIN_TOP
 10
51.791464
 20
34.566225
 40
0.249999
  0
CIRCLE
  8
PIN_TOP
 10
52.791462
 20
34.566225
 40
0.249999
  0
CIRCLE
  8
PIN_TOP
 10
53.791460
 20
34.566225
 40
0.249999
  0
CIRCLE
  8
PIN_TOP
 10
54.791458
 20
34.566225
 40
0.249999
  0
CIRCLE
  8
PIN_TOP
 10
55.791456
 20
34.566225
 40
0.249999
  0
CIRCLE
  8
PIN_TOP
 10
56.791454
 20
34.566225
 40
0.249999
  0
CIRCLE
  8
PIN_TOP
 10
57.791452
 20
34.566225
 40
0.249999
  0
CIRCLE
  8
PIN_TOP
 10
58.791450
 20
34.566225
 40
0.249999
  0
CIRCLE
  8
PIN_TOP
 10
59.791448
 20
34.566225
 40
0.249999
  0
CIRCLE
  8
PIN_TOP
 10
60.791446
 20
34.566225
 40
0.249999
  0
CIRCLE
  8
PIN_TOP
 10
61.791444
 20
34.566225
 40
0.249999
  0
CIRCLE
  8
PIN_TOP
 10
62.791442
 20
34.566225
 40
0.249999
  0
CIRCLE
  8
PIN_TOP
 10
24.791467
 20
33.566227
 40
0.249999
  0
CIRCLE
  8
PIN_TOP
 10
25.791465
 20
33.566227
 40
0.249999
  0
CIRCLE
  8
PIN_TOP
 10
26.791463
 20
33.566227
 40
0.249999
  0
CIRCLE
  8
PIN_TOP
 10
27.791461
 20
33.566227
 40
0.249999
  0
CIRCLE
  8
PIN_TOP
 10
28.791459
 20
33.566227
 40
0.249999
  0
CIRCLE
  8
PIN_TOP
 10
29.791457
 20
33.566227
 40
0.249999
  0
CIRCLE
  8
PIN_TOP
 10
30.791455
 20
33.566227
 40
0.249999
  0
CIRCLE
  8
PIN_TOP
 10
31.791453
 20
33.566227
 40
0.249999
  0
CIRCLE
  8
PIN_TOP
 10
32.791451
 20
33.566227
 40
0.249999
  0
CIRCLE
  8
PIN_TOP
 10
33.791449
 20
33.566227
 40
0.249999
  0
CIRCLE
  8
PIN_TOP
 10
34.791447
 20
33.566227
 40
0.249999
  0
CIRCLE
  8
PIN_TOP
 10
35.791445
 20
33.566227
 40
0.249999
  0
CIRCLE
  8
PIN_TOP
 10
36.791443
 20
33.566227
 40
0.249999
  0
CIRCLE
  8
PIN_TOP
 10
37.791466
 20
33.566227
 40
0.249999
  0
CIRCLE
  8
PIN_TOP
 10
38.791464
 20
33.566227
 40
0.249999
  0
CIRCLE
  8
PIN_TOP
 10
39.791462
 20
33.566227
 40
0.249999
  0
CIRCLE
  8
PIN_TOP
 10
40.791460
 20
33.566227
 40
0.249999
  0
CIRCLE
  8
PIN_TOP
 10
41.791458
 20
33.566227
 40
0.249999
  0
CIRCLE
  8
PIN_TOP
 10
42.791456
 20
33.566227
 40
0.249999
  0
CIRCLE
  8
PIN_TOP
 10
43.791454
 20
33.566227
 40
0.249999
  0
CIRCLE
  8
PIN_TOP
 10
44.791452
 20
33.566227
 40
0.249999
  0
CIRCLE
  8
PIN_TOP
 10
45.791450
 20
33.566227
 40
0.249999
  0
CIRCLE
  8
PIN_TOP
 10
46.791448
 20
33.566227
 40
0.249999
  0
CIRCLE
  8
PIN_TOP
 10
47.791446
 20
33.566227
 40
0.249999
  0
CIRCLE
  8
PIN_TOP
 10
48.791444
 20
33.566227
 40
0.249999
  0
CIRCLE
  8
PIN_TOP
 10
49.791442
 20
33.566227
 40
0.249999
  0
CIRCLE
  8
PIN_TOP
 10
50.791466
 20
33.566227
 40
0.249999
  0
CIRCLE
  8
PIN_TOP
 10
51.791464
 20
33.566227
 40
0.249999
  0
CIRCLE
  8
PIN_TOP
 10
52.791462
 20
33.566227
 40
0.249999
  0
CIRCLE
  8
PIN_TOP
 10
53.791460
 20
33.566227
 40
0.249999
  0
CIRCLE
  8
PIN_TOP
 10
54.791458
 20
33.566227
 40
0.249999
  0
CIRCLE
  8
PIN_TOP
 10
55.791456
 20
33.566227
 40
0.249999
  0
CIRCLE
  8
PIN_TOP
 10
56.791454
 20
33.566227
 40
0.249999
  0
CIRCLE
  8
PIN_TOP
 10
57.791452
 20
33.566227
 40
0.249999
  0
CIRCLE
  8
PIN_TOP
 10
58.791450
 20
33.566227
 40
0.249999
  0
CIRCLE
  8
PIN_TOP
 10
59.791448
 20
33.566227
 40
0.249999
  0
CIRCLE
  8
PIN_TOP
 10
60.791446
 20
33.566227
 40
0.249999
  0
CIRCLE
  8
PIN_TOP
 10
61.791444
 20
33.566227
 40
0.249999
  0
CIRCLE
  8
PIN_TOP
 10
62.791442
 20
33.566227
 40
0.249999
  0
CIRCLE
  8
PIN_TOP
 10
24.791467
 20
32.566229
 40
0.249999
  0
CIRCLE
  8
PIN_TOP
 10
25.791465
 20
32.566229
 40
0.249999
  0
CIRCLE
  8
PIN_TOP
 10
26.791463
 20
32.566229
 40
0.249999
  0
CIRCLE
  8
PIN_TOP
 10
27.791461
 20
32.566229
 40
0.249999
  0
CIRCLE
  8
PIN_TOP
 10
28.791459
 20
32.566229
 40
0.249999
  0
CIRCLE
  8
PIN_TOP
 10
29.791457
 20
32.566229
 40
0.249999
  0
CIRCLE
  8
PIN_TOP
 10
30.791455
 20
32.566229
 40
0.249999
  0
CIRCLE
  8
PIN_TOP
 10
31.791453
 20
32.566229
 40
0.249999
  0
CIRCLE
  8
PIN_TOP
 10
32.791451
 20
32.566229
 40
0.249999
  0
CIRCLE
  8
PIN_TOP
 10
33.791449
 20
32.566229
 40
0.249999
  0
CIRCLE
  8
PIN_TOP
 10
34.791447
 20
32.566229
 40
0.249999
  0
CIRCLE
  8
PIN_TOP
 10
35.791445
 20
32.566229
 40
0.249999
  0
CIRCLE
  8
PIN_TOP
 10
36.791443
 20
32.566229
 40
0.249999
  0
CIRCLE
  8
PIN_TOP
 10
37.791466
 20
32.566229
 40
0.249999
  0
CIRCLE
  8
PIN_TOP
 10
38.791464
 20
32.566229
 40
0.249999
  0
CIRCLE
  8
PIN_TOP
 10
39.791462
 20
32.566229
 40
0.249999
  0
CIRCLE
  8
PIN_TOP
 10
40.791460
 20
32.566229
 40
0.249999
  0
CIRCLE
  8
PIN_TOP
 10
41.791458
 20
32.566229
 40
0.249999
  0
CIRCLE
  8
PIN_TOP
 10
42.791456
 20
32.566229
 40
0.249999
  0
CIRCLE
  8
PIN_TOP
 10
43.791454
 20
32.566229
 40
0.249999
  0
CIRCLE
  8
PIN_TOP
 10
44.791452
 20
32.566229
 40
0.249999
  0
CIRCLE
  8
PIN_TOP
 10
45.791450
 20
32.566229
 40
0.249999
  0
CIRCLE
  8
PIN_TOP
 10
46.791448
 20
32.566229
 40
0.249999
  0
CIRCLE
  8
PIN_TOP
 10
47.791446
 20
32.566229
 40
0.249999
  0
CIRCLE
  8
PIN_TOP
 10
48.791444
 20
32.566229
 40
0.249999
  0
CIRCLE
  8
PIN_TOP
 10
49.791442
 20
32.566229
 40
0.249999
  0
CIRCLE
  8
PIN_TOP
 10
50.791466
 20
32.566229
 40
0.249999
  0
CIRCLE
  8
PIN_TOP
 10
51.791464
 20
32.566229
 40
0.249999
  0
CIRCLE
  8
PIN_TOP
 10
52.791462
 20
32.566229
 40
0.249999
  0
CIRCLE
  8
PIN_TOP
 10
53.791460
 20
32.566229
 40
0.249999
  0
CIRCLE
  8
PIN_TOP
 10
54.791458
 20
32.566229
 40
0.249999
  0
CIRCLE
  8
PIN_TOP
 10
55.791456
 20
32.566229
 40
0.249999
  0
CIRCLE
  8
PIN_TOP
 10
56.791454
 20
32.566229
 40
0.249999
  0
CIRCLE
  8
PIN_TOP
 10
57.791452
 20
32.566229
 40
0.249999
  0
CIRCLE
  8
PIN_TOP
 10
58.791450
 20
32.566229
 40
0.249999
  0
CIRCLE
  8
PIN_TOP
 10
59.791448
 20
32.566229
 40
0.249999
  0
CIRCLE
  8
PIN_TOP
 10
60.791446
 20
32.566229
 40
0.249999
  0
CIRCLE
  8
PIN_TOP
 10
61.791444
 20
32.566229
 40
0.249999
  0
CIRCLE
  8
PIN_TOP
 10
62.791442
 20
32.566229
 40
0.249999
  0
CIRCLE
  8
PIN_TOP
 10
24.791467
 20
31.566231
 40
0.249999
  0
CIRCLE
  8
PIN_TOP
 10
25.791465
 20
31.566231
 40
0.249999
  0
CIRCLE
  8
PIN_TOP
 10
26.791463
 20
31.566231
 40
0.249999
  0
CIRCLE
  8
PIN_TOP
 10
27.791461
 20
31.566231
 40
0.249999
  0
CIRCLE
  8
PIN_TOP
 10
28.791459
 20
31.566231
 40
0.249999
  0
CIRCLE
  8
PIN_TOP
 10
29.791457
 20
31.566231
 40
0.249999
  0
CIRCLE
  8
PIN_TOP
 10
30.791455
 20
31.566231
 40
0.249999
  0
CIRCLE
  8
PIN_TOP
 10
31.791453
 20
31.566231
 40
0.249999
  0
CIRCLE
  8
PIN_TOP
 10
32.791451
 20
31.566231
 40
0.249999
  0
CIRCLE
  8
PIN_TOP
 10
33.791449
 20
31.566231
 40
0.249999
  0
CIRCLE
  8
PIN_TOP
 10
34.791447
 20
31.566231
 40
0.249999
  0
CIRCLE
  8
PIN_TOP
 10
35.791445
 20
31.566231
 40
0.249999
  0
CIRCLE
  8
PIN_TOP
 10
36.791443
 20
31.566231
 40
0.249999
  0
CIRCLE
  8
PIN_TOP
 10
37.791466
 20
31.566231
 40
0.249999
  0
CIRCLE
  8
PIN_TOP
 10
38.791464
 20
31.566231
 40
0.249999
  0
CIRCLE
  8
PIN_TOP
 10
39.791462
 20
31.566231
 40
0.249999
  0
CIRCLE
  8
PIN_TOP
 10
40.791460
 20
31.566231
 40
0.249999
  0
CIRCLE
  8
PIN_TOP
 10
41.791458
 20
31.566231
 40
0.249999
  0
CIRCLE
  8
PIN_TOP
 10
42.791456
 20
31.566231
 40
0.249999
  0
CIRCLE
  8
PIN_TOP
 10
43.791454
 20
31.566231
 40
0.249999
  0
CIRCLE
  8
PIN_TOP
 10
44.791452
 20
31.566231
 40
0.249999
  0
CIRCLE
  8
PIN_TOP
 10
45.791450
 20
31.566231
 40
0.249999
  0
CIRCLE
  8
PIN_TOP
 10
46.791448
 20
31.566231
 40
0.249999
  0
CIRCLE
  8
PIN_TOP
 10
47.791446
 20
31.566231
 40
0.249999
  0
CIRCLE
  8
PIN_TOP
 10
48.791444
 20
31.566231
 40
0.249999
  0
CIRCLE
  8
PIN_TOP
 10
49.791442
 20
31.566231
 40
0.249999
  0
CIRCLE
  8
PIN_TOP
 10
50.791466
 20
31.566231
 40
0.249999
  0
CIRCLE
  8
PIN_TOP
 10
51.791464
 20
31.566231
 40
0.249999
  0
CIRCLE
  8
PIN_TOP
 10
52.791462
 20
31.566231
 40
0.249999
  0
CIRCLE
  8
PIN_TOP
 10
53.791460
 20
31.566231
 40
0.249999
  0
CIRCLE
  8
PIN_TOP
 10
54.791458
 20
31.566231
 40
0.249999
  0
CIRCLE
  8
PIN_TOP
 10
55.791456
 20
31.566231
 40
0.249999
  0
CIRCLE
  8
PIN_TOP
 10
56.791454
 20
31.566231
 40
0.249999
  0
CIRCLE
  8
PIN_TOP
 10
57.791452
 20
31.566231
 40
0.249999
  0
CIRCLE
  8
PIN_TOP
 10
58.791450
 20
31.566231
 40
0.249999
  0
CIRCLE
  8
PIN_TOP
 10
59.791448
 20
31.566231
 40
0.249999
  0
CIRCLE
  8
PIN_TOP
 10
60.791446
 20
31.566231
 40
0.249999
  0
CIRCLE
  8
PIN_TOP
 10
61.791444
 20
31.566231
 40
0.249999
  0
CIRCLE
  8
PIN_TOP
 10
62.791442
 20
31.566231
 40
0.249999
  0
CIRCLE
  8
PIN_TOP
 10
24.791467
 20
30.566233
 40
0.249999
  0
CIRCLE
  8
PIN_TOP
 10
25.791465
 20
30.566233
 40
0.249999
  0
CIRCLE
  8
PIN_TOP
 10
26.791463
 20
30.566233
 40
0.249999
  0
CIRCLE
  8
PIN_TOP
 10
27.791461
 20
30.566233
 40
0.249999
  0
CIRCLE
  8
PIN_TOP
 10
28.791459
 20
30.566233
 40
0.249999
  0
CIRCLE
  8
PIN_TOP
 10
29.791457
 20
30.566233
 40
0.249999
  0
CIRCLE
  8
PIN_TOP
 10
30.791455
 20
30.566233
 40
0.249999
  0
CIRCLE
  8
PIN_TOP
 10
31.791453
 20
30.566233
 40
0.249999
  0
CIRCLE
  8
PIN_TOP
 10
32.791451
 20
30.566233
 40
0.249999
  0
CIRCLE
  8
PIN_TOP
 10
33.791449
 20
30.566233
 40
0.249999
  0
CIRCLE
  8
PIN_TOP
 10
34.791447
 20
30.566233
 40
0.249999
  0
CIRCLE
  8
PIN_TOP
 10
35.791445
 20
30.566233
 40
0.249999
  0
CIRCLE
  8
PIN_TOP
 10
36.791443
 20
30.566233
 40
0.249999
  0
CIRCLE
  8
PIN_TOP
 10
37.791466
 20
30.566233
 40
0.249999
  0
CIRCLE
  8
PIN_TOP
 10
38.791464
 20
30.566233
 40
0.249999
  0
CIRCLE
  8
PIN_TOP
 10
39.791462
 20
30.566233
 40
0.249999
  0
CIRCLE
  8
PIN_TOP
 10
40.791460
 20
30.566233
 40
0.249999
  0
CIRCLE
  8
PIN_TOP
 10
41.791458
 20
30.566233
 40
0.249999
  0
CIRCLE
  8
PIN_TOP
 10
42.791456
 20
30.566233
 40
0.249999
  0
CIRCLE
  8
PIN_TOP
 10
43.791454
 20
30.566233
 40
0.249999
  0
CIRCLE
  8
PIN_TOP
 10
44.791452
 20
30.566233
 40
0.249999
  0
CIRCLE
  8
PIN_TOP
 10
45.791450
 20
30.566233
 40
0.249999
  0
CIRCLE
  8
PIN_TOP
 10
46.791448
 20
30.566233
 40
0.249999
  0
CIRCLE
  8
PIN_TOP
 10
47.791446
 20
30.566233
 40
0.249999
  0
CIRCLE
  8
PIN_TOP
 10
48.791444
 20
30.566233
 40
0.249999
  0
CIRCLE
  8
PIN_TOP
 10
49.791442
 20
30.566233
 40
0.249999
  0
CIRCLE
  8
PIN_TOP
 10
50.791466
 20
30.566233
 40
0.249999
  0
CIRCLE
  8
PIN_TOP
 10
51.791464
 20
30.566233
 40
0.249999
  0
CIRCLE
  8
PIN_TOP
 10
52.791462
 20
30.566233
 40
0.249999
  0
CIRCLE
  8
PIN_TOP
 10
53.791460
 20
30.566233
 40
0.249999
  0
CIRCLE
  8
PIN_TOP
 10
54.791458
 20
30.566233
 40
0.249999
  0
CIRCLE
  8
PIN_TOP
 10
55.791456
 20
30.566233
 40
0.249999
  0
CIRCLE
  8
PIN_TOP
 10
56.791454
 20
30.566233
 40
0.249999
  0
CIRCLE
  8
PIN_TOP
 10
57.791452
 20
30.566233
 40
0.249999
  0
CIRCLE
  8
PIN_TOP
 10
58.791450
 20
30.566233
 40
0.249999
  0
CIRCLE
  8
PIN_TOP
 10
59.791448
 20
30.566233
 40
0.249999
  0
CIRCLE
  8
PIN_TOP
 10
60.791446
 20
30.566233
 40
0.249999
  0
CIRCLE
  8
PIN_TOP
 10
61.791444
 20
30.566233
 40
0.249999
  0
CIRCLE
  8
PIN_TOP
 10
62.791442
 20
30.566233
 40
0.249999
  0
CIRCLE
  8
PIN_TOP
 10
24.791467
 20
29.566235
 40
0.249999
  0
CIRCLE
  8
PIN_TOP
 10
25.791465
 20
29.566235
 40
0.249999
  0
CIRCLE
  8
PIN_TOP
 10
26.791463
 20
29.566235
 40
0.249999
  0
CIRCLE
  8
PIN_TOP
 10
27.791461
 20
29.566235
 40
0.249999
  0
CIRCLE
  8
PIN_TOP
 10
28.791459
 20
29.566235
 40
0.249999
  0
CIRCLE
  8
PIN_TOP
 10
29.791457
 20
29.566235
 40
0.249999
  0
CIRCLE
  8
PIN_TOP
 10
30.791455
 20
29.566235
 40
0.249999
  0
CIRCLE
  8
PIN_TOP
 10
31.791453
 20
29.566235
 40
0.249999
  0
CIRCLE
  8
PIN_TOP
 10
32.791451
 20
29.566235
 40
0.249999
  0
CIRCLE
  8
PIN_TOP
 10
33.791449
 20
29.566235
 40
0.249999
  0
CIRCLE
  8
PIN_TOP
 10
34.791447
 20
29.566235
 40
0.249999
  0
CIRCLE
  8
PIN_TOP
 10
35.791445
 20
29.566235
 40
0.249999
  0
CIRCLE
  8
PIN_TOP
 10
36.791443
 20
29.566235
 40
0.249999
  0
CIRCLE
  8
PIN_TOP
 10
37.791466
 20
29.566235
 40
0.249999
  0
CIRCLE
  8
PIN_TOP
 10
38.791464
 20
29.566235
 40
0.249999
  0
CIRCLE
  8
PIN_TOP
 10
39.791462
 20
29.566235
 40
0.249999
  0
CIRCLE
  8
PIN_TOP
 10
40.791460
 20
29.566235
 40
0.249999
  0
CIRCLE
  8
PIN_TOP
 10
41.791458
 20
29.566235
 40
0.249999
  0
CIRCLE
  8
PIN_TOP
 10
42.791456
 20
29.566235
 40
0.249999
  0
CIRCLE
  8
PIN_TOP
 10
43.791454
 20
29.566235
 40
0.249999
  0
CIRCLE
  8
PIN_TOP
 10
44.791452
 20
29.566235
 40
0.249999
  0
CIRCLE
  8
PIN_TOP
 10
45.791450
 20
29.566235
 40
0.249999
  0
CIRCLE
  8
PIN_TOP
 10
46.791448
 20
29.566235
 40
0.249999
  0
CIRCLE
  8
PIN_TOP
 10
47.791446
 20
29.566235
 40
0.249999
  0
CIRCLE
  8
PIN_TOP
 10
48.791444
 20
29.566235
 40
0.249999
  0
CIRCLE
  8
PIN_TOP
 10
49.791442
 20
29.566235
 40
0.249999
  0
CIRCLE
  8
PIN_TOP
 10
50.791466
 20
29.566235
 40
0.249999
  0
CIRCLE
  8
PIN_TOP
 10
51.791464
 20
29.566235
 40
0.249999
  0
CIRCLE
  8
PIN_TOP
 10
52.791462
 20
29.566235
 40
0.249999
  0
CIRCLE
  8
PIN_TOP
 10
53.791460
 20
29.566235
 40
0.249999
  0
CIRCLE
  8
PIN_TOP
 10
54.791458
 20
29.566235
 40
0.249999
  0
CIRCLE
  8
PIN_TOP
 10
55.791456
 20
29.566235
 40
0.249999
  0
CIRCLE
  8
PIN_TOP
 10
56.791454
 20
29.566235
 40
0.249999
  0
CIRCLE
  8
PIN_TOP
 10
57.791452
 20
29.566235
 40
0.249999
  0
CIRCLE
  8
PIN_TOP
 10
58.791450
 20
29.566235
 40
0.249999
  0
CIRCLE
  8
PIN_TOP
 10
59.791448
 20
29.566235
 40
0.249999
  0
CIRCLE
  8
PIN_TOP
 10
60.791446
 20
29.566235
 40
0.249999
  0
CIRCLE
  8
PIN_TOP
 10
61.791444
 20
29.566235
 40
0.249999
  0
CIRCLE
  8
PIN_TOP
 10
62.791442
 20
29.566235
 40
0.249999
  0
CIRCLE
  8
PIN_TOP
 10
24.791467
 20
28.566237
 40
0.249999
  0
CIRCLE
  8
PIN_TOP
 10
25.791465
 20
28.566237
 40
0.249999
  0
CIRCLE
  8
PIN_TOP
 10
26.791463
 20
28.566237
 40
0.249999
  0
CIRCLE
  8
PIN_TOP
 10
27.791461
 20
28.566237
 40
0.249999
  0
CIRCLE
  8
PIN_TOP
 10
28.791459
 20
28.566237
 40
0.249999
  0
CIRCLE
  8
PIN_TOP
 10
29.791457
 20
28.566237
 40
0.249999
  0
CIRCLE
  8
PIN_TOP
 10
30.791455
 20
28.566237
 40
0.249999
  0
CIRCLE
  8
PIN_TOP
 10
31.791453
 20
28.566237
 40
0.249999
  0
CIRCLE
  8
PIN_TOP
 10
32.791451
 20
28.566237
 40
0.249999
  0
CIRCLE
  8
PIN_TOP
 10
33.791449
 20
28.566237
 40
0.249999
  0
CIRCLE
  8
PIN_TOP
 10
34.791447
 20
28.566237
 40
0.249999
  0
CIRCLE
  8
PIN_TOP
 10
35.791445
 20
28.566237
 40
0.249999
  0
CIRCLE
  8
PIN_TOP
 10
36.791443
 20
28.566237
 40
0.249999
  0
CIRCLE
  8
PIN_TOP
 10
37.791466
 20
28.566237
 40
0.249999
  0
CIRCLE
  8
PIN_TOP
 10
38.791464
 20
28.566237
 40
0.249999
  0
CIRCLE
  8
PIN_TOP
 10
39.791462
 20
28.566237
 40
0.249999
  0
CIRCLE
  8
PIN_TOP
 10
40.791460
 20
28.566237
 40
0.249999
  0
CIRCLE
  8
PIN_TOP
 10
41.791458
 20
28.566237
 40
0.249999
  0
CIRCLE
  8
PIN_TOP
 10
42.791456
 20
28.566237
 40
0.249999
  0
CIRCLE
  8
PIN_TOP
 10
43.791454
 20
28.566237
 40
0.249999
  0
CIRCLE
  8
PIN_TOP
 10
44.791452
 20
28.566237
 40
0.249999
  0
CIRCLE
  8
PIN_TOP
 10
45.791450
 20
28.566237
 40
0.249999
  0
CIRCLE
  8
PIN_TOP
 10
46.791448
 20
28.566237
 40
0.249999
  0
CIRCLE
  8
PIN_TOP
 10
47.791446
 20
28.566237
 40
0.249999
  0
CIRCLE
  8
PIN_TOP
 10
48.791444
 20
28.566237
 40
0.249999
  0
CIRCLE
  8
PIN_TOP
 10
49.791442
 20
28.566237
 40
0.249999
  0
CIRCLE
  8
PIN_TOP
 10
50.791466
 20
28.566237
 40
0.249999
  0
CIRCLE
  8
PIN_TOP
 10
51.791464
 20
28.566237
 40
0.249999
  0
CIRCLE
  8
PIN_TOP
 10
52.791462
 20
28.566237
 40
0.249999
  0
CIRCLE
  8
PIN_TOP
 10
53.791460
 20
28.566237
 40
0.249999
  0
CIRCLE
  8
PIN_TOP
 10
54.791458
 20
28.566237
 40
0.249999
  0
CIRCLE
  8
PIN_TOP
 10
55.791456
 20
28.566237
 40
0.249999
  0
CIRCLE
  8
PIN_TOP
 10
56.791454
 20
28.566237
 40
0.249999
  0
CIRCLE
  8
PIN_TOP
 10
57.791452
 20
28.566237
 40
0.249999
  0
CIRCLE
  8
PIN_TOP
 10
58.791450
 20
28.566237
 40
0.249999
  0
CIRCLE
  8
PIN_TOP
 10
59.791448
 20
28.566237
 40
0.249999
  0
CIRCLE
  8
PIN_TOP
 10
60.791446
 20
28.566237
 40
0.249999
  0
CIRCLE
  8
PIN_TOP
 10
61.791444
 20
28.566237
 40
0.249999
  0
CIRCLE
  8
PIN_TOP
 10
62.791442
 20
28.566237
 40
0.249999
  0
CIRCLE
  8
PIN_TOP
 10
24.791467
 20
27.566239
 40
0.249999
  0
CIRCLE
  8
PIN_TOP
 10
25.791465
 20
27.566239
 40
0.249999
  0
CIRCLE
  8
PIN_TOP
 10
26.791463
 20
27.566239
 40
0.249999
  0
CIRCLE
  8
PIN_TOP
 10
27.791461
 20
27.566239
 40
0.249999
  0
CIRCLE
  8
PIN_TOP
 10
28.791459
 20
27.566239
 40
0.249999
  0
CIRCLE
  8
PIN_TOP
 10
29.791457
 20
27.566239
 40
0.249999
  0
CIRCLE
  8
PIN_TOP
 10
30.791455
 20
27.566239
 40
0.249999
  0
CIRCLE
  8
PIN_TOP
 10
31.791453
 20
27.566239
 40
0.249999
  0
CIRCLE
  8
PIN_TOP
 10
32.791451
 20
27.566239
 40
0.249999
  0
CIRCLE
  8
PIN_TOP
 10
33.791449
 20
27.566239
 40
0.249999
  0
CIRCLE
  8
PIN_TOP
 10
34.791447
 20
27.566239
 40
0.249999
  0
CIRCLE
  8
PIN_TOP
 10
35.791445
 20
27.566239
 40
0.249999
  0
CIRCLE
  8
PIN_TOP
 10
36.791443
 20
27.566239
 40
0.249999
  0
CIRCLE
  8
PIN_TOP
 10
37.791466
 20
27.566239
 40
0.249999
  0
CIRCLE
  8
PIN_TOP
 10
38.791464
 20
27.566239
 40
0.249999
  0
CIRCLE
  8
PIN_TOP
 10
39.791462
 20
27.566239
 40
0.249999
  0
CIRCLE
  8
PIN_TOP
 10
40.791460
 20
27.566239
 40
0.249999
  0
CIRCLE
  8
PIN_TOP
 10
41.791458
 20
27.566239
 40
0.249999
  0
CIRCLE
  8
PIN_TOP
 10
42.791456
 20
27.566239
 40
0.249999
  0
CIRCLE
  8
PIN_TOP
 10
43.791454
 20
27.566239
 40
0.249999
  0
CIRCLE
  8
PIN_TOP
 10
44.791452
 20
27.566239
 40
0.249999
  0
CIRCLE
  8
PIN_TOP
 10
45.791450
 20
27.566239
 40
0.249999
  0
CIRCLE
  8
PIN_TOP
 10
46.791448
 20
27.566239
 40
0.249999
  0
CIRCLE
  8
PIN_TOP
 10
47.791446
 20
27.566239
 40
0.249999
  0
CIRCLE
  8
PIN_TOP
 10
48.791444
 20
27.566239
 40
0.249999
  0
CIRCLE
  8
PIN_TOP
 10
49.791442
 20
27.566239
 40
0.249999
  0
CIRCLE
  8
PIN_TOP
 10
50.791466
 20
27.566239
 40
0.249999
  0
CIRCLE
  8
PIN_TOP
 10
51.791464
 20
27.566239
 40
0.249999
  0
CIRCLE
  8
PIN_TOP
 10
52.791462
 20
27.566239
 40
0.249999
  0
CIRCLE
  8
PIN_TOP
 10
53.791460
 20
27.566239
 40
0.249999
  0
CIRCLE
  8
PIN_TOP
 10
54.791458
 20
27.566239
 40
0.249999
  0
CIRCLE
  8
PIN_TOP
 10
55.791456
 20
27.566239
 40
0.249999
  0
CIRCLE
  8
PIN_TOP
 10
56.791454
 20
27.566239
 40
0.249999
  0
CIRCLE
  8
PIN_TOP
 10
57.791452
 20
27.566239
 40
0.249999
  0
CIRCLE
  8
PIN_TOP
 10
58.791450
 20
27.566239
 40
0.249999
  0
CIRCLE
  8
PIN_TOP
 10
59.791448
 20
27.566239
 40
0.249999
  0
CIRCLE
  8
PIN_TOP
 10
60.791446
 20
27.566239
 40
0.249999
  0
CIRCLE
  8
PIN_TOP
 10
61.791444
 20
27.566239
 40
0.249999
  0
CIRCLE
  8
PIN_TOP
 10
62.791442
 20
27.566239
 40
0.249999
  0
CIRCLE
  8
PIN_TOP
 10
24.791467
 20
26.566241
 40
0.249999
  0
CIRCLE
  8
PIN_TOP
 10
25.791465
 20
26.566241
 40
0.249999
  0
CIRCLE
  8
PIN_TOP
 10
26.791463
 20
26.566241
 40
0.249999
  0
CIRCLE
  8
PIN_TOP
 10
27.791461
 20
26.566241
 40
0.249999
  0
CIRCLE
  8
PIN_TOP
 10
28.791459
 20
26.566241
 40
0.249999
  0
CIRCLE
  8
PIN_TOP
 10
29.791457
 20
26.566241
 40
0.249999
  0
CIRCLE
  8
PIN_TOP
 10
30.791455
 20
26.566241
 40
0.249999
  0
CIRCLE
  8
PIN_TOP
 10
31.791453
 20
26.566241
 40
0.249999
  0
CIRCLE
  8
PIN_TOP
 10
32.791451
 20
26.566241
 40
0.249999
  0
CIRCLE
  8
PIN_TOP
 10
33.791449
 20
26.566241
 40
0.249999
  0
CIRCLE
  8
PIN_TOP
 10
34.791447
 20
26.566241
 40
0.249999
  0
CIRCLE
  8
PIN_TOP
 10
35.791445
 20
26.566241
 40
0.249999
  0
CIRCLE
  8
PIN_TOP
 10
36.791443
 20
26.566241
 40
0.249999
  0
CIRCLE
  8
PIN_TOP
 10
37.791466
 20
26.566241
 40
0.249999
  0
CIRCLE
  8
PIN_TOP
 10
38.791464
 20
26.566241
 40
0.249999
  0
CIRCLE
  8
PIN_TOP
 10
39.791462
 20
26.566241
 40
0.249999
  0
CIRCLE
  8
PIN_TOP
 10
40.791460
 20
26.566241
 40
0.249999
  0
CIRCLE
  8
PIN_TOP
 10
41.791458
 20
26.566241
 40
0.249999
  0
CIRCLE
  8
PIN_TOP
 10
42.791456
 20
26.566241
 40
0.249999
  0
CIRCLE
  8
PIN_TOP
 10
43.791454
 20
26.566241
 40
0.249999
  0
CIRCLE
  8
PIN_TOP
 10
44.791452
 20
26.566241
 40
0.249999
  0
CIRCLE
  8
PIN_TOP
 10
45.791450
 20
26.566241
 40
0.249999
  0
CIRCLE
  8
PIN_TOP
 10
46.791448
 20
26.566241
 40
0.249999
  0
CIRCLE
  8
PIN_TOP
 10
47.791446
 20
26.566241
 40
0.249999
  0
CIRCLE
  8
PIN_TOP
 10
48.791444
 20
26.566241
 40
0.249999
  0
CIRCLE
  8
PIN_TOP
 10
49.791442
 20
26.566241
 40
0.249999
  0
CIRCLE
  8
PIN_TOP
 10
50.791466
 20
26.566241
 40
0.249999
  0
CIRCLE
  8
PIN_TOP
 10
51.791464
 20
26.566241
 40
0.249999
  0
CIRCLE
  8
PIN_TOP
 10
52.791462
 20
26.566241
 40
0.249999
  0
CIRCLE
  8
PIN_TOP
 10
53.791460
 20
26.566241
 40
0.249999
  0
CIRCLE
  8
PIN_TOP
 10
54.791458
 20
26.566241
 40
0.249999
  0
CIRCLE
  8
PIN_TOP
 10
55.791456
 20
26.566241
 40
0.249999
  0
CIRCLE
  8
PIN_TOP
 10
56.791454
 20
26.566241
 40
0.249999
  0
CIRCLE
  8
PIN_TOP
 10
57.791452
 20
26.566241
 40
0.249999
  0
CIRCLE
  8
PIN_TOP
 10
58.791450
 20
26.566241
 40
0.249999
  0
CIRCLE
  8
PIN_TOP
 10
59.791448
 20
26.566241
 40
0.249999
  0
CIRCLE
  8
PIN_TOP
 10
60.791446
 20
26.566241
 40
0.249999
  0
CIRCLE
  8
PIN_TOP
 10
61.791444
 20
26.566241
 40
0.249999
  0
CIRCLE
  8
PIN_TOP
 10
62.791442
 20
26.566241
 40
0.249999
  0
CIRCLE
  8
PIN_TOP
 10
25.791465
 20
25.566243
 40
0.249999
  0
CIRCLE
  8
PIN_TOP
 10
26.791463
 20
25.566243
 40
0.249999
  0
CIRCLE
  8
PIN_TOP
 10
27.791461
 20
25.566243
 40
0.249999
  0
CIRCLE
  8
PIN_TOP
 10
28.791459
 20
25.566243
 40
0.249999
  0
CIRCLE
  8
PIN_TOP
 10
29.791457
 20
25.566243
 40
0.249999
  0
CIRCLE
  8
PIN_TOP
 10
30.791455
 20
25.566243
 40
0.249999
  0
CIRCLE
  8
PIN_TOP
 10
31.791453
 20
25.566243
 40
0.249999
  0
CIRCLE
  8
PIN_TOP
 10
32.791451
 20
25.566243
 40
0.249999
  0
CIRCLE
  8
PIN_TOP
 10
33.791449
 20
25.566243
 40
0.249999
  0
CIRCLE
  8
PIN_TOP
 10
34.791447
 20
25.566243
 40
0.249999
  0
CIRCLE
  8
PIN_TOP
 10
35.791445
 20
25.566243
 40
0.249999
  0
CIRCLE
  8
PIN_TOP
 10
36.791443
 20
25.566243
 40
0.249999
  0
CIRCLE
  8
PIN_TOP
 10
37.791466
 20
25.566243
 40
0.249999
  0
CIRCLE
  8
PIN_TOP
 10
38.791464
 20
25.566243
 40
0.249999
  0
CIRCLE
  8
PIN_TOP
 10
39.791462
 20
25.566243
 40
0.249999
  0
CIRCLE
  8
PIN_TOP
 10
40.791460
 20
25.566243
 40
0.249999
  0
CIRCLE
  8
PIN_TOP
 10
41.791458
 20
25.566243
 40
0.249999
  0
CIRCLE
  8
PIN_TOP
 10
42.791456
 20
25.566243
 40
0.249999
  0
CIRCLE
  8
PIN_TOP
 10
43.791454
 20
25.566243
 40
0.249999
  0
CIRCLE
  8
PIN_TOP
 10
44.791452
 20
25.566243
 40
0.249999
  0
CIRCLE
  8
PIN_TOP
 10
45.791450
 20
25.566243
 40
0.249999
  0
CIRCLE
  8
PIN_TOP
 10
46.791448
 20
25.566243
 40
0.249999
  0
CIRCLE
  8
PIN_TOP
 10
47.791446
 20
25.566243
 40
0.249999
  0
CIRCLE
  8
PIN_TOP
 10
48.791444
 20
25.566243
 40
0.249999
  0
CIRCLE
  8
PIN_TOP
 10
49.791442
 20
25.566243
 40
0.249999
  0
CIRCLE
  8
PIN_TOP
 10
50.791466
 20
25.566243
 40
0.249999
  0
CIRCLE
  8
PIN_TOP
 10
51.791464
 20
25.566243
 40
0.249999
  0
CIRCLE
  8
PIN_TOP
 10
52.791462
 20
25.566243
 40
0.249999
  0
CIRCLE
  8
PIN_TOP
 10
53.791460
 20
25.566243
 40
0.249999
  0
CIRCLE
  8
PIN_TOP
 10
54.791458
 20
25.566243
 40
0.249999
  0
CIRCLE
  8
PIN_TOP
 10
55.791456
 20
25.566243
 40
0.249999
  0
CIRCLE
  8
PIN_TOP
 10
56.791454
 20
25.566243
 40
0.249999
  0
CIRCLE
  8
PIN_TOP
 10
57.791452
 20
25.566243
 40
0.249999
  0
CIRCLE
  8
PIN_TOP
 10
58.791450
 20
25.566243
 40
0.249999
  0
CIRCLE
  8
PIN_TOP
 10
59.791448
 20
25.566243
 40
0.249999
  0
CIRCLE
  8
PIN_TOP
 10
60.791446
 20
25.566243
 40
0.249999
  0
CIRCLE
  8
PIN_TOP
 10
61.791444
 20
25.566243
 40
0.249999
  0
POLYLINE
  8
PG_SILKSCREEN_TOP
 66
1
 70
0
 40
0.000000
 41
0.000000
 39
0.000000
  0
VERTEX
  8
PG_SILKSCREEN_TOP
 10
23.791443
 20
24.566220
 40
0.100000
 41
0.100000
 42
0.000000
  0
VERTEX
  8
PG_SILKSCREEN_TOP
 10
63.791465
 20
24.566220
 40
0.100000
 41
0.100000
 42
0.000000
  0
VERTEX
  8
PG_SILKSCREEN_TOP
 10
63.791465
 20
64.566241
 40
0.100000
 41
0.100000
 42
0.000000
  0
VERTEX
  8
PG_SILKSCREEN_TOP
 10
23.791443
 20
64.566241
 40
0.100000
 41
0.100000
 42
0.000000
  0
VERTEX
  8
PG_SILKSCREEN_TOP
 10
23.791443
 20
24.566220
 40
0.100000
 41
0.100000
 42
0.000000
  0
SEQEND
  0
POLYLINE
  8
PG_SILKSCREEN_TOP
 66
1
 70
0
 40
0.000000
 41
0.000000
 39
0.000000
  0
VERTEX
  8
PG_SILKSCREEN_TOP
 10
23.791443
 20
64.366242
 40
0.100000
 41
0.100000
 42
0.000000
  0
VERTEX
  8
PG_SILKSCREEN_TOP
 10
23.991443
 20
64.566241
 40
0.100000
 41
0.100000
 42
0.000000
  0
SEQEND
  0
POLYLINE
  8
PG_SILKSCREEN_TOP
 66
1
 70
0
 40
0.000000
 41
0.000000
 39
0.000000
  0
VERTEX
  8
PG_SILKSCREEN_TOP
 10
23.801451
 20
64.286232
 40
0.100000
 41
0.100000
 42
0.000000
  0
VERTEX
  8
PG_SILKSCREEN_TOP
 10
24.071453
 20
64.556234
 40
0.100000
 41
0.100000
 42
0.000000
  0
SEQEND
  0
POLYLINE
  8
PG_SILKSCREEN_TOP
 66
1
 70
1
 40
0.000000
 41
0.000000
 39
0.000000
  0
VERTEX
  8
PG_SILKSCREEN_TOP
 10
23.699445
 20
64.476224
 40
0.000000
 41
0.000000
 42
1.000000
  0
VERTEX
  8
PG_SILKSCREEN_TOP
 10
23.503464
 20
64.476237
 40
0.000000
 41
0.000000
 42
1.000000
  0
SEQEND
  0
CIRCLE
  8
PIN_TOP
 10
3.177540
 20
3.177540
 40
3.175000
  0
CIRCLE
  8
PIN_TOP
 10
76.822452
 20
3.177540
 40
3.175000
  0
CIRCLE
  8
PIN_TOP
 10
76.822452
 20
76.822452
 40
3.175000
  0
CIRCLE
  8
PIN_TOP
 10
3.177540
 20
76.822452
 40
3.175000
  0
CIRCLE
  8
PIN_TOP
 10
16.510457
 20
7.379487
 40
0.499999
  0
CIRCLE
  8
PIN_TOP
 10
68.368088
 20
5.531129
 40
0.499999
  0
CIRCLE
  8
PIN_TOP
 10
73.975214
 20
6.253988
 40
0.499999
  0
CIRCLE
  8
PIN_TOP
 10
1.192022
 20
7.579360
 40
0.499999
  0
CIRCLE
  8
PIN_TOP
 10
7.762240
 20
78.137258
 40
0.499999
  0
CIRCLE
  8
PIN_TOP
 10
78.352167
 20
61.462717
 40
0.499999
  0
CIRCLE
  8
PIN_TOP
 10
71.525638
 20
42.103243
 40
0.499999
  0
CIRCLE
  8
PIN_TOP
 10
71.067727
 20
76.547421
 40
0.499999
  0
CIRCLE
  8
PIN_TOP
 10
43.997321
 20
72.651925
 40
0.499999
  0
CIRCLE
  8
PIN_TOP
 10
19.737375
 20
53.264638
 40
0.499999
  0
CIRCLE
  8
PIN_TOP
 10
3.883304
 20
51.215341
 40
0.499999
  0
CIRCLE
  8
PIN_TOP
 10
78.278355
 20
71.952155
 40
0.499999
  0
CIRCLE
  8
PIN_TOP
 10
12.720422
 20
37.353367
 40
0.499999
  0
CIRCLE
  8
PIN_TOP
 10
14.518259
 20
17.721478
 40
0.499999
  0
CIRCLE
  8
PIN_TOP
 10
10.827461
 20
39.391336
 40
0.499999
  0
CIRCLE
  8
PIN_TOP
 10
66.142311
 20
54.015869
 40
0.499999
  0
POLYLINE
  8
PIN_TOP
 66
1
 70
1
 40
0.000000
 41
0.000000
 39
0.000000
  0
VERTEX
  8
PIN_TOP
 10
69.525921
 20
54.305810
 40
0.000000
 41
0.000000
 42
0.000000
  0
VERTEX
  8
PIN_TOP
 10
69.525921
 20
55.105910
 40
0.000000
 41
0.000000
 42
0.000000
  0
VERTEX
  8
PIN_TOP
 10
70.326021
 20
55.105910
 40
0.000000
 41
0.000000
 42
0.000000
  0
VERTEX
  8
PIN_TOP
 10
70.326021
 20
54.305810
 40
0.000000
 41
0.000000
 42
0.000000
  0
SEQEND
  0
POLYLINE
  8
PIN_TOP
 66
1
 70
1
 40
0.000000
 41
0.000000
 39
0.000000
  0
VERTEX
  8
PIN_TOP
 10
71.100721
 20
54.305810
 40
0.000000
 41
0.000000
 42
0.000000
  0
VERTEX
  8
PIN_TOP
 10
71.100721
 20
55.105910
 40
0.000000
 41
0.000000
 42
0.000000
  0
VERTEX
  8
PIN_TOP
 10
71.900821
 20
55.105910
 40
0.000000
 41
0.000000
 42
0.000000
  0
VERTEX
  8
PIN_TOP
 10
71.900821
 20
54.305810
 40
0.000000
 41
0.000000
 42
0.000000
  0
SEQEND
  0
POLYLINE
  8
PG_SILKSCREEN_TOP
 66
1
 70
0
 40
0.000000
 41
0.000000
 39
0.000000
  0
VERTEX
  8
PG_SILKSCREEN_TOP
 10
72.110371
 20
54.121660
 40
0.127000
 41
0.127000
 42
0.000000
  0
VERTEX
  8
PG_SILKSCREEN_TOP
 10
69.316371
 20
54.121660
 40
0.127000
 41
0.127000
 42
0.000000
  0
VERTEX
  8
PG_SILKSCREEN_TOP
 10
69.316371
 20
55.290060
 40
0.127000
 41
0.127000
 42
0.000000
  0
VERTEX
  8
PG_SILKSCREEN_TOP
 10
72.110371
 20
55.290060
 40
0.127000
 41
0.127000
 42
0.000000
  0
VERTEX
  8
PG_SILKSCREEN_TOP
 10
72.110371
 20
54.121660
 40
0.127000
 41
0.127000
 42
0.000000
  0
SEQEND
  0
POLYLINE
  8
PIN_TOP
 66
1
 70
1
 40
0.000000
 41
0.000000
 39
0.000000
  0
VERTEX
  8
PIN_TOP
 10
20.995615
 20
10.393045
 40
0.000000
 41
0.000000
 42
0.000000
  0
VERTEX
  8
PIN_TOP
 10
20.995615
 20
9.885045
 40
0.000000
 41
0.000000
 42
0.000000
  0
VERTEX
  8
PIN_TOP
 10
20.487615
 20
9.885045
 40
0.000000
 41
0.000000
 42
0.000000
  0
VERTEX
  8
PIN_TOP
 10
20.487615
 20
10.393045
 40
0.000000
 41
0.000000
 42
0.000000
  0
SEQEND
  0
POLYLINE
  8
PIN_TOP
 66
1
 70
1
 40
0.000000
 41
0.000000
 39
0.000000
  0
VERTEX
  8
PIN_TOP
 10
20.081215
 20
10.393045
 40
0.000000
 41
0.000000
 42
0.000000
  0
VERTEX
  8
PIN_TOP
 10
20.081215
 20
9.885045
 40
0.000000
 41
0.000000
 42
0.000000
  0
VERTEX
  8
PIN_TOP
 10
19.573215
 20
9.885045
 40
0.000000
 41
0.000000
 42
0.000000
  0
VERTEX
  8
PIN_TOP
 10
19.573215
 20
10.393045
 40
0.000000
 41
0.000000
 42
0.000000
  0
SEQEND
  0
POLYLINE
  8
PG_SILKSCREEN_TOP
 66
1
 70
0
 40
0.000000
 41
0.000000
 39
0.000000
  0
VERTEX
  8
PG_SILKSCREEN_TOP
 10
19.467220
 20
9.783445
 40
0.101600
 41
0.101600
 42
0.000000
  0
VERTEX
  8
PG_SILKSCREEN_TOP
 10
19.467220
 20
10.494645
 40
0.101600
 41
0.101600
 42
0.000000
  0
SEQEND
  0
POLYLINE
  8
PG_SILKSCREEN_TOP
 66
1
 70
0
 40
0.000000
 41
0.000000
 39
0.000000
  0
VERTEX
  8
PG_SILKSCREEN_TOP
 10
20.081215
 20
9.783445
 40
0.101600
 41
0.101600
 42
0.000000
  0
VERTEX
  8
PG_SILKSCREEN_TOP
 10
19.471615
 20
9.783445
 40
0.101600
 41
0.101600
 42
0.000000
  0
SEQEND
  0
POLYLINE
  8
PG_SILKSCREEN_TOP
 66
1
 70
0
 40
0.000000
 41
0.000000
 39
0.000000
  0
VERTEX
  8
PG_SILKSCREEN_TOP
 10
19.471615
 20
10.494645
 40
0.101600
 41
0.101600
 42
0.000000
  0
VERTEX
  8
PG_SILKSCREEN_TOP
 10
20.055815
 20
10.494645
 40
0.101600
 41
0.101600
 42
0.000000
  0
SEQEND
  0
POLYLINE
  8
PG_SILKSCREEN_TOP
 66
1
 70
0
 40
0.000000
 41
0.000000
 39
0.000000
  0
VERTEX
  8
PG_SILKSCREEN_TOP
 10
21.101609
 20
10.494645
 40
0.101600
 41
0.101600
 42
0.000000
  0
VERTEX
  8
PG_SILKSCREEN_TOP
 10
20.492009
 20
10.494645
 40
0.101600
 41
0.101600
 42
0.000000
  0
SEQEND
  0
POLYLINE
  8
PG_SILKSCREEN_TOP
 66
1
 70
0
 40
0.000000
 41
0.000000
 39
0.000000
  0
VERTEX
  8
PG_SILKSCREEN_TOP
 10
21.101609
 20
9.783445
 40
0.101600
 41
0.101600
 42
0.000000
  0
VERTEX
  8
PG_SILKSCREEN_TOP
 10
21.101609
 20
10.494645
 40
0.101600
 41
0.101600
 42
0.000000
  0
SEQEND
  0
POLYLINE
  8
PG_SILKSCREEN_TOP
 66
1
 70
0
 40
0.000000
 41
0.000000
 39
0.000000
  0
VERTEX
  8
PG_SILKSCREEN_TOP
 10
21.101609
 20
9.783445
 40
0.101600
 41
0.101600
 42
0.000000
  0
VERTEX
  8
PG_SILKSCREEN_TOP
 10
20.492009
 20
9.783445
 40
0.101600
 41
0.101600
 42
0.000000
  0
SEQEND
  0
POLYLINE
  8
PIN_TOP
 66
1
 70
1
 40
0.000000
 41
0.000000
 39
0.000000
  0
VERTEX
  8
PIN_TOP
 10
22.292335
 20
65.550186
 40
0.000000
 41
0.000000
 42
0.000000
  0
VERTEX
  8
PIN_TOP
 10
22.292335
 20
65.042186
 40
0.000000
 41
0.000000
 42
0.000000
  0
VERTEX
  8
PIN_TOP
 10
21.784335
 20
65.042186
 40
0.000000
 41
0.000000
 42
0.000000
  0
VERTEX
  8
PIN_TOP
 10
21.784335
 20
65.550186
 40
0.000000
 41
0.000000
 42
0.000000
  0
SEQEND
  0
POLYLINE
  8
PIN_TOP
 66
1
 70
1
 40
0.000000
 41
0.000000
 39
0.000000
  0
VERTEX
  8
PIN_TOP
 10
21.377935
 20
65.550186
 40
0.000000
 41
0.000000
 42
0.000000
  0
VERTEX
  8
PIN_TOP
 10
21.377935
 20
65.042186
 40
0.000000
 41
0.000000
 42
0.000000
  0
VERTEX
  8
PIN_TOP
 10
20.869935
 20
65.042186
 40
0.000000
 41
0.000000
 42
0.000000
  0
VERTEX
  8
PIN_TOP
 10
20.869935
 20
65.550186
 40
0.000000
 41
0.000000
 42
0.000000
  0
SEQEND
  0
POLYLINE
  8
PG_SILKSCREEN_TOP
 66
1
 70
0
 40
0.000000
 41
0.000000
 39
0.000000
  0
VERTEX
  8
PG_SILKSCREEN_TOP
 10
20.763941
 20
64.940586
 40
0.101600
 41
0.101600
 42
0.000000
  0
VERTEX
  8
PG_SILKSCREEN_TOP
 10
20.763941
 20
65.651786
 40
0.101600
 41
0.101600
 42
0.000000
  0
SEQEND
  0
POLYLINE
  8
PG_SILKSCREEN_TOP
 66
1
 70
0
 40
0.000000
 41
0.000000
 39
0.000000
  0
VERTEX
  8
PG_SILKSCREEN_TOP
 10
21.377935
 20
64.940586
 40
0.101600
 41
0.101600
 42
0.000000
  0
VERTEX
  8
PG_SILKSCREEN_TOP
 10
20.768335
 20
64.940586
 40
0.101600
 41
0.101600
 42
0.000000
  0
SEQEND
  0
POLYLINE
  8
PG_SILKSCREEN_TOP
 66
1
 70
0
 40
0.000000
 41
0.000000
 39
0.000000
  0
VERTEX
  8
PG_SILKSCREEN_TOP
 10
20.768335
 20
65.651786
 40
0.101600
 41
0.101600
 42
0.000000
  0
VERTEX
  8
PG_SILKSCREEN_TOP
 10
21.352535
 20
65.651786
 40
0.101600
 41
0.101600
 42
0.000000
  0
SEQEND
  0
POLYLINE
  8
PG_SILKSCREEN_TOP
 66
1
 70
0
 40
0.000000
 41
0.000000
 39
0.000000
  0
VERTEX
  8
PG_SILKSCREEN_TOP
 10
22.398330
 20
65.651786
 40
0.101600
 41
0.101600
 42
0.000000
  0
VERTEX
  8
PG_SILKSCREEN_TOP
 10
21.788730
 20
65.651786
 40
0.101600
 41
0.101600
 42
0.000000
  0
SEQEND
  0
POLYLINE
  8
PG_SILKSCREEN_TOP
 66
1
 70
0
 40
0.000000
 41
0.000000
 39
0.000000
  0
VERTEX
  8
PG_SILKSCREEN_TOP
 10
22.398330
 20
64.940586
 40
0.101600
 41
0.101600
 42
0.000000
  0
VERTEX
  8
PG_SILKSCREEN_TOP
 10
22.398330
 20
65.651786
 40
0.101600
 41
0.101600
 42
0.000000
  0
SEQEND
  0
POLYLINE
  8
PG_SILKSCREEN_TOP
 66
1
 70
0
 40
0.000000
 41
0.000000
 39
0.000000
  0
VERTEX
  8
PG_SILKSCREEN_TOP
 10
22.398330
 20
64.940586
 40
0.101600
 41
0.101600
 42
0.000000
  0
VERTEX
  8
PG_SILKSCREEN_TOP
 10
21.788730
 20
64.940586
 40
0.101600
 41
0.101600
 42
0.000000
  0
SEQEND
  0
POLYLINE
  8
PIN_TOP
 66
1
 70
1
 40
0.000000
 41
0.000000
 39
0.000000
  0
VERTEX
  8
PIN_TOP
 10
58.289342
 20
66.991103
 40
0.000000
 41
0.000000
 42
0.000000
  0
VERTEX
  8
PIN_TOP
 10
58.289342
 20
66.483103
 40
0.000000
 41
0.000000
 42
0.000000
  0
VERTEX
  8
PIN_TOP
 10
57.781342
 20
66.483103
 40
0.000000
 41
0.000000
 42
0.000000
  0
VERTEX
  8
PIN_TOP
 10
57.781342
 20
66.991103
 40
0.000000
 41
0.000000
 42
0.000000
  0
SEQEND
  0
POLYLINE
  8
PIN_TOP
 66
1
 70
1
 40
0.000000
 41
0.000000
 39
0.000000
  0
VERTEX
  8
PIN_TOP
 10
57.374942
 20
66.991103
 40
0.000000
 41
0.000000
 42
0.000000
  0
VERTEX
  8
PIN_TOP
 10
57.374942
 20
66.483103
 40
0.000000
 41
0.000000
 42
0.000000
  0
VERTEX
  8
PIN_TOP
 10
56.866942
 20
66.483103
 40
0.000000
 41
0.000000
 42
0.000000
  0
VERTEX
  8
PIN_TOP
 10
56.866942
 20
66.991103
 40
0.000000
 41
0.000000
 42
0.000000
  0
SEQEND
  0
POLYLINE
  8
PG_SILKSCREEN_TOP
 66
1
 70
0
 40
0.000000
 41
0.000000
 39
0.000000
  0
VERTEX
  8
PG_SILKSCREEN_TOP
 10
56.760948
 20
66.381503
 40
0.101600
 41
0.101600
 42
0.000000
  0
VERTEX
  8
PG_SILKSCREEN_TOP
 10
56.760948
 20
67.092703
 40
0.101600
 41
0.101600
 42
0.000000
  0
SEQEND
  0
POLYLINE
  8
PG_SILKSCREEN_TOP
 66
1
 70
0
 40
0.000000
 41
0.000000
 39
0.000000
  0
VERTEX
  8
PG_SILKSCREEN_TOP
 10
57.374942
 20
66.381503
 40
0.101600
 41
0.101600
 42
0.000000
  0
VERTEX
  8
PG_SILKSCREEN_TOP
 10
56.765342
 20
66.381503
 40
0.101600
 41
0.101600
 42
0.000000
  0
SEQEND
  0
POLYLINE
  8
PG_SILKSCREEN_TOP
 66
1
 70
0
 40
0.000000
 41
0.000000
 39
0.000000
  0
VERTEX
  8
PG_SILKSCREEN_TOP
 10
56.765342
 20
67.092703
 40
0.101600
 41
0.101600
 42
0.000000
  0
VERTEX
  8
PG_SILKSCREEN_TOP
 10
57.349542
 20
67.092703
 40
0.101600
 41
0.101600
 42
0.000000
  0
SEQEND
  0
POLYLINE
  8
PG_SILKSCREEN_TOP
 66
1
 70
0
 40
0.000000
 41
0.000000
 39
0.000000
  0
VERTEX
  8
PG_SILKSCREEN_TOP
 10
58.395337
 20
67.092703
 40
0.101600
 41
0.101600
 42
0.000000
  0
VERTEX
  8
PG_SILKSCREEN_TOP
 10
57.785737
 20
67.092703
 40
0.101600
 41
0.101600
 42
0.000000
  0
SEQEND
  0
POLYLINE
  8
PG_SILKSCREEN_TOP
 66
1
 70
0
 40
0.000000
 41
0.000000
 39
0.000000
  0
VERTEX
  8
PG_SILKSCREEN_TOP
 10
58.395337
 20
66.381503
 40
0.101600
 41
0.101600
 42
0.000000
  0
VERTEX
  8
PG_SILKSCREEN_TOP
 10
58.395337
 20
67.092703
 40
0.101600
 41
0.101600
 42
0.000000
  0
SEQEND
  0
POLYLINE
  8
PG_SILKSCREEN_TOP
 66
1
 70
0
 40
0.000000
 41
0.000000
 39
0.000000
  0
VERTEX
  8
PG_SILKSCREEN_TOP
 10
58.395337
 20
66.381503
 40
0.101600
 41
0.101600
 42
0.000000
  0
VERTEX
  8
PG_SILKSCREEN_TOP
 10
57.785737
 20
66.381503
 40
0.101600
 41
0.101600
 42
0.000000
  0
SEQEND
  0
POLYLINE
  8
PIN_TOP
 66
1
 70
1
 40
0.000000
 41
0.000000
 39
0.000000
  0
VERTEX
  8
PIN_TOP
 10
72.679204
 20
65.469897
 40
0.000000
 41
0.000000
 42
0.000000
  0
VERTEX
  8
PIN_TOP
 10
72.679204
 20
64.961897
 40
0.000000
 41
0.000000
 42
0.000000
  0
VERTEX
  8
PIN_TOP
 10
72.171204
 20
64.961897
 40
0.000000
 41
0.000000
 42
0.000000
  0
VERTEX
  8
PIN_TOP
 10
72.171204
 20
65.469897
 40
0.000000
 41
0.000000
 42
0.000000
  0
SEQEND
  0
POLYLINE
  8
PIN_TOP
 66
1
 70
1
 40
0.000000
 41
0.000000
 39
0.000000
  0
VERTEX
  8
PIN_TOP
 10
71.764804
 20
65.469897
 40
0.000000
 41
0.000000
 42
0.000000
  0
VERTEX
  8
PIN_TOP
 10
71.764804
 20
64.961897
 40
0.000000
 41
0.000000
 42
0.000000
  0
VERTEX
  8
PIN_TOP
 10
71.256804
 20
64.961897
 40
0.000000
 41
0.000000
 42
0.000000
  0
VERTEX
  8
PIN_TOP
 10
71.256804
 20
65.469897
 40
0.000000
 41
0.000000
 42
0.000000
  0
SEQEND
  0
POLYLINE
  8
PG_SILKSCREEN_TOP
 66
1
 70
0
 40
0.000000
 41
0.000000
 39
0.000000
  0
VERTEX
  8
PG_SILKSCREEN_TOP
 10
71.150810
 20
64.860297
 40
0.101600
 41
0.101600
 42
0.000000
  0
VERTEX
  8
PG_SILKSCREEN_TOP
 10
71.150810
 20
65.571497
 40
0.101600
 41
0.101600
 42
0.000000
  0
SEQEND
  0
POLYLINE
  8
PG_SILKSCREEN_TOP
 66
1
 70
0
 40
0.000000
 41
0.000000
 39
0.000000
  0
VERTEX
  8
PG_SILKSCREEN_TOP
 10
71.764804
 20
64.860297
 40
0.101600
 41
0.101600
 42
0.000000
  0
VERTEX
  8
PG_SILKSCREEN_TOP
 10
71.155204
 20
64.860297
 40
0.101600
 41
0.101600
 42
0.000000
  0
SEQEND
  0
POLYLINE
  8
PG_SILKSCREEN_TOP
 66
1
 70
0
 40
0.000000
 41
0.000000
 39
0.000000
  0
VERTEX
  8
PG_SILKSCREEN_TOP
 10
71.155204
 20
65.571497
 40
0.101600
 41
0.101600
 42
0.000000
  0
VERTEX
  8
PG_SILKSCREEN_TOP
 10
71.739404
 20
65.571497
 40
0.101600
 41
0.101600
 42
0.000000
  0
SEQEND
  0
POLYLINE
  8
PG_SILKSCREEN_TOP
 66
1
 70
0
 40
0.000000
 41
0.000000
 39
0.000000
  0
VERTEX
  8
PG_SILKSCREEN_TOP
 10
72.785199
 20
65.571497
 40
0.101600
 41
0.101600
 42
0.000000
  0
VERTEX
  8
PG_SILKSCREEN_TOP
 10
72.175599
 20
65.571497
 40
0.101600
 41
0.101600
 42
0.000000
  0
SEQEND
  0
POLYLINE
  8
PG_SILKSCREEN_TOP
 66
1
 70
0
 40
0.000000
 41
0.000000
 39
0.000000
  0
VERTEX
  8
PG_SILKSCREEN_TOP
 10
72.785199
 20
64.860297
 40
0.101600
 41
0.101600
 42
0.000000
  0
VERTEX
  8
PG_SILKSCREEN_TOP
 10
72.785199
 20
65.571497
 40
0.101600
 41
0.101600
 42
0.000000
  0
SEQEND
  0
POLYLINE
  8
PG_SILKSCREEN_TOP
 66
1
 70
0
 40
0.000000
 41
0.000000
 39
0.000000
  0
VERTEX
  8
PG_SILKSCREEN_TOP
 10
72.785199
 20
64.860297
 40
0.101600
 41
0.101600
 42
0.000000
  0
VERTEX
  8
PG_SILKSCREEN_TOP
 10
72.175599
 20
64.860297
 40
0.101600
 41
0.101600
 42
0.000000
  0
SEQEND
  0
POLYLINE
  8
PIN_TOP
 66
1
 70
1
 40
0.000000
 41
0.000000
 39
0.000000
  0
VERTEX
  8
PIN_TOP
 10
58.289342
 20
67.890263
 40
0.000000
 41
0.000000
 42
0.000000
  0
VERTEX
  8
PIN_TOP
 10
58.289342
 20
67.382263
 40
0.000000
 41
0.000000
 42
0.000000
  0
VERTEX
  8
PIN_TOP
 10
57.781342
 20
67.382263
 40
0.000000
 41
0.000000
 42
0.000000
  0
VERTEX
  8
PIN_TOP
 10
57.781342
 20
67.890263
 40
0.000000
 41
0.000000
 42
0.000000
  0
SEQEND
  0
POLYLINE
  8
PIN_TOP
 66
1
 70
1
 40
0.000000
 41
0.000000
 39
0.000000
  0
VERTEX
  8
PIN_TOP
 10
57.374942
 20
67.890263
 40
0.000000
 41
0.000000
 42
0.000000
  0
VERTEX
  8
PIN_TOP
 10
57.374942
 20
67.382263
 40
0.000000
 41
0.000000
 42
0.000000
  0
VERTEX
  8
PIN_TOP
 10
56.866942
 20
67.382263
 40
0.000000
 41
0.000000
 42
0.000000
  0
VERTEX
  8
PIN_TOP
 10
56.866942
 20
67.890263
 40
0.000000
 41
0.000000
 42
0.000000
  0
SEQEND
  0
POLYLINE
  8
PG_SILKSCREEN_TOP
 66
1
 70
0
 40
0.000000
 41
0.000000
 39
0.000000
  0
VERTEX
  8
PG_SILKSCREEN_TOP
 10
56.760948
 20
67.280663
 40
0.101600
 41
0.101600
 42
0.000000
  0
VERTEX
  8
PG_SILKSCREEN_TOP
 10
56.760948
 20
67.991863
 40
0.101600
 41
0.101600
 42
0.000000
  0
SEQEND
  0
POLYLINE
  8
PG_SILKSCREEN_TOP
 66
1
 70
0
 40
0.000000
 41
0.000000
 39
0.000000
  0
VERTEX
  8
PG_SILKSCREEN_TOP
 10
57.374942
 20
67.280663
 40
0.101600
 41
0.101600
 42
0.000000
  0
VERTEX
  8
PG_SILKSCREEN_TOP
 10
56.765342
 20
67.280663
 40
0.101600
 41
0.101600
 42
0.000000
  0
SEQEND
  0
POLYLINE
  8
PG_SILKSCREEN_TOP
 66
1
 70
0
 40
0.000000
 41
0.000000
 39
0.000000
  0
VERTEX
  8
PG_SILKSCREEN_TOP
 10
56.765342
 20
67.991863
 40
0.101600
 41
0.101600
 42
0.000000
  0
VERTEX
  8
PG_SILKSCREEN_TOP
 10
57.349542
 20
67.991863
 40
0.101600
 41
0.101600
 42
0.000000
  0
SEQEND
  0
POLYLINE
  8
PG_SILKSCREEN_TOP
 66
1
 70
0
 40
0.000000
 41
0.000000
 39
0.000000
  0
VERTEX
  8
PG_SILKSCREEN_TOP
 10
58.395337
 20
67.991863
 40
0.101600
 41
0.101600
 42
0.000000
  0
VERTEX
  8
PG_SILKSCREEN_TOP
 10
57.785737
 20
67.991863
 40
0.101600
 41
0.101600
 42
0.000000
  0
SEQEND
  0
POLYLINE
  8
PG_SILKSCREEN_TOP
 66
1
 70
0
 40
0.000000
 41
0.000000
 39
0.000000
  0
VERTEX
  8
PG_SILKSCREEN_TOP
 10
58.395337
 20
67.280663
 40
0.101600
 41
0.101600
 42
0.000000
  0
VERTEX
  8
PG_SILKSCREEN_TOP
 10
58.395337
 20
67.991863
 40
0.101600
 41
0.101600
 42
0.000000
  0
SEQEND
  0
POLYLINE
  8
PG_SILKSCREEN_TOP
 66
1
 70
0
 40
0.000000
 41
0.000000
 39
0.000000
  0
VERTEX
  8
PG_SILKSCREEN_TOP
 10
58.395337
 20
67.280663
 40
0.101600
 41
0.101600
 42
0.000000
  0
VERTEX
  8
PG_SILKSCREEN_TOP
 10
57.785737
 20
67.280663
 40
0.101600
 41
0.101600
 42
0.000000
  0
SEQEND
  0
POLYLINE
  8
PIN_TOP
 66
1
 70
1
 40
0.000000
 41
0.000000
 39
0.000000
  0
VERTEX
  8
PIN_TOP
 10
72.679204
 20
66.369057
 40
0.000000
 41
0.000000
 42
0.000000
  0
VERTEX
  8
PIN_TOP
 10
72.679204
 20
65.861057
 40
0.000000
 41
0.000000
 42
0.000000
  0
VERTEX
  8
PIN_TOP
 10
72.171204
 20
65.861057
 40
0.000000
 41
0.000000
 42
0.000000
  0
VERTEX
  8
PIN_TOP
 10
72.171204
 20
66.369057
 40
0.000000
 41
0.000000
 42
0.000000
  0
SEQEND
  0
POLYLINE
  8
PIN_TOP
 66
1
 70
1
 40
0.000000
 41
0.000000
 39
0.000000
  0
VERTEX
  8
PIN_TOP
 10
71.764804
 20
66.369057
 40
0.000000
 41
0.000000
 42
0.000000
  0
VERTEX
  8
PIN_TOP
 10
71.764804
 20
65.861057
 40
0.000000
 41
0.000000
 42
0.000000
  0
VERTEX
  8
PIN_TOP
 10
71.256804
 20
65.861057
 40
0.000000
 41
0.000000
 42
0.000000
  0
VERTEX
  8
PIN_TOP
 10
71.256804
 20
66.369057
 40
0.000000
 41
0.000000
 42
0.000000
  0
SEQEND
  0
POLYLINE
  8
PG_SILKSCREEN_TOP
 66
1
 70
0
 40
0.000000
 41
0.000000
 39
0.000000
  0
VERTEX
  8
PG_SILKSCREEN_TOP
 10
71.150810
 20
65.759457
 40
0.101600
 41
0.101600
 42
0.000000
  0
VERTEX
  8
PG_SILKSCREEN_TOP
 10
71.150810
 20
66.470657
 40
0.101600
 41
0.101600
 42
0.000000
  0
SEQEND
  0
POLYLINE
  8
PG_SILKSCREEN_TOP
 66
1
 70
0
 40
0.000000
 41
0.000000
 39
0.000000
  0
VERTEX
  8
PG_SILKSCREEN_TOP
 10
71.764804
 20
65.759457
 40
0.101600
 41
0.101600
 42
0.000000
  0
VERTEX
  8
PG_SILKSCREEN_TOP
 10
71.155204
 20
65.759457
 40
0.101600
 41
0.101600
 42
0.000000
  0
SEQEND
  0
POLYLINE
  8
PG_SILKSCREEN_TOP
 66
1
 70
0
 40
0.000000
 41
0.000000
 39
0.000000
  0
VERTEX
  8
PG_SILKSCREEN_TOP
 10
71.155204
 20
66.470657
 40
0.101600
 41
0.101600
 42
0.000000
  0
VERTEX
  8
PG_SILKSCREEN_TOP
 10
71.739404
 20
66.470657
 40
0.101600
 41
0.101600
 42
0.000000
  0
SEQEND
  0
POLYLINE
  8
PG_SILKSCREEN_TOP
 66
1
 70
0
 40
0.000000
 41
0.000000
 39
0.000000
  0
VERTEX
  8
PG_SILKSCREEN_TOP
 10
72.785199
 20
66.470657
 40
0.101600
 41
0.101600
 42
0.000000
  0
VERTEX
  8
PG_SILKSCREEN_TOP
 10
72.175599
 20
66.470657
 40
0.101600
 41
0.101600
 42
0.000000
  0
SEQEND
  0
POLYLINE
  8
PG_SILKSCREEN_TOP
 66
1
 70
0
 40
0.000000
 41
0.000000
 39
0.000000
  0
VERTEX
  8
PG_SILKSCREEN_TOP
 10
72.785199
 20
65.759457
 40
0.101600
 41
0.101600
 42
0.000000
  0
VERTEX
  8
PG_SILKSCREEN_TOP
 10
72.785199
 20
66.470657
 40
0.101600
 41
0.101600
 42
0.000000
  0
SEQEND
  0
POLYLINE
  8
PG_SILKSCREEN_TOP
 66
1
 70
0
 40
0.000000
 41
0.000000
 39
0.000000
  0
VERTEX
  8
PG_SILKSCREEN_TOP
 10
72.785199
 20
65.759457
 40
0.101600
 41
0.101600
 42
0.000000
  0
VERTEX
  8
PG_SILKSCREEN_TOP
 10
72.175599
 20
65.759457
 40
0.101600
 41
0.101600
 42
0.000000
  0
SEQEND
  0
POLYLINE
  8
PIN_TOP
 66
1
 70
1
 40
0.000000
 41
0.000000
 39
0.000000
  0
VERTEX
  8
PIN_TOP
 10
54.313709
 20
66.440406
 40
0.000000
 41
0.000000
 42
0.000000
  0
VERTEX
  8
PIN_TOP
 10
53.805709
 20
66.440406
 40
0.000000
 41
0.000000
 42
0.000000
  0
VERTEX
  8
PIN_TOP
 10
53.805709
 20
66.948406
 40
0.000000
 41
0.000000
 42
0.000000
  0
VERTEX
  8
PIN_TOP
 10
54.313709
 20
66.948406
 40
0.000000
 41
0.000000
 42
0.000000
  0
SEQEND
  0
POLYLINE
  8
PIN_TOP
 66
1
 70
1
 40
0.000000
 41
0.000000
 39
0.000000
  0
VERTEX
  8
PIN_TOP
 10
54.313709
 20
67.354806
 40
0.000000
 41
0.000000
 42
0.000000
  0
VERTEX
  8
PIN_TOP
 10
53.805709
 20
67.354806
 40
0.000000
 41
0.000000
 42
0.000000
  0
VERTEX
  8
PIN_TOP
 10
53.805709
 20
67.862806
 40
0.000000
 41
0.000000
 42
0.000000
  0
VERTEX
  8
PIN_TOP
 10
54.313709
 20
67.862806
 40
0.000000
 41
0.000000
 42
0.000000
  0
SEQEND
  0
POLYLINE
  8
PG_SILKSCREEN_TOP
 66
1
 70
0
 40
0.000000
 41
0.000000
 39
0.000000
  0
VERTEX
  8
PG_SILKSCREEN_TOP
 10
53.704109
 20
67.968800
 40
0.101600
 41
0.101600
 42
0.000000
  0
VERTEX
  8
PG_SILKSCREEN_TOP
 10
54.415309
 20
67.968800
 40
0.101600
 41
0.101600
 42
0.000000
  0
SEQEND
  0
POLYLINE
  8
PG_SILKSCREEN_TOP
 66
1
 70
0
 40
0.000000
 41
0.000000
 39
0.000000
  0
VERTEX
  8
PG_SILKSCREEN_TOP
 10
53.704109
 20
67.354806
 40
0.101600
 41
0.101600
 42
0.000000
  0
VERTEX
  8
PG_SILKSCREEN_TOP
 10
53.704109
 20
67.964406
 40
0.101600
 41
0.101600
 42
0.000000
  0
SEQEND
  0
POLYLINE
  8
PG_SILKSCREEN_TOP
 66
1
 70
0
 40
0.000000
 41
0.000000
 39
0.000000
  0
VERTEX
  8
PG_SILKSCREEN_TOP
 10
54.415309
 20
67.964406
 40
0.101600
 41
0.101600
 42
0.000000
  0
VERTEX
  8
PG_SILKSCREEN_TOP
 10
54.415309
 20
67.380206
 40
0.101600
 41
0.101600
 42
0.000000
  0
SEQEND
  0
POLYLINE
  8
PG_SILKSCREEN_TOP
 66
1
 70
0
 40
0.000000
 41
0.000000
 39
0.000000
  0
VERTEX
  8
PG_SILKSCREEN_TOP
 10
54.415309
 20
66.334411
 40
0.101600
 41
0.101600
 42
0.000000
  0
VERTEX
  8
PG_SILKSCREEN_TOP
 10
54.415309
 20
66.944011
 40
0.101600
 41
0.101600
 42
0.000000
  0
SEQEND
  0
POLYLINE
  8
PG_SILKSCREEN_TOP
 66
1
 70
0
 40
0.000000
 41
0.000000
 39
0.000000
  0
VERTEX
  8
PG_SILKSCREEN_TOP
 10
53.704109
 20
66.334411
 40
0.101600
 41
0.101600
 42
0.000000
  0
VERTEX
  8
PG_SILKSCREEN_TOP
 10
54.415309
 20
66.334411
 40
0.101600
 41
0.101600
 42
0.000000
  0
SEQEND
  0
POLYLINE
  8
PG_SILKSCREEN_TOP
 66
1
 70
0
 40
0.000000
 41
0.000000
 39
0.000000
  0
VERTEX
  8
PG_SILKSCREEN_TOP
 10
53.704109
 20
66.334411
 40
0.101600
 41
0.101600
 42
0.000000
  0
VERTEX
  8
PG_SILKSCREEN_TOP
 10
53.704109
 20
66.944011
 40
0.101600
 41
0.101600
 42
0.000000
  0
SEQEND
  0
POLYLINE
  8
PIN_TOP
 66
1
 70
1
 40
0.000000
 41
0.000000
 39
0.000000
  0
VERTEX
  8
PIN_TOP
 10
68.703571
 20
64.919200
 40
0.000000
 41
0.000000
 42
0.000000
  0
VERTEX
  8
PIN_TOP
 10
68.195571
 20
64.919200
 40
0.000000
 41
0.000000
 42
0.000000
  0
VERTEX
  8
PIN_TOP
 10
68.195571
 20
65.427200
 40
0.000000
 41
0.000000
 42
0.000000
  0
VERTEX
  8
PIN_TOP
 10
68.703571
 20
65.427200
 40
0.000000
 41
0.000000
 42
0.000000
  0
SEQEND
  0
POLYLINE
  8
PIN_TOP
 66
1
 70
1
 40
0.000000
 41
0.000000
 39
0.000000
  0
VERTEX
  8
PIN_TOP
 10
68.703571
 20
65.833600
 40
0.000000
 41
0.000000
 42
0.000000
  0
VERTEX
  8
PIN_TOP
 10
68.195571
 20
65.833600
 40
0.000000
 41
0.000000
 42
0.000000
  0
VERTEX
  8
PIN_TOP
 10
68.195571
 20
66.341600
 40
0.000000
 41
0.000000
 42
0.000000
  0
VERTEX
  8
PIN_TOP
 10
68.703571
 20
66.341600
 40
0.000000
 41
0.000000
 42
0.000000
  0
SEQEND
  0
POLYLINE
  8
PG_SILKSCREEN_TOP
 66
1
 70
0
 40
0.000000
 41
0.000000
 39
0.000000
  0
VERTEX
  8
PG_SILKSCREEN_TOP
 10
68.093971
 20
66.447594
 40
0.101600
 41
0.101600
 42
0.000000
  0
VERTEX
  8
PG_SILKSCREEN_TOP
 10
68.805171
 20
66.447594
 40
0.101600
 41
0.101600
 42
0.000000
  0
SEQEND
  0
POLYLINE
  8
PG_SILKSCREEN_TOP
 66
1
 70
0
 40
0.000000
 41
0.000000
 39
0.000000
  0
VERTEX
  8
PG_SILKSCREEN_TOP
 10
68.093971
 20
65.833600
 40
0.101600
 41
0.101600
 42
0.000000
  0
VERTEX
  8
PG_SILKSCREEN_TOP
 10
68.093971
 20
66.443200
 40
0.101600
 41
0.101600
 42
0.000000
  0
SEQEND
  0
POLYLINE
  8
PG_SILKSCREEN_TOP
 66
1
 70
0
 40
0.000000
 41
0.000000
 39
0.000000
  0
VERTEX
  8
PG_SILKSCREEN_TOP
 10
68.805171
 20
66.443200
 40
0.101600
 41
0.101600
 42
0.000000
  0
VERTEX
  8
PG_SILKSCREEN_TOP
 10
68.805171
 20
65.859000
 40
0.101600
 41
0.101600
 42
0.000000
  0
SEQEND
  0
POLYLINE
  8
PG_SILKSCREEN_TOP
 66
1
 70
0
 40
0.000000
 41
0.000000
 39
0.000000
  0
VERTEX
  8
PG_SILKSCREEN_TOP
 10
68.805171
 20
64.813205
 40
0.101600
 41
0.101600
 42
0.000000
  0
VERTEX
  8
PG_SILKSCREEN_TOP
 10
68.805171
 20
65.422805
 40
0.101600
 41
0.101600
 42
0.000000
  0
SEQEND
  0
POLYLINE
  8
PG_SILKSCREEN_TOP
 66
1
 70
0
 40
0.000000
 41
0.000000
 39
0.000000
  0
VERTEX
  8
PG_SILKSCREEN_TOP
 10
68.093971
 20
64.813205
 40
0.101600
 41
0.101600
 42
0.000000
  0
VERTEX
  8
PG_SILKSCREEN_TOP
 10
68.805171
 20
64.813205
 40
0.101600
 41
0.101600
 42
0.000000
  0
SEQEND
  0
POLYLINE
  8
PG_SILKSCREEN_TOP
 66
1
 70
0
 40
0.000000
 41
0.000000
 39
0.000000
  0
VERTEX
  8
PG_SILKSCREEN_TOP
 10
68.093971
 20
64.813205
 40
0.101600
 41
0.101600
 42
0.000000
  0
VERTEX
  8
PG_SILKSCREEN_TOP
 10
68.093971
 20
65.422805
 40
0.101600
 41
0.101600
 42
0.000000
  0
SEQEND
  0
POLYLINE
  8
PIN_TOP
 66
1
 70
1
 40
0.000000
 41
0.000000
 39
0.000000
  0
VERTEX
  8
PIN_TOP
 10
55.922672
 20
67.886834
 40
0.000000
 41
0.000000
 42
0.000000
  0
VERTEX
  8
PIN_TOP
 10
56.430672
 20
67.886834
 40
0.000000
 41
0.000000
 42
0.000000
  0
VERTEX
  8
PIN_TOP
 10
56.430672
 20
67.378834
 40
0.000000
 41
0.000000
 42
0.000000
  0
VERTEX
  8
PIN_TOP
 10
55.922672
 20
67.378834
 40
0.000000
 41
0.000000
 42
0.000000
  0
SEQEND
  0
POLYLINE
  8
PIN_TOP
 66
1
 70
1
 40
0.000000
 41
0.000000
 39
0.000000
  0
VERTEX
  8
PIN_TOP
 10
55.922672
 20
66.972434
 40
0.000000
 41
0.000000
 42
0.000000
  0
VERTEX
  8
PIN_TOP
 10
56.430672
 20
66.972434
 40
0.000000
 41
0.000000
 42
0.000000
  0
VERTEX
  8
PIN_TOP
 10
56.430672
 20
66.464434
 40
0.000000
 41
0.000000
 42
0.000000
  0
VERTEX
  8
PIN_TOP
 10
55.922672
 20
66.464434
 40
0.000000
 41
0.000000
 42
0.000000
  0
SEQEND
  0
POLYLINE
  8
PG_SILKSCREEN_TOP
 66
1
 70
0
 40
0.000000
 41
0.000000
 39
0.000000
  0
VERTEX
  8
PG_SILKSCREEN_TOP
 10
56.532272
 20
66.358440
 40
0.101600
 41
0.101600
 42
0.000000
  0
VERTEX
  8
PG_SILKSCREEN_TOP
 10
55.821072
 20
66.358440
 40
0.101600
 41
0.101600
 42
0.000000
  0
SEQEND
  0
POLYLINE
  8
PG_SILKSCREEN_TOP
 66
1
 70
0
 40
0.000000
 41
0.000000
 39
0.000000
  0
VERTEX
  8
PG_SILKSCREEN_TOP
 10
56.532272
 20
66.972434
 40
0.101600
 41
0.101600
 42
0.000000
  0
VERTEX
  8
PG_SILKSCREEN_TOP
 10
56.532272
 20
66.362834
 40
0.101600
 41
0.101600
 42
0.000000
  0
SEQEND
  0
POLYLINE
  8
PG_SILKSCREEN_TOP
 66
1
 70
0
 40
0.000000
 41
0.000000
 39
0.000000
  0
VERTEX
  8
PG_SILKSCREEN_TOP
 10
55.821072
 20
66.362834
 40
0.101600
 41
0.101600
 42
0.000000
  0
VERTEX
  8
PG_SILKSCREEN_TOP
 10
55.821072
 20
66.947034
 40
0.101600
 41
0.101600
 42
0.000000
  0
SEQEND
  0
POLYLINE
  8
PG_SILKSCREEN_TOP
 66
1
 70
0
 40
0.000000
 41
0.000000
 39
0.000000
  0
VERTEX
  8
PG_SILKSCREEN_TOP
 10
55.821072
 20
67.992828
 40
0.101600
 41
0.101600
 42
0.000000
  0
VERTEX
  8
PG_SILKSCREEN_TOP
 10
55.821072
 20
67.383228
 40
0.101600
 41
0.101600
 42
0.000000
  0
SEQEND
  0
POLYLINE
  8
PG_SILKSCREEN_TOP
 66
1
 70
0
 40
0.000000
 41
0.000000
 39
0.000000
  0
VERTEX
  8
PG_SILKSCREEN_TOP
 10
56.532272
 20
67.992828
 40
0.101600
 41
0.101600
 42
0.000000
  0
VERTEX
  8
PG_SILKSCREEN_TOP
 10
55.821072
 20
67.992828
 40
0.101600
 41
0.101600
 42
0.000000
  0
SEQEND
  0
POLYLINE
  8
PG_SILKSCREEN_TOP
 66
1
 70
0
 40
0.000000
 41
0.000000
 39
0.000000
  0
VERTEX
  8
PG_SILKSCREEN_TOP
 10
56.532272
 20
67.992828
 40
0.101600
 41
0.101600
 42
0.000000
  0
VERTEX
  8
PG_SILKSCREEN_TOP
 10
56.532272
 20
67.383228
 40
0.101600
 41
0.101600
 42
0.000000
  0
SEQEND
  0
POLYLINE
  8
PIN_TOP
 66
1
 70
1
 40
0.000000
 41
0.000000
 39
0.000000
  0
VERTEX
  8
PIN_TOP
 10
70.312534
 20
66.365628
 40
0.000000
 41
0.000000
 42
0.000000
  0
VERTEX
  8
PIN_TOP
 10
70.820534
 20
66.365628
 40
0.000000
 41
0.000000
 42
0.000000
  0
VERTEX
  8
PIN_TOP
 10
70.820534
 20
65.857628
 40
0.000000
 41
0.000000
 42
0.000000
  0
VERTEX
  8
PIN_TOP
 10
70.312534
 20
65.857628
 40
0.000000
 41
0.000000
 42
0.000000
  0
SEQEND
  0
POLYLINE
  8
PIN_TOP
 66
1
 70
1
 40
0.000000
 41
0.000000
 39
0.000000
  0
VERTEX
  8
PIN_TOP
 10
70.312534
 20
65.451228
 40
0.000000
 41
0.000000
 42
0.000000
  0
VERTEX
  8
PIN_TOP
 10
70.820534
 20
65.451228
 40
0.000000
 41
0.000000
 42
0.000000
  0
VERTEX
  8
PIN_TOP
 10
70.820534
 20
64.943228
 40
0.000000
 41
0.000000
 42
0.000000
  0
VERTEX
  8
PIN_TOP
 10
70.312534
 20
64.943228
 40
0.000000
 41
0.000000
 42
0.000000
  0
SEQEND
  0
POLYLINE
  8
PG_SILKSCREEN_TOP
 66
1
 70
0
 40
0.000000
 41
0.000000
 39
0.000000
  0
VERTEX
  8
PG_SILKSCREEN_TOP
 10
70.922134
 20
64.837234
 40
0.101600
 41
0.101600
 42
0.000000
  0
VERTEX
  8
PG_SILKSCREEN_TOP
 10
70.210934
 20
64.837234
 40
0.101600
 41
0.101600
 42
0.000000
  0
SEQEND
  0
POLYLINE
  8
PG_SILKSCREEN_TOP
 66
1
 70
0
 40
0.000000
 41
0.000000
 39
0.000000
  0
VERTEX
  8
PG_SILKSCREEN_TOP
 10
70.922134
 20
65.451228
 40
0.101600
 41
0.101600
 42
0.000000
  0
VERTEX
  8
PG_SILKSCREEN_TOP
 10
70.922134
 20
64.841628
 40
0.101600
 41
0.101600
 42
0.000000
  0
SEQEND
  0
POLYLINE
  8
PG_SILKSCREEN_TOP
 66
1
 70
0
 40
0.000000
 41
0.000000
 39
0.000000
  0
VERTEX
  8
PG_SILKSCREEN_TOP
 10
70.210934
 20
64.841628
 40
0.101600
 41
0.101600
 42
0.000000
  0
VERTEX
  8
PG_SILKSCREEN_TOP
 10
70.210934
 20
65.425828
 40
0.101600
 41
0.101600
 42
0.000000
  0
SEQEND
  0
POLYLINE
  8
PG_SILKSCREEN_TOP
 66
1
 70
0
 40
0.000000
 41
0.000000
 39
0.000000
  0
VERTEX
  8
PG_SILKSCREEN_TOP
 10
70.210934
 20
66.471622
 40
0.101600
 41
0.101600
 42
0.000000
  0
VERTEX
  8
PG_SILKSCREEN_TOP
 10
70.210934
 20
65.862022
 40
0.101600
 41
0.101600
 42
0.000000
  0
SEQEND
  0
POLYLINE
  8
PG_SILKSCREEN_TOP
 66
1
 70
0
 40
0.000000
 41
0.000000
 39
0.000000
  0
VERTEX
  8
PG_SILKSCREEN_TOP
 10
70.922134
 20
66.471622
 40
0.101600
 41
0.101600
 42
0.000000
  0
VERTEX
  8
PG_SILKSCREEN_TOP
 10
70.210934
 20
66.471622
 40
0.101600
 41
0.101600
 42
0.000000
  0
SEQEND
  0
POLYLINE
  8
PG_SILKSCREEN_TOP
 66
1
 70
0
 40
0.000000
 41
0.000000
 39
0.000000
  0
VERTEX
  8
PG_SILKSCREEN_TOP
 10
70.922134
 20
66.471622
 40
0.101600
 41
0.101600
 42
0.000000
  0
VERTEX
  8
PG_SILKSCREEN_TOP
 10
70.922134
 20
65.862022
 40
0.101600
 41
0.101600
 42
0.000000
  0
SEQEND
  0
POLYLINE
  8
PIN_TOP
 66
1
 70
1
 40
0.000000
 41
0.000000
 39
0.000000
  0
VERTEX
  8
PIN_TOP
 10
8.484184
 20
2.900045
 40
0.000000
 41
0.000000
 42
0.000000
  0
VERTEX
  8
PIN_TOP
 10
8.484184
 20
3.408045
 40
0.000000
 41
0.000000
 42
0.000000
  0
VERTEX
  8
PIN_TOP
 10
8.992184
 20
3.408045
 40
0.000000
 41
0.000000
 42
0.000000
  0
VERTEX
  8
PIN_TOP
 10
8.992184
 20
2.900045
 40
0.000000
 41
0.000000
 42
0.000000
  0
SEQEND
  0
POLYLINE
  8
PIN_TOP
 66
1
 70
1
 40
0.000000
 41
0.000000
 39
0.000000
  0
VERTEX
  8
PIN_TOP
 10
9.398584
 20
2.900045
 40
0.000000
 41
0.000000
 42
0.000000
  0
VERTEX
  8
PIN_TOP
 10
9.398584
 20
3.408045
 40
0.000000
 41
0.000000
 42
0.000000
  0
VERTEX
  8
PIN_TOP
 10
9.906584
 20
3.408045
 40
0.000000
 41
0.000000
 42
0.000000
  0
VERTEX
  8
PIN_TOP
 10
9.906584
 20
2.900045
 40
0.000000
 41
0.000000
 42
0.000000
  0
SEQEND
  0
POLYLINE
  8
PG_SILKSCREEN_TOP
 66
1
 70
0
 40
0.000000
 41
0.000000
 39
0.000000
  0
VERTEX
  8
PG_SILKSCREEN_TOP
 10
10.012578
 20
3.509645
 40
0.101600
 41
0.101600
 42
0.000000
  0
VERTEX
  8
PG_SILKSCREEN_TOP
 10
10.012578
 20
2.798445
 40
0.101600
 41
0.101600
 42
0.000000
  0
SEQEND
  0
POLYLINE
  8
PG_SILKSCREEN_TOP
 66
1
 70
0
 40
0.000000
 41
0.000000
 39
0.000000
  0
VERTEX
  8
PG_SILKSCREEN_TOP
 10
9.398584
 20
3.509645
 40
0.101600
 41
0.101600
 42
0.000000
  0
VERTEX
  8
PG_SILKSCREEN_TOP
 10
10.008184
 20
3.509645
 40
0.101600
 41
0.101600
 42
0.000000
  0
SEQEND
  0
POLYLINE
  8
PG_SILKSCREEN_TOP
 66
1
 70
0
 40
0.000000
 41
0.000000
 39
0.000000
  0
VERTEX
  8
PG_SILKSCREEN_TOP
 10
10.008184
 20
2.798445
 40
0.101600
 41
0.101600
 42
0.000000
  0
VERTEX
  8
PG_SILKSCREEN_TOP
 10
9.423984
 20
2.798445
 40
0.101600
 41
0.101600
 42
0.000000
  0
SEQEND
  0
POLYLINE
  8
PG_SILKSCREEN_TOP
 66
1
 70
0
 40
0.000000
 41
0.000000
 39
0.000000
  0
VERTEX
  8
PG_SILKSCREEN_TOP
 10
8.378190
 20
2.798445
 40
0.101600
 41
0.101600
 42
0.000000
  0
VERTEX
  8
PG_SILKSCREEN_TOP
 10
8.987790
 20
2.798445
 40
0.101600
 41
0.101600
 42
0.000000
  0
SEQEND
  0
POLYLINE
  8
PG_SILKSCREEN_TOP
 66
1
 70
0
 40
0.000000
 41
0.000000
 39
0.000000
  0
VERTEX
  8
PG_SILKSCREEN_TOP
 10
8.378190
 20
3.509645
 40
0.101600
 41
0.101600
 42
0.000000
  0
VERTEX
  8
PG_SILKSCREEN_TOP
 10
8.378190
 20
2.798445
 40
0.101600
 41
0.101600
 42
0.000000
  0
SEQEND
  0
POLYLINE
  8
PG_SILKSCREEN_TOP
 66
1
 70
0
 40
0.000000
 41
0.000000
 39
0.000000
  0
VERTEX
  8
PG_SILKSCREEN_TOP
 10
8.378190
 20
3.509645
 40
0.101600
 41
0.101600
 42
0.000000
  0
VERTEX
  8
PG_SILKSCREEN_TOP
 10
8.987790
 20
3.509645
 40
0.101600
 41
0.101600
 42
0.000000
  0
SEQEND
  0
POLYLINE
  8
PIN_TOP
 66
1
 70
1
 40
0.000000
 41
0.000000
 39
0.000000
  0
VERTEX
  8
PIN_TOP
 10
70.899757
 20
3.077845
 40
0.000000
 41
0.000000
 42
0.000000
  0
VERTEX
  8
PIN_TOP
 10
70.899757
 20
2.569845
 40
0.000000
 41
0.000000
 42
0.000000
  0
VERTEX
  8
PIN_TOP
 10
70.391757
 20
2.569845
 40
0.000000
 41
0.000000
 42
0.000000
  0
VERTEX
  8
PIN_TOP
 10
70.391757
 20
3.077845
 40
0.000000
 41
0.000000
 42
0.000000
  0
SEQEND
  0
POLYLINE
  8
PIN_TOP
 66
1
 70
1
 40
0.000000
 41
0.000000
 39
0.000000
  0
VERTEX
  8
PIN_TOP
 10
69.985357
 20
3.077845
 40
0.000000
 41
0.000000
 42
0.000000
  0
VERTEX
  8
PIN_TOP
 10
69.985357
 20
2.569845
 40
0.000000
 41
0.000000
 42
0.000000
  0
VERTEX
  8
PIN_TOP
 10
69.477357
 20
2.569845
 40
0.000000
 41
0.000000
 42
0.000000
  0
VERTEX
  8
PIN_TOP
 10
69.477357
 20
3.077845
 40
0.000000
 41
0.000000
 42
0.000000
  0
SEQEND
  0
POLYLINE
  8
PG_SILKSCREEN_TOP
 66
1
 70
0
 40
0.000000
 41
0.000000
 39
0.000000
  0
VERTEX
  8
PG_SILKSCREEN_TOP
 10
69.371362
 20
2.468245
 40
0.101600
 41
0.101600
 42
0.000000
  0
VERTEX
  8
PG_SILKSCREEN_TOP
 10
69.371362
 20
3.179445
 40
0.101600
 41
0.101600
 42
0.000000
  0
SEQEND
  0
POLYLINE
  8
PG_SILKSCREEN_TOP
 66
1
 70
0
 40
0.000000
 41
0.000000
 39
0.000000
  0
VERTEX
  8
PG_SILKSCREEN_TOP
 10
69.985357
 20
2.468245
 40
0.101600
 41
0.101600
 42
0.000000
  0
VERTEX
  8
PG_SILKSCREEN_TOP
 10
69.375757
 20
2.468245
 40
0.101600
 41
0.101600
 42
0.000000
  0
SEQEND
  0
POLYLINE
  8
PG_SILKSCREEN_TOP
 66
1
 70
0
 40
0.000000
 41
0.000000
 39
0.000000
  0
VERTEX
  8
PG_SILKSCREEN_TOP
 10
69.375757
 20
3.179445
 40
0.101600
 41
0.101600
 42
0.000000
  0
VERTEX
  8
PG_SILKSCREEN_TOP
 10
69.959957
 20
3.179445
 40
0.101600
 41
0.101600
 42
0.000000
  0
SEQEND
  0
POLYLINE
  8
PG_SILKSCREEN_TOP
 66
1
 70
0
 40
0.000000
 41
0.000000
 39
0.000000
  0
VERTEX
  8
PG_SILKSCREEN_TOP
 10
71.005751
 20
3.179445
 40
0.101600
 41
0.101600
 42
0.000000
  0
VERTEX
  8
PG_SILKSCREEN_TOP
 10
70.396151
 20
3.179445
 40
0.101600
 41
0.101600
 42
0.000000
  0
SEQEND
  0
POLYLINE
  8
PG_SILKSCREEN_TOP
 66
1
 70
0
 40
0.000000
 41
0.000000
 39
0.000000
  0
VERTEX
  8
PG_SILKSCREEN_TOP
 10
71.005751
 20
2.468245
 40
0.101600
 41
0.101600
 42
0.000000
  0
VERTEX
  8
PG_SILKSCREEN_TOP
 10
71.005751
 20
3.179445
 40
0.101600
 41
0.101600
 42
0.000000
  0
SEQEND
  0
POLYLINE
  8
PG_SILKSCREEN_TOP
 66
1
 70
0
 40
0.000000
 41
0.000000
 39
0.000000
  0
VERTEX
  8
PG_SILKSCREEN_TOP
 10
71.005751
 20
2.468245
 40
0.101600
 41
0.101600
 42
0.000000
  0
VERTEX
  8
PG_SILKSCREEN_TOP
 10
70.396151
 20
2.468245
 40
0.101600
 41
0.101600
 42
0.000000
  0
SEQEND
  0
POLYLINE
  8
PIN_TOP
 66
1
 70
1
 40
0.000000
 41
0.000000
 39
0.000000
  0
VERTEX
  8
PIN_TOP
 10
78.698319
 20
8.053222
 40
0.000000
 41
0.000000
 42
0.000000
  0
VERTEX
  8
PIN_TOP
 10
78.698319
 20
7.545222
 40
0.000000
 41
0.000000
 42
0.000000
  0
VERTEX
  8
PIN_TOP
 10
78.190319
 20
7.545222
 40
0.000000
 41
0.000000
 42
0.000000
  0
VERTEX
  8
PIN_TOP
 10
78.190319
 20
8.053222
 40
0.000000
 41
0.000000
 42
0.000000
  0
SEQEND
  0
POLYLINE
  8
PIN_TOP
 66
1
 70
1
 40
0.000000
 41
0.000000
 39
0.000000
  0
VERTEX
  8
PIN_TOP
 10
77.783919
 20
8.053222
 40
0.000000
 41
0.000000
 42
0.000000
  0
VERTEX
  8
PIN_TOP
 10
77.783919
 20
7.545222
 40
0.000000
 41
0.000000
 42
0.000000
  0
VERTEX
  8
PIN_TOP
 10
77.275919
 20
7.545222
 40
0.000000
 41
0.000000
 42
0.000000
  0
VERTEX
  8
PIN_TOP
 10
77.275919
 20
8.053222
 40
0.000000
 41
0.000000
 42
0.000000
  0
SEQEND
  0
POLYLINE
  8
PG_SILKSCREEN_TOP
 66
1
 70
0
 40
0.000000
 41
0.000000
 39
0.000000
  0
VERTEX
  8
PG_SILKSCREEN_TOP
 10
77.169899
 20
7.443622
 40
0.101600
 41
0.101600
 42
0.000000
  0
VERTEX
  8
PG_SILKSCREEN_TOP
 10
77.169899
 20
8.154822
 40
0.101600
 41
0.101600
 42
0.000000
  0
SEQEND
  0
POLYLINE
  8
PG_SILKSCREEN_TOP
 66
1
 70
0
 40
0.000000
 41
0.000000
 39
0.000000
  0
VERTEX
  8
PG_SILKSCREEN_TOP
 10
77.783919
 20
7.443622
 40
0.101600
 41
0.101600
 42
0.000000
  0
VERTEX
  8
PG_SILKSCREEN_TOP
 10
77.174319
 20
7.443622
 40
0.101600
 41
0.101600
 42
0.000000
  0
SEQEND
  0
POLYLINE
  8
PG_SILKSCREEN_TOP
 66
1
 70
0
 40
0.000000
 41
0.000000
 39
0.000000
  0
VERTEX
  8
PG_SILKSCREEN_TOP
 10
77.174319
 20
8.154822
 40
0.101600
 41
0.101600
 42
0.000000
  0
VERTEX
  8
PG_SILKSCREEN_TOP
 10
77.758519
 20
8.154822
 40
0.101600
 41
0.101600
 42
0.000000
  0
SEQEND
  0
POLYLINE
  8
PG_SILKSCREEN_TOP
 66
1
 70
0
 40
0.000000
 41
0.000000
 39
0.000000
  0
VERTEX
  8
PG_SILKSCREEN_TOP
 10
78.804313
 20
8.154822
 40
0.101600
 41
0.101600
 42
0.000000
  0
VERTEX
  8
PG_SILKSCREEN_TOP
 10
78.194713
 20
8.154822
 40
0.101600
 41
0.101600
 42
0.000000
  0
SEQEND
  0
POLYLINE
  8
PG_SILKSCREEN_TOP
 66
1
 70
0
 40
0.000000
 41
0.000000
 39
0.000000
  0
VERTEX
  8
PG_SILKSCREEN_TOP
 10
78.804313
 20
7.443622
 40
0.101600
 41
0.101600
 42
0.000000
  0
VERTEX
  8
PG_SILKSCREEN_TOP
 10
78.804313
 20
8.154822
 40
0.101600
 41
0.101600
 42
0.000000
  0
SEQEND
  0
POLYLINE
  8
PG_SILKSCREEN_TOP
 66
1
 70
0
 40
0.000000
 41
0.000000
 39
0.000000
  0
VERTEX
  8
PG_SILKSCREEN_TOP
 10
78.804313
 20
7.443622
 40
0.101600
 41
0.101600
 42
0.000000
  0
VERTEX
  8
PG_SILKSCREEN_TOP
 10
78.194713
 20
7.443622
 40
0.101600
 41
0.101600
 42
0.000000
  0
SEQEND
  0
POLYLINE
  8
PIN_TOP
 66
1
 70
1
 40
0.000000
 41
0.000000
 39
0.000000
  0
VERTEX
  8
PIN_TOP
 10
78.890343
 20
18.897244
 40
0.000000
 41
0.000000
 42
0.000000
  0
VERTEX
  8
PIN_TOP
 10
78.890343
 20
18.389244
 40
0.000000
 41
0.000000
 42
0.000000
  0
VERTEX
  8
PIN_TOP
 10
78.382343
 20
18.389244
 40
0.000000
 41
0.000000
 42
0.000000
  0
VERTEX
  8
PIN_TOP
 10
78.382343
 20
18.897244
 40
0.000000
 41
0.000000
 42
0.000000
  0
SEQEND
  0
POLYLINE
  8
PIN_TOP
 66
1
 70
1
 40
0.000000
 41
0.000000
 39
0.000000
  0
VERTEX
  8
PIN_TOP
 10
77.975943
 20
18.897244
 40
0.000000
 41
0.000000
 42
0.000000
  0
VERTEX
  8
PIN_TOP
 10
77.975943
 20
18.389244
 40
0.000000
 41
0.000000
 42
0.000000
  0
VERTEX
  8
PIN_TOP
 10
77.467943
 20
18.389244
 40
0.000000
 41
0.000000
 42
0.000000
  0
VERTEX
  8
PIN_TOP
 10
77.467943
 20
18.897244
 40
0.000000
 41
0.000000
 42
0.000000
  0
SEQEND
  0
POLYLINE
  8
PG_SILKSCREEN_TOP
 66
1
 70
0
 40
0.000000
 41
0.000000
 39
0.000000
  0
VERTEX
  8
PG_SILKSCREEN_TOP
 10
77.361923
 20
18.287644
 40
0.101600
 41
0.101600
 42
0.000000
  0
VERTEX
  8
PG_SILKSCREEN_TOP
 10
77.361923
 20
18.998844
 40
0.101600
 41
0.101600
 42
0.000000
  0
SEQEND
  0
POLYLINE
  8
PG_SILKSCREEN_TOP
 66
1
 70
0
 40
0.000000
 41
0.000000
 39
0.000000
  0
VERTEX
  8
PG_SILKSCREEN_TOP
 10
77.975943
 20
18.287644
 40
0.101600
 41
0.101600
 42
0.000000
  0
VERTEX
  8
PG_SILKSCREEN_TOP
 10
77.366343
 20
18.287644
 40
0.101600
 41
0.101600
 42
0.000000
  0
SEQEND
  0
POLYLINE
  8
PG_SILKSCREEN_TOP
 66
1
 70
0
 40
0.000000
 41
0.000000
 39
0.000000
  0
VERTEX
  8
PG_SILKSCREEN_TOP
 10
77.366343
 20
18.998844
 40
0.101600
 41
0.101600
 42
0.000000
  0
VERTEX
  8
PG_SILKSCREEN_TOP
 10
77.950543
 20
18.998844
 40
0.101600
 41
0.101600
 42
0.000000
  0
SEQEND
  0
POLYLINE
  8
PG_SILKSCREEN_TOP
 66
1
 70
0
 40
0.000000
 41
0.000000
 39
0.000000
  0
VERTEX
  8
PG_SILKSCREEN_TOP
 10
78.996337
 20
18.998844
 40
0.101600
 41
0.101600
 42
0.000000
  0
VERTEX
  8
PG_SILKSCREEN_TOP
 10
78.386737
 20
18.998844
 40
0.101600
 41
0.101600
 42
0.000000
  0
SEQEND
  0
POLYLINE
  8
PG_SILKSCREEN_TOP
 66
1
 70
0
 40
0.000000
 41
0.000000
 39
0.000000
  0
VERTEX
  8
PG_SILKSCREEN_TOP
 10
78.996337
 20
18.287644
 40
0.101600
 41
0.101600
 42
0.000000
  0
VERTEX
  8
PG_SILKSCREEN_TOP
 10
78.996337
 20
18.998844
 40
0.101600
 41
0.101600
 42
0.000000
  0
SEQEND
  0
POLYLINE
  8
PG_SILKSCREEN_TOP
 66
1
 70
0
 40
0.000000
 41
0.000000
 39
0.000000
  0
VERTEX
  8
PG_SILKSCREEN_TOP
 10
78.996337
 20
18.287644
 40
0.101600
 41
0.101600
 42
0.000000
  0
VERTEX
  8
PG_SILKSCREEN_TOP
 10
78.386737
 20
18.287644
 40
0.101600
 41
0.101600
 42
0.000000
  0
SEQEND
  0
POLYLINE
  8
PIN_TOP
 66
1
 70
1
 40
0.000000
 41
0.000000
 39
0.000000
  0
VERTEX
  8
PIN_TOP
 10
73.512909
 20
36.081106
 40
0.000000
 41
0.000000
 42
0.000000
  0
VERTEX
  8
PIN_TOP
 10
73.512909
 20
35.573106
 40
0.000000
 41
0.000000
 42
0.000000
  0
VERTEX
  8
PIN_TOP
 10
73.004909
 20
35.573106
 40
0.000000
 41
0.000000
 42
0.000000
  0
VERTEX
  8
PIN_TOP
 10
73.004909
 20
36.081106
 40
0.000000
 41
0.000000
 42
0.000000
  0
SEQEND
  0
POLYLINE
  8
PIN_TOP
 66
1
 70
1
 40
0.000000
 41
0.000000
 39
0.000000
  0
VERTEX
  8
PIN_TOP
 10
72.598509
 20
36.081106
 40
0.000000
 41
0.000000
 42
0.000000
  0
VERTEX
  8
PIN_TOP
 10
72.598509
 20
35.573106
 40
0.000000
 41
0.000000
 42
0.000000
  0
VERTEX
  8
PIN_TOP
 10
72.090509
 20
35.573106
 40
0.000000
 41
0.000000
 42
0.000000
  0
VERTEX
  8
PIN_TOP
 10
72.090509
 20
36.081106
 40
0.000000
 41
0.000000
 42
0.000000
  0
SEQEND
  0
POLYLINE
  8
PG_SILKSCREEN_TOP
 66
1
 70
0
 40
0.000000
 41
0.000000
 39
0.000000
  0
VERTEX
  8
PG_SILKSCREEN_TOP
 10
71.984489
 20
35.471506
 40
0.101600
 41
0.101600
 42
0.000000
  0
VERTEX
  8
PG_SILKSCREEN_TOP
 10
71.984489
 20
36.182706
 40
0.101600
 41
0.101600
 42
0.000000
  0
SEQEND
  0
POLYLINE
  8
PG_SILKSCREEN_TOP
 66
1
 70
0
 40
0.000000
 41
0.000000
 39
0.000000
  0
VERTEX
  8
PG_SILKSCREEN_TOP
 10
72.598509
 20
35.471506
 40
0.101600
 41
0.101600
 42
0.000000
  0
VERTEX
  8
PG_SILKSCREEN_TOP
 10
71.988909
 20
35.471506
 40
0.101600
 41
0.101600
 42
0.000000
  0
SEQEND
  0
POLYLINE
  8
PG_SILKSCREEN_TOP
 66
1
 70
0
 40
0.000000
 41
0.000000
 39
0.000000
  0
VERTEX
  8
PG_SILKSCREEN_TOP
 10
71.988909
 20
36.182706
 40
0.101600
 41
0.101600
 42
0.000000
  0
VERTEX
  8
PG_SILKSCREEN_TOP
 10
72.573109
 20
36.182706
 40
0.101600
 41
0.101600
 42
0.000000
  0
SEQEND
  0
POLYLINE
  8
PG_SILKSCREEN_TOP
 66
1
 70
0
 40
0.000000
 41
0.000000
 39
0.000000
  0
VERTEX
  8
PG_SILKSCREEN_TOP
 10
73.618903
 20
36.182706
 40
0.101600
 41
0.101600
 42
0.000000
  0
VERTEX
  8
PG_SILKSCREEN_TOP
 10
73.009303
 20
36.182706
 40
0.101600
 41
0.101600
 42
0.000000
  0
SEQEND
  0
POLYLINE
  8
PG_SILKSCREEN_TOP
 66
1
 70
0
 40
0.000000
 41
0.000000
 39
0.000000
  0
VERTEX
  8
PG_SILKSCREEN_TOP
 10
73.618903
 20
35.471506
 40
0.101600
 41
0.101600
 42
0.000000
  0
VERTEX
  8
PG_SILKSCREEN_TOP
 10
73.618903
 20
36.182706
 40
0.101600
 41
0.101600
 42
0.000000
  0
SEQEND
  0
POLYLINE
  8
PG_SILKSCREEN_TOP
 66
1
 70
0
 40
0.000000
 41
0.000000
 39
0.000000
  0
VERTEX
  8
PG_SILKSCREEN_TOP
 10
73.618903
 20
35.471506
 40
0.101600
 41
0.101600
 42
0.000000
  0
VERTEX
  8
PG_SILKSCREEN_TOP
 10
73.009303
 20
35.471506
 40
0.101600
 41
0.101600
 42
0.000000
  0
SEQEND
  0
POLYLINE
  8
PIN_TOP
 66
1
 70
1
 40
0.000000
 41
0.000000
 39
0.000000
  0
VERTEX
  8
PIN_TOP
 10
75.038814
 20
11.673307
 40
0.000000
 41
0.000000
 42
0.000000
  0
VERTEX
  8
PIN_TOP
 10
75.546814
 20
11.673307
 40
0.000000
 41
0.000000
 42
0.000000
  0
VERTEX
  8
PIN_TOP
 10
75.546814
 20
11.165307
 40
0.000000
 41
0.000000
 42
0.000000
  0
VERTEX
  8
PIN_TOP
 10
75.038814
 20
11.165307
 40
0.000000
 41
0.000000
 42
0.000000
  0
SEQEND
  0
POLYLINE
  8
PIN_TOP
 66
1
 70
1
 40
0.000000
 41
0.000000
 39
0.000000
  0
VERTEX
  8
PIN_TOP
 10
75.038814
 20
10.758907
 40
0.000000
 41
0.000000
 42
0.000000
  0
VERTEX
  8
PIN_TOP
 10
75.546814
 20
10.758907
 40
0.000000
 41
0.000000
 42
0.000000
  0
VERTEX
  8
PIN_TOP
 10
75.546814
 20
10.250907
 40
0.000000
 41
0.000000
 42
0.000000
  0
VERTEX
  8
PIN_TOP
 10
75.038814
 20
10.250907
 40
0.000000
 41
0.000000
 42
0.000000
  0
SEQEND
  0
POLYLINE
  8
PG_SILKSCREEN_TOP
 66
1
 70
0
 40
0.000000
 41
0.000000
 39
0.000000
  0
VERTEX
  8
PG_SILKSCREEN_TOP
 10
75.648414
 20
10.144887
 40
0.101600
 41
0.101600
 42
0.000000
  0
VERTEX
  8
PG_SILKSCREEN_TOP
 10
74.937214
 20
10.144887
 40
0.101600
 41
0.101600
 42
0.000000
  0
SEQEND
  0
POLYLINE
  8
PG_SILKSCREEN_TOP
 66
1
 70
0
 40
0.000000
 41
0.000000
 39
0.000000
  0
VERTEX
  8
PG_SILKSCREEN_TOP
 10
75.648414
 20
10.758907
 40
0.101600
 41
0.101600
 42
0.000000
  0
VERTEX
  8
PG_SILKSCREEN_TOP
 10
75.648414
 20
10.149307
 40
0.101600
 41
0.101600
 42
0.000000
  0
SEQEND
  0
POLYLINE
  8
PG_SILKSCREEN_TOP
 66
1
 70
0
 40
0.000000
 41
0.000000
 39
0.000000
  0
VERTEX
  8
PG_SILKSCREEN_TOP
 10
74.937214
 20
10.149307
 40
0.101600
 41
0.101600
 42
0.000000
  0
VERTEX
  8
PG_SILKSCREEN_TOP
 10
74.937214
 20
10.733507
 40
0.101600
 41
0.101600
 42
0.000000
  0
SEQEND
  0
POLYLINE
  8
PG_SILKSCREEN_TOP
 66
1
 70
0
 40
0.000000
 41
0.000000
 39
0.000000
  0
VERTEX
  8
PG_SILKSCREEN_TOP
 10
74.937214
 20
11.779301
 40
0.101600
 41
0.101600
 42
0.000000
  0
VERTEX
  8
PG_SILKSCREEN_TOP
 10
74.937214
 20
11.169701
 40
0.101600
 41
0.101600
 42
0.000000
  0
SEQEND
  0
POLYLINE
  8
PG_SILKSCREEN_TOP
 66
1
 70
0
 40
0.000000
 41
0.000000
 39
0.000000
  0
VERTEX
  8
PG_SILKSCREEN_TOP
 10
75.648414
 20
11.779301
 40
0.101600
 41
0.101600
 42
0.000000
  0
VERTEX
  8
PG_SILKSCREEN_TOP
 10
74.937214
 20
11.779301
 40
0.101600
 41
0.101600
 42
0.000000
  0
SEQEND
  0
POLYLINE
  8
PG_SILKSCREEN_TOP
 66
1
 70
0
 40
0.000000
 41
0.000000
 39
0.000000
  0
VERTEX
  8
PG_SILKSCREEN_TOP
 10
75.648414
 20
11.779301
 40
0.101600
 41
0.101600
 42
0.000000
  0
VERTEX
  8
PG_SILKSCREEN_TOP
 10
75.648414
 20
11.169701
 40
0.101600
 41
0.101600
 42
0.000000
  0
SEQEND
  0
POLYLINE
  8
PIN_TOP
 66
1
 70
1
 40
0.000000
 41
0.000000
 39
0.000000
  0
VERTEX
  8
PIN_TOP
 10
53.764942
 20
65.503552
 40
0.000000
 41
0.000000
 42
0.000000
  0
VERTEX
  8
PIN_TOP
 10
53.764942
 20
66.011552
 40
0.000000
 41
0.000000
 42
0.000000
  0
VERTEX
  8
PIN_TOP
 10
54.272942
 20
66.011552
 40
0.000000
 41
0.000000
 42
0.000000
  0
VERTEX
  8
PIN_TOP
 10
54.272942
 20
65.503552
 40
0.000000
 41
0.000000
 42
0.000000
  0
SEQEND
  0
POLYLINE
  8
PIN_TOP
 66
1
 70
1
 40
0.000000
 41
0.000000
 39
0.000000
  0
VERTEX
  8
PIN_TOP
 10
54.679342
 20
65.503552
 40
0.000000
 41
0.000000
 42
0.000000
  0
VERTEX
  8
PIN_TOP
 10
54.679342
 20
66.011552
 40
0.000000
 41
0.000000
 42
0.000000
  0
VERTEX
  8
PIN_TOP
 10
55.187342
 20
66.011552
 40
0.000000
 41
0.000000
 42
0.000000
  0
VERTEX
  8
PIN_TOP
 10
55.187342
 20
65.503552
 40
0.000000
 41
0.000000
 42
0.000000
  0
SEQEND
  0
POLYLINE
  8
PG_SILKSCREEN_TOP
 66
1
 70
0
 40
0.000000
 41
0.000000
 39
0.000000
  0
VERTEX
  8
PG_SILKSCREEN_TOP
 10
55.293362
 20
66.113152
 40
0.101600
 41
0.101600
 42
0.000000
  0
VERTEX
  8
PG_SILKSCREEN_TOP
 10
55.293362
 20
65.401952
 40
0.101600
 41
0.101600
 42
0.000000
  0
SEQEND
  0
POLYLINE
  8
PG_SILKSCREEN_TOP
 66
1
 70
0
 40
0.000000
 41
0.000000
 39
0.000000
  0
VERTEX
  8
PG_SILKSCREEN_TOP
 10
54.679342
 20
66.113152
 40
0.101600
 41
0.101600
 42
0.000000
  0
VERTEX
  8
PG_SILKSCREEN_TOP
 10
55.288942
 20
66.113152
 40
0.101600
 41
0.101600
 42
0.000000
  0
SEQEND
  0
POLYLINE
  8
PG_SILKSCREEN_TOP
 66
1
 70
0
 40
0.000000
 41
0.000000
 39
0.000000
  0
VERTEX
  8
PG_SILKSCREEN_TOP
 10
55.288942
 20
65.401952
 40
0.101600
 41
0.101600
 42
0.000000
  0
VERTEX
  8
PG_SILKSCREEN_TOP
 10
54.704742
 20
65.401952
 40
0.101600
 41
0.101600
 42
0.000000
  0
SEQEND
  0
POLYLINE
  8
PG_SILKSCREEN_TOP
 66
1
 70
0
 40
0.000000
 41
0.000000
 39
0.000000
  0
VERTEX
  8
PG_SILKSCREEN_TOP
 10
53.658948
 20
65.401952
 40
0.101600
 41
0.101600
 42
0.000000
  0
VERTEX
  8
PG_SILKSCREEN_TOP
 10
54.268548
 20
65.401952
 40
0.101600
 41
0.101600
 42
0.000000
  0
SEQEND
  0
POLYLINE
  8
PG_SILKSCREEN_TOP
 66
1
 70
0
 40
0.000000
 41
0.000000
 39
0.000000
  0
VERTEX
  8
PG_SILKSCREEN_TOP
 10
53.658948
 20
66.113152
 40
0.101600
 41
0.101600
 42
0.000000
  0
VERTEX
  8
PG_SILKSCREEN_TOP
 10
53.658948
 20
65.401952
 40
0.101600
 41
0.101600
 42
0.000000
  0
SEQEND
  0
POLYLINE
  8
PG_SILKSCREEN_TOP
 66
1
 70
0
 40
0.000000
 41
0.000000
 39
0.000000
  0
VERTEX
  8
PG_SILKSCREEN_TOP
 10
53.658948
 20
66.113152
 40
0.101600
 41
0.101600
 42
0.000000
  0
VERTEX
  8
PG_SILKSCREEN_TOP
 10
54.268548
 20
66.113152
 40
0.101600
 41
0.101600
 42
0.000000
  0
SEQEND
  0
POLYLINE
  8
PIN_TOP
 66
1
 70
1
 40
0.000000
 41
0.000000
 39
0.000000
  0
VERTEX
  8
PIN_TOP
 10
68.154804
 20
63.982346
 40
0.000000
 41
0.000000
 42
0.000000
  0
VERTEX
  8
PIN_TOP
 10
68.154804
 20
64.490346
 40
0.000000
 41
0.000000
 42
0.000000
  0
VERTEX
  8
PIN_TOP
 10
68.662804
 20
64.490346
 40
0.000000
 41
0.000000
 42
0.000000
  0
VERTEX
  8
PIN_TOP
 10
68.662804
 20
63.982346
 40
0.000000
 41
0.000000
 42
0.000000
  0
SEQEND
  0
POLYLINE
  8
PIN_TOP
 66
1
 70
1
 40
0.000000
 41
0.000000
 39
0.000000
  0
VERTEX
  8
PIN_TOP
 10
69.069204
 20
63.982346
 40
0.000000
 41
0.000000
 42
0.000000
  0
VERTEX
  8
PIN_TOP
 10
69.069204
 20
64.490346
 40
0.000000
 41
0.000000
 42
0.000000
  0
VERTEX
  8
PIN_TOP
 10
69.577204
 20
64.490346
 40
0.000000
 41
0.000000
 42
0.000000
  0
VERTEX
  8
PIN_TOP
 10
69.577204
 20
63.982346
 40
0.000000
 41
0.000000
 42
0.000000
  0
SEQEND
  0
POLYLINE
  8
PG_SILKSCREEN_TOP
 66
1
 70
0
 40
0.000000
 41
0.000000
 39
0.000000
  0
VERTEX
  8
PG_SILKSCREEN_TOP
 10
69.683224
 20
64.591946
 40
0.101600
 41
0.101600
 42
0.000000
  0
VERTEX
  8
PG_SILKSCREEN_TOP
 10
69.683224
 20
63.880746
 40
0.101600
 41
0.101600
 42
0.000000
  0
SEQEND
  0
POLYLINE
  8
PG_SILKSCREEN_TOP
 66
1
 70
0
 40
0.000000
 41
0.000000
 39
0.000000
  0
VERTEX
  8
PG_SILKSCREEN_TOP
 10
69.069204
 20
64.591946
 40
0.101600
 41
0.101600
 42
0.000000
  0
VERTEX
  8
PG_SILKSCREEN_TOP
 10
69.678804
 20
64.591946
 40
0.101600
 41
0.101600
 42
0.000000
  0
SEQEND
  0
POLYLINE
  8
PG_SILKSCREEN_TOP
 66
1
 70
0
 40
0.000000
 41
0.000000
 39
0.000000
  0
VERTEX
  8
PG_SILKSCREEN_TOP
 10
69.678804
 20
63.880746
 40
0.101600
 41
0.101600
 42
0.000000
  0
VERTEX
  8
PG_SILKSCREEN_TOP
 10
69.094604
 20
63.880746
 40
0.101600
 41
0.101600
 42
0.000000
  0
SEQEND
  0
POLYLINE
  8
PG_SILKSCREEN_TOP
 66
1
 70
0
 40
0.000000
 41
0.000000
 39
0.000000
  0
VERTEX
  8
PG_SILKSCREEN_TOP
 10
68.048810
 20
63.880746
 40
0.101600
 41
0.101600
 42
0.000000
  0
VERTEX
  8
PG_SILKSCREEN_TOP
 10
68.658410
 20
63.880746
 40
0.101600
 41
0.101600
 42
0.000000
  0
SEQEND
  0
POLYLINE
  8
PG_SILKSCREEN_TOP
 66
1
 70
0
 40
0.000000
 41
0.000000
 39
0.000000
  0
VERTEX
  8
PG_SILKSCREEN_TOP
 10
68.048810
 20
64.591946
 40
0.101600
 41
0.101600
 42
0.000000
  0
VERTEX
  8
PG_SILKSCREEN_TOP
 10
68.048810
 20
63.880746
 40
0.101600
 41
0.101600
 42
0.000000
  0
SEQEND
  0
POLYLINE
  8
PG_SILKSCREEN_TOP
 66
1
 70
0
 40
0.000000
 41
0.000000
 39
0.000000
  0
VERTEX
  8
PG_SILKSCREEN_TOP
 10
68.048810
 20
64.591946
 40
0.101600
 41
0.101600
 42
0.000000
  0
VERTEX
  8
PG_SILKSCREEN_TOP
 10
68.658410
 20
64.591946
 40
0.101600
 41
0.101600
 42
0.000000
  0
SEQEND
  0
POLYLINE
  8
PIN_TOP
 66
1
 70
1
 40
0.000000
 41
0.000000
 39
0.000000
  0
VERTEX
  8
PIN_TOP
 10
59.561832
 20
67.888333
 40
0.000000
 41
0.000000
 42
0.000000
  0
VERTEX
  8
PIN_TOP
 10
60.069832
 20
67.888333
 40
0.000000
 41
0.000000
 42
0.000000
  0
VERTEX
  8
PIN_TOP
 10
60.069832
 20
67.380333
 40
0.000000
 41
0.000000
 42
0.000000
  0
VERTEX
  8
PIN_TOP
 10
59.561832
 20
67.380333
 40
0.000000
 41
0.000000
 42
0.000000
  0
SEQEND
  0
POLYLINE
  8
PIN_TOP
 66
1
 70
1
 40
0.000000
 41
0.000000
 39
0.000000
  0
VERTEX
  8
PIN_TOP
 10
59.561832
 20
66.973933
 40
0.000000
 41
0.000000
 42
0.000000
  0
VERTEX
  8
PIN_TOP
 10
60.069832
 20
66.973933
 40
0.000000
 41
0.000000
 42
0.000000
  0
VERTEX
  8
PIN_TOP
 10
60.069832
 20
66.465933
 40
0.000000
 41
0.000000
 42
0.000000
  0
VERTEX
  8
PIN_TOP
 10
59.561832
 20
66.465933
 40
0.000000
 41
0.000000
 42
0.000000
  0
SEQEND
  0
POLYLINE
  8
PG_SILKSCREEN_TOP
 66
1
 70
0
 40
0.000000
 41
0.000000
 39
0.000000
  0
VERTEX
  8
PG_SILKSCREEN_TOP
 10
60.171432
 20
66.359913
 40
0.101600
 41
0.101600
 42
0.000000
  0
VERTEX
  8
PG_SILKSCREEN_TOP
 10
59.460232
 20
66.359913
 40
0.101600
 41
0.101600
 42
0.000000
  0
SEQEND
  0
POLYLINE
  8
PG_SILKSCREEN_TOP
 66
1
 70
0
 40
0.000000
 41
0.000000
 39
0.000000
  0
VERTEX
  8
PG_SILKSCREEN_TOP
 10
60.171432
 20
66.973933
 40
0.101600
 41
0.101600
 42
0.000000
  0
VERTEX
  8
PG_SILKSCREEN_TOP
 10
60.171432
 20
66.364333
 40
0.101600
 41
0.101600
 42
0.000000
  0
SEQEND
  0
POLYLINE
  8
PG_SILKSCREEN_TOP
 66
1
 70
0
 40
0.000000
 41
0.000000
 39
0.000000
  0
VERTEX
  8
PG_SILKSCREEN_TOP
 10
59.460232
 20
66.364333
 40
0.101600
 41
0.101600
 42
0.000000
  0
VERTEX
  8
PG_SILKSCREEN_TOP
 10
59.460232
 20
66.948533
 40
0.101600
 41
0.101600
 42
0.000000
  0
SEQEND
  0
POLYLINE
  8
PG_SILKSCREEN_TOP
 66
1
 70
0
 40
0.000000
 41
0.000000
 39
0.000000
  0
VERTEX
  8
PG_SILKSCREEN_TOP
 10
59.460232
 20
67.994327
 40
0.101600
 41
0.101600
 42
0.000000
  0
VERTEX
  8
PG_SILKSCREEN_TOP
 10
59.460232
 20
67.384727
 40
0.101600
 41
0.101600
 42
0.000000
  0
SEQEND
  0
POLYLINE
  8
PG_SILKSCREEN_TOP
 66
1
 70
0
 40
0.000000
 41
0.000000
 39
0.000000
  0
VERTEX
  8
PG_SILKSCREEN_TOP
 10
60.171432
 20
67.994327
 40
0.101600
 41
0.101600
 42
0.000000
  0
VERTEX
  8
PG_SILKSCREEN_TOP
 10
59.460232
 20
67.994327
 40
0.101600
 41
0.101600
 42
0.000000
  0
SEQEND
  0
POLYLINE
  8
PG_SILKSCREEN_TOP
 66
1
 70
0
 40
0.000000
 41
0.000000
 39
0.000000
  0
VERTEX
  8
PG_SILKSCREEN_TOP
 10
60.171432
 20
67.994327
 40
0.101600
 41
0.101600
 42
0.000000
  0
VERTEX
  8
PG_SILKSCREEN_TOP
 10
60.171432
 20
67.384727
 40
0.101600
 41
0.101600
 42
0.000000
  0
SEQEND
  0
POLYLINE
  8
PIN_TOP
 66
1
 70
1
 40
0.000000
 41
0.000000
 39
0.000000
  0
VERTEX
  8
PIN_TOP
 10
73.951694
 20
66.367127
 40
0.000000
 41
0.000000
 42
0.000000
  0
VERTEX
  8
PIN_TOP
 10
74.459694
 20
66.367127
 40
0.000000
 41
0.000000
 42
0.000000
  0
VERTEX
  8
PIN_TOP
 10
74.459694
 20
65.859127
 40
0.000000
 41
0.000000
 42
0.000000
  0
VERTEX
  8
PIN_TOP
 10
73.951694
 20
65.859127
 40
0.000000
 41
0.000000
 42
0.000000
  0
SEQEND
  0
POLYLINE
  8
PIN_TOP
 66
1
 70
1
 40
0.000000
 41
0.000000
 39
0.000000
  0
VERTEX
  8
PIN_TOP
 10
73.951694
 20
65.452727
 40
0.000000
 41
0.000000
 42
0.000000
  0
VERTEX
  8
PIN_TOP
 10
74.459694
 20
65.452727
 40
0.000000
 41
0.000000
 42
0.000000
  0
VERTEX
  8
PIN_TOP
 10
74.459694
 20
64.944727
 40
0.000000
 41
0.000000
 42
0.000000
  0
VERTEX
  8
PIN_TOP
 10
73.951694
 20
64.944727
 40
0.000000
 41
0.000000
 42
0.000000
  0
SEQEND
  0
POLYLINE
  8
PG_SILKSCREEN_TOP
 66
1
 70
0
 40
0.000000
 41
0.000000
 39
0.000000
  0
VERTEX
  8
PG_SILKSCREEN_TOP
 10
74.561294
 20
64.838707
 40
0.101600
 41
0.101600
 42
0.000000
  0
VERTEX
  8
PG_SILKSCREEN_TOP
 10
73.850094
 20
64.838707
 40
0.101600
 41
0.101600
 42
0.000000
  0
SEQEND
  0
POLYLINE
  8
PG_SILKSCREEN_TOP
 66
1
 70
0
 40
0.000000
 41
0.000000
 39
0.000000
  0
VERTEX
  8
PG_SILKSCREEN_TOP
 10
74.561294
 20
65.452727
 40
0.101600
 41
0.101600
 42
0.000000
  0
VERTEX
  8
PG_SILKSCREEN_TOP
 10
74.561294
 20
64.843127
 40
0.101600
 41
0.101600
 42
0.000000
  0
SEQEND
  0
POLYLINE
  8
PG_SILKSCREEN_TOP
 66
1
 70
0
 40
0.000000
 41
0.000000
 39
0.000000
  0
VERTEX
  8
PG_SILKSCREEN_TOP
 10
73.850094
 20
64.843127
 40
0.101600
 41
0.101600
 42
0.000000
  0
VERTEX
  8
PG_SILKSCREEN_TOP
 10
73.850094
 20
65.427327
 40
0.101600
 41
0.101600
 42
0.000000
  0
SEQEND
  0
POLYLINE
  8
PG_SILKSCREEN_TOP
 66
1
 70
0
 40
0.000000
 41
0.000000
 39
0.000000
  0
VERTEX
  8
PG_SILKSCREEN_TOP
 10
73.850094
 20
66.473121
 40
0.101600
 41
0.101600
 42
0.000000
  0
VERTEX
  8
PG_SILKSCREEN_TOP
 10
73.850094
 20
65.863521
 40
0.101600
 41
0.101600
 42
0.000000
  0
SEQEND
  0
POLYLINE
  8
PG_SILKSCREEN_TOP
 66
1
 70
0
 40
0.000000
 41
0.000000
 39
0.000000
  0
VERTEX
  8
PG_SILKSCREEN_TOP
 10
74.561294
 20
66.473121
 40
0.101600
 41
0.101600
 42
0.000000
  0
VERTEX
  8
PG_SILKSCREEN_TOP
 10
73.850094
 20
66.473121
 40
0.101600
 41
0.101600
 42
0.000000
  0
SEQEND
  0
POLYLINE
  8
PG_SILKSCREEN_TOP
 66
1
 70
0
 40
0.000000
 41
0.000000
 39
0.000000
  0
VERTEX
  8
PG_SILKSCREEN_TOP
 10
74.561294
 20
66.473121
 40
0.101600
 41
0.101600
 42
0.000000
  0
VERTEX
  8
PG_SILKSCREEN_TOP
 10
74.561294
 20
65.863521
 40
0.101600
 41
0.101600
 42
0.000000
  0
SEQEND
  0
POLYLINE
  8
PIN_TOP
 66
1
 70
1
 40
0.000000
 41
0.000000
 39
0.000000
  0
VERTEX
  8
PIN_TOP
 10
50.278335
 20
66.973018
 40
0.000000
 41
0.000000
 42
0.000000
  0
VERTEX
  8
PIN_TOP
 10
49.770335
 20
66.973018
 40
0.000000
 41
0.000000
 42
0.000000
  0
VERTEX
  8
PIN_TOP
 10
49.770335
 20
67.481018
 40
0.000000
 41
0.000000
 42
0.000000
  0
VERTEX
  8
PIN_TOP
 10
50.278335
 20
67.481018
 40
0.000000
 41
0.000000
 42
0.000000
  0
SEQEND
  0
POLYLINE
  8
PIN_TOP
 66
1
 70
1
 40
0.000000
 41
0.000000
 39
0.000000
  0
VERTEX
  8
PIN_TOP
 10
50.278335
 20
67.887418
 40
0.000000
 41
0.000000
 42
0.000000
  0
VERTEX
  8
PIN_TOP
 10
49.770335
 20
67.887418
 40
0.000000
 41
0.000000
 42
0.000000
  0
VERTEX
  8
PIN_TOP
 10
49.770335
 20
68.395418
 40
0.000000
 41
0.000000
 42
0.000000
  0
VERTEX
  8
PIN_TOP
 10
50.278335
 20
68.395418
 40
0.000000
 41
0.000000
 42
0.000000
  0
SEQEND
  0
POLYLINE
  8
PG_SILKSCREEN_TOP
 66
1
 70
0
 40
0.000000
 41
0.000000
 39
0.000000
  0
VERTEX
  8
PG_SILKSCREEN_TOP
 10
49.668735
 20
68.501438
 40
0.101600
 41
0.101600
 42
0.000000
  0
VERTEX
  8
PG_SILKSCREEN_TOP
 10
50.379935
 20
68.501438
 40
0.101600
 41
0.101600
 42
0.000000
  0
SEQEND
  0
POLYLINE
  8
PG_SILKSCREEN_TOP
 66
1
 70
0
 40
0.000000
 41
0.000000
 39
0.000000
  0
VERTEX
  8
PG_SILKSCREEN_TOP
 10
49.668735
 20
67.887418
 40
0.101600
 41
0.101600
 42
0.000000
  0
VERTEX
  8
PG_SILKSCREEN_TOP
 10
49.668735
 20
68.497018
 40
0.101600
 41
0.101600
 42
0.000000
  0
SEQEND
  0
POLYLINE
  8
PG_SILKSCREEN_TOP
 66
1
 70
0
 40
0.000000
 41
0.000000
 39
0.000000
  0
VERTEX
  8
PG_SILKSCREEN_TOP
 10
50.379935
 20
68.497018
 40
0.101600
 41
0.101600
 42
0.000000
  0
VERTEX
  8
PG_SILKSCREEN_TOP
 10
50.379935
 20
67.912818
 40
0.101600
 41
0.101600
 42
0.000000
  0
SEQEND
  0
POLYLINE
  8
PG_SILKSCREEN_TOP
 66
1
 70
0
 40
0.000000
 41
0.000000
 39
0.000000
  0
VERTEX
  8
PG_SILKSCREEN_TOP
 10
50.379935
 20
66.867024
 40
0.101600
 41
0.101600
 42
0.000000
  0
VERTEX
  8
PG_SILKSCREEN_TOP
 10
50.379935
 20
67.476624
 40
0.101600
 41
0.101600
 42
0.000000
  0
SEQEND
  0
POLYLINE
  8
PG_SILKSCREEN_TOP
 66
1
 70
0
 40
0.000000
 41
0.000000
 39
0.000000
  0
VERTEX
  8
PG_SILKSCREEN_TOP
 10
49.668735
 20
66.867024
 40
0.101600
 41
0.101600
 42
0.000000
  0
VERTEX
  8
PG_SILKSCREEN_TOP
 10
50.379935
 20
66.867024
 40
0.101600
 41
0.101600
 42
0.000000
  0
SEQEND
  0
POLYLINE
  8
PG_SILKSCREEN_TOP
 66
1
 70
0
 40
0.000000
 41
0.000000
 39
0.000000
  0
VERTEX
  8
PG_SILKSCREEN_TOP
 10
49.668735
 20
66.867024
 40
0.101600
 41
0.101600
 42
0.000000
  0
VERTEX
  8
PG_SILKSCREEN_TOP
 10
49.668735
 20
67.476624
 40
0.101600
 41
0.101600
 42
0.000000
  0
SEQEND
  0
POLYLINE
  8
PIN_TOP
 66
1
 70
1
 40
0.000000
 41
0.000000
 39
0.000000
  0
VERTEX
  8
PIN_TOP
 10
64.662609
 20
66.360370
 40
0.000000
 41
0.000000
 42
0.000000
  0
VERTEX
  8
PIN_TOP
 10
64.154609
 20
66.360370
 40
0.000000
 41
0.000000
 42
0.000000
  0
VERTEX
  8
PIN_TOP
 10
64.154609
 20
66.868370
 40
0.000000
 41
0.000000
 42
0.000000
  0
VERTEX
  8
PIN_TOP
 10
64.662609
 20
66.868370
 40
0.000000
 41
0.000000
 42
0.000000
  0
SEQEND
  0
POLYLINE
  8
PIN_TOP
 66
1
 70
1
 40
0.000000
 41
0.000000
 39
0.000000
  0
VERTEX
  8
PIN_TOP
 10
64.662609
 20
67.274770
 40
0.000000
 41
0.000000
 42
0.000000
  0
VERTEX
  8
PIN_TOP
 10
64.154609
 20
67.274770
 40
0.000000
 41
0.000000
 42
0.000000
  0
VERTEX
  8
PIN_TOP
 10
64.154609
 20
67.782770
 40
0.000000
 41
0.000000
 42
0.000000
  0
VERTEX
  8
PIN_TOP
 10
64.662609
 20
67.782770
 40
0.000000
 41
0.000000
 42
0.000000
  0
SEQEND
  0
POLYLINE
  8
PG_SILKSCREEN_TOP
 66
1
 70
0
 40
0.000000
 41
0.000000
 39
0.000000
  0
VERTEX
  8
PG_SILKSCREEN_TOP
 10
64.053009
 20
67.888790
 40
0.101600
 41
0.101600
 42
0.000000
  0
VERTEX
  8
PG_SILKSCREEN_TOP
 10
64.764209
 20
67.888790
 40
0.101600
 41
0.101600
 42
0.000000
  0
SEQEND
  0
POLYLINE
  8
PG_SILKSCREEN_TOP
 66
1
 70
0
 40
0.000000
 41
0.000000
 39
0.000000
  0
VERTEX
  8
PG_SILKSCREEN_TOP
 10
64.053009
 20
67.274770
 40
0.101600
 41
0.101600
 42
0.000000
  0
VERTEX
  8
PG_SILKSCREEN_TOP
 10
64.053009
 20
67.884370
 40
0.101600
 41
0.101600
 42
0.000000
  0
SEQEND
  0
POLYLINE
  8
PG_SILKSCREEN_TOP
 66
1
 70
0
 40
0.000000
 41
0.000000
 39
0.000000
  0
VERTEX
  8
PG_SILKSCREEN_TOP
 10
64.764209
 20
67.884370
 40
0.101600
 41
0.101600
 42
0.000000
  0
VERTEX
  8
PG_SILKSCREEN_TOP
 10
64.764209
 20
67.300170
 40
0.101600
 41
0.101600
 42
0.000000
  0
SEQEND
  0
POLYLINE
  8
PG_SILKSCREEN_TOP
 66
1
 70
0
 40
0.000000
 41
0.000000
 39
0.000000
  0
VERTEX
  8
PG_SILKSCREEN_TOP
 10
64.764209
 20
66.254376
 40
0.101600
 41
0.101600
 42
0.000000
  0
VERTEX
  8
PG_SILKSCREEN_TOP
 10
64.764209
 20
66.863976
 40
0.101600
 41
0.101600
 42
0.000000
  0
SEQEND
  0
POLYLINE
  8
PG_SILKSCREEN_TOP
 66
1
 70
0
 40
0.000000
 41
0.000000
 39
0.000000
  0
VERTEX
  8
PG_SILKSCREEN_TOP
 10
64.053009
 20
66.254376
 40
0.101600
 41
0.101600
 42
0.000000
  0
VERTEX
  8
PG_SILKSCREEN_TOP
 10
64.764209
 20
66.254376
 40
0.101600
 41
0.101600
 42
0.000000
  0
SEQEND
  0
POLYLINE
  8
PG_SILKSCREEN_TOP
 66
1
 70
0
 40
0.000000
 41
0.000000
 39
0.000000
  0
VERTEX
  8
PG_SILKSCREEN_TOP
 10
64.053009
 20
66.254376
 40
0.101600
 41
0.101600
 42
0.000000
  0
VERTEX
  8
PG_SILKSCREEN_TOP
 10
64.053009
 20
66.863976
 40
0.101600
 41
0.101600
 42
0.000000
  0
SEQEND
  0
POLYLINE
  8
PIN_TOP
 66
1
 70
1
 40
0.000000
 41
0.000000
 39
0.000000
  0
VERTEX
  8
PIN_TOP
 10
51.697153
 20
67.356431
 40
0.000000
 41
0.000000
 42
0.000000
  0
VERTEX
  8
PIN_TOP
 10
51.697153
 20
67.864431
 40
0.000000
 41
0.000000
 42
0.000000
  0
VERTEX
  8
PIN_TOP
 10
52.205153
 20
67.864431
 40
0.000000
 41
0.000000
 42
0.000000
  0
VERTEX
  8
PIN_TOP
 10
52.205153
 20
67.356431
 40
0.000000
 41
0.000000
 42
0.000000
  0
SEQEND
  0
POLYLINE
  8
PIN_TOP
 66
1
 70
1
 40
0.000000
 41
0.000000
 39
0.000000
  0
VERTEX
  8
PIN_TOP
 10
52.611553
 20
67.356431
 40
0.000000
 41
0.000000
 42
0.000000
  0
VERTEX
  8
PIN_TOP
 10
52.611553
 20
67.864431
 40
0.000000
 41
0.000000
 42
0.000000
  0
VERTEX
  8
PIN_TOP
 10
53.119553
 20
67.864431
 40
0.000000
 41
0.000000
 42
0.000000
  0
VERTEX
  8
PIN_TOP
 10
53.119553
 20
67.356431
 40
0.000000
 41
0.000000
 42
0.000000
  0
SEQEND
  0
POLYLINE
  8
PG_SILKSCREEN_TOP
 66
1
 70
0
 40
0.000000
 41
0.000000
 39
0.000000
  0
VERTEX
  8
PG_SILKSCREEN_TOP
 10
53.225573
 20
67.966031
 40
0.101600
 41
0.101600
 42
0.000000
  0
VERTEX
  8
PG_SILKSCREEN_TOP
 10
53.225573
 20
67.254831
 40
0.101600
 41
0.101600
 42
0.000000
  0
SEQEND
  0
POLYLINE
  8
PG_SILKSCREEN_TOP
 66
1
 70
0
 40
0.000000
 41
0.000000
 39
0.000000
  0
VERTEX
  8
PG_SILKSCREEN_TOP
 10
52.611553
 20
67.966031
 40
0.101600
 41
0.101600
 42
0.000000
  0
VERTEX
  8
PG_SILKSCREEN_TOP
 10
53.221153
 20
67.966031
 40
0.101600
 41
0.101600
 42
0.000000
  0
SEQEND
  0
POLYLINE
  8
PG_SILKSCREEN_TOP
 66
1
 70
0
 40
0.000000
 41
0.000000
 39
0.000000
  0
VERTEX
  8
PG_SILKSCREEN_TOP
 10
53.221153
 20
67.254831
 40
0.101600
 41
0.101600
 42
0.000000
  0
VERTEX
  8
PG_SILKSCREEN_TOP
 10
52.636953
 20
67.254831
 40
0.101600
 41
0.101600
 42
0.000000
  0
SEQEND
  0
POLYLINE
  8
PG_SILKSCREEN_TOP
 66
1
 70
0
 40
0.000000
 41
0.000000
 39
0.000000
  0
VERTEX
  8
PG_SILKSCREEN_TOP
 10
51.591159
 20
67.254831
 40
0.101600
 41
0.101600
 42
0.000000
  0
VERTEX
  8
PG_SILKSCREEN_TOP
 10
52.200759
 20
67.254831
 40
0.101600
 41
0.101600
 42
0.000000
  0
SEQEND
  0
POLYLINE
  8
PG_SILKSCREEN_TOP
 66
1
 70
0
 40
0.000000
 41
0.000000
 39
0.000000
  0
VERTEX
  8
PG_SILKSCREEN_TOP
 10
51.591159
 20
67.966031
 40
0.101600
 41
0.101600
 42
0.000000
  0
VERTEX
  8
PG_SILKSCREEN_TOP
 10
51.591159
 20
67.254831
 40
0.101600
 41
0.101600
 42
0.000000
  0
SEQEND
  0
POLYLINE
  8
PG_SILKSCREEN_TOP
 66
1
 70
0
 40
0.000000
 41
0.000000
 39
0.000000
  0
VERTEX
  8
PG_SILKSCREEN_TOP
 10
51.591159
 20
67.966031
 40
0.101600
 41
0.101600
 42
0.000000
  0
VERTEX
  8
PG_SILKSCREEN_TOP
 10
52.200759
 20
67.966031
 40
0.101600
 41
0.101600
 42
0.000000
  0
SEQEND
  0
POLYLINE
  8
PIN_TOP
 66
1
 70
1
 40
0.000000
 41
0.000000
 39
0.000000
  0
VERTEX
  8
PIN_TOP
 10
66.087015
 20
65.835225
 40
0.000000
 41
0.000000
 42
0.000000
  0
VERTEX
  8
PIN_TOP
 10
66.087015
 20
66.343225
 40
0.000000
 41
0.000000
 42
0.000000
  0
VERTEX
  8
PIN_TOP
 10
66.595015
 20
66.343225
 40
0.000000
 41
0.000000
 42
0.000000
  0
VERTEX
  8
PIN_TOP
 10
66.595015
 20
65.835225
 40
0.000000
 41
0.000000
 42
0.000000
  0
SEQEND
  0
POLYLINE
  8
PIN_TOP
 66
1
 70
1
 40
0.000000
 41
0.000000
 39
0.000000
  0
VERTEX
  8
PIN_TOP
 10
67.001415
 20
65.835225
 40
0.000000
 41
0.000000
 42
0.000000
  0
VERTEX
  8
PIN_TOP
 10
67.001415
 20
66.343225
 40
0.000000
 41
0.000000
 42
0.000000
  0
VERTEX
  8
PIN_TOP
 10
67.509415
 20
66.343225
 40
0.000000
 41
0.000000
 42
0.000000
  0
VERTEX
  8
PIN_TOP
 10
67.509415
 20
65.835225
 40
0.000000
 41
0.000000
 42
0.000000
  0
SEQEND
  0
POLYLINE
  8
PG_SILKSCREEN_TOP
 66
1
 70
0
 40
0.000000
 41
0.000000
 39
0.000000
  0
VERTEX
  8
PG_SILKSCREEN_TOP
 10
67.615435
 20
66.444825
 40
0.101600
 41
0.101600
 42
0.000000
  0
VERTEX
  8
PG_SILKSCREEN_TOP
 10
67.615435
 20
65.733625
 40
0.101600
 41
0.101600
 42
0.000000
  0
SEQEND
  0
POLYLINE
  8
PG_SILKSCREEN_TOP
 66
1
 70
0
 40
0.000000
 41
0.000000
 39
0.000000
  0
VERTEX
  8
PG_SILKSCREEN_TOP
 10
67.001415
 20
66.444825
 40
0.101600
 41
0.101600
 42
0.000000
  0
VERTEX
  8
PG_SILKSCREEN_TOP
 10
67.611015
 20
66.444825
 40
0.101600
 41
0.101600
 42
0.000000
  0
SEQEND
  0
POLYLINE
  8
PG_SILKSCREEN_TOP
 66
1
 70
0
 40
0.000000
 41
0.000000
 39
0.000000
  0
VERTEX
  8
PG_SILKSCREEN_TOP
 10
67.611015
 20
65.733625
 40
0.101600
 41
0.101600
 42
0.000000
  0
VERTEX
  8
PG_SILKSCREEN_TOP
 10
67.026815
 20
65.733625
 40
0.101600
 41
0.101600
 42
0.000000
  0
SEQEND
  0
POLYLINE
  8
PG_SILKSCREEN_TOP
 66
1
 70
0
 40
0.000000
 41
0.000000
 39
0.000000
  0
VERTEX
  8
PG_SILKSCREEN_TOP
 10
65.981021
 20
65.733625
 40
0.101600
 41
0.101600
 42
0.000000
  0
VERTEX
  8
PG_SILKSCREEN_TOP
 10
66.590621
 20
65.733625
 40
0.101600
 41
0.101600
 42
0.000000
  0
SEQEND
  0
POLYLINE
  8
PG_SILKSCREEN_TOP
 66
1
 70
0
 40
0.000000
 41
0.000000
 39
0.000000
  0
VERTEX
  8
PG_SILKSCREEN_TOP
 10
65.981021
 20
66.444825
 40
0.101600
 41
0.101600
 42
0.000000
  0
VERTEX
  8
PG_SILKSCREEN_TOP
 10
65.981021
 20
65.733625
 40
0.101600
 41
0.101600
 42
0.000000
  0
SEQEND
  0
POLYLINE
  8
PG_SILKSCREEN_TOP
 66
1
 70
0
 40
0.000000
 41
0.000000
 39
0.000000
  0
VERTEX
  8
PG_SILKSCREEN_TOP
 10
65.981021
 20
66.444825
 40
0.101600
 41
0.101600
 42
0.000000
  0
VERTEX
  8
PG_SILKSCREEN_TOP
 10
66.590621
 20
66.444825
 40
0.101600
 41
0.101600
 42
0.000000
  0
SEQEND
  0
POLYLINE
  8
PIN_TOP
 66
1
 70
1
 40
0.000000
 41
0.000000
 39
0.000000
  0
VERTEX
  8
PIN_TOP
 10
65.524532
 20
48.276027
 40
0.000000
 41
0.000000
 42
0.000000
  0
VERTEX
  8
PIN_TOP
 10
65.016532
 20
48.276027
 40
0.000000
 41
0.000000
 42
0.000000
  0
VERTEX
  8
PIN_TOP
 10
65.016532
 20
48.784027
 40
0.000000
 41
0.000000
 42
0.000000
  0
VERTEX
  8
PIN_TOP
 10
65.524532
 20
48.784027
 40
0.000000
 41
0.000000
 42
0.000000
  0
SEQEND
  0
POLYLINE
  8
PIN_TOP
 66
1
 70
1
 40
0.000000
 41
0.000000
 39
0.000000
  0
VERTEX
  8
PIN_TOP
 10
65.524532
 20
49.190427
 40
0.000000
 41
0.000000
 42
0.000000
  0
VERTEX
  8
PIN_TOP
 10
65.016532
 20
49.190427
 40
0.000000
 41
0.000000
 42
0.000000
  0
VERTEX
  8
PIN_TOP
 10
65.016532
 20
49.698427
 40
0.000000
 41
0.000000
 42
0.000000
  0
VERTEX
  8
PIN_TOP
 10
65.524532
 20
49.698427
 40
0.000000
 41
0.000000
 42
0.000000
  0
SEQEND
  0
POLYLINE
  8
PG_SILKSCREEN_TOP
 66
1
 70
0
 40
0.000000
 41
0.000000
 39
0.000000
  0
VERTEX
  8
PG_SILKSCREEN_TOP
 10
64.914932
 20
49.804447
 40
0.101600
 41
0.101600
 42
0.000000
  0
VERTEX
  8
PG_SILKSCREEN_TOP
 10
65.626132
 20
49.804447
 40
0.101600
 41
0.101600
 42
0.000000
  0
SEQEND
  0
POLYLINE
  8
PG_SILKSCREEN_TOP
 66
1
 70
0
 40
0.000000
 41
0.000000
 39
0.000000
  0
VERTEX
  8
PG_SILKSCREEN_TOP
 10
64.914932
 20
49.190427
 40
0.101600
 41
0.101600
 42
0.000000
  0
VERTEX
  8
PG_SILKSCREEN_TOP
 10
64.914932
 20
49.800027
 40
0.101600
 41
0.101600
 42
0.000000
  0
SEQEND
  0
POLYLINE
  8
PG_SILKSCREEN_TOP
 66
1
 70
0
 40
0.000000
 41
0.000000
 39
0.000000
  0
VERTEX
  8
PG_SILKSCREEN_TOP
 10
65.626132
 20
49.800027
 40
0.101600
 41
0.101600
 42
0.000000
  0
VERTEX
  8
PG_SILKSCREEN_TOP
 10
65.626132
 20
49.215827
 40
0.101600
 41
0.101600
 42
0.000000
  0
SEQEND
  0
POLYLINE
  8
PG_SILKSCREEN_TOP
 66
1
 70
0
 40
0.000000
 41
0.000000
 39
0.000000
  0
VERTEX
  8
PG_SILKSCREEN_TOP
 10
65.626132
 20
48.170033
 40
0.101600
 41
0.101600
 42
0.000000
  0
VERTEX
  8
PG_SILKSCREEN_TOP
 10
65.626132
 20
48.779633
 40
0.101600
 41
0.101600
 42
0.000000
  0
SEQEND
  0
POLYLINE
  8
PG_SILKSCREEN_TOP
 66
1
 70
0
 40
0.000000
 41
0.000000
 39
0.000000
  0
VERTEX
  8
PG_SILKSCREEN_TOP
 10
64.914932
 20
48.170033
 40
0.101600
 41
0.101600
 42
0.000000
  0
VERTEX
  8
PG_SILKSCREEN_TOP
 10
65.626132
 20
48.170033
 40
0.101600
 41
0.101600
 42
0.000000
  0
SEQEND
  0
POLYLINE
  8
PG_SILKSCREEN_TOP
 66
1
 70
0
 40
0.000000
 41
0.000000
 39
0.000000
  0
VERTEX
  8
PG_SILKSCREEN_TOP
 10
64.914932
 20
48.170033
 40
0.101600
 41
0.101600
 42
0.000000
  0
VERTEX
  8
PG_SILKSCREEN_TOP
 10
64.914932
 20
48.779633
 40
0.101600
 41
0.101600
 42
0.000000
  0
SEQEND
  0
POLYLINE
  8
PIN_TOP
 66
1
 70
1
 40
0.000000
 41
0.000000
 39
0.000000
  0
VERTEX
  8
PIN_TOP
 10
65.899792
 20
49.698427
 40
0.000000
 41
0.000000
 42
0.000000
  0
VERTEX
  8
PIN_TOP
 10
66.407792
 20
49.698427
 40
0.000000
 41
0.000000
 42
0.000000
  0
VERTEX
  8
PIN_TOP
 10
66.407792
 20
49.190427
 40
0.000000
 41
0.000000
 42
0.000000
  0
VERTEX
  8
PIN_TOP
 10
65.899792
 20
49.190427
 40
0.000000
 41
0.000000
 42
0.000000
  0
SEQEND
  0
POLYLINE
  8
PIN_TOP
 66
1
 70
1
 40
0.000000
 41
0.000000
 39
0.000000
  0
VERTEX
  8
PIN_TOP
 10
65.899792
 20
48.784027
 40
0.000000
 41
0.000000
 42
0.000000
  0
VERTEX
  8
PIN_TOP
 10
66.407792
 20
48.784027
 40
0.000000
 41
0.000000
 42
0.000000
  0
VERTEX
  8
PIN_TOP
 10
66.407792
 20
48.276027
 40
0.000000
 41
0.000000
 42
0.000000
  0
VERTEX
  8
PIN_TOP
 10
65.899792
 20
48.276027
 40
0.000000
 41
0.000000
 42
0.000000
  0
SEQEND
  0
POLYLINE
  8
PG_SILKSCREEN_TOP
 66
1
 70
0
 40
0.000000
 41
0.000000
 39
0.000000
  0
VERTEX
  8
PG_SILKSCREEN_TOP
 10
66.509392
 20
48.170008
 40
0.101600
 41
0.101600
 42
0.000000
  0
VERTEX
  8
PG_SILKSCREEN_TOP
 10
65.798192
 20
48.170008
 40
0.101600
 41
0.101600
 42
0.000000
  0
SEQEND
  0
POLYLINE
  8
PG_SILKSCREEN_TOP
 66
1
 70
0
 40
0.000000
 41
0.000000
 39
0.000000
  0
VERTEX
  8
PG_SILKSCREEN_TOP
 10
66.509392
 20
48.784027
 40
0.101600
 41
0.101600
 42
0.000000
  0
VERTEX
  8
PG_SILKSCREEN_TOP
 10
66.509392
 20
48.174427
 40
0.101600
 41
0.101600
 42
0.000000
  0
SEQEND
  0
POLYLINE
  8
PG_SILKSCREEN_TOP
 66
1
 70
0
 40
0.000000
 41
0.000000
 39
0.000000
  0
VERTEX
  8
PG_SILKSCREEN_TOP
 10
65.798192
 20
48.174427
 40
0.101600
 41
0.101600
 42
0.000000
  0
VERTEX
  8
PG_SILKSCREEN_TOP
 10
65.798192
 20
48.758627
 40
0.101600
 41
0.101600
 42
0.000000
  0
SEQEND
  0
POLYLINE
  8
PG_SILKSCREEN_TOP
 66
1
 70
0
 40
0.000000
 41
0.000000
 39
0.000000
  0
VERTEX
  8
PG_SILKSCREEN_TOP
 10
65.798192
 20
49.804422
 40
0.101600
 41
0.101600
 42
0.000000
  0
VERTEX
  8
PG_SILKSCREEN_TOP
 10
65.798192
 20
49.194822
 40
0.101600
 41
0.101600
 42
0.000000
  0
SEQEND
  0
POLYLINE
  8
PG_SILKSCREEN_TOP
 66
1
 70
0
 40
0.000000
 41
0.000000
 39
0.000000
  0
VERTEX
  8
PG_SILKSCREEN_TOP
 10
66.509392
 20
49.804422
 40
0.101600
 41
0.101600
 42
0.000000
  0
VERTEX
  8
PG_SILKSCREEN_TOP
 10
65.798192
 20
49.804422
 40
0.101600
 41
0.101600
 42
0.000000
  0
SEQEND
  0
POLYLINE
  8
PG_SILKSCREEN_TOP
 66
1
 70
0
 40
0.000000
 41
0.000000
 39
0.000000
  0
VERTEX
  8
PG_SILKSCREEN_TOP
 10
66.509392
 20
49.804422
 40
0.101600
 41
0.101600
 42
0.000000
  0
VERTEX
  8
PG_SILKSCREEN_TOP
 10
66.509392
 20
49.194822
 40
0.101600
 41
0.101600
 42
0.000000
  0
SEQEND
  0
POLYLINE
  8
PIN_TOP
 66
1
 70
1
 40
0.000000
 41
0.000000
 39
0.000000
  0
VERTEX
  8
PIN_TOP
 10
18.695187
 20
49.005668
 40
0.000000
 41
0.000000
 42
0.000000
  0
VERTEX
  8
PIN_TOP
 10
18.695187
 20
48.497668
 40
0.000000
 41
0.000000
 42
0.000000
  0
VERTEX
  8
PIN_TOP
 10
18.187187
 20
48.497668
 40
0.000000
 41
0.000000
 42
0.000000
  0
VERTEX
  8
PIN_TOP
 10
18.187187
 20
49.005668
 40
0.000000
 41
0.000000
 42
0.000000
  0
SEQEND
  0
POLYLINE
  8
PIN_TOP
 66
1
 70
1
 40
0.000000
 41
0.000000
 39
0.000000
  0
VERTEX
  8
PIN_TOP
 10
17.780787
 20
49.005668
 40
0.000000
 41
0.000000
 42
0.000000
  0
VERTEX
  8
PIN_TOP
 10
17.780787
 20
48.497668
 40
0.000000
 41
0.000000
 42
0.000000
  0
VERTEX
  8
PIN_TOP
 10
17.272787
 20
48.497668
 40
0.000000
 41
0.000000
 42
0.000000
  0
VERTEX
  8
PIN_TOP
 10
17.272787
 20
49.005668
 40
0.000000
 41
0.000000
 42
0.000000
  0
SEQEND
  0
POLYLINE
  8
PG_SILKSCREEN_TOP
 66
1
 70
0
 40
0.000000
 41
0.000000
 39
0.000000
  0
VERTEX
  8
PG_SILKSCREEN_TOP
 10
17.166768
 20
48.396068
 40
0.101600
 41
0.101600
 42
0.000000
  0
VERTEX
  8
PG_SILKSCREEN_TOP
 10
17.166768
 20
49.107268
 40
0.101600
 41
0.101600
 42
0.000000
  0
SEQEND
  0
POLYLINE
  8
PG_SILKSCREEN_TOP
 66
1
 70
0
 40
0.000000
 41
0.000000
 39
0.000000
  0
VERTEX
  8
PG_SILKSCREEN_TOP
 10
17.780787
 20
48.396068
 40
0.101600
 41
0.101600
 42
0.000000
  0
VERTEX
  8
PG_SILKSCREEN_TOP
 10
17.171187
 20
48.396068
 40
0.101600
 41
0.101600
 42
0.000000
  0
SEQEND
  0
POLYLINE
  8
PG_SILKSCREEN_TOP
 66
1
 70
0
 40
0.000000
 41
0.000000
 39
0.000000
  0
VERTEX
  8
PG_SILKSCREEN_TOP
 10
17.171187
 20
49.107268
 40
0.101600
 41
0.101600
 42
0.000000
  0
VERTEX
  8
PG_SILKSCREEN_TOP
 10
17.755387
 20
49.107268
 40
0.101600
 41
0.101600
 42
0.000000
  0
SEQEND
  0
POLYLINE
  8
PG_SILKSCREEN_TOP
 66
1
 70
0
 40
0.000000
 41
0.000000
 39
0.000000
  0
VERTEX
  8
PG_SILKSCREEN_TOP
 10
18.801182
 20
49.107268
 40
0.101600
 41
0.101600
 42
0.000000
  0
VERTEX
  8
PG_SILKSCREEN_TOP
 10
18.191582
 20
49.107268
 40
0.101600
 41
0.101600
 42
0.000000
  0
SEQEND
  0
POLYLINE
  8
PG_SILKSCREEN_TOP
 66
1
 70
0
 40
0.000000
 41
0.000000
 39
0.000000
  0
VERTEX
  8
PG_SILKSCREEN_TOP
 10
18.801182
 20
48.396068
 40
0.101600
 41
0.101600
 42
0.000000
  0
VERTEX
  8
PG_SILKSCREEN_TOP
 10
18.801182
 20
49.107268
 40
0.101600
 41
0.101600
 42
0.000000
  0
SEQEND
  0
POLYLINE
  8
PG_SILKSCREEN_TOP
 66
1
 70
0
 40
0.000000
 41
0.000000
 39
0.000000
  0
VERTEX
  8
PG_SILKSCREEN_TOP
 10
18.801182
 20
48.396068
 40
0.101600
 41
0.101600
 42
0.000000
  0
VERTEX
  8
PG_SILKSCREEN_TOP
 10
18.191582
 20
48.396068
 40
0.101600
 41
0.101600
 42
0.000000
  0
SEQEND
  0
POLYLINE
  8
PIN_TOP
 66
1
 70
1
 40
0.000000
 41
0.000000
 39
0.000000
  0
VERTEX
  8
PIN_TOP
 10
71.235468
 20
57.471843
 40
0.000000
 41
0.000000
 42
0.000000
  0
VERTEX
  8
PIN_TOP
 10
70.727468
 20
57.471843
 40
0.000000
 41
0.000000
 42
0.000000
  0
VERTEX
  8
PIN_TOP
 10
70.727468
 20
57.979843
 40
0.000000
 41
0.000000
 42
0.000000
  0
VERTEX
  8
PIN_TOP
 10
71.235468
 20
57.979843
 40
0.000000
 41
0.000000
 42
0.000000
  0
SEQEND
  0
POLYLINE
  8
PIN_TOP
 66
1
 70
1
 40
0.000000
 41
0.000000
 39
0.000000
  0
VERTEX
  8
PIN_TOP
 10
71.235468
 20
58.386243
 40
0.000000
 41
0.000000
 42
0.000000
  0
VERTEX
  8
PIN_TOP
 10
70.727468
 20
58.386243
 40
0.000000
 41
0.000000
 42
0.000000
  0
VERTEX
  8
PIN_TOP
 10
70.727468
 20
58.894243
 40
0.000000
 41
0.000000
 42
0.000000
  0
VERTEX
  8
PIN_TOP
 10
71.235468
 20
58.894243
 40
0.000000
 41
0.000000
 42
0.000000
  0
SEQEND
  0
POLYLINE
  8
PG_SILKSCREEN_TOP
 66
1
 70
0
 40
0.000000
 41
0.000000
 39
0.000000
  0
VERTEX
  8
PG_SILKSCREEN_TOP
 10
70.625868
 20
59.000263
 40
0.101600
 41
0.101600
 42
0.000000
  0
VERTEX
  8
PG_SILKSCREEN_TOP
 10
71.337068
 20
59.000263
 40
0.101600
 41
0.101600
 42
0.000000
  0
SEQEND
  0
POLYLINE
  8
PG_SILKSCREEN_TOP
 66
1
 70
0
 40
0.000000
 41
0.000000
 39
0.000000
  0
VERTEX
  8
PG_SILKSCREEN_TOP
 10
70.625868
 20
58.386243
 40
0.101600
 41
0.101600
 42
0.000000
  0
VERTEX
  8
PG_SILKSCREEN_TOP
 10
70.625868
 20
58.995843
 40
0.101600
 41
0.101600
 42
0.000000
  0
SEQEND
  0
POLYLINE
  8
PG_SILKSCREEN_TOP
 66
1
 70
0
 40
0.000000
 41
0.000000
 39
0.000000
  0
VERTEX
  8
PG_SILKSCREEN_TOP
 10
71.337068
 20
58.995843
 40
0.101600
 41
0.101600
 42
0.000000
  0
VERTEX
  8
PG_SILKSCREEN_TOP
 10
71.337068
 20
58.411643
 40
0.101600
 41
0.101600
 42
0.000000
  0
SEQEND
  0
POLYLINE
  8
PG_SILKSCREEN_TOP
 66
1
 70
0
 40
0.000000
 41
0.000000
 39
0.000000
  0
VERTEX
  8
PG_SILKSCREEN_TOP
 10
71.337068
 20
57.365849
 40
0.101600
 41
0.101600
 42
0.000000
  0
VERTEX
  8
PG_SILKSCREEN_TOP
 10
71.337068
 20
57.975449
 40
0.101600
 41
0.101600
 42
0.000000
  0
SEQEND
  0
POLYLINE
  8
PG_SILKSCREEN_TOP
 66
1
 70
0
 40
0.000000
 41
0.000000
 39
0.000000
  0
VERTEX
  8
PG_SILKSCREEN_TOP
 10
70.625868
 20
57.365849
 40
0.101600
 41
0.101600
 42
0.000000
  0
VERTEX
  8
PG_SILKSCREEN_TOP
 10
71.337068
 20
57.365849
 40
0.101600
 41
0.101600
 42
0.000000
  0
SEQEND
  0
POLYLINE
  8
PG_SILKSCREEN_TOP
 66
1
 70
0
 40
0.000000
 41
0.000000
 39
0.000000
  0
VERTEX
  8
PG_SILKSCREEN_TOP
 10
70.625868
 20
57.365849
 40
0.101600
 41
0.101600
 42
0.000000
  0
VERTEX
  8
PG_SILKSCREEN_TOP
 10
70.625868
 20
57.975449
 40
0.101600
 41
0.101600
 42
0.000000
  0
SEQEND
  0
POLYLINE
  8
PIN_TOP
 66
1
 70
1
 40
0.000000
 41
0.000000
 39
0.000000
  0
VERTEX
  8
PIN_TOP
 10
17.272787
 20
49.371910
 40
0.000000
 41
0.000000
 42
0.000000
  0
VERTEX
  8
PIN_TOP
 10
17.272787
 20
49.879910
 40
0.000000
 41
0.000000
 42
0.000000
  0
VERTEX
  8
PIN_TOP
 10
17.780787
 20
49.879910
 40
0.000000
 41
0.000000
 42
0.000000
  0
VERTEX
  8
PIN_TOP
 10
17.780787
 20
49.371910
 40
0.000000
 41
0.000000
 42
0.000000
  0
SEQEND
  0
POLYLINE
  8
PIN_TOP
 66
1
 70
1
 40
0.000000
 41
0.000000
 39
0.000000
  0
VERTEX
  8
PIN_TOP
 10
18.187187
 20
49.371910
 40
0.000000
 41
0.000000
 42
0.000000
  0
VERTEX
  8
PIN_TOP
 10
18.187187
 20
49.879910
 40
0.000000
 41
0.000000
 42
0.000000
  0
VERTEX
  8
PIN_TOP
 10
18.695187
 20
49.879910
 40
0.000000
 41
0.000000
 42
0.000000
  0
VERTEX
  8
PIN_TOP
 10
18.695187
 20
49.371910
 40
0.000000
 41
0.000000
 42
0.000000
  0
SEQEND
  0
POLYLINE
  8
PG_SILKSCREEN_TOP
 66
1
 70
0
 40
0.000000
 41
0.000000
 39
0.000000
  0
VERTEX
  8
PG_SILKSCREEN_TOP
 10
18.801207
 20
49.981510
 40
0.101600
 41
0.101600
 42
0.000000
  0
VERTEX
  8
PG_SILKSCREEN_TOP
 10
18.801207
 20
49.270310
 40
0.101600
 41
0.101600
 42
0.000000
  0
SEQEND
  0
POLYLINE
  8
PG_SILKSCREEN_TOP
 66
1
 70
0
 40
0.000000
 41
0.000000
 39
0.000000
  0
VERTEX
  8
PG_SILKSCREEN_TOP
 10
18.187187
 20
49.981510
 40
0.101600
 41
0.101600
 42
0.000000
  0
VERTEX
  8
PG_SILKSCREEN_TOP
 10
18.796787
 20
49.981510
 40
0.101600
 41
0.101600
 42
0.000000
  0
SEQEND
  0
POLYLINE
  8
PG_SILKSCREEN_TOP
 66
1
 70
0
 40
0.000000
 41
0.000000
 39
0.000000
  0
VERTEX
  8
PG_SILKSCREEN_TOP
 10
18.796787
 20
49.270310
 40
0.101600
 41
0.101600
 42
0.000000
  0
VERTEX
  8
PG_SILKSCREEN_TOP
 10
18.212587
 20
49.270310
 40
0.101600
 41
0.101600
 42
0.000000
  0
SEQEND
  0
POLYLINE
  8
PG_SILKSCREEN_TOP
 66
1
 70
0
 40
0.000000
 41
0.000000
 39
0.000000
  0
VERTEX
  8
PG_SILKSCREEN_TOP
 10
17.166793
 20
49.270310
 40
0.101600
 41
0.101600
 42
0.000000
  0
VERTEX
  8
PG_SILKSCREEN_TOP
 10
17.776393
 20
49.270310
 40
0.101600
 41
0.101600
 42
0.000000
  0
SEQEND
  0
POLYLINE
  8
PG_SILKSCREEN_TOP
 66
1
 70
0
 40
0.000000
 41
0.000000
 39
0.000000
  0
VERTEX
  8
PG_SILKSCREEN_TOP
 10
17.166793
 20
49.981510
 40
0.101600
 41
0.101600
 42
0.000000
  0
VERTEX
  8
PG_SILKSCREEN_TOP
 10
17.166793
 20
49.270310
 40
0.101600
 41
0.101600
 42
0.000000
  0
SEQEND
  0
POLYLINE
  8
PG_SILKSCREEN_TOP
 66
1
 70
0
 40
0.000000
 41
0.000000
 39
0.000000
  0
VERTEX
  8
PG_SILKSCREEN_TOP
 10
17.166793
 20
49.981510
 40
0.101600
 41
0.101600
 42
0.000000
  0
VERTEX
  8
PG_SILKSCREEN_TOP
 10
17.776393
 20
49.981510
 40
0.101600
 41
0.101600
 42
0.000000
  0
SEQEND
  0
POLYLINE
  8
PIN_TOP
 66
1
 70
1
 40
0.000000
 41
0.000000
 39
0.000000
  0
VERTEX
  8
PIN_TOP
 10
69.778905
 20
56.530342
 40
0.000000
 41
0.000000
 42
0.000000
  0
VERTEX
  8
PIN_TOP
 10
69.778905
 20
57.038342
 40
0.000000
 41
0.000000
 42
0.000000
  0
VERTEX
  8
PIN_TOP
 10
70.286905
 20
57.038342
 40
0.000000
 41
0.000000
 42
0.000000
  0
VERTEX
  8
PIN_TOP
 10
70.286905
 20
56.530342
 40
0.000000
 41
0.000000
 42
0.000000
  0
SEQEND
  0
POLYLINE
  8
PIN_TOP
 66
1
 70
1
 40
0.000000
 41
0.000000
 39
0.000000
  0
VERTEX
  8
PIN_TOP
 10
70.693305
 20
56.530342
 40
0.000000
 41
0.000000
 42
0.000000
  0
VERTEX
  8
PIN_TOP
 10
70.693305
 20
57.038342
 40
0.000000
 41
0.000000
 42
0.000000
  0
VERTEX
  8
PIN_TOP
 10
71.201305
 20
57.038342
 40
0.000000
 41
0.000000
 42
0.000000
  0
VERTEX
  8
PIN_TOP
 10
71.201305
 20
56.530342
 40
0.000000
 41
0.000000
 42
0.000000
  0
SEQEND
  0
POLYLINE
  8
PG_SILKSCREEN_TOP
 66
1
 70
0
 40
0.000000
 41
0.000000
 39
0.000000
  0
VERTEX
  8
PG_SILKSCREEN_TOP
 10
71.307325
 20
57.139942
 40
0.101600
 41
0.101600
 42
0.000000
  0
VERTEX
  8
PG_SILKSCREEN_TOP
 10
71.307325
 20
56.428742
 40
0.101600
 41
0.101600
 42
0.000000
  0
SEQEND
  0
POLYLINE
  8
PG_SILKSCREEN_TOP
 66
1
 70
0
 40
0.000000
 41
0.000000
 39
0.000000
  0
VERTEX
  8
PG_SILKSCREEN_TOP
 10
70.693305
 20
57.139942
 40
0.101600
 41
0.101600
 42
0.000000
  0
VERTEX
  8
PG_SILKSCREEN_TOP
 10
71.302905
 20
57.139942
 40
0.101600
 41
0.101600
 42
0.000000
  0
SEQEND
  0
POLYLINE
  8
PG_SILKSCREEN_TOP
 66
1
 70
0
 40
0.000000
 41
0.000000
 39
0.000000
  0
VERTEX
  8
PG_SILKSCREEN_TOP
 10
71.302905
 20
56.428742
 40
0.101600
 41
0.101600
 42
0.000000
  0
VERTEX
  8
PG_SILKSCREEN_TOP
 10
70.718705
 20
56.428742
 40
0.101600
 41
0.101600
 42
0.000000
  0
SEQEND
  0
POLYLINE
  8
PG_SILKSCREEN_TOP
 66
1
 70
0
 40
0.000000
 41
0.000000
 39
0.000000
  0
VERTEX
  8
PG_SILKSCREEN_TOP
 10
69.672911
 20
56.428742
 40
0.101600
 41
0.101600
 42
0.000000
  0
VERTEX
  8
PG_SILKSCREEN_TOP
 10
70.282511
 20
56.428742
 40
0.101600
 41
0.101600
 42
0.000000
  0
SEQEND
  0
POLYLINE
  8
PG_SILKSCREEN_TOP
 66
1
 70
0
 40
0.000000
 41
0.000000
 39
0.000000
  0
VERTEX
  8
PG_SILKSCREEN_TOP
 10
69.672911
 20
57.139942
 40
0.101600
 41
0.101600
 42
0.000000
  0
VERTEX
  8
PG_SILKSCREEN_TOP
 10
69.672911
 20
56.428742
 40
0.101600
 41
0.101600
 42
0.000000
  0
SEQEND
  0
POLYLINE
  8
PG_SILKSCREEN_TOP
 66
1
 70
0
 40
0.000000
 41
0.000000
 39
0.000000
  0
VERTEX
  8
PG_SILKSCREEN_TOP
 10
69.672911
 20
57.139942
 40
0.101600
 41
0.101600
 42
0.000000
  0
VERTEX
  8
PG_SILKSCREEN_TOP
 10
70.282511
 20
57.139942
 40
0.101600
 41
0.101600
 42
0.000000
  0
SEQEND
  0
POLYLINE
  8
PIN_TOP
 66
1
 70
1
 40
0.000000
 41
0.000000
 39
0.000000
  0
VERTEX
  8
PIN_TOP
 10
15.898139
 20
46.530616
 40
0.000000
 41
0.000000
 42
0.000000
  0
VERTEX
  8
PIN_TOP
 10
15.898139
 20
47.038616
 40
0.000000
 41
0.000000
 42
0.000000
  0
VERTEX
  8
PIN_TOP
 10
16.406139
 20
47.038616
 40
0.000000
 41
0.000000
 42
0.000000
  0
VERTEX
  8
PIN_TOP
 10
16.406139
 20
46.530616
 40
0.000000
 41
0.000000
 42
0.000000
  0
SEQEND
  0
POLYLINE
  8
PIN_TOP
 66
1
 70
1
 40
0.000000
 41
0.000000
 39
0.000000
  0
VERTEX
  8
PIN_TOP
 10
16.812539
 20
46.530616
 40
0.000000
 41
0.000000
 42
0.000000
  0
VERTEX
  8
PIN_TOP
 10
16.812539
 20
47.038616
 40
0.000000
 41
0.000000
 42
0.000000
  0
VERTEX
  8
PIN_TOP
 10
17.320539
 20
47.038616
 40
0.000000
 41
0.000000
 42
0.000000
  0
VERTEX
  8
PIN_TOP
 10
17.320539
 20
46.530616
 40
0.000000
 41
0.000000
 42
0.000000
  0
SEQEND
  0
POLYLINE
  8
PG_SILKSCREEN_TOP
 66
1
 70
0
 40
0.000000
 41
0.000000
 39
0.000000
  0
VERTEX
  8
PG_SILKSCREEN_TOP
 10
17.426559
 20
47.140216
 40
0.101600
 41
0.101600
 42
0.000000
  0
VERTEX
  8
PG_SILKSCREEN_TOP
 10
17.426559
 20
46.429016
 40
0.101600
 41
0.101600
 42
0.000000
  0
SEQEND
  0
POLYLINE
  8
PG_SILKSCREEN_TOP
 66
1
 70
0
 40
0.000000
 41
0.000000
 39
0.000000
  0
VERTEX
  8
PG_SILKSCREEN_TOP
 10
16.812539
 20
47.140216
 40
0.101600
 41
0.101600
 42
0.000000
  0
VERTEX
  8
PG_SILKSCREEN_TOP
 10
17.422139
 20
47.140216
 40
0.101600
 41
0.101600
 42
0.000000
  0
SEQEND
  0
POLYLINE
  8
PG_SILKSCREEN_TOP
 66
1
 70
0
 40
0.000000
 41
0.000000
 39
0.000000
  0
VERTEX
  8
PG_SILKSCREEN_TOP
 10
17.422139
 20
46.429016
 40
0.101600
 41
0.101600
 42
0.000000
  0
VERTEX
  8
PG_SILKSCREEN_TOP
 10
16.837939
 20
46.429016
 40
0.101600
 41
0.101600
 42
0.000000
  0
SEQEND
  0
POLYLINE
  8
PG_SILKSCREEN_TOP
 66
1
 70
0
 40
0.000000
 41
0.000000
 39
0.000000
  0
VERTEX
  8
PG_SILKSCREEN_TOP
 10
15.792145
 20
46.429016
 40
0.101600
 41
0.101600
 42
0.000000
  0
VERTEX
  8
PG_SILKSCREEN_TOP
 10
16.401745
 20
46.429016
 40
0.101600
 41
0.101600
 42
0.000000
  0
SEQEND
  0
POLYLINE
  8
PG_SILKSCREEN_TOP
 66
1
 70
0
 40
0.000000
 41
0.000000
 39
0.000000
  0
VERTEX
  8
PG_SILKSCREEN_TOP
 10
15.792145
 20
47.140216
 40
0.101600
 41
0.101600
 42
0.000000
  0
VERTEX
  8
PG_SILKSCREEN_TOP
 10
15.792145
 20
46.429016
 40
0.101600
 41
0.101600
 42
0.000000
  0
SEQEND
  0
POLYLINE
  8
PG_SILKSCREEN_TOP
 66
1
 70
0
 40
0.000000
 41
0.000000
 39
0.000000
  0
VERTEX
  8
PG_SILKSCREEN_TOP
 10
15.792145
 20
47.140216
 40
0.101600
 41
0.101600
 42
0.000000
  0
VERTEX
  8
PG_SILKSCREEN_TOP
 10
16.401745
 20
47.140216
 40
0.101600
 41
0.101600
 42
0.000000
  0
SEQEND
  0
POLYLINE
  8
PIN_TOP
 66
1
 70
1
 40
0.000000
 41
0.000000
 39
0.000000
  0
VERTEX
  8
PIN_TOP
 10
17.320539
 20
46.155356
 40
0.000000
 41
0.000000
 42
0.000000
  0
VERTEX
  8
PIN_TOP
 10
17.320539
 20
45.647356
 40
0.000000
 41
0.000000
 42
0.000000
  0
VERTEX
  8
PIN_TOP
 10
16.812539
 20
45.647356
 40
0.000000
 41
0.000000
 42
0.000000
  0
VERTEX
  8
PIN_TOP
 10
16.812539
 20
46.155356
 40
0.000000
 41
0.000000
 42
0.000000
  0
SEQEND
  0
POLYLINE
  8
PIN_TOP
 66
1
 70
1
 40
0.000000
 41
0.000000
 39
0.000000
  0
VERTEX
  8
PIN_TOP
 10
16.406139
 20
46.155356
 40
0.000000
 41
0.000000
 42
0.000000
  0
VERTEX
  8
PIN_TOP
 10
16.406139
 20
45.647356
 40
0.000000
 41
0.000000
 42
0.000000
  0
VERTEX
  8
PIN_TOP
 10
15.898139
 20
45.647356
 40
0.000000
 41
0.000000
 42
0.000000
  0
VERTEX
  8
PIN_TOP
 10
15.898139
 20
46.155356
 40
0.000000
 41
0.000000
 42
0.000000
  0
SEQEND
  0
POLYLINE
  8
PG_SILKSCREEN_TOP
 66
1
 70
0
 40
0.000000
 41
0.000000
 39
0.000000
  0
VERTEX
  8
PG_SILKSCREEN_TOP
 10
15.792120
 20
45.545756
 40
0.101600
 41
0.101600
 42
0.000000
  0
VERTEX
  8
PG_SILKSCREEN_TOP
 10
15.792120
 20
46.256956
 40
0.101600
 41
0.101600
 42
0.000000
  0
SEQEND
  0
POLYLINE
  8
PG_SILKSCREEN_TOP
 66
1
 70
0
 40
0.000000
 41
0.000000
 39
0.000000
  0
VERTEX
  8
PG_SILKSCREEN_TOP
 10
16.406139
 20
45.545756
 40
0.101600
 41
0.101600
 42
0.000000
  0
VERTEX
  8
PG_SILKSCREEN_TOP
 10
15.796539
 20
45.545756
 40
0.101600
 41
0.101600
 42
0.000000
  0
SEQEND
  0
POLYLINE
  8
PG_SILKSCREEN_TOP
 66
1
 70
0
 40
0.000000
 41
0.000000
 39
0.000000
  0
VERTEX
  8
PG_SILKSCREEN_TOP
 10
15.796539
 20
46.256956
 40
0.101600
 41
0.101600
 42
0.000000
  0
VERTEX
  8
PG_SILKSCREEN_TOP
 10
16.380739
 20
46.256956
 40
0.101600
 41
0.101600
 42
0.000000
  0
SEQEND
  0
POLYLINE
  8
PG_SILKSCREEN_TOP
 66
1
 70
0
 40
0.000000
 41
0.000000
 39
0.000000
  0
VERTEX
  8
PG_SILKSCREEN_TOP
 10
17.426534
 20
46.256956
 40
0.101600
 41
0.101600
 42
0.000000
  0
VERTEX
  8
PG_SILKSCREEN_TOP
 10
16.816934
 20
46.256956
 40
0.101600
 41
0.101600
 42
0.000000
  0
SEQEND
  0
POLYLINE
  8
PG_SILKSCREEN_TOP
 66
1
 70
0
 40
0.000000
 41
0.000000
 39
0.000000
  0
VERTEX
  8
PG_SILKSCREEN_TOP
 10
17.426534
 20
45.545756
 40
0.101600
 41
0.101600
 42
0.000000
  0
VERTEX
  8
PG_SILKSCREEN_TOP
 10
17.426534
 20
46.256956
 40
0.101600
 41
0.101600
 42
0.000000
  0
SEQEND
  0
POLYLINE
  8
PG_SILKSCREEN_TOP
 66
1
 70
0
 40
0.000000
 41
0.000000
 39
0.000000
  0
VERTEX
  8
PG_SILKSCREEN_TOP
 10
17.426534
 20
45.545756
 40
0.101600
 41
0.101600
 42
0.000000
  0
VERTEX
  8
PG_SILKSCREEN_TOP
 10
16.816934
 20
45.545756
 40
0.101600
 41
0.101600
 42
0.000000
  0
SEQEND
  0
POLYLINE
  8
PIN_TOP
 66
1
 70
1
 40
0.000000
 41
0.000000
 39
0.000000
  0
VERTEX
  8
PIN_TOP
 10
6.421374
 20
8.340598
 40
0.000000
 41
0.000000
 42
0.000000
  0
VERTEX
  8
PIN_TOP
 10
6.421374
 20
8.848598
 40
0.000000
 41
0.000000
 42
0.000000
  0
VERTEX
  8
PIN_TOP
 10
6.929374
 20
8.848598
 40
0.000000
 41
0.000000
 42
0.000000
  0
VERTEX
  8
PIN_TOP
 10
6.929374
 20
8.340598
 40
0.000000
 41
0.000000
 42
0.000000
  0
SEQEND
  0
POLYLINE
  8
PIN_TOP
 66
1
 70
1
 40
0.000000
 41
0.000000
 39
0.000000
  0
VERTEX
  8
PIN_TOP
 10
7.335774
 20
8.340598
 40
0.000000
 41
0.000000
 42
0.000000
  0
VERTEX
  8
PIN_TOP
 10
7.335774
 20
8.848598
 40
0.000000
 41
0.000000
 42
0.000000
  0
VERTEX
  8
PIN_TOP
 10
7.843774
 20
8.848598
 40
0.000000
 41
0.000000
 42
0.000000
  0
VERTEX
  8
PIN_TOP
 10
7.843774
 20
8.340598
 40
0.000000
 41
0.000000
 42
0.000000
  0
SEQEND
  0
POLYLINE
  8
PG_SILKSCREEN_TOP
 66
1
 70
0
 40
0.000000
 41
0.000000
 39
0.000000
  0
VERTEX
  8
PG_SILKSCREEN_TOP
 10
7.949794
 20
8.950198
 40
0.101600
 41
0.101600
 42
0.000000
  0
VERTEX
  8
PG_SILKSCREEN_TOP
 10
7.949794
 20
8.238998
 40
0.101600
 41
0.101600
 42
0.000000
  0
SEQEND
  0
POLYLINE
  8
PG_SILKSCREEN_TOP
 66
1
 70
0
 40
0.000000
 41
0.000000
 39
0.000000
  0
VERTEX
  8
PG_SILKSCREEN_TOP
 10
7.335774
 20
8.950198
 40
0.101600
 41
0.101600
 42
0.000000
  0
VERTEX
  8
PG_SILKSCREEN_TOP
 10
7.945374
 20
8.950198
 40
0.101600
 41
0.101600
 42
0.000000
  0
SEQEND
  0
POLYLINE
  8
PG_SILKSCREEN_TOP
 66
1
 70
0
 40
0.000000
 41
0.000000
 39
0.000000
  0
VERTEX
  8
PG_SILKSCREEN_TOP
 10
7.945374
 20
8.238998
 40
0.101600
 41
0.101600
 42
0.000000
  0
VERTEX
  8
PG_SILKSCREEN_TOP
 10
7.361174
 20
8.238998
 40
0.101600
 41
0.101600
 42
0.000000
  0
SEQEND
  0
POLYLINE
  8
PG_SILKSCREEN_TOP
 66
1
 70
0
 40
0.000000
 41
0.000000
 39
0.000000
  0
VERTEX
  8
PG_SILKSCREEN_TOP
 10
6.315380
 20
8.238998
 40
0.101600
 41
0.101600
 42
0.000000
  0
VERTEX
  8
PG_SILKSCREEN_TOP
 10
6.924980
 20
8.238998
 40
0.101600
 41
0.101600
 42
0.000000
  0
SEQEND
  0
POLYLINE
  8
PG_SILKSCREEN_TOP
 66
1
 70
0
 40
0.000000
 41
0.000000
 39
0.000000
  0
VERTEX
  8
PG_SILKSCREEN_TOP
 10
6.315380
 20
8.950198
 40
0.101600
 41
0.101600
 42
0.000000
  0
VERTEX
  8
PG_SILKSCREEN_TOP
 10
6.315380
 20
8.238998
 40
0.101600
 41
0.101600
 42
0.000000
  0
SEQEND
  0
POLYLINE
  8
PG_SILKSCREEN_TOP
 66
1
 70
0
 40
0.000000
 41
0.000000
 39
0.000000
  0
VERTEX
  8
PG_SILKSCREEN_TOP
 10
6.315380
 20
8.950198
 40
0.101600
 41
0.101600
 42
0.000000
  0
VERTEX
  8
PG_SILKSCREEN_TOP
 10
6.924980
 20
8.950198
 40
0.101600
 41
0.101600
 42
0.000000
  0
SEQEND
  0
POLYLINE
  8
PIN_TOP
 66
1
 70
1
 40
0.000000
 41
0.000000
 39
0.000000
  0
VERTEX
  8
PIN_TOP
 10
13.244068
 20
26.052526
 40
0.000000
 41
0.000000
 42
0.000000
  0
VERTEX
  8
PIN_TOP
 10
12.736068
 20
26.052526
 40
0.000000
 41
0.000000
 42
0.000000
  0
VERTEX
  8
PIN_TOP
 10
12.736068
 20
26.560526
 40
0.000000
 41
0.000000
 42
0.000000
  0
VERTEX
  8
PIN_TOP
 10
13.244068
 20
26.560526
 40
0.000000
 41
0.000000
 42
0.000000
  0
SEQEND
  0
POLYLINE
  8
PIN_TOP
 66
1
 70
1
 40
0.000000
 41
0.000000
 39
0.000000
  0
VERTEX
  8
PIN_TOP
 10
13.244068
 20
26.966926
 40
0.000000
 41
0.000000
 42
0.000000
  0
VERTEX
  8
PIN_TOP
 10
12.736068
 20
26.966926
 40
0.000000
 41
0.000000
 42
0.000000
  0
VERTEX
  8
PIN_TOP
 10
12.736068
 20
27.474926
 40
0.000000
 41
0.000000
 42
0.000000
  0
VERTEX
  8
PIN_TOP
 10
13.244068
 20
27.474926
 40
0.000000
 41
0.000000
 42
0.000000
  0
SEQEND
  0
POLYLINE
  8
PG_SILKSCREEN_TOP
 66
1
 70
0
 40
0.000000
 41
0.000000
 39
0.000000
  0
VERTEX
  8
PG_SILKSCREEN_TOP
 10
12.634468
 20
27.580946
 40
0.101600
 41
0.101600
 42
0.000000
  0
VERTEX
  8
PG_SILKSCREEN_TOP
 10
13.345668
 20
27.580946
 40
0.101600
 41
0.101600
 42
0.000000
  0
SEQEND
  0
POLYLINE
  8
PG_SILKSCREEN_TOP
 66
1
 70
0
 40
0.000000
 41
0.000000
 39
0.000000
  0
VERTEX
  8
PG_SILKSCREEN_TOP
 10
12.634468
 20
26.966926
 40
0.101600
 41
0.101600
 42
0.000000
  0
VERTEX
  8
PG_SILKSCREEN_TOP
 10
12.634468
 20
27.576526
 40
0.101600
 41
0.101600
 42
0.000000
  0
SEQEND
  0
POLYLINE
  8
PG_SILKSCREEN_TOP
 66
1
 70
0
 40
0.000000
 41
0.000000
 39
0.000000
  0
VERTEX
  8
PG_SILKSCREEN_TOP
 10
13.345668
 20
27.576526
 40
0.101600
 41
0.101600
 42
0.000000
  0
VERTEX
  8
PG_SILKSCREEN_TOP
 10
13.345668
 20
26.992326
 40
0.101600
 41
0.101600
 42
0.000000
  0
SEQEND
  0
POLYLINE
  8
PG_SILKSCREEN_TOP
 66
1
 70
0
 40
0.000000
 41
0.000000
 39
0.000000
  0
VERTEX
  8
PG_SILKSCREEN_TOP
 10
13.345668
 20
25.946532
 40
0.101600
 41
0.101600
 42
0.000000
  0
VERTEX
  8
PG_SILKSCREEN_TOP
 10
13.345668
 20
26.556132
 40
0.101600
 41
0.101600
 42
0.000000
  0
SEQEND
  0
POLYLINE
  8
PG_SILKSCREEN_TOP
 66
1
 70
0
 40
0.000000
 41
0.000000
 39
0.000000
  0
VERTEX
  8
PG_SILKSCREEN_TOP
 10
12.634468
 20
25.946532
 40
0.101600
 41
0.101600
 42
0.000000
  0
VERTEX
  8
PG_SILKSCREEN_TOP
 10
13.345668
 20
25.946532
 40
0.101600
 41
0.101600
 42
0.000000
  0
SEQEND
  0
POLYLINE
  8
PG_SILKSCREEN_TOP
 66
1
 70
0
 40
0.000000
 41
0.000000
 39
0.000000
  0
VERTEX
  8
PG_SILKSCREEN_TOP
 10
12.634468
 20
25.946532
 40
0.101600
 41
0.101600
 42
0.000000
  0
VERTEX
  8
PG_SILKSCREEN_TOP
 10
12.634468
 20
26.556132
 40
0.101600
 41
0.101600
 42
0.000000
  0
SEQEND
  0
POLYLINE
  8
PIN_TOP
 66
1
 70
1
 40
0.000000
 41
0.000000
 39
0.000000
  0
VERTEX
  8
PIN_TOP
 10
9.652254
 20
8.864600
 40
0.000000
 41
0.000000
 42
0.000000
  0
VERTEX
  8
PIN_TOP
 10
9.652254
 20
8.356600
 40
0.000000
 41
0.000000
 42
0.000000
  0
VERTEX
  8
PIN_TOP
 10
9.144254
 20
8.356600
 40
0.000000
 41
0.000000
 42
0.000000
  0
VERTEX
  8
PIN_TOP
 10
9.144254
 20
8.864600
 40
0.000000
 41
0.000000
 42
0.000000
  0
SEQEND
  0
POLYLINE
  8
PIN_TOP
 66
1
 70
1
 40
0.000000
 41
0.000000
 39
0.000000
  0
VERTEX
  8
PIN_TOP
 10
8.737854
 20
8.864600
 40
0.000000
 41
0.000000
 42
0.000000
  0
VERTEX
  8
PIN_TOP
 10
8.737854
 20
8.356600
 40
0.000000
 41
0.000000
 42
0.000000
  0
VERTEX
  8
PIN_TOP
 10
8.229854
 20
8.356600
 40
0.000000
 41
0.000000
 42
0.000000
  0
VERTEX
  8
PIN_TOP
 10
8.229854
 20
8.864600
 40
0.000000
 41
0.000000
 42
0.000000
  0
SEQEND
  0
POLYLINE
  8
PG_SILKSCREEN_TOP
 66
1
 70
0
 40
0.000000
 41
0.000000
 39
0.000000
  0
VERTEX
  8
PG_SILKSCREEN_TOP
 10
8.123834
 20
8.255000
 40
0.101600
 41
0.101600
 42
0.000000
  0
VERTEX
  8
PG_SILKSCREEN_TOP
 10
8.123834
 20
8.966200
 40
0.101600
 41
0.101600
 42
0.000000
  0
SEQEND
  0
POLYLINE
  8
PG_SILKSCREEN_TOP
 66
1
 70
0
 40
0.000000
 41
0.000000
 39
0.000000
  0
VERTEX
  8
PG_SILKSCREEN_TOP
 10
8.737854
 20
8.255000
 40
0.101600
 41
0.101600
 42
0.000000
  0
VERTEX
  8
PG_SILKSCREEN_TOP
 10
8.128254
 20
8.255000
 40
0.101600
 41
0.101600
 42
0.000000
  0
SEQEND
  0
POLYLINE
  8
PG_SILKSCREEN_TOP
 66
1
 70
0
 40
0.000000
 41
0.000000
 39
0.000000
  0
VERTEX
  8
PG_SILKSCREEN_TOP
 10
8.128254
 20
8.966200
 40
0.101600
 41
0.101600
 42
0.000000
  0
VERTEX
  8
PG_SILKSCREEN_TOP
 10
8.712454
 20
8.966200
 40
0.101600
 41
0.101600
 42
0.000000
  0
SEQEND
  0
POLYLINE
  8
PG_SILKSCREEN_TOP
 66
1
 70
0
 40
0.000000
 41
0.000000
 39
0.000000
  0
VERTEX
  8
PG_SILKSCREEN_TOP
 10
9.758248
 20
8.966200
 40
0.101600
 41
0.101600
 42
0.000000
  0
VERTEX
  8
PG_SILKSCREEN_TOP
 10
9.148648
 20
8.966200
 40
0.101600
 41
0.101600
 42
0.000000
  0
SEQEND
  0
POLYLINE
  8
PG_SILKSCREEN_TOP
 66
1
 70
0
 40
0.000000
 41
0.000000
 39
0.000000
  0
VERTEX
  8
PG_SILKSCREEN_TOP
 10
9.758248
 20
8.255000
 40
0.101600
 41
0.101600
 42
0.000000
  0
VERTEX
  8
PG_SILKSCREEN_TOP
 10
9.758248
 20
8.966200
 40
0.101600
 41
0.101600
 42
0.000000
  0
SEQEND
  0
POLYLINE
  8
PG_SILKSCREEN_TOP
 66
1
 70
0
 40
0.000000
 41
0.000000
 39
0.000000
  0
VERTEX
  8
PG_SILKSCREEN_TOP
 10
9.758248
 20
8.255000
 40
0.101600
 41
0.101600
 42
0.000000
  0
VERTEX
  8
PG_SILKSCREEN_TOP
 10
9.148648
 20
8.255000
 40
0.101600
 41
0.101600
 42
0.000000
  0
SEQEND
  0
POLYLINE
  8
PIN_TOP
 66
1
 70
1
 40
0.000000
 41
0.000000
 39
0.000000
  0
VERTEX
  8
PIN_TOP
 10
12.720066
 20
29.283406
 40
0.000000
 41
0.000000
 42
0.000000
  0
VERTEX
  8
PIN_TOP
 10
13.228066
 20
29.283406
 40
0.000000
 41
0.000000
 42
0.000000
  0
VERTEX
  8
PIN_TOP
 10
13.228066
 20
28.775406
 40
0.000000
 41
0.000000
 42
0.000000
  0
VERTEX
  8
PIN_TOP
 10
12.720066
 20
28.775406
 40
0.000000
 41
0.000000
 42
0.000000
  0
SEQEND
  0
POLYLINE
  8
PIN_TOP
 66
1
 70
1
 40
0.000000
 41
0.000000
 39
0.000000
  0
VERTEX
  8
PIN_TOP
 10
12.720066
 20
28.369006
 40
0.000000
 41
0.000000
 42
0.000000
  0
VERTEX
  8
PIN_TOP
 10
13.228066
 20
28.369006
 40
0.000000
 41
0.000000
 42
0.000000
  0
VERTEX
  8
PIN_TOP
 10
13.228066
 20
27.861006
 40
0.000000
 41
0.000000
 42
0.000000
  0
VERTEX
  8
PIN_TOP
 10
12.720066
 20
27.861006
 40
0.000000
 41
0.000000
 42
0.000000
  0
SEQEND
  0
POLYLINE
  8
PG_SILKSCREEN_TOP
 66
1
 70
0
 40
0.000000
 41
0.000000
 39
0.000000
  0
VERTEX
  8
PG_SILKSCREEN_TOP
 10
13.329666
 20
27.754986
 40
0.101600
 41
0.101600
 42
0.000000
  0
VERTEX
  8
PG_SILKSCREEN_TOP
 10
12.618466
 20
27.754986
 40
0.101600
 41
0.101600
 42
0.000000
  0
SEQEND
  0
POLYLINE
  8
PG_SILKSCREEN_TOP
 66
1
 70
0
 40
0.000000
 41
0.000000
 39
0.000000
  0
VERTEX
  8
PG_SILKSCREEN_TOP
 10
13.329666
 20
28.369006
 40
0.101600
 41
0.101600
 42
0.000000
  0
VERTEX
  8
PG_SILKSCREEN_TOP
 10
13.329666
 20
27.759406
 40
0.101600
 41
0.101600
 42
0.000000
  0
SEQEND
  0
POLYLINE
  8
PG_SILKSCREEN_TOP
 66
1
 70
0
 40
0.000000
 41
0.000000
 39
0.000000
  0
VERTEX
  8
PG_SILKSCREEN_TOP
 10
12.618466
 20
27.759406
 40
0.101600
 41
0.101600
 42
0.000000
  0
VERTEX
  8
PG_SILKSCREEN_TOP
 10
12.618466
 20
28.343606
 40
0.101600
 41
0.101600
 42
0.000000
  0
SEQEND
  0
POLYLINE
  8
PG_SILKSCREEN_TOP
 66
1
 70
0
 40
0.000000
 41
0.000000
 39
0.000000
  0
VERTEX
  8
PG_SILKSCREEN_TOP
 10
12.618466
 20
29.389400
 40
0.101600
 41
0.101600
 42
0.000000
  0
VERTEX
  8
PG_SILKSCREEN_TOP
 10
12.618466
 20
28.779800
 40
0.101600
 41
0.101600
 42
0.000000
  0
SEQEND
  0
POLYLINE
  8
PG_SILKSCREEN_TOP
 66
1
 70
0
 40
0.000000
 41
0.000000
 39
0.000000
  0
VERTEX
  8
PG_SILKSCREEN_TOP
 10
13.329666
 20
29.389400
 40
0.101600
 41
0.101600
 42
0.000000
  0
VERTEX
  8
PG_SILKSCREEN_TOP
 10
12.618466
 20
29.389400
 40
0.101600
 41
0.101600
 42
0.000000
  0
SEQEND
  0
POLYLINE
  8
PG_SILKSCREEN_TOP
 66
1
 70
0
 40
0.000000
 41
0.000000
 39
0.000000
  0
VERTEX
  8
PG_SILKSCREEN_TOP
 10
13.329666
 20
29.389400
 40
0.101600
 41
0.101600
 42
0.000000
  0
VERTEX
  8
PG_SILKSCREEN_TOP
 10
13.329666
 20
28.779800
 40
0.101600
 41
0.101600
 42
0.000000
  0
SEQEND
  0
POLYLINE
  8
PIN_TOP
 66
1
 70
1
 40
0.000000
 41
0.000000
 39
0.000000
  0
VERTEX
  8
PIN_TOP
 10
6.421374
 20
7.441844
 40
0.000000
 41
0.000000
 42
0.000000
  0
VERTEX
  8
PIN_TOP
 10
6.421374
 20
7.949844
 40
0.000000
 41
0.000000
 42
0.000000
  0
VERTEX
  8
PIN_TOP
 10
6.929374
 20
7.949844
 40
0.000000
 41
0.000000
 42
0.000000
  0
VERTEX
  8
PIN_TOP
 10
6.929374
 20
7.441844
 40
0.000000
 41
0.000000
 42
0.000000
  0
SEQEND
  0
POLYLINE
  8
PIN_TOP
 66
1
 70
1
 40
0.000000
 41
0.000000
 39
0.000000
  0
VERTEX
  8
PIN_TOP
 10
7.335774
 20
7.441844
 40
0.000000
 41
0.000000
 42
0.000000
  0
VERTEX
  8
PIN_TOP
 10
7.335774
 20
7.949844
 40
0.000000
 41
0.000000
 42
0.000000
  0
VERTEX
  8
PIN_TOP
 10
7.843774
 20
7.949844
 40
0.000000
 41
0.000000
 42
0.000000
  0
VERTEX
  8
PIN_TOP
 10
7.843774
 20
7.441844
 40
0.000000
 41
0.000000
 42
0.000000
  0
SEQEND
  0
POLYLINE
  8
PG_SILKSCREEN_TOP
 66
1
 70
0
 40
0.000000
 41
0.000000
 39
0.000000
  0
VERTEX
  8
PG_SILKSCREEN_TOP
 10
7.949794
 20
8.051444
 40
0.101600
 41
0.101600
 42
0.000000
  0
VERTEX
  8
PG_SILKSCREEN_TOP
 10
7.949794
 20
7.340244
 40
0.101600
 41
0.101600
 42
0.000000
  0
SEQEND
  0
POLYLINE
  8
PG_SILKSCREEN_TOP
 66
1
 70
0
 40
0.000000
 41
0.000000
 39
0.000000
  0
VERTEX
  8
PG_SILKSCREEN_TOP
 10
7.335774
 20
8.051444
 40
0.101600
 41
0.101600
 42
0.000000
  0
VERTEX
  8
PG_SILKSCREEN_TOP
 10
7.945374
 20
8.051444
 40
0.101600
 41
0.101600
 42
0.000000
  0
SEQEND
  0
POLYLINE
  8
PG_SILKSCREEN_TOP
 66
1
 70
0
 40
0.000000
 41
0.000000
 39
0.000000
  0
VERTEX
  8
PG_SILKSCREEN_TOP
 10
7.945374
 20
7.340244
 40
0.101600
 41
0.101600
 42
0.000000
  0
VERTEX
  8
PG_SILKSCREEN_TOP
 10
7.361174
 20
7.340244
 40
0.101600
 41
0.101600
 42
0.000000
  0
SEQEND
  0
POLYLINE
  8
PG_SILKSCREEN_TOP
 66
1
 70
0
 40
0.000000
 41
0.000000
 39
0.000000
  0
VERTEX
  8
PG_SILKSCREEN_TOP
 10
6.315380
 20
7.340244
 40
0.101600
 41
0.101600
 42
0.000000
  0
VERTEX
  8
PG_SILKSCREEN_TOP
 10
6.924980
 20
7.340244
 40
0.101600
 41
0.101600
 42
0.000000
  0
SEQEND
  0
POLYLINE
  8
PG_SILKSCREEN_TOP
 66
1
 70
0
 40
0.000000
 41
0.000000
 39
0.000000
  0
VERTEX
  8
PG_SILKSCREEN_TOP
 10
6.315380
 20
8.051444
 40
0.101600
 41
0.101600
 42
0.000000
  0
VERTEX
  8
PG_SILKSCREEN_TOP
 10
6.315380
 20
7.340244
 40
0.101600
 41
0.101600
 42
0.000000
  0
SEQEND
  0
POLYLINE
  8
PG_SILKSCREEN_TOP
 66
1
 70
0
 40
0.000000
 41
0.000000
 39
0.000000
  0
VERTEX
  8
PG_SILKSCREEN_TOP
 10
6.315380
 20
8.051444
 40
0.101600
 41
0.101600
 42
0.000000
  0
VERTEX
  8
PG_SILKSCREEN_TOP
 10
6.924980
 20
8.051444
 40
0.101600
 41
0.101600
 42
0.000000
  0
SEQEND
  0
POLYLINE
  8
PIN_TOP
 66
1
 70
1
 40
0.000000
 41
0.000000
 39
0.000000
  0
VERTEX
  8
PIN_TOP
 10
6.422644
 20
15.744190
 40
0.000000
 41
0.000000
 42
0.000000
  0
VERTEX
  8
PIN_TOP
 10
6.930644
 20
15.744190
 40
0.000000
 41
0.000000
 42
0.000000
  0
VERTEX
  8
PIN_TOP
 10
6.930644
 20
15.236190
 40
0.000000
 41
0.000000
 42
0.000000
  0
VERTEX
  8
PIN_TOP
 10
6.422644
 20
15.236190
 40
0.000000
 41
0.000000
 42
0.000000
  0
SEQEND
  0
POLYLINE
  8
PIN_TOP
 66
1
 70
1
 40
0.000000
 41
0.000000
 39
0.000000
  0
VERTEX
  8
PIN_TOP
 10
6.422644
 20
14.829790
 40
0.000000
 41
0.000000
 42
0.000000
  0
VERTEX
  8
PIN_TOP
 10
6.930644
 20
14.829790
 40
0.000000
 41
0.000000
 42
0.000000
  0
VERTEX
  8
PIN_TOP
 10
6.930644
 20
14.321790
 40
0.000000
 41
0.000000
 42
0.000000
  0
VERTEX
  8
PIN_TOP
 10
6.422644
 20
14.321790
 40
0.000000
 41
0.000000
 42
0.000000
  0
SEQEND
  0
POLYLINE
  8
PG_SILKSCREEN_TOP
 66
1
 70
0
 40
0.000000
 41
0.000000
 39
0.000000
  0
VERTEX
  8
PG_SILKSCREEN_TOP
 10
7.032244
 20
14.215770
 40
0.101600
 41
0.101600
 42
0.000000
  0
VERTEX
  8
PG_SILKSCREEN_TOP
 10
6.321044
 20
14.215770
 40
0.101600
 41
0.101600
 42
0.000000
  0
SEQEND
  0
POLYLINE
  8
PG_SILKSCREEN_TOP
 66
1
 70
0
 40
0.000000
 41
0.000000
 39
0.000000
  0
VERTEX
  8
PG_SILKSCREEN_TOP
 10
7.032244
 20
14.829790
 40
0.101600
 41
0.101600
 42
0.000000
  0
VERTEX
  8
PG_SILKSCREEN_TOP
 10
7.032244
 20
14.220190
 40
0.101600
 41
0.101600
 42
0.000000
  0
SEQEND
  0
POLYLINE
  8
PG_SILKSCREEN_TOP
 66
1
 70
0
 40
0.000000
 41
0.000000
 39
0.000000
  0
VERTEX
  8
PG_SILKSCREEN_TOP
 10
6.321044
 20
14.220190
 40
0.101600
 41
0.101600
 42
0.000000
  0
VERTEX
  8
PG_SILKSCREEN_TOP
 10
6.321044
 20
14.804390
 40
0.101600
 41
0.101600
 42
0.000000
  0
SEQEND
  0
POLYLINE
  8
PG_SILKSCREEN_TOP
 66
1
 70
0
 40
0.000000
 41
0.000000
 39
0.000000
  0
VERTEX
  8
PG_SILKSCREEN_TOP
 10
6.321044
 20
15.850184
 40
0.101600
 41
0.101600
 42
0.000000
  0
VERTEX
  8
PG_SILKSCREEN_TOP
 10
6.321044
 20
15.240584
 40
0.101600
 41
0.101600
 42
0.000000
  0
SEQEND
  0
POLYLINE
  8
PG_SILKSCREEN_TOP
 66
1
 70
0
 40
0.000000
 41
0.000000
 39
0.000000
  0
VERTEX
  8
PG_SILKSCREEN_TOP
 10
7.032244
 20
15.850184
 40
0.101600
 41
0.101600
 42
0.000000
  0
VERTEX
  8
PG_SILKSCREEN_TOP
 10
6.321044
 20
15.850184
 40
0.101600
 41
0.101600
 42
0.000000
  0
SEQEND
  0
POLYLINE
  8
PG_SILKSCREEN_TOP
 66
1
 70
0
 40
0.000000
 41
0.000000
 39
0.000000
  0
VERTEX
  8
PG_SILKSCREEN_TOP
 10
7.032244
 20
15.850184
 40
0.101600
 41
0.101600
 42
0.000000
  0
VERTEX
  8
PG_SILKSCREEN_TOP
 10
7.032244
 20
15.240584
 40
0.101600
 41
0.101600
 42
0.000000
  0
SEQEND
  0
POLYLINE
  8
PIN_TOP
 66
1
 70
1
 40
0.000000
 41
0.000000
 39
0.000000
  0
VERTEX
  8
PIN_TOP
 10
8.423656
 20
14.321790
 40
0.000000
 41
0.000000
 42
0.000000
  0
VERTEX
  8
PIN_TOP
 10
7.915656
 20
14.321790
 40
0.000000
 41
0.000000
 42
0.000000
  0
VERTEX
  8
PIN_TOP
 10
7.915656
 20
14.829790
 40
0.000000
 41
0.000000
 42
0.000000
  0
VERTEX
  8
PIN_TOP
 10
8.423656
 20
14.829790
 40
0.000000
 41
0.000000
 42
0.000000
  0
SEQEND
  0
POLYLINE
  8
PIN_TOP
 66
1
 70
1
 40
0.000000
 41
0.000000
 39
0.000000
  0
VERTEX
  8
PIN_TOP
 10
8.423656
 20
15.236190
 40
0.000000
 41
0.000000
 42
0.000000
  0
VERTEX
  8
PIN_TOP
 10
7.915656
 20
15.236190
 40
0.000000
 41
0.000000
 42
0.000000
  0
VERTEX
  8
PIN_TOP
 10
7.915656
 20
15.744190
 40
0.000000
 41
0.000000
 42
0.000000
  0
VERTEX
  8
PIN_TOP
 10
8.423656
 20
15.744190
 40
0.000000
 41
0.000000
 42
0.000000
  0
SEQEND
  0
POLYLINE
  8
PG_SILKSCREEN_TOP
 66
1
 70
0
 40
0.000000
 41
0.000000
 39
0.000000
  0
VERTEX
  8
PG_SILKSCREEN_TOP
 10
7.814056
 20
15.850210
 40
0.101600
 41
0.101600
 42
0.000000
  0
VERTEX
  8
PG_SILKSCREEN_TOP
 10
8.525256
 20
15.850210
 40
0.101600
 41
0.101600
 42
0.000000
  0
SEQEND
  0
POLYLINE
  8
PG_SILKSCREEN_TOP
 66
1
 70
0
 40
0.000000
 41
0.000000
 39
0.000000
  0
VERTEX
  8
PG_SILKSCREEN_TOP
 10
7.814056
 20
15.236190
 40
0.101600
 41
0.101600
 42
0.000000
  0
VERTEX
  8
PG_SILKSCREEN_TOP
 10
7.814056
 20
15.845790
 40
0.101600
 41
0.101600
 42
0.000000
  0
SEQEND
  0
POLYLINE
  8
PG_SILKSCREEN_TOP
 66
1
 70
0
 40
0.000000
 41
0.000000
 39
0.000000
  0
VERTEX
  8
PG_SILKSCREEN_TOP
 10
8.525256
 20
15.845790
 40
0.101600
 41
0.101600
 42
0.000000
  0
VERTEX
  8
PG_SILKSCREEN_TOP
 10
8.525256
 20
15.261590
 40
0.101600
 41
0.101600
 42
0.000000
  0
SEQEND
  0
POLYLINE
  8
PG_SILKSCREEN_TOP
 66
1
 70
0
 40
0.000000
 41
0.000000
 39
0.000000
  0
VERTEX
  8
PG_SILKSCREEN_TOP
 10
8.525256
 20
14.215796
 40
0.101600
 41
0.101600
 42
0.000000
  0
VERTEX
  8
PG_SILKSCREEN_TOP
 10
8.525256
 20
14.825396
 40
0.101600
 41
0.101600
 42
0.000000
  0
SEQEND
  0
POLYLINE
  8
PG_SILKSCREEN_TOP
 66
1
 70
0
 40
0.000000
 41
0.000000
 39
0.000000
  0
VERTEX
  8
PG_SILKSCREEN_TOP
 10
7.814056
 20
14.215796
 40
0.101600
 41
0.101600
 42
0.000000
  0
VERTEX
  8
PG_SILKSCREEN_TOP
 10
8.525256
 20
14.215796
 40
0.101600
 41
0.101600
 42
0.000000
  0
SEQEND
  0
POLYLINE
  8
PG_SILKSCREEN_TOP
 66
1
 70
0
 40
0.000000
 41
0.000000
 39
0.000000
  0
VERTEX
  8
PG_SILKSCREEN_TOP
 10
7.814056
 20
14.215796
 40
0.101600
 41
0.101600
 42
0.000000
  0
VERTEX
  8
PG_SILKSCREEN_TOP
 10
7.814056
 20
14.825396
 40
0.101600
 41
0.101600
 42
0.000000
  0
SEQEND
  0
POLYLINE
  8
PIN_TOP
 66
1
 70
1
 40
0.000000
 41
0.000000
 39
0.000000
  0
VERTEX
  8
PIN_TOP
 10
6.648450
 20
27.469338
 40
0.000000
 41
0.000000
 42
0.000000
  0
VERTEX
  8
PIN_TOP
 10
7.156450
 20
27.469338
 40
0.000000
 41
0.000000
 42
0.000000
  0
VERTEX
  8
PIN_TOP
 10
7.156450
 20
26.961338
 40
0.000000
 41
0.000000
 42
0.000000
  0
VERTEX
  8
PIN_TOP
 10
6.648450
 20
26.961338
 40
0.000000
 41
0.000000
 42
0.000000
  0
SEQEND
  0
POLYLINE
  8
PIN_TOP
 66
1
 70
1
 40
0.000000
 41
0.000000
 39
0.000000
  0
VERTEX
  8
PIN_TOP
 10
6.648450
 20
26.554938
 40
0.000000
 41
0.000000
 42
0.000000
  0
VERTEX
  8
PIN_TOP
 10
7.156450
 20
26.554938
 40
0.000000
 41
0.000000
 42
0.000000
  0
VERTEX
  8
PIN_TOP
 10
7.156450
 20
26.046938
 40
0.000000
 41
0.000000
 42
0.000000
  0
VERTEX
  8
PIN_TOP
 10
6.648450
 20
26.046938
 40
0.000000
 41
0.000000
 42
0.000000
  0
SEQEND
  0
POLYLINE
  8
PG_SILKSCREEN_TOP
 66
1
 70
0
 40
0.000000
 41
0.000000
 39
0.000000
  0
VERTEX
  8
PG_SILKSCREEN_TOP
 10
7.258050
 20
25.940944
 40
0.101600
 41
0.101600
 42
0.000000
  0
VERTEX
  8
PG_SILKSCREEN_TOP
 10
6.546850
 20
25.940944
 40
0.101600
 41
0.101600
 42
0.000000
  0
SEQEND
  0
POLYLINE
  8
PG_SILKSCREEN_TOP
 66
1
 70
0
 40
0.000000
 41
0.000000
 39
0.000000
  0
VERTEX
  8
PG_SILKSCREEN_TOP
 10
7.258050
 20
26.554938
 40
0.101600
 41
0.101600
 42
0.000000
  0
VERTEX
  8
PG_SILKSCREEN_TOP
 10
7.258050
 20
25.945338
 40
0.101600
 41
0.101600
 42
0.000000
  0
SEQEND
  0
POLYLINE
  8
PG_SILKSCREEN_TOP
 66
1
 70
0
 40
0.000000
 41
0.000000
 39
0.000000
  0
VERTEX
  8
PG_SILKSCREEN_TOP
 10
6.546850
 20
25.945338
 40
0.101600
 41
0.101600
 42
0.000000
  0
VERTEX
  8
PG_SILKSCREEN_TOP
 10
6.546850
 20
26.529538
 40
0.101600
 41
0.101600
 42
0.000000
  0
SEQEND
  0
POLYLINE
  8
PG_SILKSCREEN_TOP
 66
1
 70
0
 40
0.000000
 41
0.000000
 39
0.000000
  0
VERTEX
  8
PG_SILKSCREEN_TOP
 10
6.546850
 20
27.575332
 40
0.101600
 41
0.101600
 42
0.000000
  0
VERTEX
  8
PG_SILKSCREEN_TOP
 10
6.546850
 20
26.965732
 40
0.101600
 41
0.101600
 42
0.000000
  0
SEQEND
  0
POLYLINE
  8
PG_SILKSCREEN_TOP
 66
1
 70
0
 40
0.000000
 41
0.000000
 39
0.000000
  0
VERTEX
  8
PG_SILKSCREEN_TOP
 10
7.258050
 20
27.575332
 40
0.101600
 41
0.101600
 42
0.000000
  0
VERTEX
  8
PG_SILKSCREEN_TOP
 10
6.546850
 20
27.575332
 40
0.101600
 41
0.101600
 42
0.000000
  0
SEQEND
  0
POLYLINE
  8
PG_SILKSCREEN_TOP
 66
1
 70
0
 40
0.000000
 41
0.000000
 39
0.000000
  0
VERTEX
  8
PG_SILKSCREEN_TOP
 10
7.258050
 20
27.575332
 40
0.101600
 41
0.101600
 42
0.000000
  0
VERTEX
  8
PG_SILKSCREEN_TOP
 10
7.258050
 20
26.965732
 40
0.101600
 41
0.101600
 42
0.000000
  0
SEQEND
  0
POLYLINE
  8
PIN_TOP
 66
1
 70
1
 40
0.000000
 41
0.000000
 39
0.000000
  0
VERTEX
  8
PIN_TOP
 10
14.142822
 20
26.052526
 40
0.000000
 41
0.000000
 42
0.000000
  0
VERTEX
  8
PIN_TOP
 10
13.634822
 20
26.052526
 40
0.000000
 41
0.000000
 42
0.000000
  0
VERTEX
  8
PIN_TOP
 10
13.634822
 20
26.560526
 40
0.000000
 41
0.000000
 42
0.000000
  0
VERTEX
  8
PIN_TOP
 10
14.142822
 20
26.560526
 40
0.000000
 41
0.000000
 42
0.000000
  0
SEQEND
  0
POLYLINE
  8
PIN_TOP
 66
1
 70
1
 40
0.000000
 41
0.000000
 39
0.000000
  0
VERTEX
  8
PIN_TOP
 10
14.142822
 20
26.966926
 40
0.000000
 41
0.000000
 42
0.000000
  0
VERTEX
  8
PIN_TOP
 10
13.634822
 20
26.966926
 40
0.000000
 41
0.000000
 42
0.000000
  0
VERTEX
  8
PIN_TOP
 10
13.634822
 20
27.474926
 40
0.000000
 41
0.000000
 42
0.000000
  0
VERTEX
  8
PIN_TOP
 10
14.142822
 20
27.474926
 40
0.000000
 41
0.000000
 42
0.000000
  0
SEQEND
  0
POLYLINE
  8
PG_SILKSCREEN_TOP
 66
1
 70
0
 40
0.000000
 41
0.000000
 39
0.000000
  0
VERTEX
  8
PG_SILKSCREEN_TOP
 10
13.533222
 20
27.580920
 40
0.101600
 41
0.101600
 42
0.000000
  0
VERTEX
  8
PG_SILKSCREEN_TOP
 10
14.244422
 20
27.580920
 40
0.101600
 41
0.101600
 42
0.000000
  0
SEQEND
  0
POLYLINE
  8
PG_SILKSCREEN_TOP
 66
1
 70
0
 40
0.000000
 41
0.000000
 39
0.000000
  0
VERTEX
  8
PG_SILKSCREEN_TOP
 10
13.533222
 20
26.966926
 40
0.101600
 41
0.101600
 42
0.000000
  0
VERTEX
  8
PG_SILKSCREEN_TOP
 10
13.533222
 20
27.576526
 40
0.101600
 41
0.101600
 42
0.000000
  0
SEQEND
  0
POLYLINE
  8
PG_SILKSCREEN_TOP
 66
1
 70
0
 40
0.000000
 41
0.000000
 39
0.000000
  0
VERTEX
  8
PG_SILKSCREEN_TOP
 10
14.244422
 20
27.576526
 40
0.101600
 41
0.101600
 42
0.000000
  0
VERTEX
  8
PG_SILKSCREEN_TOP
 10
14.244422
 20
26.992326
 40
0.101600
 41
0.101600
 42
0.000000
  0
SEQEND
  0
POLYLINE
  8
PG_SILKSCREEN_TOP
 66
1
 70
0
 40
0.000000
 41
0.000000
 39
0.000000
  0
VERTEX
  8
PG_SILKSCREEN_TOP
 10
14.244422
 20
25.946532
 40
0.101600
 41
0.101600
 42
0.000000
  0
VERTEX
  8
PG_SILKSCREEN_TOP
 10
14.244422
 20
26.556132
 40
0.101600
 41
0.101600
 42
0.000000
  0
SEQEND
  0
POLYLINE
  8
PG_SILKSCREEN_TOP
 66
1
 70
0
 40
0.000000
 41
0.000000
 39
0.000000
  0
VERTEX
  8
PG_SILKSCREEN_TOP
 10
13.533222
 20
25.946532
 40
0.101600
 41
0.101600
 42
0.000000
  0
VERTEX
  8
PG_SILKSCREEN_TOP
 10
14.244422
 20
25.946532
 40
0.101600
 41
0.101600
 42
0.000000
  0
SEQEND
  0
POLYLINE
  8
PG_SILKSCREEN_TOP
 66
1
 70
0
 40
0.000000
 41
0.000000
 39
0.000000
  0
VERTEX
  8
PG_SILKSCREEN_TOP
 10
13.533222
 20
25.946532
 40
0.101600
 41
0.101600
 42
0.000000
  0
VERTEX
  8
PG_SILKSCREEN_TOP
 10
13.533222
 20
26.556132
 40
0.101600
 41
0.101600
 42
0.000000
  0
SEQEND
  0
POLYLINE
  8
PIN_TOP
 66
1
 70
1
 40
0.000000
 41
0.000000
 39
0.000000
  0
VERTEX
  8
PIN_TOP
 10
13.611606
 20
68.955666
 40
0.000000
 41
0.000000
 42
0.000000
  0
VERTEX
  8
PIN_TOP
 10
13.611606
 20
68.447666
 40
0.000000
 41
0.000000
 42
0.000000
  0
VERTEX
  8
PIN_TOP
 10
13.103606
 20
68.447666
 40
0.000000
 41
0.000000
 42
0.000000
  0
VERTEX
  8
PIN_TOP
 10
13.103606
 20
68.955666
 40
0.000000
 41
0.000000
 42
0.000000
  0
SEQEND
  0
POLYLINE
  8
PIN_TOP
 66
1
 70
1
 40
0.000000
 41
0.000000
 39
0.000000
  0
VERTEX
  8
PIN_TOP
 10
12.697206
 20
68.955666
 40
0.000000
 41
0.000000
 42
0.000000
  0
VERTEX
  8
PIN_TOP
 10
12.697206
 20
68.447666
 40
0.000000
 41
0.000000
 42
0.000000
  0
VERTEX
  8
PIN_TOP
 10
12.189206
 20
68.447666
 40
0.000000
 41
0.000000
 42
0.000000
  0
VERTEX
  8
PIN_TOP
 10
12.189206
 20
68.955666
 40
0.000000
 41
0.000000
 42
0.000000
  0
SEQEND
  0
POLYLINE
  8
PG_SILKSCREEN_TOP
 66
1
 70
0
 40
0.000000
 41
0.000000
 39
0.000000
  0
VERTEX
  8
PG_SILKSCREEN_TOP
 10
12.083212
 20
68.346066
 40
0.101600
 41
0.101600
 42
0.000000
  0
VERTEX
  8
PG_SILKSCREEN_TOP
 10
12.083212
 20
69.057266
 40
0.101600
 41
0.101600
 42
0.000000
  0
SEQEND
  0
POLYLINE
  8
PG_SILKSCREEN_TOP
 66
1
 70
0
 40
0.000000
 41
0.000000
 39
0.000000
  0
VERTEX
  8
PG_SILKSCREEN_TOP
 10
12.697206
 20
68.346066
 40
0.101600
 41
0.101600
 42
0.000000
  0
VERTEX
  8
PG_SILKSCREEN_TOP
 10
12.087606
 20
68.346066
 40
0.101600
 41
0.101600
 42
0.000000
  0
SEQEND
  0
POLYLINE
  8
PG_SILKSCREEN_TOP
 66
1
 70
0
 40
0.000000
 41
0.000000
 39
0.000000
  0
VERTEX
  8
PG_SILKSCREEN_TOP
 10
12.087606
 20
69.057266
 40
0.101600
 41
0.101600
 42
0.000000
  0
VERTEX
  8
PG_SILKSCREEN_TOP
 10
12.671806
 20
69.057266
 40
0.101600
 41
0.101600
 42
0.000000
  0
SEQEND
  0
POLYLINE
  8
PG_SILKSCREEN_TOP
 66
1
 70
0
 40
0.000000
 41
0.000000
 39
0.000000
  0
VERTEX
  8
PG_SILKSCREEN_TOP
 10
13.717600
 20
69.057266
 40
0.101600
 41
0.101600
 42
0.000000
  0
VERTEX
  8
PG_SILKSCREEN_TOP
 10
13.108000
 20
69.057266
 40
0.101600
 41
0.101600
 42
0.000000
  0
SEQEND
  0
POLYLINE
  8
PG_SILKSCREEN_TOP
 66
1
 70
0
 40
0.000000
 41
0.000000
 39
0.000000
  0
VERTEX
  8
PG_SILKSCREEN_TOP
 10
13.717600
 20
68.346066
 40
0.101600
 41
0.101600
 42
0.000000
  0
VERTEX
  8
PG_SILKSCREEN_TOP
 10
13.717600
 20
69.057266
 40
0.101600
 41
0.101600
 42
0.000000
  0
SEQEND
  0
POLYLINE
  8
PG_SILKSCREEN_TOP
 66
1
 70
0
 40
0.000000
 41
0.000000
 39
0.000000
  0
VERTEX
  8
PG_SILKSCREEN_TOP
 10
13.717600
 20
68.346066
 40
0.101600
 41
0.101600
 42
0.000000
  0
VERTEX
  8
PG_SILKSCREEN_TOP
 10
13.108000
 20
68.346066
 40
0.101600
 41
0.101600
 42
0.000000
  0
SEQEND
  0
POLYLINE
  8
PIN_TOP
 66
1
 70
1
 40
0.000000
 41
0.000000
 39
0.000000
  0
VERTEX
  8
PIN_TOP
 10
59.584692
 20
68.844541
 40
0.000000
 41
0.000000
 42
0.000000
  0
VERTEX
  8
PIN_TOP
 10
59.584692
 20
68.336541
 40
0.000000
 41
0.000000
 42
0.000000
  0
VERTEX
  8
PIN_TOP
 10
59.076692
 20
68.336541
 40
0.000000
 41
0.000000
 42
0.000000
  0
VERTEX
  8
PIN_TOP
 10
59.076692
 20
68.844541
 40
0.000000
 41
0.000000
 42
0.000000
  0
SEQEND
  0
POLYLINE
  8
PIN_TOP
 66
1
 70
1
 40
0.000000
 41
0.000000
 39
0.000000
  0
VERTEX
  8
PIN_TOP
 10
58.670292
 20
68.844541
 40
0.000000
 41
0.000000
 42
0.000000
  0
VERTEX
  8
PIN_TOP
 10
58.670292
 20
68.336541
 40
0.000000
 41
0.000000
 42
0.000000
  0
VERTEX
  8
PIN_TOP
 10
58.162292
 20
68.336541
 40
0.000000
 41
0.000000
 42
0.000000
  0
VERTEX
  8
PIN_TOP
 10
58.162292
 20
68.844541
 40
0.000000
 41
0.000000
 42
0.000000
  0
SEQEND
  0
POLYLINE
  8
PG_SILKSCREEN_TOP
 66
1
 70
0
 40
0.000000
 41
0.000000
 39
0.000000
  0
VERTEX
  8
PG_SILKSCREEN_TOP
 10
58.056297
 20
68.234941
 40
0.101600
 41
0.101600
 42
0.000000
  0
VERTEX
  8
PG_SILKSCREEN_TOP
 10
58.056297
 20
68.946141
 40
0.101600
 41
0.101600
 42
0.000000
  0
SEQEND
  0
POLYLINE
  8
PG_SILKSCREEN_TOP
 66
1
 70
0
 40
0.000000
 41
0.000000
 39
0.000000
  0
VERTEX
  8
PG_SILKSCREEN_TOP
 10
58.670292
 20
68.234941
 40
0.101600
 41
0.101600
 42
0.000000
  0
VERTEX
  8
PG_SILKSCREEN_TOP
 10
58.060692
 20
68.234941
 40
0.101600
 41
0.101600
 42
0.000000
  0
SEQEND
  0
POLYLINE
  8
PG_SILKSCREEN_TOP
 66
1
 70
0
 40
0.000000
 41
0.000000
 39
0.000000
  0
VERTEX
  8
PG_SILKSCREEN_TOP
 10
58.060692
 20
68.946141
 40
0.101600
 41
0.101600
 42
0.000000
  0
VERTEX
  8
PG_SILKSCREEN_TOP
 10
58.644892
 20
68.946141
 40
0.101600
 41
0.101600
 42
0.000000
  0
SEQEND
  0
POLYLINE
  8
PG_SILKSCREEN_TOP
 66
1
 70
0
 40
0.000000
 41
0.000000
 39
0.000000
  0
VERTEX
  8
PG_SILKSCREEN_TOP
 10
59.690686
 20
68.946141
 40
0.101600
 41
0.101600
 42
0.000000
  0
VERTEX
  8
PG_SILKSCREEN_TOP
 10
59.081086
 20
68.946141
 40
0.101600
 41
0.101600
 42
0.000000
  0
SEQEND
  0
POLYLINE
  8
PG_SILKSCREEN_TOP
 66
1
 70
0
 40
0.000000
 41
0.000000
 39
0.000000
  0
VERTEX
  8
PG_SILKSCREEN_TOP
 10
59.690686
 20
68.234941
 40
0.101600
 41
0.101600
 42
0.000000
  0
VERTEX
  8
PG_SILKSCREEN_TOP
 10
59.690686
 20
68.946141
 40
0.101600
 41
0.101600
 42
0.000000
  0
SEQEND
  0
POLYLINE
  8
PG_SILKSCREEN_TOP
 66
1
 70
0
 40
0.000000
 41
0.000000
 39
0.000000
  0
VERTEX
  8
PG_SILKSCREEN_TOP
 10
59.690686
 20
68.234941
 40
0.101600
 41
0.101600
 42
0.000000
  0
VERTEX
  8
PG_SILKSCREEN_TOP
 10
59.081086
 20
68.234941
 40
0.101600
 41
0.101600
 42
0.000000
  0
SEQEND
  0
POLYLINE
  8
PIN_TOP
 66
1
 70
1
 40
0.000000
 41
0.000000
 39
0.000000
  0
VERTEX
  8
PIN_TOP
 10
73.974554
 20
67.323335
 40
0.000000
 41
0.000000
 42
0.000000
  0
VERTEX
  8
PIN_TOP
 10
73.974554
 20
66.815335
 40
0.000000
 41
0.000000
 42
0.000000
  0
VERTEX
  8
PIN_TOP
 10
73.466554
 20
66.815335
 40
0.000000
 41
0.000000
 42
0.000000
  0
VERTEX
  8
PIN_TOP
 10
73.466554
 20
67.323335
 40
0.000000
 41
0.000000
 42
0.000000
  0
SEQEND
  0
POLYLINE
  8
PIN_TOP
 66
1
 70
1
 40
0.000000
 41
0.000000
 39
0.000000
  0
VERTEX
  8
PIN_TOP
 10
73.060154
 20
67.323335
 40
0.000000
 41
0.000000
 42
0.000000
  0
VERTEX
  8
PIN_TOP
 10
73.060154
 20
66.815335
 40
0.000000
 41
0.000000
 42
0.000000
  0
VERTEX
  8
PIN_TOP
 10
72.552154
 20
66.815335
 40
0.000000
 41
0.000000
 42
0.000000
  0
VERTEX
  8
PIN_TOP
 10
72.552154
 20
67.323335
 40
0.000000
 41
0.000000
 42
0.000000
  0
SEQEND
  0
POLYLINE
  8
PG_SILKSCREEN_TOP
 66
1
 70
0
 40
0.000000
 41
0.000000
 39
0.000000
  0
VERTEX
  8
PG_SILKSCREEN_TOP
 10
72.446159
 20
66.713735
 40
0.101600
 41
0.101600
 42
0.000000
  0
VERTEX
  8
PG_SILKSCREEN_TOP
 10
72.446159
 20
67.424935
 40
0.101600
 41
0.101600
 42
0.000000
  0
SEQEND
  0
POLYLINE
  8
PG_SILKSCREEN_TOP
 66
1
 70
0
 40
0.000000
 41
0.000000
 39
0.000000
  0
VERTEX
  8
PG_SILKSCREEN_TOP
 10
73.060154
 20
66.713735
 40
0.101600
 41
0.101600
 42
0.000000
  0
VERTEX
  8
PG_SILKSCREEN_TOP
 10
72.450554
 20
66.713735
 40
0.101600
 41
0.101600
 42
0.000000
  0
SEQEND
  0
POLYLINE
  8
PG_SILKSCREEN_TOP
 66
1
 70
0
 40
0.000000
 41
0.000000
 39
0.000000
  0
VERTEX
  8
PG_SILKSCREEN_TOP
 10
72.450554
 20
67.424935
 40
0.101600
 41
0.101600
 42
0.000000
  0
VERTEX
  8
PG_SILKSCREEN_TOP
 10
73.034754
 20
67.424935
 40
0.101600
 41
0.101600
 42
0.000000
  0
SEQEND
  0
POLYLINE
  8
PG_SILKSCREEN_TOP
 66
1
 70
0
 40
0.000000
 41
0.000000
 39
0.000000
  0
VERTEX
  8
PG_SILKSCREEN_TOP
 10
74.080548
 20
67.424935
 40
0.101600
 41
0.101600
 42
0.000000
  0
VERTEX
  8
PG_SILKSCREEN_TOP
 10
73.470948
 20
67.424935
 40
0.101600
 41
0.101600
 42
0.000000
  0
SEQEND
  0
POLYLINE
  8
PG_SILKSCREEN_TOP
 66
1
 70
0
 40
0.000000
 41
0.000000
 39
0.000000
  0
VERTEX
  8
PG_SILKSCREEN_TOP
 10
74.080548
 20
66.713735
 40
0.101600
 41
0.101600
 42
0.000000
  0
VERTEX
  8
PG_SILKSCREEN_TOP
 10
74.080548
 20
67.424935
 40
0.101600
 41
0.101600
 42
0.000000
  0
SEQEND
  0
POLYLINE
  8
PG_SILKSCREEN_TOP
 66
1
 70
0
 40
0.000000
 41
0.000000
 39
0.000000
  0
VERTEX
  8
PG_SILKSCREEN_TOP
 10
74.080548
 20
66.713735
 40
0.101600
 41
0.101600
 42
0.000000
  0
VERTEX
  8
PG_SILKSCREEN_TOP
 10
73.470948
 20
66.713735
 40
0.101600
 41
0.101600
 42
0.000000
  0
SEQEND
  0
POLYLINE
  8
PIN_TOP
 66
1
 70
1
 40
0.000000
 41
0.000000
 39
0.000000
  0
VERTEX
  8
PIN_TOP
 10
62.227054
 20
5.546471
 40
0.000000
 41
0.000000
 42
0.000000
  0
VERTEX
  8
PIN_TOP
 10
62.227054
 20
6.054471
 40
0.000000
 41
0.000000
 42
0.000000
  0
VERTEX
  8
PIN_TOP
 10
62.735054
 20
6.054471
 40
0.000000
 41
0.000000
 42
0.000000
  0
VERTEX
  8
PIN_TOP
 10
62.735054
 20
5.546471
 40
0.000000
 41
0.000000
 42
0.000000
  0
SEQEND
  0
POLYLINE
  8
PIN_TOP
 66
1
 70
1
 40
0.000000
 41
0.000000
 39
0.000000
  0
VERTEX
  8
PIN_TOP
 10
63.141454
 20
5.546471
 40
0.000000
 41
0.000000
 42
0.000000
  0
VERTEX
  8
PIN_TOP
 10
63.141454
 20
6.054471
 40
0.000000
 41
0.000000
 42
0.000000
  0
VERTEX
  8
PIN_TOP
 10
63.649454
 20
6.054471
 40
0.000000
 41
0.000000
 42
0.000000
  0
VERTEX
  8
PIN_TOP
 10
63.649454
 20
5.546471
 40
0.000000
 41
0.000000
 42
0.000000
  0
SEQEND
  0
POLYLINE
  8
PG_SILKSCREEN_TOP
 66
1
 70
0
 40
0.000000
 41
0.000000
 39
0.000000
  0
VERTEX
  8
PG_SILKSCREEN_TOP
 10
63.755448
 20
6.156071
 40
0.101600
 41
0.101600
 42
0.000000
  0
VERTEX
  8
PG_SILKSCREEN_TOP
 10
63.755448
 20
5.444871
 40
0.101600
 41
0.101600
 42
0.000000
  0
SEQEND
  0
POLYLINE
  8
PG_SILKSCREEN_TOP
 66
1
 70
0
 40
0.000000
 41
0.000000
 39
0.000000
  0
VERTEX
  8
PG_SILKSCREEN_TOP
 10
63.141454
 20
6.156071
 40
0.101600
 41
0.101600
 42
0.000000
  0
VERTEX
  8
PG_SILKSCREEN_TOP
 10
63.751054
 20
6.156071
 40
0.101600
 41
0.101600
 42
0.000000
  0
SEQEND
  0
POLYLINE
  8
PG_SILKSCREEN_TOP
 66
1
 70
0
 40
0.000000
 41
0.000000
 39
0.000000
  0
VERTEX
  8
PG_SILKSCREEN_TOP
 10
63.751054
 20
5.444871
 40
0.101600
 41
0.101600
 42
0.000000
  0
VERTEX
  8
PG_SILKSCREEN_TOP
 10
63.166854
 20
5.444871
 40
0.101600
 41
0.101600
 42
0.000000
  0
SEQEND
  0
POLYLINE
  8
PG_SILKSCREEN_TOP
 66
1
 70
0
 40
0.000000
 41
0.000000
 39
0.000000
  0
VERTEX
  8
PG_SILKSCREEN_TOP
 10
62.121059
 20
5.444871
 40
0.101600
 41
0.101600
 42
0.000000
  0
VERTEX
  8
PG_SILKSCREEN_TOP
 10
62.730659
 20
5.444871
 40
0.101600
 41
0.101600
 42
0.000000
  0
SEQEND
  0
POLYLINE
  8
PG_SILKSCREEN_TOP
 66
1
 70
0
 40
0.000000
 41
0.000000
 39
0.000000
  0
VERTEX
  8
PG_SILKSCREEN_TOP
 10
62.121059
 20
6.156071
 40
0.101600
 41
0.101600
 42
0.000000
  0
VERTEX
  8
PG_SILKSCREEN_TOP
 10
62.121059
 20
5.444871
 40
0.101600
 41
0.101600
 42
0.000000
  0
SEQEND
  0
POLYLINE
  8
PG_SILKSCREEN_TOP
 66
1
 70
0
 40
0.000000
 41
0.000000
 39
0.000000
  0
VERTEX
  8
PG_SILKSCREEN_TOP
 10
62.121059
 20
6.156071
 40
0.101600
 41
0.101600
 42
0.000000
  0
VERTEX
  8
PG_SILKSCREEN_TOP
 10
62.730659
 20
6.156071
 40
0.101600
 41
0.101600
 42
0.000000
  0
SEQEND
  0
POLYLINE
  8
PIN_TOP
 66
1
 70
1
 40
0.000000
 41
0.000000
 39
0.000000
  0
VERTEX
  8
PIN_TOP
 10
13.654938
 20
69.801867
 40
0.000000
 41
0.000000
 42
0.000000
  0
VERTEX
  8
PIN_TOP
 10
13.654938
 20
69.293867
 40
0.000000
 41
0.000000
 42
0.000000
  0
VERTEX
  8
PIN_TOP
 10
13.146938
 20
69.293867
 40
0.000000
 41
0.000000
 42
0.000000
  0
VERTEX
  8
PIN_TOP
 10
13.146938
 20
69.801867
 40
0.000000
 41
0.000000
 42
0.000000
  0
SEQEND
  0
POLYLINE
  8
PIN_TOP
 66
1
 70
1
 40
0.000000
 41
0.000000
 39
0.000000
  0
VERTEX
  8
PIN_TOP
 10
12.740538
 20
69.801867
 40
0.000000
 41
0.000000
 42
0.000000
  0
VERTEX
  8
PIN_TOP
 10
12.740538
 20
69.293867
 40
0.000000
 41
0.000000
 42
0.000000
  0
VERTEX
  8
PIN_TOP
 10
12.232538
 20
69.293867
 40
0.000000
 41
0.000000
 42
0.000000
  0
VERTEX
  8
PIN_TOP
 10
12.232538
 20
69.801867
 40
0.000000
 41
0.000000
 42
0.000000
  0
SEQEND
  0
POLYLINE
  8
PG_SILKSCREEN_TOP
 66
1
 70
0
 40
0.000000
 41
0.000000
 39
0.000000
  0
VERTEX
  8
PG_SILKSCREEN_TOP
 10
12.126544
 20
69.192267
 40
0.101600
 41
0.101600
 42
0.000000
  0
VERTEX
  8
PG_SILKSCREEN_TOP
 10
12.126544
 20
69.903467
 40
0.101600
 41
0.101600
 42
0.000000
  0
SEQEND
  0
POLYLINE
  8
PG_SILKSCREEN_TOP
 66
1
 70
0
 40
0.000000
 41
0.000000
 39
0.000000
  0
VERTEX
  8
PG_SILKSCREEN_TOP
 10
12.740538
 20
69.192267
 40
0.101600
 41
0.101600
 42
0.000000
  0
VERTEX
  8
PG_SILKSCREEN_TOP
 10
12.130938
 20
69.192267
 40
0.101600
 41
0.101600
 42
0.000000
  0
SEQEND
  0
POLYLINE
  8
PG_SILKSCREEN_TOP
 66
1
 70
0
 40
0.000000
 41
0.000000
 39
0.000000
  0
VERTEX
  8
PG_SILKSCREEN_TOP
 10
12.130938
 20
69.903467
 40
0.101600
 41
0.101600
 42
0.000000
  0
VERTEX
  8
PG_SILKSCREEN_TOP
 10
12.715138
 20
69.903467
 40
0.101600
 41
0.101600
 42
0.000000
  0
SEQEND
  0
POLYLINE
  8
PG_SILKSCREEN_TOP
 66
1
 70
0
 40
0.000000
 41
0.000000
 39
0.000000
  0
VERTEX
  8
PG_SILKSCREEN_TOP
 10
13.760933
 20
69.903467
 40
0.101600
 41
0.101600
 42
0.000000
  0
VERTEX
  8
PG_SILKSCREEN_TOP
 10
13.151333
 20
69.903467
 40
0.101600
 41
0.101600
 42
0.000000
  0
SEQEND
  0
POLYLINE
  8
PG_SILKSCREEN_TOP
 66
1
 70
0
 40
0.000000
 41
0.000000
 39
0.000000
  0
VERTEX
  8
PG_SILKSCREEN_TOP
 10
13.760933
 20
69.192267
 40
0.101600
 41
0.101600
 42
0.000000
  0
VERTEX
  8
PG_SILKSCREEN_TOP
 10
13.760933
 20
69.903467
 40
0.101600
 41
0.101600
 42
0.000000
  0
SEQEND
  0
POLYLINE
  8
PG_SILKSCREEN_TOP
 66
1
 70
0
 40
0.000000
 41
0.000000
 39
0.000000
  0
VERTEX
  8
PG_SILKSCREEN_TOP
 10
13.760933
 20
69.192267
 40
0.101600
 41
0.101600
 42
0.000000
  0
VERTEX
  8
PG_SILKSCREEN_TOP
 10
13.151333
 20
69.192267
 40
0.101600
 41
0.101600
 42
0.000000
  0
SEQEND
  0
POLYLINE
  8
PIN_TOP
 66
1
 70
1
 40
0.000000
 41
0.000000
 39
0.000000
  0
VERTEX
  8
PIN_TOP
 10
2.524658
 20
69.269737
 40
0.000000
 41
0.000000
 42
0.000000
  0
VERTEX
  8
PIN_TOP
 10
2.524658
 20
68.761737
 40
0.000000
 41
0.000000
 42
0.000000
  0
VERTEX
  8
PIN_TOP
 10
2.016658
 20
68.761737
 40
0.000000
 41
0.000000
 42
0.000000
  0
VERTEX
  8
PIN_TOP
 10
2.016658
 20
69.269737
 40
0.000000
 41
0.000000
 42
0.000000
  0
SEQEND
  0
POLYLINE
  8
PIN_TOP
 66
1
 70
1
 40
0.000000
 41
0.000000
 39
0.000000
  0
VERTEX
  8
PIN_TOP
 10
1.610258
 20
69.269737
 40
0.000000
 41
0.000000
 42
0.000000
  0
VERTEX
  8
PIN_TOP
 10
1.610258
 20
68.761737
 40
0.000000
 41
0.000000
 42
0.000000
  0
VERTEX
  8
PIN_TOP
 10
1.102258
 20
68.761737
 40
0.000000
 41
0.000000
 42
0.000000
  0
VERTEX
  8
PIN_TOP
 10
1.102258
 20
69.269737
 40
0.000000
 41
0.000000
 42
0.000000
  0
SEQEND
  0
POLYLINE
  8
PG_SILKSCREEN_TOP
 66
1
 70
0
 40
0.000000
 41
0.000000
 39
0.000000
  0
VERTEX
  8
PG_SILKSCREEN_TOP
 10
0.996264
 20
68.660137
 40
0.101600
 41
0.101600
 42
0.000000
  0
VERTEX
  8
PG_SILKSCREEN_TOP
 10
0.996264
 20
69.371337
 40
0.101600
 41
0.101600
 42
0.000000
  0
SEQEND
  0
POLYLINE
  8
PG_SILKSCREEN_TOP
 66
1
 70
0
 40
0.000000
 41
0.000000
 39
0.000000
  0
VERTEX
  8
PG_SILKSCREEN_TOP
 10
1.610258
 20
68.660137
 40
0.101600
 41
0.101600
 42
0.000000
  0
VERTEX
  8
PG_SILKSCREEN_TOP
 10
1.000658
 20
68.660137
 40
0.101600
 41
0.101600
 42
0.000000
  0
SEQEND
  0
POLYLINE
  8
PG_SILKSCREEN_TOP
 66
1
 70
0
 40
0.000000
 41
0.000000
 39
0.000000
  0
VERTEX
  8
PG_SILKSCREEN_TOP
 10
1.000658
 20
69.371337
 40
0.101600
 41
0.101600
 42
0.000000
  0
VERTEX
  8
PG_SILKSCREEN_TOP
 10
1.584858
 20
69.371337
 40
0.101600
 41
0.101600
 42
0.000000
  0
SEQEND
  0
POLYLINE
  8
PG_SILKSCREEN_TOP
 66
1
 70
0
 40
0.000000
 41
0.000000
 39
0.000000
  0
VERTEX
  8
PG_SILKSCREEN_TOP
 10
2.630653
 20
69.371337
 40
0.101600
 41
0.101600
 42
0.000000
  0
VERTEX
  8
PG_SILKSCREEN_TOP
 10
2.021053
 20
69.371337
 40
0.101600
 41
0.101600
 42
0.000000
  0
SEQEND
  0
POLYLINE
  8
PG_SILKSCREEN_TOP
 66
1
 70
0
 40
0.000000
 41
0.000000
 39
0.000000
  0
VERTEX
  8
PG_SILKSCREEN_TOP
 10
2.630653
 20
68.660137
 40
0.101600
 41
0.101600
 42
0.000000
  0
VERTEX
  8
PG_SILKSCREEN_TOP
 10
2.630653
 20
69.371337
 40
0.101600
 41
0.101600
 42
0.000000
  0
SEQEND
  0
POLYLINE
  8
PG_SILKSCREEN_TOP
 66
1
 70
0
 40
0.000000
 41
0.000000
 39
0.000000
  0
VERTEX
  8
PG_SILKSCREEN_TOP
 10
2.630653
 20
68.660137
 40
0.101600
 41
0.101600
 42
0.000000
  0
VERTEX
  8
PG_SILKSCREEN_TOP
 10
2.021053
 20
68.660137
 40
0.101600
 41
0.101600
 42
0.000000
  0
SEQEND
  0
POLYLINE
  8
PIN_TOP
 66
1
 70
1
 40
0.000000
 41
0.000000
 39
0.000000
  0
VERTEX
  8
PIN_TOP
 10
58.162292
 20
69.229605
 40
0.000000
 41
0.000000
 42
0.000000
  0
VERTEX
  8
PIN_TOP
 10
58.162292
 20
69.737605
 40
0.000000
 41
0.000000
 42
0.000000
  0
VERTEX
  8
PIN_TOP
 10
58.670292
 20
69.737605
 40
0.000000
 41
0.000000
 42
0.000000
  0
VERTEX
  8
PIN_TOP
 10
58.670292
 20
69.229605
 40
0.000000
 41
0.000000
 42
0.000000
  0
SEQEND
  0
POLYLINE
  8
PIN_TOP
 66
1
 70
1
 40
0.000000
 41
0.000000
 39
0.000000
  0
VERTEX
  8
PIN_TOP
 10
59.076692
 20
69.229605
 40
0.000000
 41
0.000000
 42
0.000000
  0
VERTEX
  8
PIN_TOP
 10
59.076692
 20
69.737605
 40
0.000000
 41
0.000000
 42
0.000000
  0
VERTEX
  8
PIN_TOP
 10
59.584692
 20
69.737605
 40
0.000000
 41
0.000000
 42
0.000000
  0
VERTEX
  8
PIN_TOP
 10
59.584692
 20
69.229605
 40
0.000000
 41
0.000000
 42
0.000000
  0
SEQEND
  0
POLYLINE
  8
PG_SILKSCREEN_TOP
 66
1
 70
0
 40
0.000000
 41
0.000000
 39
0.000000
  0
VERTEX
  8
PG_SILKSCREEN_TOP
 10
59.690686
 20
69.839205
 40
0.101600
 41
0.101600
 42
0.000000
  0
VERTEX
  8
PG_SILKSCREEN_TOP
 10
59.690686
 20
69.128005
 40
0.101600
 41
0.101600
 42
0.000000
  0
SEQEND
  0
POLYLINE
  8
PG_SILKSCREEN_TOP
 66
1
 70
0
 40
0.000000
 41
0.000000
 39
0.000000
  0
VERTEX
  8
PG_SILKSCREEN_TOP
 10
59.076692
 20
69.839205
 40
0.101600
 41
0.101600
 42
0.000000
  0
VERTEX
  8
PG_SILKSCREEN_TOP
 10
59.686292
 20
69.839205
 40
0.101600
 41
0.101600
 42
0.000000
  0
SEQEND
  0
POLYLINE
  8
PG_SILKSCREEN_TOP
 66
1
 70
0
 40
0.000000
 41
0.000000
 39
0.000000
  0
VERTEX
  8
PG_SILKSCREEN_TOP
 10
59.686292
 20
69.128005
 40
0.101600
 41
0.101600
 42
0.000000
  0
VERTEX
  8
PG_SILKSCREEN_TOP
 10
59.102092
 20
69.128005
 40
0.101600
 41
0.101600
 42
0.000000
  0
SEQEND
  0
POLYLINE
  8
PG_SILKSCREEN_TOP
 66
1
 70
0
 40
0.000000
 41
0.000000
 39
0.000000
  0
VERTEX
  8
PG_SILKSCREEN_TOP
 10
58.056297
 20
69.128005
 40
0.101600
 41
0.101600
 42
0.000000
  0
VERTEX
  8
PG_SILKSCREEN_TOP
 10
58.665897
 20
69.128005
 40
0.101600
 41
0.101600
 42
0.000000
  0
SEQEND
  0
POLYLINE
  8
PG_SILKSCREEN_TOP
 66
1
 70
0
 40
0.000000
 41
0.000000
 39
0.000000
  0
VERTEX
  8
PG_SILKSCREEN_TOP
 10
58.056297
 20
69.839205
 40
0.101600
 41
0.101600
 42
0.000000
  0
VERTEX
  8
PG_SILKSCREEN_TOP
 10
58.056297
 20
69.128005
 40
0.101600
 41
0.101600
 42
0.000000
  0
SEQEND
  0
POLYLINE
  8
PG_SILKSCREEN_TOP
 66
1
 70
0
 40
0.000000
 41
0.000000
 39
0.000000
  0
VERTEX
  8
PG_SILKSCREEN_TOP
 10
58.056297
 20
69.839205
 40
0.101600
 41
0.101600
 42
0.000000
  0
VERTEX
  8
PG_SILKSCREEN_TOP
 10
58.665897
 20
69.839205
 40
0.101600
 41
0.101600
 42
0.000000
  0
SEQEND
  0
POLYLINE
  8
PIN_TOP
 66
1
 70
1
 40
0.000000
 41
0.000000
 39
0.000000
  0
VERTEX
  8
PIN_TOP
 10
72.552154
 20
67.708399
 40
0.000000
 41
0.000000
 42
0.000000
  0
VERTEX
  8
PIN_TOP
 10
72.552154
 20
68.216399
 40
0.000000
 41
0.000000
 42
0.000000
  0
VERTEX
  8
PIN_TOP
 10
73.060154
 20
68.216399
 40
0.000000
 41
0.000000
 42
0.000000
  0
VERTEX
  8
PIN_TOP
 10
73.060154
 20
67.708399
 40
0.000000
 41
0.000000
 42
0.000000
  0
SEQEND
  0
POLYLINE
  8
PIN_TOP
 66
1
 70
1
 40
0.000000
 41
0.000000
 39
0.000000
  0
VERTEX
  8
PIN_TOP
 10
73.466554
 20
67.708399
 40
0.000000
 41
0.000000
 42
0.000000
  0
VERTEX
  8
PIN_TOP
 10
73.466554
 20
68.216399
 40
0.000000
 41
0.000000
 42
0.000000
  0
VERTEX
  8
PIN_TOP
 10
73.974554
 20
68.216399
 40
0.000000
 41
0.000000
 42
0.000000
  0
VERTEX
  8
PIN_TOP
 10
73.974554
 20
67.708399
 40
0.000000
 41
0.000000
 42
0.000000
  0
SEQEND
  0
POLYLINE
  8
PG_SILKSCREEN_TOP
 66
1
 70
0
 40
0.000000
 41
0.000000
 39
0.000000
  0
VERTEX
  8
PG_SILKSCREEN_TOP
 10
74.080548
 20
68.317999
 40
0.101600
 41
0.101600
 42
0.000000
  0
VERTEX
  8
PG_SILKSCREEN_TOP
 10
74.080548
 20
67.606799
 40
0.101600
 41
0.101600
 42
0.000000
  0
SEQEND
  0
POLYLINE
  8
PG_SILKSCREEN_TOP
 66
1
 70
0
 40
0.000000
 41
0.000000
 39
0.000000
  0
VERTEX
  8
PG_SILKSCREEN_TOP
 10
73.466554
 20
68.317999
 40
0.101600
 41
0.101600
 42
0.000000
  0
VERTEX
  8
PG_SILKSCREEN_TOP
 10
74.076154
 20
68.317999
 40
0.101600
 41
0.101600
 42
0.000000
  0
SEQEND
  0
POLYLINE
  8
PG_SILKSCREEN_TOP
 66
1
 70
0
 40
0.000000
 41
0.000000
 39
0.000000
  0
VERTEX
  8
PG_SILKSCREEN_TOP
 10
74.076154
 20
67.606799
 40
0.101600
 41
0.101600
 42
0.000000
  0
VERTEX
  8
PG_SILKSCREEN_TOP
 10
73.491954
 20
67.606799
 40
0.101600
 41
0.101600
 42
0.000000
  0
SEQEND
  0
POLYLINE
  8
PG_SILKSCREEN_TOP
 66
1
 70
0
 40
0.000000
 41
0.000000
 39
0.000000
  0
VERTEX
  8
PG_SILKSCREEN_TOP
 10
72.446159
 20
67.606799
 40
0.101600
 41
0.101600
 42
0.000000
  0
VERTEX
  8
PG_SILKSCREEN_TOP
 10
73.055759
 20
67.606799
 40
0.101600
 41
0.101600
 42
0.000000
  0
SEQEND
  0
POLYLINE
  8
PG_SILKSCREEN_TOP
 66
1
 70
0
 40
0.000000
 41
0.000000
 39
0.000000
  0
VERTEX
  8
PG_SILKSCREEN_TOP
 10
72.446159
 20
68.317999
 40
0.101600
 41
0.101600
 42
0.000000
  0
VERTEX
  8
PG_SILKSCREEN_TOP
 10
72.446159
 20
67.606799
 40
0.101600
 41
0.101600
 42
0.000000
  0
SEQEND
  0
POLYLINE
  8
PG_SILKSCREEN_TOP
 66
1
 70
0
 40
0.000000
 41
0.000000
 39
0.000000
  0
VERTEX
  8
PG_SILKSCREEN_TOP
 10
72.446159
 20
68.317999
 40
0.101600
 41
0.101600
 42
0.000000
  0
VERTEX
  8
PG_SILKSCREEN_TOP
 10
73.055759
 20
68.317999
 40
0.101600
 41
0.101600
 42
0.000000
  0
SEQEND
  0
POLYLINE
  8
PIN_TOP
 66
1
 70
1
 40
0.000000
 41
0.000000
 39
0.000000
  0
VERTEX
  8
PIN_TOP
 10
13.683132
 20
71.878063
 40
0.000000
 41
0.000000
 42
0.000000
  0
VERTEX
  8
PIN_TOP
 10
13.683132
 20
71.370063
 40
0.000000
 41
0.000000
 42
0.000000
  0
VERTEX
  8
PIN_TOP
 10
13.175132
 20
71.370063
 40
0.000000
 41
0.000000
 42
0.000000
  0
VERTEX
  8
PIN_TOP
 10
13.175132
 20
71.878063
 40
0.000000
 41
0.000000
 42
0.000000
  0
SEQEND
  0
POLYLINE
  8
PIN_TOP
 66
1
 70
1
 40
0.000000
 41
0.000000
 39
0.000000
  0
VERTEX
  8
PIN_TOP
 10
12.768732
 20
71.878063
 40
0.000000
 41
0.000000
 42
0.000000
  0
VERTEX
  8
PIN_TOP
 10
12.768732
 20
71.370063
 40
0.000000
 41
0.000000
 42
0.000000
  0
VERTEX
  8
PIN_TOP
 10
12.260732
 20
71.370063
 40
0.000000
 41
0.000000
 42
0.000000
  0
VERTEX
  8
PIN_TOP
 10
12.260732
 20
71.878063
 40
0.000000
 41
0.000000
 42
0.000000
  0
SEQEND
  0
POLYLINE
  8
PG_SILKSCREEN_TOP
 66
1
 70
0
 40
0.000000
 41
0.000000
 39
0.000000
  0
VERTEX
  8
PG_SILKSCREEN_TOP
 10
12.154738
 20
71.268463
 40
0.101600
 41
0.101600
 42
0.000000
  0
VERTEX
  8
PG_SILKSCREEN_TOP
 10
12.154738
 20
71.979663
 40
0.101600
 41
0.101600
 42
0.000000
  0
SEQEND
  0
POLYLINE
  8
PG_SILKSCREEN_TOP
 66
1
 70
0
 40
0.000000
 41
0.000000
 39
0.000000
  0
VERTEX
  8
PG_SILKSCREEN_TOP
 10
12.768732
 20
71.268463
 40
0.101600
 41
0.101600
 42
0.000000
  0
VERTEX
  8
PG_SILKSCREEN_TOP
 10
12.159132
 20
71.268463
 40
0.101600
 41
0.101600
 42
0.000000
  0
SEQEND
  0
POLYLINE
  8
PG_SILKSCREEN_TOP
 66
1
 70
0
 40
0.000000
 41
0.000000
 39
0.000000
  0
VERTEX
  8
PG_SILKSCREEN_TOP
 10
12.159132
 20
71.979663
 40
0.101600
 41
0.101600
 42
0.000000
  0
VERTEX
  8
PG_SILKSCREEN_TOP
 10
12.743332
 20
71.979663
 40
0.101600
 41
0.101600
 42
0.000000
  0
SEQEND
  0
POLYLINE
  8
PG_SILKSCREEN_TOP
 66
1
 70
0
 40
0.000000
 41
0.000000
 39
0.000000
  0
VERTEX
  8
PG_SILKSCREEN_TOP
 10
13.789127
 20
71.979663
 40
0.101600
 41
0.101600
 42
0.000000
  0
VERTEX
  8
PG_SILKSCREEN_TOP
 10
13.179527
 20
71.979663
 40
0.101600
 41
0.101600
 42
0.000000
  0
SEQEND
  0
POLYLINE
  8
PG_SILKSCREEN_TOP
 66
1
 70
0
 40
0.000000
 41
0.000000
 39
0.000000
  0
VERTEX
  8
PG_SILKSCREEN_TOP
 10
13.789127
 20
71.268463
 40
0.101600
 41
0.101600
 42
0.000000
  0
VERTEX
  8
PG_SILKSCREEN_TOP
 10
13.789127
 20
71.979663
 40
0.101600
 41
0.101600
 42
0.000000
  0
SEQEND
  0
POLYLINE
  8
PG_SILKSCREEN_TOP
 66
1
 70
0
 40
0.000000
 41
0.000000
 39
0.000000
  0
VERTEX
  8
PG_SILKSCREEN_TOP
 10
13.789127
 20
71.268463
 40
0.101600
 41
0.101600
 42
0.000000
  0
VERTEX
  8
PG_SILKSCREEN_TOP
 10
13.179527
 20
71.268463
 40
0.101600
 41
0.101600
 42
0.000000
  0
SEQEND
  0
POLYLINE
  8
PIN_TOP
 66
1
 70
1
 40
0.000000
 41
0.000000
 39
0.000000
  0
VERTEX
  8
PIN_TOP
 10
22.987610
 20
66.151125
 40
0.000000
 41
0.000000
 42
0.000000
  0
VERTEX
  8
PIN_TOP
 10
22.987610
 20
66.659125
 40
0.000000
 41
0.000000
 42
0.000000
  0
VERTEX
  8
PIN_TOP
 10
23.495610
 20
66.659125
 40
0.000000
 41
0.000000
 42
0.000000
  0
VERTEX
  8
PIN_TOP
 10
23.495610
 20
66.151125
 40
0.000000
 41
0.000000
 42
0.000000
  0
SEQEND
  0
POLYLINE
  8
PIN_TOP
 66
1
 70
1
 40
0.000000
 41
0.000000
 39
0.000000
  0
VERTEX
  8
PIN_TOP
 10
23.902010
 20
66.151125
 40
0.000000
 41
0.000000
 42
0.000000
  0
VERTEX
  8
PIN_TOP
 10
23.902010
 20
66.659125
 40
0.000000
 41
0.000000
 42
0.000000
  0
VERTEX
  8
PIN_TOP
 10
24.410010
 20
66.659125
 40
0.000000
 41
0.000000
 42
0.000000
  0
VERTEX
  8
PIN_TOP
 10
24.410010
 20
66.151125
 40
0.000000
 41
0.000000
 42
0.000000
  0
SEQEND
  0
POLYLINE
  8
PG_SILKSCREEN_TOP
 66
1
 70
0
 40
0.000000
 41
0.000000
 39
0.000000
  0
VERTEX
  8
PG_SILKSCREEN_TOP
 10
24.516004
 20
66.760725
 40
0.101600
 41
0.101600
 42
0.000000
  0
VERTEX
  8
PG_SILKSCREEN_TOP
 10
24.516004
 20
66.049525
 40
0.101600
 41
0.101600
 42
0.000000
  0
SEQEND
  0
POLYLINE
  8
PG_SILKSCREEN_TOP
 66
1
 70
0
 40
0.000000
 41
0.000000
 39
0.000000
  0
VERTEX
  8
PG_SILKSCREEN_TOP
 10
23.902010
 20
66.760725
 40
0.101600
 41
0.101600
 42
0.000000
  0
VERTEX
  8
PG_SILKSCREEN_TOP
 10
24.511610
 20
66.760725
 40
0.101600
 41
0.101600
 42
0.000000
  0
SEQEND
  0
POLYLINE
  8
PG_SILKSCREEN_TOP
 66
1
 70
0
 40
0.000000
 41
0.000000
 39
0.000000
  0
VERTEX
  8
PG_SILKSCREEN_TOP
 10
24.511610
 20
66.049525
 40
0.101600
 41
0.101600
 42
0.000000
  0
VERTEX
  8
PG_SILKSCREEN_TOP
 10
23.927410
 20
66.049525
 40
0.101600
 41
0.101600
 42
0.000000
  0
SEQEND
  0
POLYLINE
  8
PG_SILKSCREEN_TOP
 66
1
 70
0
 40
0.000000
 41
0.000000
 39
0.000000
  0
VERTEX
  8
PG_SILKSCREEN_TOP
 10
22.881615
 20
66.049525
 40
0.101600
 41
0.101600
 42
0.000000
  0
VERTEX
  8
PG_SILKSCREEN_TOP
 10
23.491215
 20
66.049525
 40
0.101600
 41
0.101600
 42
0.000000
  0
SEQEND
  0
POLYLINE
  8
PG_SILKSCREEN_TOP
 66
1
 70
0
 40
0.000000
 41
0.000000
 39
0.000000
  0
VERTEX
  8
PG_SILKSCREEN_TOP
 10
22.881615
 20
66.760725
 40
0.101600
 41
0.101600
 42
0.000000
  0
VERTEX
  8
PG_SILKSCREEN_TOP
 10
22.881615
 20
66.049525
 40
0.101600
 41
0.101600
 42
0.000000
  0
SEQEND
  0
POLYLINE
  8
PG_SILKSCREEN_TOP
 66
1
 70
0
 40
0.000000
 41
0.000000
 39
0.000000
  0
VERTEX
  8
PG_SILKSCREEN_TOP
 10
22.881615
 20
66.760725
 40
0.101600
 41
0.101600
 42
0.000000
  0
VERTEX
  8
PG_SILKSCREEN_TOP
 10
23.491215
 20
66.760725
 40
0.101600
 41
0.101600
 42
0.000000
  0
SEQEND
  0
POLYLINE
  8
PIN_TOP
 66
1
 70
1
 40
0.000000
 41
0.000000
 39
0.000000
  0
VERTEX
  8
PIN_TOP
 10
22.987610
 20
67.014090
 40
0.000000
 41
0.000000
 42
0.000000
  0
VERTEX
  8
PIN_TOP
 10
22.987610
 20
67.522090
 40
0.000000
 41
0.000000
 42
0.000000
  0
VERTEX
  8
PIN_TOP
 10
23.495610
 20
67.522090
 40
0.000000
 41
0.000000
 42
0.000000
  0
VERTEX
  8
PIN_TOP
 10
23.495610
 20
67.014090
 40
0.000000
 41
0.000000
 42
0.000000
  0
SEQEND
  0
POLYLINE
  8
PIN_TOP
 66
1
 70
1
 40
0.000000
 41
0.000000
 39
0.000000
  0
VERTEX
  8
PIN_TOP
 10
23.902010
 20
67.014090
 40
0.000000
 41
0.000000
 42
0.000000
  0
VERTEX
  8
PIN_TOP
 10
23.902010
 20
67.522090
 40
0.000000
 41
0.000000
 42
0.000000
  0
VERTEX
  8
PIN_TOP
 10
24.410010
 20
67.522090
 40
0.000000
 41
0.000000
 42
0.000000
  0
VERTEX
  8
PIN_TOP
 10
24.410010
 20
67.014090
 40
0.000000
 41
0.000000
 42
0.000000
  0
SEQEND
  0
POLYLINE
  8
PG_SILKSCREEN_TOP
 66
1
 70
0
 40
0.000000
 41
0.000000
 39
0.000000
  0
VERTEX
  8
PG_SILKSCREEN_TOP
 10
24.516004
 20
67.623690
 40
0.101600
 41
0.101600
 42
0.000000
  0
VERTEX
  8
PG_SILKSCREEN_TOP
 10
24.516004
 20
66.912490
 40
0.101600
 41
0.101600
 42
0.000000
  0
SEQEND
  0
POLYLINE
  8
PG_SILKSCREEN_TOP
 66
1
 70
0
 40
0.000000
 41
0.000000
 39
0.000000
  0
VERTEX
  8
PG_SILKSCREEN_TOP
 10
23.902010
 20
67.623690
 40
0.101600
 41
0.101600
 42
0.000000
  0
VERTEX
  8
PG_SILKSCREEN_TOP
 10
24.511610
 20
67.623690
 40
0.101600
 41
0.101600
 42
0.000000
  0
SEQEND
  0
POLYLINE
  8
PG_SILKSCREEN_TOP
 66
1
 70
0
 40
0.000000
 41
0.000000
 39
0.000000
  0
VERTEX
  8
PG_SILKSCREEN_TOP
 10
24.511610
 20
66.912490
 40
0.101600
 41
0.101600
 42
0.000000
  0
VERTEX
  8
PG_SILKSCREEN_TOP
 10
23.927410
 20
66.912490
 40
0.101600
 41
0.101600
 42
0.000000
  0
SEQEND
  0
POLYLINE
  8
PG_SILKSCREEN_TOP
 66
1
 70
0
 40
0.000000
 41
0.000000
 39
0.000000
  0
VERTEX
  8
PG_SILKSCREEN_TOP
 10
22.881615
 20
66.912490
 40
0.101600
 41
0.101600
 42
0.000000
  0
VERTEX
  8
PG_SILKSCREEN_TOP
 10
23.491215
 20
66.912490
 40
0.101600
 41
0.101600
 42
0.000000
  0
SEQEND
  0
POLYLINE
  8
PG_SILKSCREEN_TOP
 66
1
 70
0
 40
0.000000
 41
0.000000
 39
0.000000
  0
VERTEX
  8
PG_SILKSCREEN_TOP
 10
22.881615
 20
67.623690
 40
0.101600
 41
0.101600
 42
0.000000
  0
VERTEX
  8
PG_SILKSCREEN_TOP
 10
22.881615
 20
66.912490
 40
0.101600
 41
0.101600
 42
0.000000
  0
SEQEND
  0
POLYLINE
  8
PG_SILKSCREEN_TOP
 66
1
 70
0
 40
0.000000
 41
0.000000
 39
0.000000
  0
VERTEX
  8
PG_SILKSCREEN_TOP
 10
22.881615
 20
67.623690
 40
0.101600
 41
0.101600
 42
0.000000
  0
VERTEX
  8
PG_SILKSCREEN_TOP
 10
23.491215
 20
67.623690
 40
0.101600
 41
0.101600
 42
0.000000
  0
SEQEND
  0
POLYLINE
  8
PIN_TOP
 66
1
 70
1
 40
0.000000
 41
0.000000
 39
0.000000
  0
VERTEX
  8
PIN_TOP
 10
22.987610
 20
67.877055
 40
0.000000
 41
0.000000
 42
0.000000
  0
VERTEX
  8
PIN_TOP
 10
22.987610
 20
68.385055
 40
0.000000
 41
0.000000
 42
0.000000
  0
VERTEX
  8
PIN_TOP
 10
23.495610
 20
68.385055
 40
0.000000
 41
0.000000
 42
0.000000
  0
VERTEX
  8
PIN_TOP
 10
23.495610
 20
67.877055
 40
0.000000
 41
0.000000
 42
0.000000
  0
SEQEND
  0
POLYLINE
  8
PIN_TOP
 66
1
 70
1
 40
0.000000
 41
0.000000
 39
0.000000
  0
VERTEX
  8
PIN_TOP
 10
23.902010
 20
67.877055
 40
0.000000
 41
0.000000
 42
0.000000
  0
VERTEX
  8
PIN_TOP
 10
23.902010
 20
68.385055
 40
0.000000
 41
0.000000
 42
0.000000
  0
VERTEX
  8
PIN_TOP
 10
24.410010
 20
68.385055
 40
0.000000
 41
0.000000
 42
0.000000
  0
VERTEX
  8
PIN_TOP
 10
24.410010
 20
67.877055
 40
0.000000
 41
0.000000
 42
0.000000
  0
SEQEND
  0
POLYLINE
  8
PG_SILKSCREEN_TOP
 66
1
 70
0
 40
0.000000
 41
0.000000
 39
0.000000
  0
VERTEX
  8
PG_SILKSCREEN_TOP
 10
24.516004
 20
68.486655
 40
0.101600
 41
0.101600
 42
0.000000
  0
VERTEX
  8
PG_SILKSCREEN_TOP
 10
24.516004
 20
67.775455
 40
0.101600
 41
0.101600
 42
0.000000
  0
SEQEND
  0
POLYLINE
  8
PG_SILKSCREEN_TOP
 66
1
 70
0
 40
0.000000
 41
0.000000
 39
0.000000
  0
VERTEX
  8
PG_SILKSCREEN_TOP
 10
23.902010
 20
68.486655
 40
0.101600
 41
0.101600
 42
0.000000
  0
VERTEX
  8
PG_SILKSCREEN_TOP
 10
24.511610
 20
68.486655
 40
0.101600
 41
0.101600
 42
0.000000
  0
SEQEND
  0
POLYLINE
  8
PG_SILKSCREEN_TOP
 66
1
 70
0
 40
0.000000
 41
0.000000
 39
0.000000
  0
VERTEX
  8
PG_SILKSCREEN_TOP
 10
24.511610
 20
67.775455
 40
0.101600
 41
0.101600
 42
0.000000
  0
VERTEX
  8
PG_SILKSCREEN_TOP
 10
23.927410
 20
67.775455
 40
0.101600
 41
0.101600
 42
0.000000
  0
SEQEND
  0
POLYLINE
  8
PG_SILKSCREEN_TOP
 66
1
 70
0
 40
0.000000
 41
0.000000
 39
0.000000
  0
VERTEX
  8
PG_SILKSCREEN_TOP
 10
22.881615
 20
67.775455
 40
0.101600
 41
0.101600
 42
0.000000
  0
VERTEX
  8
PG_SILKSCREEN_TOP
 10
23.491215
 20
67.775455
 40
0.101600
 41
0.101600
 42
0.000000
  0
SEQEND
  0
POLYLINE
  8
PG_SILKSCREEN_TOP
 66
1
 70
0
 40
0.000000
 41
0.000000
 39
0.000000
  0
VERTEX
  8
PG_SILKSCREEN_TOP
 10
22.881615
 20
68.486655
 40
0.101600
 41
0.101600
 42
0.000000
  0
VERTEX
  8
PG_SILKSCREEN_TOP
 10
22.881615
 20
67.775455
 40
0.101600
 41
0.101600
 42
0.000000
  0
SEQEND
  0
POLYLINE
  8
PG_SILKSCREEN_TOP
 66
1
 70
0
 40
0.000000
 41
0.000000
 39
0.000000
  0
VERTEX
  8
PG_SILKSCREEN_TOP
 10
22.881615
 20
68.486655
 40
0.101600
 41
0.101600
 42
0.000000
  0
VERTEX
  8
PG_SILKSCREEN_TOP
 10
23.491215
 20
68.486655
 40
0.101600
 41
0.101600
 42
0.000000
  0
SEQEND
  0
POLYLINE
  8
PIN_TOP
 66
1
 70
1
 40
0.000000
 41
0.000000
 39
0.000000
  0
VERTEX
  8
PIN_TOP
 10
2.569718
 20
70.995540
 40
0.000000
 41
0.000000
 42
0.000000
  0
VERTEX
  8
PIN_TOP
 10
2.569718
 20
70.487540
 40
0.000000
 41
0.000000
 42
0.000000
  0
VERTEX
  8
PIN_TOP
 10
2.061718
 20
70.487540
 40
0.000000
 41
0.000000
 42
0.000000
  0
VERTEX
  8
PIN_TOP
 10
2.061718
 20
70.995540
 40
0.000000
 41
0.000000
 42
0.000000
  0
SEQEND
  0
POLYLINE
  8
PIN_TOP
 66
1
 70
1
 40
0.000000
 41
0.000000
 39
0.000000
  0
VERTEX
  8
PIN_TOP
 10
1.655318
 20
70.995540
 40
0.000000
 41
0.000000
 42
0.000000
  0
VERTEX
  8
PIN_TOP
 10
1.655318
 20
70.487540
 40
0.000000
 41
0.000000
 42
0.000000
  0
VERTEX
  8
PIN_TOP
 10
1.147318
 20
70.487540
 40
0.000000
 41
0.000000
 42
0.000000
  0
VERTEX
  8
PIN_TOP
 10
1.147318
 20
70.995540
 40
0.000000
 41
0.000000
 42
0.000000
  0
SEQEND
  0
POLYLINE
  8
PG_SILKSCREEN_TOP
 66
1
 70
0
 40
0.000000
 41
0.000000
 39
0.000000
  0
VERTEX
  8
PG_SILKSCREEN_TOP
 10
1.041324
 20
70.385940
 40
0.101600
 41
0.101600
 42
0.000000
  0
VERTEX
  8
PG_SILKSCREEN_TOP
 10
1.041324
 20
71.097140
 40
0.101600
 41
0.101600
 42
0.000000
  0
SEQEND
  0
POLYLINE
  8
PG_SILKSCREEN_TOP
 66
1
 70
0
 40
0.000000
 41
0.000000
 39
0.000000
  0
VERTEX
  8
PG_SILKSCREEN_TOP
 10
1.655318
 20
70.385940
 40
0.101600
 41
0.101600
 42
0.000000
  0
VERTEX
  8
PG_SILKSCREEN_TOP
 10
1.045718
 20
70.385940
 40
0.101600
 41
0.101600
 42
0.000000
  0
SEQEND
  0
POLYLINE
  8
PG_SILKSCREEN_TOP
 66
1
 70
0
 40
0.000000
 41
0.000000
 39
0.000000
  0
VERTEX
  8
PG_SILKSCREEN_TOP
 10
1.045718
 20
71.097140
 40
0.101600
 41
0.101600
 42
0.000000
  0
VERTEX
  8
PG_SILKSCREEN_TOP
 10
1.629918
 20
71.097140
 40
0.101600
 41
0.101600
 42
0.000000
  0
SEQEND
  0
POLYLINE
  8
PG_SILKSCREEN_TOP
 66
1
 70
0
 40
0.000000
 41
0.000000
 39
0.000000
  0
VERTEX
  8
PG_SILKSCREEN_TOP
 10
2.675712
 20
71.097140
 40
0.101600
 41
0.101600
 42
0.000000
  0
VERTEX
  8
PG_SILKSCREEN_TOP
 10
2.066112
 20
71.097140
 40
0.101600
 41
0.101600
 42
0.000000
  0
SEQEND
  0
POLYLINE
  8
PG_SILKSCREEN_TOP
 66
1
 70
0
 40
0.000000
 41
0.000000
 39
0.000000
  0
VERTEX
  8
PG_SILKSCREEN_TOP
 10
2.675712
 20
70.385940
 40
0.101600
 41
0.101600
 42
0.000000
  0
VERTEX
  8
PG_SILKSCREEN_TOP
 10
2.675712
 20
71.097140
 40
0.101600
 41
0.101600
 42
0.000000
  0
SEQEND
  0
POLYLINE
  8
PG_SILKSCREEN_TOP
 66
1
 70
0
 40
0.000000
 41
0.000000
 39
0.000000
  0
VERTEX
  8
PG_SILKSCREEN_TOP
 10
2.675712
 20
70.385940
 40
0.101600
 41
0.101600
 42
0.000000
  0
VERTEX
  8
PG_SILKSCREEN_TOP
 10
2.066112
 20
70.385940
 40
0.101600
 41
0.101600
 42
0.000000
  0
SEQEND
  0
POLYLINE
  8
PIN_TOP
 66
1
 70
1
 40
0.000000
 41
0.000000
 39
0.000000
  0
VERTEX
  8
PIN_TOP
 10
69.477357
 20
1.656207
 40
0.000000
 41
0.000000
 42
0.000000
  0
VERTEX
  8
PIN_TOP
 10
69.477357
 20
2.164207
 40
0.000000
 41
0.000000
 42
0.000000
  0
VERTEX
  8
PIN_TOP
 10
69.985357
 20
2.164207
 40
0.000000
 41
0.000000
 42
0.000000
  0
VERTEX
  8
PIN_TOP
 10
69.985357
 20
1.656207
 40
0.000000
 41
0.000000
 42
0.000000
  0
SEQEND
  0
POLYLINE
  8
PIN_TOP
 66
1
 70
1
 40
0.000000
 41
0.000000
 39
0.000000
  0
VERTEX
  8
PIN_TOP
 10
70.391757
 20
1.656207
 40
0.000000
 41
0.000000
 42
0.000000
  0
VERTEX
  8
PIN_TOP
 10
70.391757
 20
2.164207
 40
0.000000
 41
0.000000
 42
0.000000
  0
VERTEX
  8
PIN_TOP
 10
70.899757
 20
2.164207
 40
0.000000
 41
0.000000
 42
0.000000
  0
VERTEX
  8
PIN_TOP
 10
70.899757
 20
1.656207
 40
0.000000
 41
0.000000
 42
0.000000
  0
SEQEND
  0
POLYLINE
  8
PG_SILKSCREEN_TOP
 66
1
 70
0
 40
0.000000
 41
0.000000
 39
0.000000
  0
VERTEX
  8
PG_SILKSCREEN_TOP
 10
71.005751
 20
2.265807
 40
0.101600
 41
0.101600
 42
0.000000
  0
VERTEX
  8
PG_SILKSCREEN_TOP
 10
71.005751
 20
1.554607
 40
0.101600
 41
0.101600
 42
0.000000
  0
SEQEND
  0
POLYLINE
  8
PG_SILKSCREEN_TOP
 66
1
 70
0
 40
0.000000
 41
0.000000
 39
0.000000
  0
VERTEX
  8
PG_SILKSCREEN_TOP
 10
70.391757
 20
2.265807
 40
0.101600
 41
0.101600
 42
0.000000
  0
VERTEX
  8
PG_SILKSCREEN_TOP
 10
71.001357
 20
2.265807
 40
0.101600
 41
0.101600
 42
0.000000
  0
SEQEND
  0
POLYLINE
  8
PG_SILKSCREEN_TOP
 66
1
 70
0
 40
0.000000
 41
0.000000
 39
0.000000
  0
VERTEX
  8
PG_SILKSCREEN_TOP
 10
71.001357
 20
1.554607
 40
0.101600
 41
0.101600
 42
0.000000
  0
VERTEX
  8
PG_SILKSCREEN_TOP
 10
70.417157
 20
1.554607
 40
0.101600
 41
0.101600
 42
0.000000
  0
SEQEND
  0
POLYLINE
  8
PG_SILKSCREEN_TOP
 66
1
 70
0
 40
0.000000
 41
0.000000
 39
0.000000
  0
VERTEX
  8
PG_SILKSCREEN_TOP
 10
69.371362
 20
1.554607
 40
0.101600
 41
0.101600
 42
0.000000
  0
VERTEX
  8
PG_SILKSCREEN_TOP
 10
69.980962
 20
1.554607
 40
0.101600
 41
0.101600
 42
0.000000
  0
SEQEND
  0
POLYLINE
  8
PG_SILKSCREEN_TOP
 66
1
 70
0
 40
0.000000
 41
0.000000
 39
0.000000
  0
VERTEX
  8
PG_SILKSCREEN_TOP
 10
69.371362
 20
2.265807
 40
0.101600
 41
0.101600
 42
0.000000
  0
VERTEX
  8
PG_SILKSCREEN_TOP
 10
69.371362
 20
1.554607
 40
0.101600
 41
0.101600
 42
0.000000
  0
SEQEND
  0
POLYLINE
  8
PG_SILKSCREEN_TOP
 66
1
 70
0
 40
0.000000
 41
0.000000
 39
0.000000
  0
VERTEX
  8
PG_SILKSCREEN_TOP
 10
69.371362
 20
2.265807
 40
0.101600
 41
0.101600
 42
0.000000
  0
VERTEX
  8
PG_SILKSCREEN_TOP
 10
69.980962
 20
2.265807
 40
0.101600
 41
0.101600
 42
0.000000
  0
SEQEND
  0
POLYLINE
  8
PIN_TOP
 66
1
 70
1
 40
0.000000
 41
0.000000
 39
0.000000
  0
VERTEX
  8
PIN_TOP
 10
13.687298
 20
70.974712
 40
0.000000
 41
0.000000
 42
0.000000
  0
VERTEX
  8
PIN_TOP
 10
13.687298
 20
70.466712
 40
0.000000
 41
0.000000
 42
0.000000
  0
VERTEX
  8
PIN_TOP
 10
13.179298
 20
70.466712
 40
0.000000
 41
0.000000
 42
0.000000
  0
VERTEX
  8
PIN_TOP
 10
13.179298
 20
70.974712
 40
0.000000
 41
0.000000
 42
0.000000
  0
SEQEND
  0
POLYLINE
  8
PIN_TOP
 66
1
 70
1
 40
0.000000
 41
0.000000
 39
0.000000
  0
VERTEX
  8
PIN_TOP
 10
12.772898
 20
70.974712
 40
0.000000
 41
0.000000
 42
0.000000
  0
VERTEX
  8
PIN_TOP
 10
12.772898
 20
70.466712
 40
0.000000
 41
0.000000
 42
0.000000
  0
VERTEX
  8
PIN_TOP
 10
12.264898
 20
70.466712
 40
0.000000
 41
0.000000
 42
0.000000
  0
VERTEX
  8
PIN_TOP
 10
12.264898
 20
70.974712
 40
0.000000
 41
0.000000
 42
0.000000
  0
SEQEND
  0
POLYLINE
  8
PG_SILKSCREEN_TOP
 66
1
 70
0
 40
0.000000
 41
0.000000
 39
0.000000
  0
VERTEX
  8
PG_SILKSCREEN_TOP
 10
12.158904
 20
70.365112
 40
0.101600
 41
0.101600
 42
0.000000
  0
VERTEX
  8
PG_SILKSCREEN_TOP
 10
12.158904
 20
71.076312
 40
0.101600
 41
0.101600
 42
0.000000
  0
SEQEND
  0
POLYLINE
  8
PG_SILKSCREEN_TOP
 66
1
 70
0
 40
0.000000
 41
0.000000
 39
0.000000
  0
VERTEX
  8
PG_SILKSCREEN_TOP
 10
12.772898
 20
70.365112
 40
0.101600
 41
0.101600
 42
0.000000
  0
VERTEX
  8
PG_SILKSCREEN_TOP
 10
12.163298
 20
70.365112
 40
0.101600
 41
0.101600
 42
0.000000
  0
SEQEND
  0
POLYLINE
  8
PG_SILKSCREEN_TOP
 66
1
 70
0
 40
0.000000
 41
0.000000
 39
0.000000
  0
VERTEX
  8
PG_SILKSCREEN_TOP
 10
12.163298
 20
71.076312
 40
0.101600
 41
0.101600
 42
0.000000
  0
VERTEX
  8
PG_SILKSCREEN_TOP
 10
12.747498
 20
71.076312
 40
0.101600
 41
0.101600
 42
0.000000
  0
SEQEND
  0
POLYLINE
  8
PG_SILKSCREEN_TOP
 66
1
 70
0
 40
0.000000
 41
0.000000
 39
0.000000
  0
VERTEX
  8
PG_SILKSCREEN_TOP
 10
13.793292
 20
71.076312
 40
0.101600
 41
0.101600
 42
0.000000
  0
VERTEX
  8
PG_SILKSCREEN_TOP
 10
13.183692
 20
71.076312
 40
0.101600
 41
0.101600
 42
0.000000
  0
SEQEND
  0
POLYLINE
  8
PG_SILKSCREEN_TOP
 66
1
 70
0
 40
0.000000
 41
0.000000
 39
0.000000
  0
VERTEX
  8
PG_SILKSCREEN_TOP
 10
13.793292
 20
70.365112
 40
0.101600
 41
0.101600
 42
0.000000
  0
VERTEX
  8
PG_SILKSCREEN_TOP
 10
13.793292
 20
71.076312
 40
0.101600
 41
0.101600
 42
0.000000
  0
SEQEND
  0
POLYLINE
  8
PG_SILKSCREEN_TOP
 66
1
 70
0
 40
0.000000
 41
0.000000
 39
0.000000
  0
VERTEX
  8
PG_SILKSCREEN_TOP
 10
13.793292
 20
70.365112
 40
0.101600
 41
0.101600
 42
0.000000
  0
VERTEX
  8
PG_SILKSCREEN_TOP
 10
13.183692
 20
70.365112
 40
0.101600
 41
0.101600
 42
0.000000
  0
SEQEND
  0
POLYLINE
  8
PIN_TOP
 66
1
 70
1
 40
0.000000
 41
0.000000
 39
0.000000
  0
VERTEX
  8
PIN_TOP
 10
21.147126
 20
70.466128
 40
0.000000
 41
0.000000
 42
0.000000
  0
VERTEX
  8
PIN_TOP
 10
21.147126
 20
70.974128
 40
0.000000
 41
0.000000
 42
0.000000
  0
VERTEX
  8
PIN_TOP
 10
21.655126
 20
70.974128
 40
0.000000
 41
0.000000
 42
0.000000
  0
VERTEX
  8
PIN_TOP
 10
21.655126
 20
70.466128
 40
0.000000
 41
0.000000
 42
0.000000
  0
SEQEND
  0
POLYLINE
  8
PIN_TOP
 66
1
 70
1
 40
0.000000
 41
0.000000
 39
0.000000
  0
VERTEX
  8
PIN_TOP
 10
22.061526
 20
70.466128
 40
0.000000
 41
0.000000
 42
0.000000
  0
VERTEX
  8
PIN_TOP
 10
22.061526
 20
70.974128
 40
0.000000
 41
0.000000
 42
0.000000
  0
VERTEX
  8
PIN_TOP
 10
22.569526
 20
70.974128
 40
0.000000
 41
0.000000
 42
0.000000
  0
VERTEX
  8
PIN_TOP
 10
22.569526
 20
70.466128
 40
0.000000
 41
0.000000
 42
0.000000
  0
SEQEND
  0
POLYLINE
  8
PG_SILKSCREEN_TOP
 66
1
 70
0
 40
0.000000
 41
0.000000
 39
0.000000
  0
VERTEX
  8
PG_SILKSCREEN_TOP
 10
22.675520
 20
71.075728
 40
0.101600
 41
0.101600
 42
0.000000
  0
VERTEX
  8
PG_SILKSCREEN_TOP
 10
22.675520
 20
70.364528
 40
0.101600
 41
0.101600
 42
0.000000
  0
SEQEND
  0
POLYLINE
  8
PG_SILKSCREEN_TOP
 66
1
 70
0
 40
0.000000
 41
0.000000
 39
0.000000
  0
VERTEX
  8
PG_SILKSCREEN_TOP
 10
22.061526
 20
71.075728
 40
0.101600
 41
0.101600
 42
0.000000
  0
VERTEX
  8
PG_SILKSCREEN_TOP
 10
22.671126
 20
71.075728
 40
0.101600
 41
0.101600
 42
0.000000
  0
SEQEND
  0
POLYLINE
  8
PG_SILKSCREEN_TOP
 66
1
 70
0
 40
0.000000
 41
0.000000
 39
0.000000
  0
VERTEX
  8
PG_SILKSCREEN_TOP
 10
22.671126
 20
70.364528
 40
0.101600
 41
0.101600
 42
0.000000
  0
VERTEX
  8
PG_SILKSCREEN_TOP
 10
22.086926
 20
70.364528
 40
0.101600
 41
0.101600
 42
0.000000
  0
SEQEND
  0
POLYLINE
  8
PG_SILKSCREEN_TOP
 66
1
 70
0
 40
0.000000
 41
0.000000
 39
0.000000
  0
VERTEX
  8
PG_SILKSCREEN_TOP
 10
21.041131
 20
70.364528
 40
0.101600
 41
0.101600
 42
0.000000
  0
VERTEX
  8
PG_SILKSCREEN_TOP
 10
21.650731
 20
70.364528
 40
0.101600
 41
0.101600
 42
0.000000
  0
SEQEND
  0
POLYLINE
  8
PG_SILKSCREEN_TOP
 66
1
 70
0
 40
0.000000
 41
0.000000
 39
0.000000
  0
VERTEX
  8
PG_SILKSCREEN_TOP
 10
21.041131
 20
71.075728
 40
0.101600
 41
0.101600
 42
0.000000
  0
VERTEX
  8
PG_SILKSCREEN_TOP
 10
21.041131
 20
70.364528
 40
0.101600
 41
0.101600
 42
0.000000
  0
SEQEND
  0
POLYLINE
  8
PG_SILKSCREEN_TOP
 66
1
 70
0
 40
0.000000
 41
0.000000
 39
0.000000
  0
VERTEX
  8
PG_SILKSCREEN_TOP
 10
21.041131
 20
71.075728
 40
0.101600
 41
0.101600
 42
0.000000
  0
VERTEX
  8
PG_SILKSCREEN_TOP
 10
21.650731
 20
71.075728
 40
0.101600
 41
0.101600
 42
0.000000
  0
SEQEND
  0
POLYLINE
  8
PIN_TOP
 66
1
 70
1
 40
0.000000
 41
0.000000
 39
0.000000
  0
VERTEX
  8
PIN_TOP
 10
11.374272
 20
65.682241
 40
0.000000
 41
0.000000
 42
0.000000
  0
VERTEX
  8
PIN_TOP
 10
11.374272
 20
65.174241
 40
0.000000
 41
0.000000
 42
0.000000
  0
VERTEX
  8
PIN_TOP
 10
10.866272
 20
65.174241
 40
0.000000
 41
0.000000
 42
0.000000
  0
VERTEX
  8
PIN_TOP
 10
10.866272
 20
65.682241
 40
0.000000
 41
0.000000
 42
0.000000
  0
SEQEND
  0
POLYLINE
  8
PIN_TOP
 66
1
 70
1
 40
0.000000
 41
0.000000
 39
0.000000
  0
VERTEX
  8
PIN_TOP
 10
10.459872
 20
65.682241
 40
0.000000
 41
0.000000
 42
0.000000
  0
VERTEX
  8
PIN_TOP
 10
10.459872
 20
65.174241
 40
0.000000
 41
0.000000
 42
0.000000
  0
VERTEX
  8
PIN_TOP
 10
9.951872
 20
65.174241
 40
0.000000
 41
0.000000
 42
0.000000
  0
VERTEX
  8
PIN_TOP
 10
9.951872
 20
65.682241
 40
0.000000
 41
0.000000
 42
0.000000
  0
SEQEND
  0
POLYLINE
  8
PG_SILKSCREEN_TOP
 66
1
 70
0
 40
0.000000
 41
0.000000
 39
0.000000
  0
VERTEX
  8
PG_SILKSCREEN_TOP
 10
9.845878
 20
65.072641
 40
0.101600
 41
0.101600
 42
0.000000
  0
VERTEX
  8
PG_SILKSCREEN_TOP
 10
9.845878
 20
65.783841
 40
0.101600
 41
0.101600
 42
0.000000
  0
SEQEND
  0
POLYLINE
  8
PG_SILKSCREEN_TOP
 66
1
 70
0
 40
0.000000
 41
0.000000
 39
0.000000
  0
VERTEX
  8
PG_SILKSCREEN_TOP
 10
10.459872
 20
65.072641
 40
0.101600
 41
0.101600
 42
0.000000
  0
VERTEX
  8
PG_SILKSCREEN_TOP
 10
9.850272
 20
65.072641
 40
0.101600
 41
0.101600
 42
0.000000
  0
SEQEND
  0
POLYLINE
  8
PG_SILKSCREEN_TOP
 66
1
 70
0
 40
0.000000
 41
0.000000
 39
0.000000
  0
VERTEX
  8
PG_SILKSCREEN_TOP
 10
9.850272
 20
65.783841
 40
0.101600
 41
0.101600
 42
0.000000
  0
VERTEX
  8
PG_SILKSCREEN_TOP
 10
10.434472
 20
65.783841
 40
0.101600
 41
0.101600
 42
0.000000
  0
SEQEND
  0
POLYLINE
  8
PG_SILKSCREEN_TOP
 66
1
 70
0
 40
0.000000
 41
0.000000
 39
0.000000
  0
VERTEX
  8
PG_SILKSCREEN_TOP
 10
11.480267
 20
65.783841
 40
0.101600
 41
0.101600
 42
0.000000
  0
VERTEX
  8
PG_SILKSCREEN_TOP
 10
10.870667
 20
65.783841
 40
0.101600
 41
0.101600
 42
0.000000
  0
SEQEND
  0
POLYLINE
  8
PG_SILKSCREEN_TOP
 66
1
 70
0
 40
0.000000
 41
0.000000
 39
0.000000
  0
VERTEX
  8
PG_SILKSCREEN_TOP
 10
11.480267
 20
65.072641
 40
0.101600
 41
0.101600
 42
0.000000
  0
VERTEX
  8
PG_SILKSCREEN_TOP
 10
11.480267
 20
65.783841
 40
0.101600
 41
0.101600
 42
0.000000
  0
SEQEND
  0
POLYLINE
  8
PG_SILKSCREEN_TOP
 66
1
 70
0
 40
0.000000
 41
0.000000
 39
0.000000
  0
VERTEX
  8
PG_SILKSCREEN_TOP
 10
11.480267
 20
65.072641
 40
0.101600
 41
0.101600
 42
0.000000
  0
VERTEX
  8
PG_SILKSCREEN_TOP
 10
10.870667
 20
65.072641
 40
0.101600
 41
0.101600
 42
0.000000
  0
SEQEND
  0
POLYLINE
  8
PIN_TOP
 66
1
 70
1
 40
0.000000
 41
0.000000
 39
0.000000
  0
VERTEX
  8
PIN_TOP
 10
2.523642
 20
68.399787
 40
0.000000
 41
0.000000
 42
0.000000
  0
VERTEX
  8
PIN_TOP
 10
2.523642
 20
67.891787
 40
0.000000
 41
0.000000
 42
0.000000
  0
VERTEX
  8
PIN_TOP
 10
2.015642
 20
67.891787
 40
0.000000
 41
0.000000
 42
0.000000
  0
VERTEX
  8
PIN_TOP
 10
2.015642
 20
68.399787
 40
0.000000
 41
0.000000
 42
0.000000
  0
SEQEND
  0
POLYLINE
  8
PIN_TOP
 66
1
 70
1
 40
0.000000
 41
0.000000
 39
0.000000
  0
VERTEX
  8
PIN_TOP
 10
1.609242
 20
68.399787
 40
0.000000
 41
0.000000
 42
0.000000
  0
VERTEX
  8
PIN_TOP
 10
1.609242
 20
67.891787
 40
0.000000
 41
0.000000
 42
0.000000
  0
VERTEX
  8
PIN_TOP
 10
1.101242
 20
67.891787
 40
0.000000
 41
0.000000
 42
0.000000
  0
VERTEX
  8
PIN_TOP
 10
1.101242
 20
68.399787
 40
0.000000
 41
0.000000
 42
0.000000
  0
SEQEND
  0
POLYLINE
  8
PG_SILKSCREEN_TOP
 66
1
 70
0
 40
0.000000
 41
0.000000
 39
0.000000
  0
VERTEX
  8
PG_SILKSCREEN_TOP
 10
0.995248
 20
67.790187
 40
0.101600
 41
0.101600
 42
0.000000
  0
VERTEX
  8
PG_SILKSCREEN_TOP
 10
0.995248
 20
68.501387
 40
0.101600
 41
0.101600
 42
0.000000
  0
SEQEND
  0
POLYLINE
  8
PG_SILKSCREEN_TOP
 66
1
 70
0
 40
0.000000
 41
0.000000
 39
0.000000
  0
VERTEX
  8
PG_SILKSCREEN_TOP
 10
1.609242
 20
67.790187
 40
0.101600
 41
0.101600
 42
0.000000
  0
VERTEX
  8
PG_SILKSCREEN_TOP
 10
0.999642
 20
67.790187
 40
0.101600
 41
0.101600
 42
0.000000
  0
SEQEND
  0
POLYLINE
  8
PG_SILKSCREEN_TOP
 66
1
 70
0
 40
0.000000
 41
0.000000
 39
0.000000
  0
VERTEX
  8
PG_SILKSCREEN_TOP
 10
0.999642
 20
68.501387
 40
0.101600
 41
0.101600
 42
0.000000
  0
VERTEX
  8
PG_SILKSCREEN_TOP
 10
1.583842
 20
68.501387
 40
0.101600
 41
0.101600
 42
0.000000
  0
SEQEND
  0
POLYLINE
  8
PG_SILKSCREEN_TOP
 66
1
 70
0
 40
0.000000
 41
0.000000
 39
0.000000
  0
VERTEX
  8
PG_SILKSCREEN_TOP
 10
2.629637
 20
68.501387
 40
0.101600
 41
0.101600
 42
0.000000
  0
VERTEX
  8
PG_SILKSCREEN_TOP
 10
2.020037
 20
68.501387
 40
0.101600
 41
0.101600
 42
0.000000
  0
SEQEND
  0
POLYLINE
  8
PG_SILKSCREEN_TOP
 66
1
 70
0
 40
0.000000
 41
0.000000
 39
0.000000
  0
VERTEX
  8
PG_SILKSCREEN_TOP
 10
2.629637
 20
67.790187
 40
0.101600
 41
0.101600
 42
0.000000
  0
VERTEX
  8
PG_SILKSCREEN_TOP
 10
2.629637
 20
68.501387
 40
0.101600
 41
0.101600
 42
0.000000
  0
SEQEND
  0
POLYLINE
  8
PG_SILKSCREEN_TOP
 66
1
 70
0
 40
0.000000
 41
0.000000
 39
0.000000
  0
VERTEX
  8
PG_SILKSCREEN_TOP
 10
2.629637
 20
67.790187
 40
0.101600
 41
0.101600
 42
0.000000
  0
VERTEX
  8
PG_SILKSCREEN_TOP
 10
2.020037
 20
67.790187
 40
0.101600
 41
0.101600
 42
0.000000
  0
SEQEND
  0
POLYLINE
  8
PIN_TOP
 66
1
 70
1
 40
0.000000
 41
0.000000
 39
0.000000
  0
VERTEX
  8
PIN_TOP
 10
21.129346
 20
69.581293
 40
0.000000
 41
0.000000
 42
0.000000
  0
VERTEX
  8
PIN_TOP
 10
21.129346
 20
70.089293
 40
0.000000
 41
0.000000
 42
0.000000
  0
VERTEX
  8
PIN_TOP
 10
21.637346
 20
70.089293
 40
0.000000
 41
0.000000
 42
0.000000
  0
VERTEX
  8
PIN_TOP
 10
21.637346
 20
69.581293
 40
0.000000
 41
0.000000
 42
0.000000
  0
SEQEND
  0
POLYLINE
  8
PIN_TOP
 66
1
 70
1
 40
0.000000
 41
0.000000
 39
0.000000
  0
VERTEX
  8
PIN_TOP
 10
22.043746
 20
69.581293
 40
0.000000
 41
0.000000
 42
0.000000
  0
VERTEX
  8
PIN_TOP
 10
22.043746
 20
70.089293
 40
0.000000
 41
0.000000
 42
0.000000
  0
VERTEX
  8
PIN_TOP
 10
22.551746
 20
70.089293
 40
0.000000
 41
0.000000
 42
0.000000
  0
VERTEX
  8
PIN_TOP
 10
22.551746
 20
69.581293
 40
0.000000
 41
0.000000
 42
0.000000
  0
SEQEND
  0
POLYLINE
  8
PG_SILKSCREEN_TOP
 66
1
 70
0
 40
0.000000
 41
0.000000
 39
0.000000
  0
VERTEX
  8
PG_SILKSCREEN_TOP
 10
22.657740
 20
70.190893
 40
0.101600
 41
0.101600
 42
0.000000
  0
VERTEX
  8
PG_SILKSCREEN_TOP
 10
22.657740
 20
69.479693
 40
0.101600
 41
0.101600
 42
0.000000
  0
SEQEND
  0
POLYLINE
  8
PG_SILKSCREEN_TOP
 66
1
 70
0
 40
0.000000
 41
0.000000
 39
0.000000
  0
VERTEX
  8
PG_SILKSCREEN_TOP
 10
22.043746
 20
70.190893
 40
0.101600
 41
0.101600
 42
0.000000
  0
VERTEX
  8
PG_SILKSCREEN_TOP
 10
22.653346
 20
70.190893
 40
0.101600
 41
0.101600
 42
0.000000
  0
SEQEND
  0
POLYLINE
  8
PG_SILKSCREEN_TOP
 66
1
 70
0
 40
0.000000
 41
0.000000
 39
0.000000
  0
VERTEX
  8
PG_SILKSCREEN_TOP
 10
22.653346
 20
69.479693
 40
0.101600
 41
0.101600
 42
0.000000
  0
VERTEX
  8
PG_SILKSCREEN_TOP
 10
22.069146
 20
69.479693
 40
0.101600
 41
0.101600
 42
0.000000
  0
SEQEND
  0
POLYLINE
  8
PG_SILKSCREEN_TOP
 66
1
 70
0
 40
0.000000
 41
0.000000
 39
0.000000
  0
VERTEX
  8
PG_SILKSCREEN_TOP
 10
21.023351
 20
69.479693
 40
0.101600
 41
0.101600
 42
0.000000
  0
VERTEX
  8
PG_SILKSCREEN_TOP
 10
21.632951
 20
69.479693
 40
0.101600
 41
0.101600
 42
0.000000
  0
SEQEND
  0
POLYLINE
  8
PG_SILKSCREEN_TOP
 66
1
 70
0
 40
0.000000
 41
0.000000
 39
0.000000
  0
VERTEX
  8
PG_SILKSCREEN_TOP
 10
21.023351
 20
70.190893
 40
0.101600
 41
0.101600
 42
0.000000
  0
VERTEX
  8
PG_SILKSCREEN_TOP
 10
21.023351
 20
69.479693
 40
0.101600
 41
0.101600
 42
0.000000
  0
SEQEND
  0
POLYLINE
  8
PG_SILKSCREEN_TOP
 66
1
 70
0
 40
0.000000
 41
0.000000
 39
0.000000
  0
VERTEX
  8
PG_SILKSCREEN_TOP
 10
21.023351
 20
70.190893
 40
0.101600
 41
0.101600
 42
0.000000
  0
VERTEX
  8
PG_SILKSCREEN_TOP
 10
21.632951
 20
70.190893
 40
0.101600
 41
0.101600
 42
0.000000
  0
SEQEND
  0
POLYLINE
  8
PIN_TOP
 66
1
 70
1
 40
0.000000
 41
0.000000
 39
0.000000
  0
VERTEX
  8
PIN_TOP
 10
20.744434
 20
70.939660
 40
0.000000
 41
0.000000
 42
0.000000
  0
VERTEX
  8
PIN_TOP
 10
20.236434
 20
70.939660
 40
0.000000
 41
0.000000
 42
0.000000
  0
VERTEX
  8
PIN_TOP
 10
20.236434
 20
71.447660
 40
0.000000
 41
0.000000
 42
0.000000
  0
VERTEX
  8
PIN_TOP
 10
20.744434
 20
71.447660
 40
0.000000
 41
0.000000
 42
0.000000
  0
SEQEND
  0
POLYLINE
  8
PIN_TOP
 66
1
 70
1
 40
0.000000
 41
0.000000
 39
0.000000
  0
VERTEX
  8
PIN_TOP
 10
20.744434
 20
71.854060
 40
0.000000
 41
0.000000
 42
0.000000
  0
VERTEX
  8
PIN_TOP
 10
20.236434
 20
71.854060
 40
0.000000
 41
0.000000
 42
0.000000
  0
VERTEX
  8
PIN_TOP
 10
20.236434
 20
72.362060
 40
0.000000
 41
0.000000
 42
0.000000
  0
VERTEX
  8
PIN_TOP
 10
20.744434
 20
72.362060
 40
0.000000
 41
0.000000
 42
0.000000
  0
SEQEND
  0
POLYLINE
  8
PG_SILKSCREEN_TOP
 66
1
 70
0
 40
0.000000
 41
0.000000
 39
0.000000
  0
VERTEX
  8
PG_SILKSCREEN_TOP
 10
20.134834
 20
72.468054
 40
0.101600
 41
0.101600
 42
0.000000
  0
VERTEX
  8
PG_SILKSCREEN_TOP
 10
20.846034
 20
72.468054
 40
0.101600
 41
0.101600
 42
0.000000
  0
SEQEND
  0
POLYLINE
  8
PG_SILKSCREEN_TOP
 66
1
 70
0
 40
0.000000
 41
0.000000
 39
0.000000
  0
VERTEX
  8
PG_SILKSCREEN_TOP
 10
20.134834
 20
71.854060
 40
0.101600
 41
0.101600
 42
0.000000
  0
VERTEX
  8
PG_SILKSCREEN_TOP
 10
20.134834
 20
72.463660
 40
0.101600
 41
0.101600
 42
0.000000
  0
SEQEND
  0
POLYLINE
  8
PG_SILKSCREEN_TOP
 66
1
 70
0
 40
0.000000
 41
0.000000
 39
0.000000
  0
VERTEX
  8
PG_SILKSCREEN_TOP
 10
20.846034
 20
72.463660
 40
0.101600
 41
0.101600
 42
0.000000
  0
VERTEX
  8
PG_SILKSCREEN_TOP
 10
20.846034
 20
71.879460
 40
0.101600
 41
0.101600
 42
0.000000
  0
SEQEND
  0
POLYLINE
  8
PG_SILKSCREEN_TOP
 66
1
 70
0
 40
0.000000
 41
0.000000
 39
0.000000
  0
VERTEX
  8
PG_SILKSCREEN_TOP
 10
20.846034
 20
70.833666
 40
0.101600
 41
0.101600
 42
0.000000
  0
VERTEX
  8
PG_SILKSCREEN_TOP
 10
20.846034
 20
71.443266
 40
0.101600
 41
0.101600
 42
0.000000
  0
SEQEND
  0
POLYLINE
  8
PG_SILKSCREEN_TOP
 66
1
 70
0
 40
0.000000
 41
0.000000
 39
0.000000
  0
VERTEX
  8
PG_SILKSCREEN_TOP
 10
20.134834
 20
70.833666
 40
0.101600
 41
0.101600
 42
0.000000
  0
VERTEX
  8
PG_SILKSCREEN_TOP
 10
20.846034
 20
70.833666
 40
0.101600
 41
0.101600
 42
0.000000
  0
SEQEND
  0
POLYLINE
  8
PG_SILKSCREEN_TOP
 66
1
 70
0
 40
0.000000
 41
0.000000
 39
0.000000
  0
VERTEX
  8
PG_SILKSCREEN_TOP
 10
20.134834
 20
70.833666
 40
0.101600
 41
0.101600
 42
0.000000
  0
VERTEX
  8
PG_SILKSCREEN_TOP
 10
20.134834
 20
71.443266
 40
0.101600
 41
0.101600
 42
0.000000
  0
SEQEND
  0
POLYLINE
  8
PIN_TOP
 66
1
 70
1
 40
0.000000
 41
0.000000
 39
0.000000
  0
VERTEX
  8
PIN_TOP
 10
13.517524
 20
65.977186
 40
0.000000
 41
0.000000
 42
0.000000
  0
VERTEX
  8
PIN_TOP
 10
13.517524
 20
65.469186
 40
0.000000
 41
0.000000
 42
0.000000
  0
VERTEX
  8
PIN_TOP
 10
13.009524
 20
65.469186
 40
0.000000
 41
0.000000
 42
0.000000
  0
VERTEX
  8
PIN_TOP
 10
13.009524
 20
65.977186
 40
0.000000
 41
0.000000
 42
0.000000
  0
SEQEND
  0
POLYLINE
  8
PIN_TOP
 66
1
 70
1
 40
0.000000
 41
0.000000
 39
0.000000
  0
VERTEX
  8
PIN_TOP
 10
12.603124
 20
65.977186
 40
0.000000
 41
0.000000
 42
0.000000
  0
VERTEX
  8
PIN_TOP
 10
12.603124
 20
65.469186
 40
0.000000
 41
0.000000
 42
0.000000
  0
VERTEX
  8
PIN_TOP
 10
12.095124
 20
65.469186
 40
0.000000
 41
0.000000
 42
0.000000
  0
VERTEX
  8
PIN_TOP
 10
12.095124
 20
65.977186
 40
0.000000
 41
0.000000
 42
0.000000
  0
SEQEND
  0
POLYLINE
  8
PG_SILKSCREEN_TOP
 66
1
 70
0
 40
0.000000
 41
0.000000
 39
0.000000
  0
VERTEX
  8
PG_SILKSCREEN_TOP
 10
11.989130
 20
65.367586
 40
0.101600
 41
0.101600
 42
0.000000
  0
VERTEX
  8
PG_SILKSCREEN_TOP
 10
11.989130
 20
66.078786
 40
0.101600
 41
0.101600
 42
0.000000
  0
SEQEND
  0
POLYLINE
  8
PG_SILKSCREEN_TOP
 66
1
 70
0
 40
0.000000
 41
0.000000
 39
0.000000
  0
VERTEX
  8
PG_SILKSCREEN_TOP
 10
12.603124
 20
65.367586
 40
0.101600
 41
0.101600
 42
0.000000
  0
VERTEX
  8
PG_SILKSCREEN_TOP
 10
11.993524
 20
65.367586
 40
0.101600
 41
0.101600
 42
0.000000
  0
SEQEND
  0
POLYLINE
  8
PG_SILKSCREEN_TOP
 66
1
 70
0
 40
0.000000
 41
0.000000
 39
0.000000
  0
VERTEX
  8
PG_SILKSCREEN_TOP
 10
11.993524
 20
66.078786
 40
0.101600
 41
0.101600
 42
0.000000
  0
VERTEX
  8
PG_SILKSCREEN_TOP
 10
12.577724
 20
66.078786
 40
0.101600
 41
0.101600
 42
0.000000
  0
SEQEND
  0
POLYLINE
  8
PG_SILKSCREEN_TOP
 66
1
 70
0
 40
0.000000
 41
0.000000
 39
0.000000
  0
VERTEX
  8
PG_SILKSCREEN_TOP
 10
13.623519
 20
66.078786
 40
0.101600
 41
0.101600
 42
0.000000
  0
VERTEX
  8
PG_SILKSCREEN_TOP
 10
13.013919
 20
66.078786
 40
0.101600
 41
0.101600
 42
0.000000
  0
SEQEND
  0
POLYLINE
  8
PG_SILKSCREEN_TOP
 66
1
 70
0
 40
0.000000
 41
0.000000
 39
0.000000
  0
VERTEX
  8
PG_SILKSCREEN_TOP
 10
13.623519
 20
65.367586
 40
0.101600
 41
0.101600
 42
0.000000
  0
VERTEX
  8
PG_SILKSCREEN_TOP
 10
13.623519
 20
66.078786
 40
0.101600
 41
0.101600
 42
0.000000
  0
SEQEND
  0
POLYLINE
  8
PG_SILKSCREEN_TOP
 66
1
 70
0
 40
0.000000
 41
0.000000
 39
0.000000
  0
VERTEX
  8
PG_SILKSCREEN_TOP
 10
13.623519
 20
65.367586
 40
0.101600
 41
0.101600
 42
0.000000
  0
VERTEX
  8
PG_SILKSCREEN_TOP
 10
13.013919
 20
65.367586
 40
0.101600
 41
0.101600
 42
0.000000
  0
SEQEND
  0
POLYLINE
  8
PIN_TOP
 66
1
 70
1
 40
0.000000
 41
0.000000
 39
0.000000
  0
VERTEX
  8
PIN_TOP
 10
23.135971
 20
71.000010
 40
0.000000
 41
0.000000
 42
0.000000
  0
VERTEX
  8
PIN_TOP
 10
23.643971
 20
71.000010
 40
0.000000
 41
0.000000
 42
0.000000
  0
VERTEX
  8
PIN_TOP
 10
23.643971
 20
70.492010
 40
0.000000
 41
0.000000
 42
0.000000
  0
VERTEX
  8
PIN_TOP
 10
23.135971
 20
70.492010
 40
0.000000
 41
0.000000
 42
0.000000
  0
SEQEND
  0
POLYLINE
  8
PIN_TOP
 66
1
 70
1
 40
0.000000
 41
0.000000
 39
0.000000
  0
VERTEX
  8
PIN_TOP
 10
23.135971
 20
70.085610
 40
0.000000
 41
0.000000
 42
0.000000
  0
VERTEX
  8
PIN_TOP
 10
23.643971
 20
70.085610
 40
0.000000
 41
0.000000
 42
0.000000
  0
VERTEX
  8
PIN_TOP
 10
23.643971
 20
69.577610
 40
0.000000
 41
0.000000
 42
0.000000
  0
VERTEX
  8
PIN_TOP
 10
23.135971
 20
69.577610
 40
0.000000
 41
0.000000
 42
0.000000
  0
SEQEND
  0
POLYLINE
  8
PG_SILKSCREEN_TOP
 66
1
 70
0
 40
0.000000
 41
0.000000
 39
0.000000
  0
VERTEX
  8
PG_SILKSCREEN_TOP
 10
23.745571
 20
69.471616
 40
0.101600
 41
0.101600
 42
0.000000
  0
VERTEX
  8
PG_SILKSCREEN_TOP
 10
23.034371
 20
69.471616
 40
0.101600
 41
0.101600
 42
0.000000
  0
SEQEND
  0
POLYLINE
  8
PG_SILKSCREEN_TOP
 66
1
 70
0
 40
0.000000
 41
0.000000
 39
0.000000
  0
VERTEX
  8
PG_SILKSCREEN_TOP
 10
23.745571
 20
70.085610
 40
0.101600
 41
0.101600
 42
0.000000
  0
VERTEX
  8
PG_SILKSCREEN_TOP
 10
23.745571
 20
69.476010
 40
0.101600
 41
0.101600
 42
0.000000
  0
SEQEND
  0
POLYLINE
  8
PG_SILKSCREEN_TOP
 66
1
 70
0
 40
0.000000
 41
0.000000
 39
0.000000
  0
VERTEX
  8
PG_SILKSCREEN_TOP
 10
23.034371
 20
69.476010
 40
0.101600
 41
0.101600
 42
0.000000
  0
VERTEX
  8
PG_SILKSCREEN_TOP
 10
23.034371
 20
70.060210
 40
0.101600
 41
0.101600
 42
0.000000
  0
SEQEND
  0
POLYLINE
  8
PG_SILKSCREEN_TOP
 66
1
 70
0
 40
0.000000
 41
0.000000
 39
0.000000
  0
VERTEX
  8
PG_SILKSCREEN_TOP
 10
23.034371
 20
71.106005
 40
0.101600
 41
0.101600
 42
0.000000
  0
VERTEX
  8
PG_SILKSCREEN_TOP
 10
23.034371
 20
70.496405
 40
0.101600
 41
0.101600
 42
0.000000
  0
SEQEND
  0
POLYLINE
  8
PG_SILKSCREEN_TOP
 66
1
 70
0
 40
0.000000
 41
0.000000
 39
0.000000
  0
VERTEX
  8
PG_SILKSCREEN_TOP
 10
23.745571
 20
71.106005
 40
0.101600
 41
0.101600
 42
0.000000
  0
VERTEX
  8
PG_SILKSCREEN_TOP
 10
23.034371
 20
71.106005
 40
0.101600
 41
0.101600
 42
0.000000
  0
SEQEND
  0
POLYLINE
  8
PG_SILKSCREEN_TOP
 66
1
 70
0
 40
0.000000
 41
0.000000
 39
0.000000
  0
VERTEX
  8
PG_SILKSCREEN_TOP
 10
23.745571
 20
71.106005
 40
0.101600
 41
0.101600
 42
0.000000
  0
VERTEX
  8
PG_SILKSCREEN_TOP
 10
23.745571
 20
70.496405
 40
0.101600
 41
0.101600
 42
0.000000
  0
SEQEND
  0
POLYLINE
  8
PIN_TOP
 66
1
 70
1
 40
0.000000
 41
0.000000
 39
0.000000
  0
VERTEX
  8
PIN_TOP
 10
8.387563
 20
71.501381
 40
0.000000
 41
0.000000
 42
0.000000
  0
VERTEX
  8
PIN_TOP
 10
8.387563
 20
72.009381
 40
0.000000
 41
0.000000
 42
0.000000
  0
VERTEX
  8
PIN_TOP
 10
8.895563
 20
72.009381
 40
0.000000
 41
0.000000
 42
0.000000
  0
VERTEX
  8
PIN_TOP
 10
8.895563
 20
71.501381
 40
0.000000
 41
0.000000
 42
0.000000
  0
SEQEND
  0
POLYLINE
  8
PIN_TOP
 66
1
 70
1
 40
0.000000
 41
0.000000
 39
0.000000
  0
VERTEX
  8
PIN_TOP
 10
9.301963
 20
71.501381
 40
0.000000
 41
0.000000
 42
0.000000
  0
VERTEX
  8
PIN_TOP
 10
9.301963
 20
72.009381
 40
0.000000
 41
0.000000
 42
0.000000
  0
VERTEX
  8
PIN_TOP
 10
9.809963
 20
72.009381
 40
0.000000
 41
0.000000
 42
0.000000
  0
VERTEX
  8
PIN_TOP
 10
9.809963
 20
71.501381
 40
0.000000
 41
0.000000
 42
0.000000
  0
SEQEND
  0
POLYLINE
  8
PG_SILKSCREEN_TOP
 66
1
 70
0
 40
0.000000
 41
0.000000
 39
0.000000
  0
VERTEX
  8
PG_SILKSCREEN_TOP
 10
9.915957
 20
72.110981
 40
0.101600
 41
0.101600
 42
0.000000
  0
VERTEX
  8
PG_SILKSCREEN_TOP
 10
9.915957
 20
71.399781
 40
0.101600
 41
0.101600
 42
0.000000
  0
SEQEND
  0
POLYLINE
  8
PG_SILKSCREEN_TOP
 66
1
 70
0
 40
0.000000
 41
0.000000
 39
0.000000
  0
VERTEX
  8
PG_SILKSCREEN_TOP
 10
9.301963
 20
72.110981
 40
0.101600
 41
0.101600
 42
0.000000
  0
VERTEX
  8
PG_SILKSCREEN_TOP
 10
9.911563
 20
72.110981
 40
0.101600
 41
0.101600
 42
0.000000
  0
SEQEND
  0
POLYLINE
  8
PG_SILKSCREEN_TOP
 66
1
 70
0
 40
0.000000
 41
0.000000
 39
0.000000
  0
VERTEX
  8
PG_SILKSCREEN_TOP
 10
9.911563
 20
71.399781
 40
0.101600
 41
0.101600
 42
0.000000
  0
VERTEX
  8
PG_SILKSCREEN_TOP
 10
9.327363
 20
71.399781
 40
0.101600
 41
0.101600
 42
0.000000
  0
SEQEND
  0
POLYLINE
  8
PG_SILKSCREEN_TOP
 66
1
 70
0
 40
0.000000
 41
0.000000
 39
0.000000
  0
VERTEX
  8
PG_SILKSCREEN_TOP
 10
8.281568
 20
71.399781
 40
0.101600
 41
0.101600
 42
0.000000
  0
VERTEX
  8
PG_SILKSCREEN_TOP
 10
8.891168
 20
71.399781
 40
0.101600
 41
0.101600
 42
0.000000
  0
SEQEND
  0
POLYLINE
  8
PG_SILKSCREEN_TOP
 66
1
 70
0
 40
0.000000
 41
0.000000
 39
0.000000
  0
VERTEX
  8
PG_SILKSCREEN_TOP
 10
8.281568
 20
72.110981
 40
0.101600
 41
0.101600
 42
0.000000
  0
VERTEX
  8
PG_SILKSCREEN_TOP
 10
8.281568
 20
71.399781
 40
0.101600
 41
0.101600
 42
0.000000
  0
SEQEND
  0
POLYLINE
  8
PG_SILKSCREEN_TOP
 66
1
 70
0
 40
0.000000
 41
0.000000
 39
0.000000
  0
VERTEX
  8
PG_SILKSCREEN_TOP
 10
8.281568
 20
72.110981
 40
0.101600
 41
0.101600
 42
0.000000
  0
VERTEX
  8
PG_SILKSCREEN_TOP
 10
8.891168
 20
72.110981
 40
0.101600
 41
0.101600
 42
0.000000
  0
SEQEND
  0
POLYLINE
  8
PIN_TOP
 66
1
 70
1
 40
0.000000
 41
0.000000
 39
0.000000
  0
VERTEX
  8
PIN_TOP
 10
2.913786
 20
65.440179
 40
0.000000
 41
0.000000
 42
0.000000
  0
VERTEX
  8
PIN_TOP
 10
2.913786
 20
64.932179
 40
0.000000
 41
0.000000
 42
0.000000
  0
VERTEX
  8
PIN_TOP
 10
2.405786
 20
64.932179
 40
0.000000
 41
0.000000
 42
0.000000
  0
VERTEX
  8
PIN_TOP
 10
2.405786
 20
65.440179
 40
0.000000
 41
0.000000
 42
0.000000
  0
SEQEND
  0
POLYLINE
  8
PIN_TOP
 66
1
 70
1
 40
0.000000
 41
0.000000
 39
0.000000
  0
VERTEX
  8
PIN_TOP
 10
1.999386
 20
65.440179
 40
0.000000
 41
0.000000
 42
0.000000
  0
VERTEX
  8
PIN_TOP
 10
1.999386
 20
64.932179
 40
0.000000
 41
0.000000
 42
0.000000
  0
VERTEX
  8
PIN_TOP
 10
1.491386
 20
64.932179
 40
0.000000
 41
0.000000
 42
0.000000
  0
VERTEX
  8
PIN_TOP
 10
1.491386
 20
65.440179
 40
0.000000
 41
0.000000
 42
0.000000
  0
SEQEND
  0
POLYLINE
  8
PG_SILKSCREEN_TOP
 66
1
 70
0
 40
0.000000
 41
0.000000
 39
0.000000
  0
VERTEX
  8
PG_SILKSCREEN_TOP
 10
1.385392
 20
64.830579
 40
0.101600
 41
0.101600
 42
0.000000
  0
VERTEX
  8
PG_SILKSCREEN_TOP
 10
1.385392
 20
65.541779
 40
0.101600
 41
0.101600
 42
0.000000
  0
SEQEND
  0
POLYLINE
  8
PG_SILKSCREEN_TOP
 66
1
 70
0
 40
0.000000
 41
0.000000
 39
0.000000
  0
VERTEX
  8
PG_SILKSCREEN_TOP
 10
1.999386
 20
64.830579
 40
0.101600
 41
0.101600
 42
0.000000
  0
VERTEX
  8
PG_SILKSCREEN_TOP
 10
1.389786
 20
64.830579
 40
0.101600
 41
0.101600
 42
0.000000
  0
SEQEND
  0
POLYLINE
  8
PG_SILKSCREEN_TOP
 66
1
 70
0
 40
0.000000
 41
0.000000
 39
0.000000
  0
VERTEX
  8
PG_SILKSCREEN_TOP
 10
1.389786
 20
65.541779
 40
0.101600
 41
0.101600
 42
0.000000
  0
VERTEX
  8
PG_SILKSCREEN_TOP
 10
1.973986
 20
65.541779
 40
0.101600
 41
0.101600
 42
0.000000
  0
SEQEND
  0
POLYLINE
  8
PG_SILKSCREEN_TOP
 66
1
 70
0
 40
0.000000
 41
0.000000
 39
0.000000
  0
VERTEX
  8
PG_SILKSCREEN_TOP
 10
3.019781
 20
65.541779
 40
0.101600
 41
0.101600
 42
0.000000
  0
VERTEX
  8
PG_SILKSCREEN_TOP
 10
2.410181
 20
65.541779
 40
0.101600
 41
0.101600
 42
0.000000
  0
SEQEND
  0
POLYLINE
  8
PG_SILKSCREEN_TOP
 66
1
 70
0
 40
0.000000
 41
0.000000
 39
0.000000
  0
VERTEX
  8
PG_SILKSCREEN_TOP
 10
3.019781
 20
64.830579
 40
0.101600
 41
0.101600
 42
0.000000
  0
VERTEX
  8
PG_SILKSCREEN_TOP
 10
3.019781
 20
65.541779
 40
0.101600
 41
0.101600
 42
0.000000
  0
SEQEND
  0
POLYLINE
  8
PG_SILKSCREEN_TOP
 66
1
 70
0
 40
0.000000
 41
0.000000
 39
0.000000
  0
VERTEX
  8
PG_SILKSCREEN_TOP
 10
3.019781
 20
64.830579
 40
0.101600
 41
0.101600
 42
0.000000
  0
VERTEX
  8
PG_SILKSCREEN_TOP
 10
2.410181
 20
64.830579
 40
0.101600
 41
0.101600
 42
0.000000
  0
SEQEND
  0
POLYLINE
  8
PIN_TOP
 66
1
 70
1
 40
0.000000
 41
0.000000
 39
0.000000
  0
VERTEX
  8
PIN_TOP
 10
2.544064
 20
70.127876
 40
0.000000
 41
0.000000
 42
0.000000
  0
VERTEX
  8
PIN_TOP
 10
2.544064
 20
69.619876
 40
0.000000
 41
0.000000
 42
0.000000
  0
VERTEX
  8
PIN_TOP
 10
2.036064
 20
69.619876
 40
0.000000
 41
0.000000
 42
0.000000
  0
VERTEX
  8
PIN_TOP
 10
2.036064
 20
70.127876
 40
0.000000
 41
0.000000
 42
0.000000
  0
SEQEND
  0
POLYLINE
  8
PIN_TOP
 66
1
 70
1
 40
0.000000
 41
0.000000
 39
0.000000
  0
VERTEX
  8
PIN_TOP
 10
1.629664
 20
70.127876
 40
0.000000
 41
0.000000
 42
0.000000
  0
VERTEX
  8
PIN_TOP
 10
1.629664
 20
69.619876
 40
0.000000
 41
0.000000
 42
0.000000
  0
VERTEX
  8
PIN_TOP
 10
1.121664
 20
69.619876
 40
0.000000
 41
0.000000
 42
0.000000
  0
VERTEX
  8
PIN_TOP
 10
1.121664
 20
70.127876
 40
0.000000
 41
0.000000
 42
0.000000
  0
SEQEND
  0
POLYLINE
  8
PG_SILKSCREEN_TOP
 66
1
 70
0
 40
0.000000
 41
0.000000
 39
0.000000
  0
VERTEX
  8
PG_SILKSCREEN_TOP
 10
1.015670
 20
69.518276
 40
0.101600
 41
0.101600
 42
0.000000
  0
VERTEX
  8
PG_SILKSCREEN_TOP
 10
1.015670
 20
70.229476
 40
0.101600
 41
0.101600
 42
0.000000
  0
SEQEND
  0
POLYLINE
  8
PG_SILKSCREEN_TOP
 66
1
 70
0
 40
0.000000
 41
0.000000
 39
0.000000
  0
VERTEX
  8
PG_SILKSCREEN_TOP
 10
1.629664
 20
69.518276
 40
0.101600
 41
0.101600
 42
0.000000
  0
VERTEX
  8
PG_SILKSCREEN_TOP
 10
1.020064
 20
69.518276
 40
0.101600
 41
0.101600
 42
0.000000
  0
SEQEND
  0
POLYLINE
  8
PG_SILKSCREEN_TOP
 66
1
 70
0
 40
0.000000
 41
0.000000
 39
0.000000
  0
VERTEX
  8
PG_SILKSCREEN_TOP
 10
1.020064
 20
70.229476
 40
0.101600
 41
0.101600
 42
0.000000
  0
VERTEX
  8
PG_SILKSCREEN_TOP
 10
1.604264
 20
70.229476
 40
0.101600
 41
0.101600
 42
0.000000
  0
SEQEND
  0
POLYLINE
  8
PG_SILKSCREEN_TOP
 66
1
 70
0
 40
0.000000
 41
0.000000
 39
0.000000
  0
VERTEX
  8
PG_SILKSCREEN_TOP
 10
2.650058
 20
70.229476
 40
0.101600
 41
0.101600
 42
0.000000
  0
VERTEX
  8
PG_SILKSCREEN_TOP
 10
2.040458
 20
70.229476
 40
0.101600
 41
0.101600
 42
0.000000
  0
SEQEND
  0
POLYLINE
  8
PG_SILKSCREEN_TOP
 66
1
 70
0
 40
0.000000
 41
0.000000
 39
0.000000
  0
VERTEX
  8
PG_SILKSCREEN_TOP
 10
2.650058
 20
69.518276
 40
0.101600
 41
0.101600
 42
0.000000
  0
VERTEX
  8
PG_SILKSCREEN_TOP
 10
2.650058
 20
70.229476
 40
0.101600
 41
0.101600
 42
0.000000
  0
SEQEND
  0
POLYLINE
  8
PG_SILKSCREEN_TOP
 66
1
 70
0
 40
0.000000
 41
0.000000
 39
0.000000
  0
VERTEX
  8
PG_SILKSCREEN_TOP
 10
2.650058
 20
69.518276
 40
0.101600
 41
0.101600
 42
0.000000
  0
VERTEX
  8
PG_SILKSCREEN_TOP
 10
2.040458
 20
69.518276
 40
0.101600
 41
0.101600
 42
0.000000
  0
SEQEND
  0
POLYLINE
  8
PIN_TOP
 66
1
 70
1
 40
0.000000
 41
0.000000
 39
0.000000
  0
VERTEX
  8
PIN_TOP
 10
10.130384
 20
69.734303
 40
0.000000
 41
0.000000
 42
0.000000
  0
VERTEX
  8
PIN_TOP
 10
10.130384
 20
70.242303
 40
0.000000
 41
0.000000
 42
0.000000
  0
VERTEX
  8
PIN_TOP
 10
10.638384
 20
70.242303
 40
0.000000
 41
0.000000
 42
0.000000
  0
VERTEX
  8
PIN_TOP
 10
10.638384
 20
69.734303
 40
0.000000
 41
0.000000
 42
0.000000
  0
SEQEND
  0
POLYLINE
  8
PIN_TOP
 66
1
 70
1
 40
0.000000
 41
0.000000
 39
0.000000
  0
VERTEX
  8
PIN_TOP
 10
11.044784
 20
69.734303
 40
0.000000
 41
0.000000
 42
0.000000
  0
VERTEX
  8
PIN_TOP
 10
11.044784
 20
70.242303
 40
0.000000
 41
0.000000
 42
0.000000
  0
VERTEX
  8
PIN_TOP
 10
11.552784
 20
70.242303
 40
0.000000
 41
0.000000
 42
0.000000
  0
VERTEX
  8
PIN_TOP
 10
11.552784
 20
69.734303
 40
0.000000
 41
0.000000
 42
0.000000
  0
SEQEND
  0
POLYLINE
  8
PG_SILKSCREEN_TOP
 66
1
 70
0
 40
0.000000
 41
0.000000
 39
0.000000
  0
VERTEX
  8
PG_SILKSCREEN_TOP
 10
11.658778
 20
70.343903
 40
0.101600
 41
0.101600
 42
0.000000
  0
VERTEX
  8
PG_SILKSCREEN_TOP
 10
11.658778
 20
69.632703
 40
0.101600
 41
0.101600
 42
0.000000
  0
SEQEND
  0
POLYLINE
  8
PG_SILKSCREEN_TOP
 66
1
 70
0
 40
0.000000
 41
0.000000
 39
0.000000
  0
VERTEX
  8
PG_SILKSCREEN_TOP
 10
11.044784
 20
70.343903
 40
0.101600
 41
0.101600
 42
0.000000
  0
VERTEX
  8
PG_SILKSCREEN_TOP
 10
11.654384
 20
70.343903
 40
0.101600
 41
0.101600
 42
0.000000
  0
SEQEND
  0
POLYLINE
  8
PG_SILKSCREEN_TOP
 66
1
 70
0
 40
0.000000
 41
0.000000
 39
0.000000
  0
VERTEX
  8
PG_SILKSCREEN_TOP
 10
11.654384
 20
69.632703
 40
0.101600
 41
0.101600
 42
0.000000
  0
VERTEX
  8
PG_SILKSCREEN_TOP
 10
11.070184
 20
69.632703
 40
0.101600
 41
0.101600
 42
0.000000
  0
SEQEND
  0
POLYLINE
  8
PG_SILKSCREEN_TOP
 66
1
 70
0
 40
0.000000
 41
0.000000
 39
0.000000
  0
VERTEX
  8
PG_SILKSCREEN_TOP
 10
10.024389
 20
69.632703
 40
0.101600
 41
0.101600
 42
0.000000
  0
VERTEX
  8
PG_SILKSCREEN_TOP
 10
10.633989
 20
69.632703
 40
0.101600
 41
0.101600
 42
0.000000
  0
SEQEND
  0
POLYLINE
  8
PG_SILKSCREEN_TOP
 66
1
 70
0
 40
0.000000
 41
0.000000
 39
0.000000
  0
VERTEX
  8
PG_SILKSCREEN_TOP
 10
10.024389
 20
70.343903
 40
0.101600
 41
0.101600
 42
0.000000
  0
VERTEX
  8
PG_SILKSCREEN_TOP
 10
10.024389
 20
69.632703
 40
0.101600
 41
0.101600
 42
0.000000
  0
SEQEND
  0
POLYLINE
  8
PG_SILKSCREEN_TOP
 66
1
 70
0
 40
0.000000
 41
0.000000
 39
0.000000
  0
VERTEX
  8
PG_SILKSCREEN_TOP
 10
10.024389
 20
70.343903
 40
0.101600
 41
0.101600
 42
0.000000
  0
VERTEX
  8
PG_SILKSCREEN_TOP
 10
10.633989
 20
70.343903
 40
0.101600
 41
0.101600
 42
0.000000
  0
SEQEND
  0
POLYLINE
  8
PIN_TOP
 66
1
 70
1
 40
0.000000
 41
0.000000
 39
0.000000
  0
VERTEX
  8
PIN_TOP
 10
18.210378
 20
64.156463
 40
0.000000
 41
0.000000
 42
0.000000
  0
VERTEX
  8
PIN_TOP
 10
18.210378
 20
64.664463
 40
0.000000
 41
0.000000
 42
0.000000
  0
VERTEX
  8
PIN_TOP
 10
18.718378
 20
64.664463
 40
0.000000
 41
0.000000
 42
0.000000
  0
VERTEX
  8
PIN_TOP
 10
18.718378
 20
64.156463
 40
0.000000
 41
0.000000
 42
0.000000
  0
SEQEND
  0
POLYLINE
  8
PIN_TOP
 66
1
 70
1
 40
0.000000
 41
0.000000
 39
0.000000
  0
VERTEX
  8
PIN_TOP
 10
19.124778
 20
64.156463
 40
0.000000
 41
0.000000
 42
0.000000
  0
VERTEX
  8
PIN_TOP
 10
19.124778
 20
64.664463
 40
0.000000
 41
0.000000
 42
0.000000
  0
VERTEX
  8
PIN_TOP
 10
19.632778
 20
64.664463
 40
0.000000
 41
0.000000
 42
0.000000
  0
VERTEX
  8
PIN_TOP
 10
19.632778
 20
64.156463
 40
0.000000
 41
0.000000
 42
0.000000
  0
SEQEND
  0
POLYLINE
  8
PG_SILKSCREEN_TOP
 66
1
 70
0
 40
0.000000
 41
0.000000
 39
0.000000
  0
VERTEX
  8
PG_SILKSCREEN_TOP
 10
19.738772
 20
64.766063
 40
0.101600
 41
0.101600
 42
0.000000
  0
VERTEX
  8
PG_SILKSCREEN_TOP
 10
19.738772
 20
64.054863
 40
0.101600
 41
0.101600
 42
0.000000
  0
SEQEND
  0
POLYLINE
  8
PG_SILKSCREEN_TOP
 66
1
 70
0
 40
0.000000
 41
0.000000
 39
0.000000
  0
VERTEX
  8
PG_SILKSCREEN_TOP
 10
19.124778
 20
64.766063
 40
0.101600
 41
0.101600
 42
0.000000
  0
VERTEX
  8
PG_SILKSCREEN_TOP
 10
19.734378
 20
64.766063
 40
0.101600
 41
0.101600
 42
0.000000
  0
SEQEND
  0
POLYLINE
  8
PG_SILKSCREEN_TOP
 66
1
 70
0
 40
0.000000
 41
0.000000
 39
0.000000
  0
VERTEX
  8
PG_SILKSCREEN_TOP
 10
19.734378
 20
64.054863
 40
0.101600
 41
0.101600
 42
0.000000
  0
VERTEX
  8
PG_SILKSCREEN_TOP
 10
19.150178
 20
64.054863
 40
0.101600
 41
0.101600
 42
0.000000
  0
SEQEND
  0
POLYLINE
  8
PG_SILKSCREEN_TOP
 66
1
 70
0
 40
0.000000
 41
0.000000
 39
0.000000
  0
VERTEX
  8
PG_SILKSCREEN_TOP
 10
18.104383
 20
64.054863
 40
0.101600
 41
0.101600
 42
0.000000
  0
VERTEX
  8
PG_SILKSCREEN_TOP
 10
18.713983
 20
64.054863
 40
0.101600
 41
0.101600
 42
0.000000
  0
SEQEND
  0
POLYLINE
  8
PG_SILKSCREEN_TOP
 66
1
 70
0
 40
0.000000
 41
0.000000
 39
0.000000
  0
VERTEX
  8
PG_SILKSCREEN_TOP
 10
18.104383
 20
64.766063
 40
0.101600
 41
0.101600
 42
0.000000
  0
VERTEX
  8
PG_SILKSCREEN_TOP
 10
18.104383
 20
64.054863
 40
0.101600
 41
0.101600
 42
0.000000
  0
SEQEND
  0
POLYLINE
  8
PG_SILKSCREEN_TOP
 66
1
 70
0
 40
0.000000
 41
0.000000
 39
0.000000
  0
VERTEX
  8
PG_SILKSCREEN_TOP
 10
18.104383
 20
64.766063
 40
0.101600
 41
0.101600
 42
0.000000
  0
VERTEX
  8
PG_SILKSCREEN_TOP
 10
18.713983
 20
64.766063
 40
0.101600
 41
0.101600
 42
0.000000
  0
SEQEND
  0
POLYLINE
  8
PIN_TOP
 66
1
 70
1
 40
0.000000
 41
0.000000
 39
0.000000
  0
VERTEX
  8
PIN_TOP
 10
22.577958
 20
71.846567
 40
0.000000
 41
0.000000
 42
0.000000
  0
VERTEX
  8
PIN_TOP
 10
22.577958
 20
71.338567
 40
0.000000
 41
0.000000
 42
0.000000
  0
VERTEX
  8
PIN_TOP
 10
22.069958
 20
71.338567
 40
0.000000
 41
0.000000
 42
0.000000
  0
VERTEX
  8
PIN_TOP
 10
22.069958
 20
71.846567
 40
0.000000
 41
0.000000
 42
0.000000
  0
SEQEND
  0
POLYLINE
  8
PIN_TOP
 66
1
 70
1
 40
0.000000
 41
0.000000
 39
0.000000
  0
VERTEX
  8
PIN_TOP
 10
21.663558
 20
71.846567
 40
0.000000
 41
0.000000
 42
0.000000
  0
VERTEX
  8
PIN_TOP
 10
21.663558
 20
71.338567
 40
0.000000
 41
0.000000
 42
0.000000
  0
VERTEX
  8
PIN_TOP
 10
21.155558
 20
71.338567
 40
0.000000
 41
0.000000
 42
0.000000
  0
VERTEX
  8
PIN_TOP
 10
21.155558
 20
71.846567
 40
0.000000
 41
0.000000
 42
0.000000
  0
SEQEND
  0
POLYLINE
  8
PG_SILKSCREEN_TOP
 66
1
 70
0
 40
0.000000
 41
0.000000
 39
0.000000
  0
VERTEX
  8
PG_SILKSCREEN_TOP
 10
21.049564
 20
71.236967
 40
0.101600
 41
0.101600
 42
0.000000
  0
VERTEX
  8
PG_SILKSCREEN_TOP
 10
21.049564
 20
71.948167
 40
0.101600
 41
0.101600
 42
0.000000
  0
SEQEND
  0
POLYLINE
  8
PG_SILKSCREEN_TOP
 66
1
 70
0
 40
0.000000
 41
0.000000
 39
0.000000
  0
VERTEX
  8
PG_SILKSCREEN_TOP
 10
21.663558
 20
71.236967
 40
0.101600
 41
0.101600
 42
0.000000
  0
VERTEX
  8
PG_SILKSCREEN_TOP
 10
21.053958
 20
71.236967
 40
0.101600
 41
0.101600
 42
0.000000
  0
SEQEND
  0
POLYLINE
  8
PG_SILKSCREEN_TOP
 66
1
 70
0
 40
0.000000
 41
0.000000
 39
0.000000
  0
VERTEX
  8
PG_SILKSCREEN_TOP
 10
21.053958
 20
71.948167
 40
0.101600
 41
0.101600
 42
0.000000
  0
VERTEX
  8
PG_SILKSCREEN_TOP
 10
21.638158
 20
71.948167
 40
0.101600
 41
0.101600
 42
0.000000
  0
SEQEND
  0
POLYLINE
  8
PG_SILKSCREEN_TOP
 66
1
 70
0
 40
0.000000
 41
0.000000
 39
0.000000
  0
VERTEX
  8
PG_SILKSCREEN_TOP
 10
22.683953
 20
71.948167
 40
0.101600
 41
0.101600
 42
0.000000
  0
VERTEX
  8
PG_SILKSCREEN_TOP
 10
22.074353
 20
71.948167
 40
0.101600
 41
0.101600
 42
0.000000
  0
SEQEND
  0
POLYLINE
  8
PG_SILKSCREEN_TOP
 66
1
 70
0
 40
0.000000
 41
0.000000
 39
0.000000
  0
VERTEX
  8
PG_SILKSCREEN_TOP
 10
22.683953
 20
71.236967
 40
0.101600
 41
0.101600
 42
0.000000
  0
VERTEX
  8
PG_SILKSCREEN_TOP
 10
22.683953
 20
71.948167
 40
0.101600
 41
0.101600
 42
0.000000
  0
SEQEND
  0
POLYLINE
  8
PG_SILKSCREEN_TOP
 66
1
 70
0
 40
0.000000
 41
0.000000
 39
0.000000
  0
VERTEX
  8
PG_SILKSCREEN_TOP
 10
22.683953
 20
71.236967
 40
0.101600
 41
0.101600
 42
0.000000
  0
VERTEX
  8
PG_SILKSCREEN_TOP
 10
22.074353
 20
71.236967
 40
0.101600
 41
0.101600
 42
0.000000
  0
SEQEND
  0
POLYLINE
  8
PIN_TOP
 66
1
 70
1
 40
0.000000
 41
0.000000
 39
0.000000
  0
VERTEX
  8
PIN_TOP
 10
8.414512
 20
64.229945
 40
0.000000
 41
0.000000
 42
0.000000
  0
VERTEX
  8
PIN_TOP
 10
8.414512
 20
64.737945
 40
0.000000
 41
0.000000
 42
0.000000
  0
VERTEX
  8
PIN_TOP
 10
8.922512
 20
64.737945
 40
0.000000
 41
0.000000
 42
0.000000
  0
VERTEX
  8
PIN_TOP
 10
8.922512
 20
64.229945
 40
0.000000
 41
0.000000
 42
0.000000
  0
SEQEND
  0
POLYLINE
  8
PIN_TOP
 66
1
 70
1
 40
0.000000
 41
0.000000
 39
0.000000
  0
VERTEX
  8
PIN_TOP
 10
9.328912
 20
64.229945
 40
0.000000
 41
0.000000
 42
0.000000
  0
VERTEX
  8
PIN_TOP
 10
9.328912
 20
64.737945
 40
0.000000
 41
0.000000
 42
0.000000
  0
VERTEX
  8
PIN_TOP
 10
9.836912
 20
64.737945
 40
0.000000
 41
0.000000
 42
0.000000
  0
VERTEX
  8
PIN_TOP
 10
9.836912
 20
64.229945
 40
0.000000
 41
0.000000
 42
0.000000
  0
SEQEND
  0
POLYLINE
  8
PG_SILKSCREEN_TOP
 66
1
 70
0
 40
0.000000
 41
0.000000
 39
0.000000
  0
VERTEX
  8
PG_SILKSCREEN_TOP
 10
9.942906
 20
64.839545
 40
0.101600
 41
0.101600
 42
0.000000
  0
VERTEX
  8
PG_SILKSCREEN_TOP
 10
9.942906
 20
64.128345
 40
0.101600
 41
0.101600
 42
0.000000
  0
SEQEND
  0
POLYLINE
  8
PG_SILKSCREEN_TOP
 66
1
 70
0
 40
0.000000
 41
0.000000
 39
0.000000
  0
VERTEX
  8
PG_SILKSCREEN_TOP
 10
9.328912
 20
64.839545
 40
0.101600
 41
0.101600
 42
0.000000
  0
VERTEX
  8
PG_SILKSCREEN_TOP
 10
9.938512
 20
64.839545
 40
0.101600
 41
0.101600
 42
0.000000
  0
SEQEND
  0
POLYLINE
  8
PG_SILKSCREEN_TOP
 66
1
 70
0
 40
0.000000
 41
0.000000
 39
0.000000
  0
VERTEX
  8
PG_SILKSCREEN_TOP
 10
9.938512
 20
64.128345
 40
0.101600
 41
0.101600
 42
0.000000
  0
VERTEX
  8
PG_SILKSCREEN_TOP
 10
9.354312
 20
64.128345
 40
0.101600
 41
0.101600
 42
0.000000
  0
SEQEND
  0
POLYLINE
  8
PG_SILKSCREEN_TOP
 66
1
 70
0
 40
0.000000
 41
0.000000
 39
0.000000
  0
VERTEX
  8
PG_SILKSCREEN_TOP
 10
8.308518
 20
64.128345
 40
0.101600
 41
0.101600
 42
0.000000
  0
VERTEX
  8
PG_SILKSCREEN_TOP
 10
8.918118
 20
64.128345
 40
0.101600
 41
0.101600
 42
0.000000
  0
SEQEND
  0
POLYLINE
  8
PG_SILKSCREEN_TOP
 66
1
 70
0
 40
0.000000
 41
0.000000
 39
0.000000
  0
VERTEX
  8
PG_SILKSCREEN_TOP
 10
8.308518
 20
64.839545
 40
0.101600
 41
0.101600
 42
0.000000
  0
VERTEX
  8
PG_SILKSCREEN_TOP
 10
8.308518
 20
64.128345
 40
0.101600
 41
0.101600
 42
0.000000
  0
SEQEND
  0
POLYLINE
  8
PG_SILKSCREEN_TOP
 66
1
 70
0
 40
0.000000
 41
0.000000
 39
0.000000
  0
VERTEX
  8
PG_SILKSCREEN_TOP
 10
8.308518
 20
64.839545
 40
0.101600
 41
0.101600
 42
0.000000
  0
VERTEX
  8
PG_SILKSCREEN_TOP
 10
8.918118
 20
64.839545
 40
0.101600
 41
0.101600
 42
0.000000
  0
SEQEND
  0
POLYLINE
  8
PIN_TOP
 66
1
 70
1
 40
0.000000
 41
0.000000
 39
0.000000
  0
VERTEX
  8
PIN_TOP
 10
11.539372
 20
71.172197
 40
0.000000
 41
0.000000
 42
0.000000
  0
VERTEX
  8
PIN_TOP
 10
11.539372
 20
70.664197
 40
0.000000
 41
0.000000
 42
0.000000
  0
VERTEX
  8
PIN_TOP
 10
11.031372
 20
70.664197
 40
0.000000
 41
0.000000
 42
0.000000
  0
VERTEX
  8
PIN_TOP
 10
11.031372
 20
71.172197
 40
0.000000
 41
0.000000
 42
0.000000
  0
SEQEND
  0
POLYLINE
  8
PIN_TOP
 66
1
 70
1
 40
0.000000
 41
0.000000
 39
0.000000
  0
VERTEX
  8
PIN_TOP
 10
10.624972
 20
71.172197
 40
0.000000
 41
0.000000
 42
0.000000
  0
VERTEX
  8
PIN_TOP
 10
10.624972
 20
70.664197
 40
0.000000
 41
0.000000
 42
0.000000
  0
VERTEX
  8
PIN_TOP
 10
10.116972
 20
70.664197
 40
0.000000
 41
0.000000
 42
0.000000
  0
VERTEX
  8
PIN_TOP
 10
10.116972
 20
71.172197
 40
0.000000
 41
0.000000
 42
0.000000
  0
SEQEND
  0
POLYLINE
  8
PG_SILKSCREEN_TOP
 66
1
 70
0
 40
0.000000
 41
0.000000
 39
0.000000
  0
VERTEX
  8
PG_SILKSCREEN_TOP
 10
10.010978
 20
70.562597
 40
0.101600
 41
0.101600
 42
0.000000
  0
VERTEX
  8
PG_SILKSCREEN_TOP
 10
10.010978
 20
71.273797
 40
0.101600
 41
0.101600
 42
0.000000
  0
SEQEND
  0
POLYLINE
  8
PG_SILKSCREEN_TOP
 66
1
 70
0
 40
0.000000
 41
0.000000
 39
0.000000
  0
VERTEX
  8
PG_SILKSCREEN_TOP
 10
10.624972
 20
70.562597
 40
0.101600
 41
0.101600
 42
0.000000
  0
VERTEX
  8
PG_SILKSCREEN_TOP
 10
10.015372
 20
70.562597
 40
0.101600
 41
0.101600
 42
0.000000
  0
SEQEND
  0
POLYLINE
  8
PG_SILKSCREEN_TOP
 66
1
 70
0
 40
0.000000
 41
0.000000
 39
0.000000
  0
VERTEX
  8
PG_SILKSCREEN_TOP
 10
10.015372
 20
71.273797
 40
0.101600
 41
0.101600
 42
0.000000
  0
VERTEX
  8
PG_SILKSCREEN_TOP
 10
10.599572
 20
71.273797
 40
0.101600
 41
0.101600
 42
0.000000
  0
SEQEND
  0
POLYLINE
  8
PG_SILKSCREEN_TOP
 66
1
 70
0
 40
0.000000
 41
0.000000
 39
0.000000
  0
VERTEX
  8
PG_SILKSCREEN_TOP
 10
11.645367
 20
71.273797
 40
0.101600
 41
0.101600
 42
0.000000
  0
VERTEX
  8
PG_SILKSCREEN_TOP
 10
11.035767
 20
71.273797
 40
0.101600
 41
0.101600
 42
0.000000
  0
SEQEND
  0
POLYLINE
  8
PG_SILKSCREEN_TOP
 66
1
 70
0
 40
0.000000
 41
0.000000
 39
0.000000
  0
VERTEX
  8
PG_SILKSCREEN_TOP
 10
11.645367
 20
70.562597
 40
0.101600
 41
0.101600
 42
0.000000
  0
VERTEX
  8
PG_SILKSCREEN_TOP
 10
11.645367
 20
71.273797
 40
0.101600
 41
0.101600
 42
0.000000
  0
SEQEND
  0
POLYLINE
  8
PG_SILKSCREEN_TOP
 66
1
 70
0
 40
0.000000
 41
0.000000
 39
0.000000
  0
VERTEX
  8
PG_SILKSCREEN_TOP
 10
11.645367
 20
70.562597
 40
0.101600
 41
0.101600
 42
0.000000
  0
VERTEX
  8
PG_SILKSCREEN_TOP
 10
11.035767
 20
70.562597
 40
0.101600
 41
0.101600
 42
0.000000
  0
SEQEND
  0
POLYLINE
  8
PIN_TOP
 66
1
 70
1
 40
0.000000
 41
0.000000
 39
0.000000
  0
VERTEX
  8
PIN_TOP
 10
70.443192
 20
24.859590
 40
0.000000
 41
0.000000
 42
0.000000
  0
VERTEX
  8
PIN_TOP
 10
70.443192
 20
25.367590
 40
0.000000
 41
0.000000
 42
0.000000
  0
VERTEX
  8
PIN_TOP
 10
70.951192
 20
25.367590
 40
0.000000
 41
0.000000
 42
0.000000
  0
VERTEX
  8
PIN_TOP
 10
70.951192
 20
24.859590
 40
0.000000
 41
0.000000
 42
0.000000
  0
SEQEND
  0
POLYLINE
  8
PIN_TOP
 66
1
 70
1
 40
0.000000
 41
0.000000
 39
0.000000
  0
VERTEX
  8
PIN_TOP
 10
71.357592
 20
24.859590
 40
0.000000
 41
0.000000
 42
0.000000
  0
VERTEX
  8
PIN_TOP
 10
71.357592
 20
25.367590
 40
0.000000
 41
0.000000
 42
0.000000
  0
VERTEX
  8
PIN_TOP
 10
71.865592
 20
25.367590
 40
0.000000
 41
0.000000
 42
0.000000
  0
VERTEX
  8
PIN_TOP
 10
71.865592
 20
24.859590
 40
0.000000
 41
0.000000
 42
0.000000
  0
SEQEND
  0
POLYLINE
  8
PG_SILKSCREEN_TOP
 66
1
 70
0
 40
0.000000
 41
0.000000
 39
0.000000
  0
VERTEX
  8
PG_SILKSCREEN_TOP
 10
71.971586
 20
25.469190
 40
0.101600
 41
0.101600
 42
0.000000
  0
VERTEX
  8
PG_SILKSCREEN_TOP
 10
71.971586
 20
24.757990
 40
0.101600
 41
0.101600
 42
0.000000
  0
SEQEND
  0
POLYLINE
  8
PG_SILKSCREEN_TOP
 66
1
 70
0
 40
0.000000
 41
0.000000
 39
0.000000
  0
VERTEX
  8
PG_SILKSCREEN_TOP
 10
71.357592
 20
25.469190
 40
0.101600
 41
0.101600
 42
0.000000
  0
VERTEX
  8
PG_SILKSCREEN_TOP
 10
71.967192
 20
25.469190
 40
0.101600
 41
0.101600
 42
0.000000
  0
SEQEND
  0
POLYLINE
  8
PG_SILKSCREEN_TOP
 66
1
 70
0
 40
0.000000
 41
0.000000
 39
0.000000
  0
VERTEX
  8
PG_SILKSCREEN_TOP
 10
71.967192
 20
24.757990
 40
0.101600
 41
0.101600
 42
0.000000
  0
VERTEX
  8
PG_SILKSCREEN_TOP
 10
71.382992
 20
24.757990
 40
0.101600
 41
0.101600
 42
0.000000
  0
SEQEND
  0
POLYLINE
  8
PG_SILKSCREEN_TOP
 66
1
 70
0
 40
0.000000
 41
0.000000
 39
0.000000
  0
VERTEX
  8
PG_SILKSCREEN_TOP
 10
70.337197
 20
24.757990
 40
0.101600
 41
0.101600
 42
0.000000
  0
VERTEX
  8
PG_SILKSCREEN_TOP
 10
70.946797
 20
24.757990
 40
0.101600
 41
0.101600
 42
0.000000
  0
SEQEND
  0
POLYLINE
  8
PG_SILKSCREEN_TOP
 66
1
 70
0
 40
0.000000
 41
0.000000
 39
0.000000
  0
VERTEX
  8
PG_SILKSCREEN_TOP
 10
70.337197
 20
25.469190
 40
0.101600
 41
0.101600
 42
0.000000
  0
VERTEX
  8
PG_SILKSCREEN_TOP
 10
70.337197
 20
24.757990
 40
0.101600
 41
0.101600
 42
0.000000
  0
SEQEND
  0
POLYLINE
  8
PG_SILKSCREEN_TOP
 66
1
 70
0
 40
0.000000
 41
0.000000
 39
0.000000
  0
VERTEX
  8
PG_SILKSCREEN_TOP
 10
70.337197
 20
25.469190
 40
0.101600
 41
0.101600
 42
0.000000
  0
VERTEX
  8
PG_SILKSCREEN_TOP
 10
70.946797
 20
25.469190
 40
0.101600
 41
0.101600
 42
0.000000
  0
SEQEND
  0
POLYLINE
  8
PIN_TOP
 66
1
 70
1
 40
0.000000
 41
0.000000
 39
0.000000
  0
VERTEX
  8
PIN_TOP
 10
66.748533
 20
30.178375
 40
0.000000
 41
0.000000
 42
0.000000
  0
VERTEX
  8
PIN_TOP
 10
67.256533
 20
30.178375
 40
0.000000
 41
0.000000
 42
0.000000
  0
VERTEX
  8
PIN_TOP
 10
67.256533
 20
29.670375
 40
0.000000
 41
0.000000
 42
0.000000
  0
VERTEX
  8
PIN_TOP
 10
66.748533
 20
29.670375
 40
0.000000
 41
0.000000
 42
0.000000
  0
SEQEND
  0
POLYLINE
  8
PIN_TOP
 66
1
 70
1
 40
0.000000
 41
0.000000
 39
0.000000
  0
VERTEX
  8
PIN_TOP
 10
66.748533
 20
29.263975
 40
0.000000
 41
0.000000
 42
0.000000
  0
VERTEX
  8
PIN_TOP
 10
67.256533
 20
29.263975
 40
0.000000
 41
0.000000
 42
0.000000
  0
VERTEX
  8
PIN_TOP
 10
67.256533
 20
28.755975
 40
0.000000
 41
0.000000
 42
0.000000
  0
VERTEX
  8
PIN_TOP
 10
66.748533
 20
28.755975
 40
0.000000
 41
0.000000
 42
0.000000
  0
SEQEND
  0
POLYLINE
  8
PG_SILKSCREEN_TOP
 66
1
 70
0
 40
0.000000
 41
0.000000
 39
0.000000
  0
VERTEX
  8
PG_SILKSCREEN_TOP
 10
67.358133
 20
28.649981
 40
0.101600
 41
0.101600
 42
0.000000
  0
VERTEX
  8
PG_SILKSCREEN_TOP
 10
66.646933
 20
28.649981
 40
0.101600
 41
0.101600
 42
0.000000
  0
SEQEND
  0
POLYLINE
  8
PG_SILKSCREEN_TOP
 66
1
 70
0
 40
0.000000
 41
0.000000
 39
0.000000
  0
VERTEX
  8
PG_SILKSCREEN_TOP
 10
67.358133
 20
29.263975
 40
0.101600
 41
0.101600
 42
0.000000
  0
VERTEX
  8
PG_SILKSCREEN_TOP
 10
67.358133
 20
28.654375
 40
0.101600
 41
0.101600
 42
0.000000
  0
SEQEND
  0
POLYLINE
  8
PG_SILKSCREEN_TOP
 66
1
 70
0
 40
0.000000
 41
0.000000
 39
0.000000
  0
VERTEX
  8
PG_SILKSCREEN_TOP
 10
66.646933
 20
28.654375
 40
0.101600
 41
0.101600
 42
0.000000
  0
VERTEX
  8
PG_SILKSCREEN_TOP
 10
66.646933
 20
29.238575
 40
0.101600
 41
0.101600
 42
0.000000
  0
SEQEND
  0
POLYLINE
  8
PG_SILKSCREEN_TOP
 66
1
 70
0
 40
0.000000
 41
0.000000
 39
0.000000
  0
VERTEX
  8
PG_SILKSCREEN_TOP
 10
66.646933
 20
30.284369
 40
0.101600
 41
0.101600
 42
0.000000
  0
VERTEX
  8
PG_SILKSCREEN_TOP
 10
66.646933
 20
29.674769
 40
0.101600
 41
0.101600
 42
0.000000
  0
SEQEND
  0
POLYLINE
  8
PG_SILKSCREEN_TOP
 66
1
 70
0
 40
0.000000
 41
0.000000
 39
0.000000
  0
VERTEX
  8
PG_SILKSCREEN_TOP
 10
67.358133
 20
30.284369
 40
0.101600
 41
0.101600
 42
0.000000
  0
VERTEX
  8
PG_SILKSCREEN_TOP
 10
66.646933
 20
30.284369
 40
0.101600
 41
0.101600
 42
0.000000
  0
SEQEND
  0
POLYLINE
  8
PG_SILKSCREEN_TOP
 66
1
 70
0
 40
0.000000
 41
0.000000
 39
0.000000
  0
VERTEX
  8
PG_SILKSCREEN_TOP
 10
67.358133
 20
30.284369
 40
0.101600
 41
0.101600
 42
0.000000
  0
VERTEX
  8
PG_SILKSCREEN_TOP
 10
67.358133
 20
29.674769
 40
0.101600
 41
0.101600
 42
0.000000
  0
SEQEND
  0
POLYLINE
  8
PIN_TOP
 66
1
 70
1
 40
0.000000
 41
0.000000
 39
0.000000
  0
VERTEX
  8
PIN_TOP
 10
20.995615
 20
12.721920
 40
0.000000
 41
0.000000
 42
0.000000
  0
VERTEX
  8
PIN_TOP
 10
20.995615
 20
12.213920
 40
0.000000
 41
0.000000
 42
0.000000
  0
VERTEX
  8
PIN_TOP
 10
20.487615
 20
12.213920
 40
0.000000
 41
0.000000
 42
0.000000
  0
VERTEX
  8
PIN_TOP
 10
20.487615
 20
12.721920
 40
0.000000
 41
0.000000
 42
0.000000
  0
SEQEND
  0
POLYLINE
  8
PIN_TOP
 66
1
 70
1
 40
0.000000
 41
0.000000
 39
0.000000
  0
VERTEX
  8
PIN_TOP
 10
20.081215
 20
12.721920
 40
0.000000
 41
0.000000
 42
0.000000
  0
VERTEX
  8
PIN_TOP
 10
20.081215
 20
12.213920
 40
0.000000
 41
0.000000
 42
0.000000
  0
VERTEX
  8
PIN_TOP
 10
19.573215
 20
12.213920
 40
0.000000
 41
0.000000
 42
0.000000
  0
VERTEX
  8
PIN_TOP
 10
19.573215
 20
12.721920
 40
0.000000
 41
0.000000
 42
0.000000
  0
SEQEND
  0
POLYLINE
  8
PG_SILKSCREEN_TOP
 66
1
 70
0
 40
0.000000
 41
0.000000
 39
0.000000
  0
VERTEX
  8
PG_SILKSCREEN_TOP
 10
19.467220
 20
12.112320
 40
0.101600
 41
0.101600
 42
0.000000
  0
VERTEX
  8
PG_SILKSCREEN_TOP
 10
19.467220
 20
12.823520
 40
0.101600
 41
0.101600
 42
0.000000
  0
SEQEND
  0
POLYLINE
  8
PG_SILKSCREEN_TOP
 66
1
 70
0
 40
0.000000
 41
0.000000
 39
0.000000
  0
VERTEX
  8
PG_SILKSCREEN_TOP
 10
20.081215
 20
12.112320
 40
0.101600
 41
0.101600
 42
0.000000
  0
VERTEX
  8
PG_SILKSCREEN_TOP
 10
19.471615
 20
12.112320
 40
0.101600
 41
0.101600
 42
0.000000
  0
SEQEND
  0
POLYLINE
  8
PG_SILKSCREEN_TOP
 66
1
 70
0
 40
0.000000
 41
0.000000
 39
0.000000
  0
VERTEX
  8
PG_SILKSCREEN_TOP
 10
19.471615
 20
12.823520
 40
0.101600
 41
0.101600
 42
0.000000
  0
VERTEX
  8
PG_SILKSCREEN_TOP
 10
20.055815
 20
12.823520
 40
0.101600
 41
0.101600
 42
0.000000
  0
SEQEND
  0
POLYLINE
  8
PG_SILKSCREEN_TOP
 66
1
 70
0
 40
0.000000
 41
0.000000
 39
0.000000
  0
VERTEX
  8
PG_SILKSCREEN_TOP
 10
21.101609
 20
12.823520
 40
0.101600
 41
0.101600
 42
0.000000
  0
VERTEX
  8
PG_SILKSCREEN_TOP
 10
20.492009
 20
12.823520
 40
0.101600
 41
0.101600
 42
0.000000
  0
SEQEND
  0
POLYLINE
  8
PG_SILKSCREEN_TOP
 66
1
 70
0
 40
0.000000
 41
0.000000
 39
0.000000
  0
VERTEX
  8
PG_SILKSCREEN_TOP
 10
21.101609
 20
12.112320
 40
0.101600
 41
0.101600
 42
0.000000
  0
VERTEX
  8
PG_SILKSCREEN_TOP
 10
21.101609
 20
12.823520
 40
0.101600
 41
0.101600
 42
0.000000
  0
SEQEND
  0
POLYLINE
  8
PG_SILKSCREEN_TOP
 66
1
 70
0
 40
0.000000
 41
0.000000
 39
0.000000
  0
VERTEX
  8
PG_SILKSCREEN_TOP
 10
21.101609
 20
12.112320
 40
0.101600
 41
0.101600
 42
0.000000
  0
VERTEX
  8
PG_SILKSCREEN_TOP
 10
20.492009
 20
12.112320
 40
0.101600
 41
0.101600
 42
0.000000
  0
SEQEND
  0
POLYLINE
  8
PIN_TOP
 66
1
 70
1
 40
0.000000
 41
0.000000
 39
0.000000
  0
VERTEX
  8
PIN_TOP
 10
19.573215
 20
13.107899
 40
0.000000
 41
0.000000
 42
0.000000
  0
VERTEX
  8
PIN_TOP
 10
19.573215
 20
13.615899
 40
0.000000
 41
0.000000
 42
0.000000
  0
VERTEX
  8
PIN_TOP
 10
20.081215
 20
13.615899
 40
0.000000
 41
0.000000
 42
0.000000
  0
VERTEX
  8
PIN_TOP
 10
20.081215
 20
13.107899
 40
0.000000
 41
0.000000
 42
0.000000
  0
SEQEND
  0
POLYLINE
  8
PIN_TOP
 66
1
 70
1
 40
0.000000
 41
0.000000
 39
0.000000
  0
VERTEX
  8
PIN_TOP
 10
20.487615
 20
13.107899
 40
0.000000
 41
0.000000
 42
0.000000
  0
VERTEX
  8
PIN_TOP
 10
20.487615
 20
13.615899
 40
0.000000
 41
0.000000
 42
0.000000
  0
VERTEX
  8
PIN_TOP
 10
20.995615
 20
13.615899
 40
0.000000
 41
0.000000
 42
0.000000
  0
VERTEX
  8
PIN_TOP
 10
20.995615
 20
13.107899
 40
0.000000
 41
0.000000
 42
0.000000
  0
SEQEND
  0
POLYLINE
  8
PG_SILKSCREEN_TOP
 66
1
 70
0
 40
0.000000
 41
0.000000
 39
0.000000
  0
VERTEX
  8
PG_SILKSCREEN_TOP
 10
21.101609
 20
13.717499
 40
0.101600
 41
0.101600
 42
0.000000
  0
VERTEX
  8
PG_SILKSCREEN_TOP
 10
21.101609
 20
13.006299
 40
0.101600
 41
0.101600
 42
0.000000
  0
SEQEND
  0
POLYLINE
  8
PG_SILKSCREEN_TOP
 66
1
 70
0
 40
0.000000
 41
0.000000
 39
0.000000
  0
VERTEX
  8
PG_SILKSCREEN_TOP
 10
20.487615
 20
13.717499
 40
0.101600
 41
0.101600
 42
0.000000
  0
VERTEX
  8
PG_SILKSCREEN_TOP
 10
21.097215
 20
13.717499
 40
0.101600
 41
0.101600
 42
0.000000
  0
SEQEND
  0
POLYLINE
  8
PG_SILKSCREEN_TOP
 66
1
 70
0
 40
0.000000
 41
0.000000
 39
0.000000
  0
VERTEX
  8
PG_SILKSCREEN_TOP
 10
21.097215
 20
13.006299
 40
0.101600
 41
0.101600
 42
0.000000
  0
VERTEX
  8
PG_SILKSCREEN_TOP
 10
20.513015
 20
13.006299
 40
0.101600
 41
0.101600
 42
0.000000
  0
SEQEND
  0
POLYLINE
  8
PG_SILKSCREEN_TOP
 66
1
 70
0
 40
0.000000
 41
0.000000
 39
0.000000
  0
VERTEX
  8
PG_SILKSCREEN_TOP
 10
19.467220
 20
13.006299
 40
0.101600
 41
0.101600
 42
0.000000
  0
VERTEX
  8
PG_SILKSCREEN_TOP
 10
20.076820
 20
13.006299
 40
0.101600
 41
0.101600
 42
0.000000
  0
SEQEND
  0
POLYLINE
  8
PG_SILKSCREEN_TOP
 66
1
 70
0
 40
0.000000
 41
0.000000
 39
0.000000
  0
VERTEX
  8
PG_SILKSCREEN_TOP
 10
19.467220
 20
13.717499
 40
0.101600
 41
0.101600
 42
0.000000
  0
VERTEX
  8
PG_SILKSCREEN_TOP
 10
19.467220
 20
13.006299
 40
0.101600
 41
0.101600
 42
0.000000
  0
SEQEND
  0
POLYLINE
  8
PG_SILKSCREEN_TOP
 66
1
 70
0
 40
0.000000
 41
0.000000
 39
0.000000
  0
VERTEX
  8
PG_SILKSCREEN_TOP
 10
19.467220
 20
13.717499
 40
0.101600
 41
0.101600
 42
0.000000
  0
VERTEX
  8
PG_SILKSCREEN_TOP
 10
20.076820
 20
13.717499
 40
0.101600
 41
0.101600
 42
0.000000
  0
SEQEND
  0
POLYLINE
  8
PIN_TOP
 66
1
 70
1
 40
0.000000
 41
0.000000
 39
0.000000
  0
VERTEX
  8
PIN_TOP
 10
65.864791
 20
28.376524
 40
0.000000
 41
0.000000
 42
0.000000
  0
VERTEX
  8
PIN_TOP
 10
66.372791
 20
28.376524
 40
0.000000
 41
0.000000
 42
0.000000
  0
VERTEX
  8
PIN_TOP
 10
66.372791
 20
27.868524
 40
0.000000
 41
0.000000
 42
0.000000
  0
VERTEX
  8
PIN_TOP
 10
65.864791
 20
27.868524
 40
0.000000
 41
0.000000
 42
0.000000
  0
SEQEND
  0
POLYLINE
  8
PIN_TOP
 66
1
 70
1
 40
0.000000
 41
0.000000
 39
0.000000
  0
VERTEX
  8
PIN_TOP
 10
65.864791
 20
27.462124
 40
0.000000
 41
0.000000
 42
0.000000
  0
VERTEX
  8
PIN_TOP
 10
66.372791
 20
27.462124
 40
0.000000
 41
0.000000
 42
0.000000
  0
VERTEX
  8
PIN_TOP
 10
66.372791
 20
26.954124
 40
0.000000
 41
0.000000
 42
0.000000
  0
VERTEX
  8
PIN_TOP
 10
65.864791
 20
26.954124
 40
0.000000
 41
0.000000
 42
0.000000
  0
SEQEND
  0
POLYLINE
  8
PG_SILKSCREEN_TOP
 66
1
 70
0
 40
0.000000
 41
0.000000
 39
0.000000
  0
VERTEX
  8
PG_SILKSCREEN_TOP
 10
66.474391
 20
26.848130
 40
0.101600
 41
0.101600
 42
0.000000
  0
VERTEX
  8
PG_SILKSCREEN_TOP
 10
65.763191
 20
26.848130
 40
0.101600
 41
0.101600
 42
0.000000
  0
SEQEND
  0
POLYLINE
  8
PG_SILKSCREEN_TOP
 66
1
 70
0
 40
0.000000
 41
0.000000
 39
0.000000
  0
VERTEX
  8
PG_SILKSCREEN_TOP
 10
66.474391
 20
27.462124
 40
0.101600
 41
0.101600
 42
0.000000
  0
VERTEX
  8
PG_SILKSCREEN_TOP
 10
66.474391
 20
26.852524
 40
0.101600
 41
0.101600
 42
0.000000
  0
SEQEND
  0
POLYLINE
  8
PG_SILKSCREEN_TOP
 66
1
 70
0
 40
0.000000
 41
0.000000
 39
0.000000
  0
VERTEX
  8
PG_SILKSCREEN_TOP
 10
65.763191
 20
26.852524
 40
0.101600
 41
0.101600
 42
0.000000
  0
VERTEX
  8
PG_SILKSCREEN_TOP
 10
65.763191
 20
27.436724
 40
0.101600
 41
0.101600
 42
0.000000
  0
SEQEND
  0
POLYLINE
  8
PG_SILKSCREEN_TOP
 66
1
 70
0
 40
0.000000
 41
0.000000
 39
0.000000
  0
VERTEX
  8
PG_SILKSCREEN_TOP
 10
65.763191
 20
28.482519
 40
0.101600
 41
0.101600
 42
0.000000
  0
VERTEX
  8
PG_SILKSCREEN_TOP
 10
65.763191
 20
27.872919
 40
0.101600
 41
0.101600
 42
0.000000
  0
SEQEND
  0
POLYLINE
  8
PG_SILKSCREEN_TOP
 66
1
 70
0
 40
0.000000
 41
0.000000
 39
0.000000
  0
VERTEX
  8
PG_SILKSCREEN_TOP
 10
66.474391
 20
28.482519
 40
0.101600
 41
0.101600
 42
0.000000
  0
VERTEX
  8
PG_SILKSCREEN_TOP
 10
65.763191
 20
28.482519
 40
0.101600
 41
0.101600
 42
0.000000
  0
SEQEND
  0
POLYLINE
  8
PG_SILKSCREEN_TOP
 66
1
 70
0
 40
0.000000
 41
0.000000
 39
0.000000
  0
VERTEX
  8
PG_SILKSCREEN_TOP
 10
66.474391
 20
28.482519
 40
0.101600
 41
0.101600
 42
0.000000
  0
VERTEX
  8
PG_SILKSCREEN_TOP
 10
66.474391
 20
27.872919
 40
0.101600
 41
0.101600
 42
0.000000
  0
SEQEND
  0
POLYLINE
  8
PIN_TOP
 66
1
 70
1
 40
0.000000
 41
0.000000
 39
0.000000
  0
VERTEX
  8
PIN_TOP
 10
66.372791
 20
28.755975
 40
0.000000
 41
0.000000
 42
0.000000
  0
VERTEX
  8
PIN_TOP
 10
65.864791
 20
28.755975
 40
0.000000
 41
0.000000
 42
0.000000
  0
VERTEX
  8
PIN_TOP
 10
65.864791
 20
29.263975
 40
0.000000
 41
0.000000
 42
0.000000
  0
VERTEX
  8
PIN_TOP
 10
66.372791
 20
29.263975
 40
0.000000
 41
0.000000
 42
0.000000
  0
SEQEND
  0
POLYLINE
  8
PIN_TOP
 66
1
 70
1
 40
0.000000
 41
0.000000
 39
0.000000
  0
VERTEX
  8
PIN_TOP
 10
66.372791
 20
29.670375
 40
0.000000
 41
0.000000
 42
0.000000
  0
VERTEX
  8
PIN_TOP
 10
65.864791
 20
29.670375
 40
0.000000
 41
0.000000
 42
0.000000
  0
VERTEX
  8
PIN_TOP
 10
65.864791
 20
30.178375
 40
0.000000
 41
0.000000
 42
0.000000
  0
VERTEX
  8
PIN_TOP
 10
66.372791
 20
30.178375
 40
0.000000
 41
0.000000
 42
0.000000
  0
SEQEND
  0
POLYLINE
  8
PG_SILKSCREEN_TOP
 66
1
 70
0
 40
0.000000
 41
0.000000
 39
0.000000
  0
VERTEX
  8
PG_SILKSCREEN_TOP
 10
65.763191
 20
30.284369
 40
0.101600
 41
0.101600
 42
0.000000
  0
VERTEX
  8
PG_SILKSCREEN_TOP
 10
66.474391
 20
30.284369
 40
0.101600
 41
0.101600
 42
0.000000
  0
SEQEND
  0
POLYLINE
  8
PG_SILKSCREEN_TOP
 66
1
 70
0
 40
0.000000
 41
0.000000
 39
0.000000
  0
VERTEX
  8
PG_SILKSCREEN_TOP
 10
65.763191
 20
29.670375
 40
0.101600
 41
0.101600
 42
0.000000
  0
VERTEX
  8
PG_SILKSCREEN_TOP
 10
65.763191
 20
30.279975
 40
0.101600
 41
0.101600
 42
0.000000
  0
SEQEND
  0
POLYLINE
  8
PG_SILKSCREEN_TOP
 66
1
 70
0
 40
0.000000
 41
0.000000
 39
0.000000
  0
VERTEX
  8
PG_SILKSCREEN_TOP
 10
66.474391
 20
30.279975
 40
0.101600
 41
0.101600
 42
0.000000
  0
VERTEX
  8
PG_SILKSCREEN_TOP
 10
66.474391
 20
29.695775
 40
0.101600
 41
0.101600
 42
0.000000
  0
SEQEND
  0
POLYLINE
  8
PG_SILKSCREEN_TOP
 66
1
 70
0
 40
0.000000
 41
0.000000
 39
0.000000
  0
VERTEX
  8
PG_SILKSCREEN_TOP
 10
66.474391
 20
28.649981
 40
0.101600
 41
0.101600
 42
0.000000
  0
VERTEX
  8
PG_SILKSCREEN_TOP
 10
66.474391
 20
29.259581
 40
0.101600
 41
0.101600
 42
0.000000
  0
SEQEND
  0
POLYLINE
  8
PG_SILKSCREEN_TOP
 66
1
 70
0
 40
0.000000
 41
0.000000
 39
0.000000
  0
VERTEX
  8
PG_SILKSCREEN_TOP
 10
65.763191
 20
28.649981
 40
0.101600
 41
0.101600
 42
0.000000
  0
VERTEX
  8
PG_SILKSCREEN_TOP
 10
66.474391
 20
28.649981
 40
0.101600
 41
0.101600
 42
0.000000
  0
SEQEND
  0
POLYLINE
  8
PG_SILKSCREEN_TOP
 66
1
 70
0
 40
0.000000
 41
0.000000
 39
0.000000
  0
VERTEX
  8
PG_SILKSCREEN_TOP
 10
65.763191
 20
28.649981
 40
0.101600
 41
0.101600
 42
0.000000
  0
VERTEX
  8
PG_SILKSCREEN_TOP
 10
65.763191
 20
29.259581
 40
0.101600
 41
0.101600
 42
0.000000
  0
SEQEND
  0
POLYLINE
  8
PIN_TOP
 66
1
 70
1
 40
0.000000
 41
0.000000
 39
0.000000
  0
VERTEX
  8
PIN_TOP
 10
67.256533
 20
26.954124
 40
0.000000
 41
0.000000
 42
0.000000
  0
VERTEX
  8
PIN_TOP
 10
66.748533
 20
26.954124
 40
0.000000
 41
0.000000
 42
0.000000
  0
VERTEX
  8
PIN_TOP
 10
66.748533
 20
27.462124
 40
0.000000
 41
0.000000
 42
0.000000
  0
VERTEX
  8
PIN_TOP
 10
67.256533
 20
27.462124
 40
0.000000
 41
0.000000
 42
0.000000
  0
SEQEND
  0
POLYLINE
  8
PIN_TOP
 66
1
 70
1
 40
0.000000
 41
0.000000
 39
0.000000
  0
VERTEX
  8
PIN_TOP
 10
67.256533
 20
27.868524
 40
0.000000
 41
0.000000
 42
0.000000
  0
VERTEX
  8
PIN_TOP
 10
66.748533
 20
27.868524
 40
0.000000
 41
0.000000
 42
0.000000
  0
VERTEX
  8
PIN_TOP
 10
66.748533
 20
28.376524
 40
0.000000
 41
0.000000
 42
0.000000
  0
VERTEX
  8
PIN_TOP
 10
67.256533
 20
28.376524
 40
0.000000
 41
0.000000
 42
0.000000
  0
SEQEND
  0
POLYLINE
  8
PG_SILKSCREEN_TOP
 66
1
 70
0
 40
0.000000
 41
0.000000
 39
0.000000
  0
VERTEX
  8
PG_SILKSCREEN_TOP
 10
66.646933
 20
28.482519
 40
0.101600
 41
0.101600
 42
0.000000
  0
VERTEX
  8
PG_SILKSCREEN_TOP
 10
67.358133
 20
28.482519
 40
0.101600
 41
0.101600
 42
0.000000
  0
SEQEND
  0
POLYLINE
  8
PG_SILKSCREEN_TOP
 66
1
 70
0
 40
0.000000
 41
0.000000
 39
0.000000
  0
VERTEX
  8
PG_SILKSCREEN_TOP
 10
66.646933
 20
27.868499
 40
0.101600
 41
0.101600
 42
0.000000
  0
VERTEX
  8
PG_SILKSCREEN_TOP
 10
66.646933
 20
28.478124
 40
0.101600
 41
0.101600
 42
0.000000
  0
SEQEND
  0
POLYLINE
  8
PG_SILKSCREEN_TOP
 66
1
 70
0
 40
0.000000
 41
0.000000
 39
0.000000
  0
VERTEX
  8
PG_SILKSCREEN_TOP
 10
67.358133
 20
28.478124
 40
0.101600
 41
0.101600
 42
0.000000
  0
VERTEX
  8
PG_SILKSCREEN_TOP
 10
67.358108
 20
27.893924
 40
0.101600
 41
0.101600
 42
0.000000
  0
SEQEND
  0
POLYLINE
  8
PG_SILKSCREEN_TOP
 66
1
 70
0
 40
0.000000
 41
0.000000
 39
0.000000
  0
VERTEX
  8
PG_SILKSCREEN_TOP
 10
67.358108
 20
26.848130
 40
0.101600
 41
0.101600
 42
0.000000
  0
VERTEX
  8
PG_SILKSCREEN_TOP
 10
67.358133
 20
27.457730
 40
0.101600
 41
0.101600
 42
0.000000
  0
SEQEND
  0
POLYLINE
  8
PG_SILKSCREEN_TOP
 66
1
 70
0
 40
0.000000
 41
0.000000
 39
0.000000
  0
VERTEX
  8
PG_SILKSCREEN_TOP
 10
66.646908
 20
26.848130
 40
0.101600
 41
0.101600
 42
0.000000
  0
VERTEX
  8
PG_SILKSCREEN_TOP
 10
67.358108
 20
26.848130
 40
0.101600
 41
0.101600
 42
0.000000
  0
SEQEND
  0
POLYLINE
  8
PG_SILKSCREEN_TOP
 66
1
 70
0
 40
0.000000
 41
0.000000
 39
0.000000
  0
VERTEX
  8
PG_SILKSCREEN_TOP
 10
66.646908
 20
26.848130
 40
0.101600
 41
0.101600
 42
0.000000
  0
VERTEX
  8
PG_SILKSCREEN_TOP
 10
66.646933
 20
27.457730
 40
0.101600
 41
0.101600
 42
0.000000
  0
SEQEND
  0
POLYLINE
  8
PIN_TOP
 66
1
 70
1
 40
0.000000
 41
0.000000
 39
0.000000
  0
VERTEX
  8
PIN_TOP
 10
21.830284
 20
52.594446
 40
0.000000
 41
0.000000
 42
0.000000
  0
VERTEX
  8
PIN_TOP
 10
22.630384
 20
52.594446
 40
0.000000
 41
0.000000
 42
0.000000
  0
VERTEX
  8
PIN_TOP
 10
22.630384
 20
52.094346
 40
0.000000
 41
0.000000
 42
0.000000
  0
VERTEX
  8
PIN_TOP
 10
21.830284
 20
52.094346
 40
0.000000
 41
0.000000
 42
0.000000
  0
SEQEND
  0
POLYLINE
  8
PIN_TOP
 66
1
 70
1
 40
0.000000
 41
0.000000
 39
0.000000
  0
VERTEX
  8
PIN_TOP
 10
20.030288
 20
52.594446
 40
0.000000
 41
0.000000
 42
0.000000
  0
VERTEX
  8
PIN_TOP
 10
20.830388
 20
52.594446
 40
0.000000
 41
0.000000
 42
0.000000
  0
VERTEX
  8
PIN_TOP
 10
20.830388
 20
52.094346
 40
0.000000
 41
0.000000
 42
0.000000
  0
VERTEX
  8
PIN_TOP
 10
20.030288
 20
52.094346
 40
0.000000
 41
0.000000
 42
0.000000
  0
SEQEND
  0
POLYLINE
  8
PG_SILKSCREEN_TOP
 66
1
 70
0
 40
0.000000
 41
0.000000
 39
0.000000
  0
VERTEX
  8
PG_SILKSCREEN_TOP
 10
21.980347
 20
52.794408
 40
0.100000
 41
0.100000
 42
0.000000
  0
VERTEX
  8
PG_SILKSCREEN_TOP
 10
21.980347
 20
51.894410
 40
0.100000
 41
0.100000
 42
0.000000
  0
VERTEX
  8
PG_SILKSCREEN_TOP
 10
20.680350
 20
51.894410
 40
0.100000
 41
0.100000
 42
0.000000
  0
VERTEX
  8
PG_SILKSCREEN_TOP
 10
20.680350
 20
52.794408
 40
0.100000
 41
0.100000
 42
0.000000
  0
VERTEX
  8
PG_SILKSCREEN_TOP
 10
21.980347
 20
52.794408
 40
0.100000
 41
0.100000
 42
0.000000
  0
SEQEND
  0
POLYLINE
  8
PG_SILKSCREEN_TOP
 66
1
 70
0
 40
0.000000
 41
0.000000
 39
0.000000
  0
VERTEX
  8
PG_SILKSCREEN_TOP
 10
21.050936
 20
52.776196
 40
0.100000
 41
0.100000
 42
0.000000
  0
VERTEX
  8
PG_SILKSCREEN_TOP
 10
21.050936
 20
51.912596
 40
0.100000
 41
0.100000
 42
0.000000
  0
SEQEND
  0
POLYLINE
  8
PG_SILKSCREEN_TOP
 66
1
 70
0
 40
0.000000
 41
0.000000
 39
0.000000
  0
VERTEX
  8
PG_SILKSCREEN_TOP
 10
20.974736
 20
52.776196
 40
0.100000
 41
0.100000
 42
0.000000
  0
VERTEX
  8
PG_SILKSCREEN_TOP
 10
20.974736
 20
51.912596
 40
0.100000
 41
0.100000
 42
0.000000
  0
SEQEND
  0
POLYLINE
  8
PG_SILKSCREEN_TOP
 66
1
 70
0
 40
0.000000
 41
0.000000
 39
0.000000
  0
VERTEX
  8
PG_SILKSCREEN_TOP
 10
21.127136
 20
52.776196
 40
0.100000
 41
0.100000
 42
0.000000
  0
VERTEX
  8
PG_SILKSCREEN_TOP
 10
21.127136
 20
51.912596
 40
0.100000
 41
0.100000
 42
0.000000
  0
SEQEND
  0
POLYLINE
  8
PIN_TOP
 66
1
 70
1
 40
0.000000
 41
0.000000
 39
0.000000
  0
VERTEX
  8
PIN_TOP
 10
13.117906
 20
19.166738
 40
0.000000
 41
0.000000
 42
0.000000
  0
VERTEX
  8
PIN_TOP
 10
13.117906
 20
19.966838
 40
0.000000
 41
0.000000
 42
0.000000
  0
VERTEX
  8
PIN_TOP
 10
13.618007
 20
19.966838
 40
0.000000
 41
0.000000
 42
0.000000
  0
VERTEX
  8
PIN_TOP
 10
13.618007
 20
19.166738
 40
0.000000
 41
0.000000
 42
0.000000
  0
SEQEND
  0
POLYLINE
  8
PIN_TOP
 66
1
 70
1
 40
0.000000
 41
0.000000
 39
0.000000
  0
VERTEX
  8
PIN_TOP
 10
13.117906
 20
17.366742
 40
0.000000
 41
0.000000
 42
0.000000
  0
VERTEX
  8
PIN_TOP
 10
13.117906
 20
18.166842
 40
0.000000
 41
0.000000
 42
0.000000
  0
VERTEX
  8
PIN_TOP
 10
13.618007
 20
18.166842
 40
0.000000
 41
0.000000
 42
0.000000
  0
VERTEX
  8
PIN_TOP
 10
13.618007
 20
17.366742
 40
0.000000
 41
0.000000
 42
0.000000
  0
SEQEND
  0
POLYLINE
  8
PG_SILKSCREEN_TOP
 66
1
 70
0
 40
0.000000
 41
0.000000
 39
0.000000
  0
VERTEX
  8
PG_SILKSCREEN_TOP
 10
12.917957
 20
19.316802
 40
0.100000
 41
0.100000
 42
0.000000
  0
VERTEX
  8
PG_SILKSCREEN_TOP
 10
13.817956
 20
19.316802
 40
0.100000
 41
0.100000
 42
0.000000
  0
VERTEX
  8
PG_SILKSCREEN_TOP
 10
13.817956
 20
18.016804
 40
0.100000
 41
0.100000
 42
0.000000
  0
VERTEX
  8
PG_SILKSCREEN_TOP
 10
12.917957
 20
18.016804
 40
0.100000
 41
0.100000
 42
0.000000
  0
VERTEX
  8
PG_SILKSCREEN_TOP
 10
12.917957
 20
19.316802
 40
0.100000
 41
0.100000
 42
0.000000
  0
SEQEND
  0
POLYLINE
  8
PG_SILKSCREEN_TOP
 66
1
 70
0
 40
0.000000
 41
0.000000
 39
0.000000
  0
VERTEX
  8
PG_SILKSCREEN_TOP
 10
12.936169
 20
18.387390
 40
0.100000
 41
0.100000
 42
0.000000
  0
VERTEX
  8
PG_SILKSCREEN_TOP
 10
13.799769
 20
18.387390
 40
0.100000
 41
0.100000
 42
0.000000
  0
SEQEND
  0
POLYLINE
  8
PG_SILKSCREEN_TOP
 66
1
 70
0
 40
0.000000
 41
0.000000
 39
0.000000
  0
VERTEX
  8
PG_SILKSCREEN_TOP
 10
12.936169
 20
18.311190
 40
0.100000
 41
0.100000
 42
0.000000
  0
VERTEX
  8
PG_SILKSCREEN_TOP
 10
13.799769
 20
18.311190
 40
0.100000
 41
0.100000
 42
0.000000
  0
SEQEND
  0
POLYLINE
  8
PG_SILKSCREEN_TOP
 66
1
 70
0
 40
0.000000
 41
0.000000
 39
0.000000
  0
VERTEX
  8
PG_SILKSCREEN_TOP
 10
12.936169
 20
18.463590
 40
0.100000
 41
0.100000
 42
0.000000
  0
VERTEX
  8
PG_SILKSCREEN_TOP
 10
13.799769
 20
18.463590
 40
0.100000
 41
0.100000
 42
0.000000
  0
SEQEND
  0
POLYLINE
  8
PIN_TOP
 66
1
 70
1
 40
0.000000
 41
0.000000
 39
0.000000
  0
VERTEX
  8
PIN_TOP
 10
70.784479
 20
40.337397
 40
0.000000
 41
0.000000
 42
0.000000
  0
VERTEX
  8
PIN_TOP
 10
69.284380
 20
40.337397
 40
0.000000
 41
0.000000
 42
0.000000
  0
VERTEX
  8
PIN_TOP
 10
69.284380
 20
42.837290
 40
0.000000
 41
0.000000
 42
0.000000
  0
VERTEX
  8
PIN_TOP
 10
70.784479
 20
42.837290
 40
0.000000
 41
0.000000
 42
0.000000
  0
SEQEND
  0
POLYLINE
  8
PIN_TOP
 66
1
 70
1
 40
0.000000
 41
0.000000
 39
0.000000
  0
VERTEX
  8
PIN_TOP
 10
67.084258
 20
40.337397
 40
0.000000
 41
0.000000
 42
0.000000
  0
VERTEX
  8
PIN_TOP
 10
65.584159
 20
40.337397
 40
0.000000
 41
0.000000
 42
0.000000
  0
VERTEX
  8
PIN_TOP
 10
65.584159
 20
42.837290
 40
0.000000
 41
0.000000
 42
0.000000
  0
VERTEX
  8
PIN_TOP
 10
67.084258
 20
42.837290
 40
0.000000
 41
0.000000
 42
0.000000
  0
SEQEND
  0
POLYLINE
  8
PG_SILKSCREEN_TOP
 66
1
 70
0
 40
0.000000
 41
0.000000
 39
0.000000
  0
VERTEX
  8
PG_SILKSCREEN_TOP
 10
70.384238
 20
39.487246
 40
0.150089
 41
0.150089
 42
0.000000
  0
VERTEX
  8
PG_SILKSCREEN_TOP
 10
65.984425
 20
39.487246
 40
0.150089
 41
0.150089
 42
0.000000
  0
VERTEX
  8
PG_SILKSCREEN_TOP
 10
65.984425
 20
43.687441
 40
0.150089
 41
0.150089
 42
0.000000
  0
VERTEX
  8
PG_SILKSCREEN_TOP
 10
70.384238
 20
43.687441
 40
0.150089
 41
0.150089
 42
0.000000
  0
VERTEX
  8
PG_SILKSCREEN_TOP
 10
70.384238
 20
39.487246
 40
0.150089
 41
0.150089
 42
0.000000
  0
SEQEND
  0
POLYLINE
  8
PG_SILKSCREEN_TOP
 66
1
 70
0
 40
0.000000
 41
0.000000
 39
0.000000
  0
VERTEX
  8
PG_SILKSCREEN_TOP
 10
67.924223
 20
40.447341
 40
0.150089
 41
0.150089
 42
1.382222
  0
VERTEX
  8
PG_SILKSCREEN_TOP
 10
67.924223
 20
41.207334
 40
0.150089
 41
0.150089
 42
0.000000
  0
SEQEND
  0
POLYLINE
  8
PG_SILKSCREEN_TOP
 66
1
 70
0
 40
0.000000
 41
0.000000
 39
0.000000
  0
VERTEX
  8
PG_SILKSCREEN_TOP
 10
67.924223
 20
41.207334
 40
0.150089
 41
0.150089
 42
1.373648
  0
VERTEX
  8
PG_SILKSCREEN_TOP
 10
67.924223
 20
41.967353
 40
0.150089
 41
0.150089
 42
0.000000
  0
SEQEND
  0
POLYLINE
  8
PG_SILKSCREEN_TOP
 66
1
 70
0
 40
0.000000
 41
0.000000
 39
0.000000
  0
VERTEX
  8
PG_SILKSCREEN_TOP
 10
67.924223
 20
41.967353
 40
0.150089
 41
0.150089
 42
1.382222
  0
VERTEX
  8
PG_SILKSCREEN_TOP
 10
67.924223
 20
42.727347
 40
0.150089
 41
0.150089
 42
0.000000
  0
SEQEND
  0
POLYLINE
  8
PIN_TOP
 66
1
 70
1
 40
0.000000
 41
0.000000
 39
0.000000
  0
VERTEX
  8
PIN_TOP
 10
51.430847
 20
73.000616
 40
0.000000
 41
0.000000
 42
0.000000
  0
VERTEX
  8
PIN_TOP
 10
51.430847
 20
70.200622
 40
0.000000
 41
0.000000
 42
0.000000
  0
VERTEX
  8
PIN_TOP
 10
49.530851
 20
70.200622
 40
0.000000
 41
0.000000
 42
0.000000
  0
VERTEX
  8
PIN_TOP
 10
49.530851
 20
73.000616
 40
0.000000
 41
0.000000
 42
0.000000
  0
SEQEND
  0
POLYLINE
  8
PIN_TOP
 66
1
 70
1
 40
0.000000
 41
0.000000
 39
0.000000
  0
VERTEX
  8
PIN_TOP
 10
47.330855
 20
73.000616
 40
0.000000
 41
0.000000
 42
0.000000
  0
VERTEX
  8
PIN_TOP
 10
47.330855
 20
70.200622
 40
0.000000
 41
0.000000
 42
0.000000
  0
VERTEX
  8
PIN_TOP
 10
45.430859
 20
70.200622
 40
0.000000
 41
0.000000
 42
0.000000
  0
VERTEX
  8
PIN_TOP
 10
45.430859
 20
73.000616
 40
0.000000
 41
0.000000
 42
0.000000
  0
SEQEND
  0
POLYLINE
  8
PG_SILKSCREEN_TOP
 66
1
 70
0
 40
0.000000
 41
0.000000
 39
0.000000
  0
VERTEX
  8
PG_SILKSCREEN_TOP
 10
45.580859
 20
74.150626
 40
0.100000
 41
0.100000
 42
0.000000
  0
VERTEX
  8
PG_SILKSCREEN_TOP
 10
51.280847
 20
74.150626
 40
0.100000
 41
0.100000
 42
0.000000
  0
VERTEX
  8
PG_SILKSCREEN_TOP
 10
51.280847
 20
73.150628
 40
0.100000
 41
0.100000
 42
0.000000
  0
SEQEND
  0
POLYLINE
  8
PG_SILKSCREEN_TOP
 66
1
 70
0
 40
0.000000
 41
0.000000
 39
0.000000
  0
VERTEX
  8
PG_SILKSCREEN_TOP
 10
45.580859
 20
69.050637
 40
0.100000
 41
0.100000
 42
0.000000
  0
VERTEX
  8
PG_SILKSCREEN_TOP
 10
51.280847
 20
69.050637
 40
0.100000
 41
0.100000
 42
0.000000
  0
SEQEND
  0
POLYLINE
  8
PG_SILKSCREEN_TOP
 66
1
 70
0
 40
0.000000
 41
0.000000
 39
0.000000
  0
VERTEX
  8
PG_SILKSCREEN_TOP
 10
45.580859
 20
73.150628
 40
0.100000
 41
0.100000
 42
0.000000
  0
VERTEX
  8
PG_SILKSCREEN_TOP
 10
45.580859
 20
74.150626
 40
0.100000
 41
0.100000
 42
0.000000
  0
SEQEND
  0
POLYLINE
  8
PG_SILKSCREEN_TOP
 66
1
 70
0
 40
0.000000
 41
0.000000
 39
0.000000
  0
VERTEX
  8
PG_SILKSCREEN_TOP
 10
45.580859
 20
70.050635
 40
0.100000
 41
0.100000
 42
0.000000
  0
VERTEX
  8
PG_SILKSCREEN_TOP
 10
45.580859
 20
69.050637
 40
0.100000
 41
0.100000
 42
0.000000
  0
SEQEND
  0
POLYLINE
  8
PG_SILKSCREEN_TOP
 66
1
 70
0
 40
0.000000
 41
0.000000
 39
0.000000
  0
VERTEX
  8
PG_SILKSCREEN_TOP
 10
51.280847
 20
70.050635
 40
0.100000
 41
0.100000
 42
0.000000
  0
VERTEX
  8
PG_SILKSCREEN_TOP
 10
51.280847
 20
69.050637
 40
0.100000
 41
0.100000
 42
0.000000
  0
SEQEND
  0
POLYLINE
  8
PIN_TOP
 66
1
 70
1
 40
0.000000
 41
0.000000
 39
0.000000
  0
VERTEX
  8
PIN_TOP
 10
65.469516
 20
68.671529
 40
0.000000
 41
0.000000
 42
0.000000
  0
VERTEX
  8
PIN_TOP
 10
62.669522
 20
68.671529
 40
0.000000
 41
0.000000
 42
0.000000
  0
VERTEX
  8
PIN_TOP
 10
62.669522
 20
70.571525
 40
0.000000
 41
0.000000
 42
0.000000
  0
VERTEX
  8
PIN_TOP
 10
65.469516
 20
70.571525
 40
0.000000
 41
0.000000
 42
0.000000
  0
SEQEND
  0
POLYLINE
  8
PIN_TOP
 66
1
 70
1
 40
0.000000
 41
0.000000
 39
0.000000
  0
VERTEX
  8
PIN_TOP
 10
65.469516
 20
72.771521
 40
0.000000
 41
0.000000
 42
0.000000
  0
VERTEX
  8
PIN_TOP
 10
62.669522
 20
72.771521
 40
0.000000
 41
0.000000
 42
0.000000
  0
VERTEX
  8
PIN_TOP
 10
62.669522
 20
74.671517
 40
0.000000
 41
0.000000
 42
0.000000
  0
VERTEX
  8
PIN_TOP
 10
65.469516
 20
74.671517
 40
0.000000
 41
0.000000
 42
0.000000
  0
SEQEND
  0
POLYLINE
  8
PG_SILKSCREEN_TOP
 66
1
 70
0
 40
0.000000
 41
0.000000
 39
0.000000
  0
VERTEX
  8
PG_SILKSCREEN_TOP
 10
66.619526
 20
74.521517
 40
0.100000
 41
0.100000
 42
0.000000
  0
VERTEX
  8
PG_SILKSCREEN_TOP
 10
66.619526
 20
68.821503
 40
0.100000
 41
0.100000
 42
0.000000
  0
VERTEX
  8
PG_SILKSCREEN_TOP
 10
65.619528
 20
68.821503
 40
0.100000
 41
0.100000
 42
0.000000
  0
SEQEND
  0
POLYLINE
  8
PG_SILKSCREEN_TOP
 66
1
 70
0
 40
0.000000
 41
0.000000
 39
0.000000
  0
VERTEX
  8
PG_SILKSCREEN_TOP
 10
61.519537
 20
74.521517
 40
0.100000
 41
0.100000
 42
0.000000
  0
VERTEX
  8
PG_SILKSCREEN_TOP
 10
61.519537
 20
68.821503
 40
0.100000
 41
0.100000
 42
0.000000
  0
SEQEND
  0
POLYLINE
  8
PG_SILKSCREEN_TOP
 66
1
 70
0
 40
0.000000
 41
0.000000
 39
0.000000
  0
VERTEX
  8
PG_SILKSCREEN_TOP
 10
65.619528
 20
74.521517
 40
0.100000
 41
0.100000
 42
0.000000
  0
VERTEX
  8
PG_SILKSCREEN_TOP
 10
66.619526
 20
74.521517
 40
0.100000
 41
0.100000
 42
0.000000
  0
SEQEND
  0
POLYLINE
  8
PG_SILKSCREEN_TOP
 66
1
 70
0
 40
0.000000
 41
0.000000
 39
0.000000
  0
VERTEX
  8
PG_SILKSCREEN_TOP
 10
62.519535
 20
74.521517
 40
0.100000
 41
0.100000
 42
0.000000
  0
VERTEX
  8
PG_SILKSCREEN_TOP
 10
61.519537
 20
74.521517
 40
0.100000
 41
0.100000
 42
0.000000
  0
SEQEND
  0
POLYLINE
  8
PG_SILKSCREEN_TOP
 66
1
 70
0
 40
0.000000
 41
0.000000
 39
0.000000
  0
VERTEX
  8
PG_SILKSCREEN_TOP
 10
62.519535
 20
68.821503
 40
0.100000
 41
0.100000
 42
0.000000
  0
VERTEX
  8
PG_SILKSCREEN_TOP
 10
61.519537
 20
68.821503
 40
0.100000
 41
0.100000
 42
0.000000
  0
SEQEND
  0
POLYLINE
  8
PIN_TOP
 66
1
 70
1
 40
0.000000
 41
0.000000
 39
0.000000
  0
VERTEX
  8
PIN_TOP
 10
7.292899
 20
46.508226
 40
0.000000
 41
0.000000
 42
0.000000
  0
VERTEX
  8
PIN_TOP
 10
10.092893
 20
46.508226
 40
0.000000
 41
0.000000
 42
0.000000
  0
VERTEX
  8
PIN_TOP
 10
10.092893
 20
44.608229
 40
0.000000
 41
0.000000
 42
0.000000
  0
VERTEX
  8
PIN_TOP
 10
7.292899
 20
44.608229
 40
0.000000
 41
0.000000
 42
0.000000
  0
SEQEND
  0
POLYLINE
  8
PIN_TOP
 66
1
 70
1
 40
0.000000
 41
0.000000
 39
0.000000
  0
VERTEX
  8
PIN_TOP
 10
7.292899
 20
42.408234
 40
0.000000
 41
0.000000
 42
0.000000
  0
VERTEX
  8
PIN_TOP
 10
10.092893
 20
42.408234
 40
0.000000
 41
0.000000
 42
0.000000
  0
VERTEX
  8
PIN_TOP
 10
10.092893
 20
40.508238
 40
0.000000
 41
0.000000
 42
0.000000
  0
VERTEX
  8
PIN_TOP
 10
7.292899
 20
40.508238
 40
0.000000
 41
0.000000
 42
0.000000
  0
SEQEND
  0
POLYLINE
  8
PG_SILKSCREEN_TOP
 66
1
 70
0
 40
0.000000
 41
0.000000
 39
0.000000
  0
VERTEX
  8
PG_SILKSCREEN_TOP
 10
6.142888
 20
40.658212
 40
0.100000
 41
0.100000
 42
0.000000
  0
VERTEX
  8
PG_SILKSCREEN_TOP
 10
6.142888
 20
46.358226
 40
0.100000
 41
0.100000
 42
0.000000
  0
VERTEX
  8
PG_SILKSCREEN_TOP
 10
7.142886
 20
46.358226
 40
0.100000
 41
0.100000
 42
0.000000
  0
SEQEND
  0
POLYLINE
  8
PG_SILKSCREEN_TOP
 66
1
 70
0
 40
0.000000
 41
0.000000
 39
0.000000
  0
VERTEX
  8
PG_SILKSCREEN_TOP
 10
11.242878
 20
40.658212
 40
0.100000
 41
0.100000
 42
0.000000
  0
VERTEX
  8
PG_SILKSCREEN_TOP
 10
11.242878
 20
46.358226
 40
0.100000
 41
0.100000
 42
0.000000
  0
SEQEND
  0
POLYLINE
  8
PG_SILKSCREEN_TOP
 66
1
 70
0
 40
0.000000
 41
0.000000
 39
0.000000
  0
VERTEX
  8
PG_SILKSCREEN_TOP
 10
7.142886
 20
40.658212
 40
0.100000
 41
0.100000
 42
0.000000
  0
VERTEX
  8
PG_SILKSCREEN_TOP
 10
6.142888
 20
40.658212
 40
0.100000
 41
0.100000
 42
0.000000
  0
SEQEND
  0
POLYLINE
  8
PG_SILKSCREEN_TOP
 66
1
 70
0
 40
0.000000
 41
0.000000
 39
0.000000
  0
VERTEX
  8
PG_SILKSCREEN_TOP
 10
10.242880
 20
40.658212
 40
0.100000
 41
0.100000
 42
0.000000
  0
VERTEX
  8
PG_SILKSCREEN_TOP
 10
11.242878
 20
40.658212
 40
0.100000
 41
0.100000
 42
0.000000
  0
SEQEND
  0
POLYLINE
  8
PG_SILKSCREEN_TOP
 66
1
 70
0
 40
0.000000
 41
0.000000
 39
0.000000
  0
VERTEX
  8
PG_SILKSCREEN_TOP
 10
10.242880
 20
46.358226
 40
0.100000
 41
0.100000
 42
0.000000
  0
VERTEX
  8
PG_SILKSCREEN_TOP
 10
11.242878
 20
46.358226
 40
0.100000
 41
0.100000
 42
0.000000
  0
SEQEND
  0
POLYLINE
  8
PIN_TOP
 66
1
 70
1
 40
0.000000
 41
0.000000
 39
0.000000
  0
VERTEX
  8
PIN_TOP
 10
14.139621
 20
10.622928
 40
0.000000
 41
0.000000
 42
0.000000
  0
VERTEX
  8
PIN_TOP
 10
11.339627
 20
10.622928
 40
0.000000
 41
0.000000
 42
0.000000
  0
VERTEX
  8
PIN_TOP
 10
11.339627
 20
12.522924
 40
0.000000
 41
0.000000
 42
0.000000
  0
VERTEX
  8
PIN_TOP
 10
14.139621
 20
12.522924
 40
0.000000
 41
0.000000
 42
0.000000
  0
SEQEND
  0
POLYLINE
  8
PIN_TOP
 66
1
 70
1
 40
0.000000
 41
0.000000
 39
0.000000
  0
VERTEX
  8
PIN_TOP
 10
14.139621
 20
14.722920
 40
0.000000
 41
0.000000
 42
0.000000
  0
VERTEX
  8
PIN_TOP
 10
11.339627
 20
14.722920
 40
0.000000
 41
0.000000
 42
0.000000
  0
VERTEX
  8
PIN_TOP
 10
11.339627
 20
16.622916
 40
0.000000
 41
0.000000
 42
0.000000
  0
VERTEX
  8
PIN_TOP
 10
14.139621
 20
16.622916
 40
0.000000
 41
0.000000
 42
0.000000
  0
SEQEND
  0
POLYLINE
  8
PG_SILKSCREEN_TOP
 66
1
 70
0
 40
0.000000
 41
0.000000
 39
0.000000
  0
VERTEX
  8
PG_SILKSCREEN_TOP
 10
15.289632
 20
16.472916
 40
0.100000
 41
0.100000
 42
0.000000
  0
VERTEX
  8
PG_SILKSCREEN_TOP
 10
15.289632
 20
10.772927
 40
0.100000
 41
0.100000
 42
0.000000
  0
VERTEX
  8
PG_SILKSCREEN_TOP
 10
14.289634
 20
10.772927
 40
0.100000
 41
0.100000
 42
0.000000
  0
SEQEND
  0
POLYLINE
  8
PG_SILKSCREEN_TOP
 66
1
 70
0
 40
0.000000
 41
0.000000
 39
0.000000
  0
VERTEX
  8
PG_SILKSCREEN_TOP
 10
10.189642
 20
16.472916
 40
0.100000
 41
0.100000
 42
0.000000
  0
VERTEX
  8
PG_SILKSCREEN_TOP
 10
10.189642
 20
10.772927
 40
0.100000
 41
0.100000
 42
0.000000
  0
SEQEND
  0
POLYLINE
  8
PG_SILKSCREEN_TOP
 66
1
 70
0
 40
0.000000
 41
0.000000
 39
0.000000
  0
VERTEX
  8
PG_SILKSCREEN_TOP
 10
14.289634
 20
16.472916
 40
0.100000
 41
0.100000
 42
0.000000
  0
VERTEX
  8
PG_SILKSCREEN_TOP
 10
15.289632
 20
16.472916
 40
0.100000
 41
0.100000
 42
0.000000
  0
SEQEND
  0
POLYLINE
  8
PG_SILKSCREEN_TOP
 66
1
 70
0
 40
0.000000
 41
0.000000
 39
0.000000
  0
VERTEX
  8
PG_SILKSCREEN_TOP
 10
11.189640
 20
16.472916
 40
0.100000
 41
0.100000
 42
0.000000
  0
VERTEX
  8
PG_SILKSCREEN_TOP
 10
10.189642
 20
16.472916
 40
0.100000
 41
0.100000
 42
0.000000
  0
SEQEND
  0
POLYLINE
  8
PG_SILKSCREEN_TOP
 66
1
 70
0
 40
0.000000
 41
0.000000
 39
0.000000
  0
VERTEX
  8
PG_SILKSCREEN_TOP
 10
11.189640
 20
10.772927
 40
0.100000
 41
0.100000
 42
0.000000
  0
VERTEX
  8
PG_SILKSCREEN_TOP
 10
10.189642
 20
10.772927
 40
0.100000
 41
0.100000
 42
0.000000
  0
SEQEND
  0
POLYLINE
  8
PIN_TOP
 66
1
 70
1
 40
0.000000
 41
0.000000
 39
0.000000
  0
VERTEX
  8
PIN_TOP
 10
10.092893
 20
30.150702
 40
0.000000
 41
0.000000
 42
0.000000
  0
VERTEX
  8
PIN_TOP
 10
7.292899
 20
30.150702
 40
0.000000
 41
0.000000
 42
0.000000
  0
VERTEX
  8
PIN_TOP
 10
7.292899
 20
32.050698
 40
0.000000
 41
0.000000
 42
0.000000
  0
VERTEX
  8
PIN_TOP
 10
10.092893
 20
32.050698
 40
0.000000
 41
0.000000
 42
0.000000
  0
SEQEND
  0
POLYLINE
  8
PIN_TOP
 66
1
 70
1
 40
0.000000
 41
0.000000
 39
0.000000
  0
VERTEX
  8
PIN_TOP
 10
10.092893
 20
34.250694
 40
0.000000
 41
0.000000
 42
0.000000
  0
VERTEX
  8
PIN_TOP
 10
7.292899
 20
34.250694
 40
0.000000
 41
0.000000
 42
0.000000
  0
VERTEX
  8
PIN_TOP
 10
7.292899
 20
36.150690
 40
0.000000
 41
0.000000
 42
0.000000
  0
VERTEX
  8
PIN_TOP
 10
10.092893
 20
36.150690
 40
0.000000
 41
0.000000
 42
0.000000
  0
SEQEND
  0
POLYLINE
  8
PG_SILKSCREEN_TOP
 66
1
 70
0
 40
0.000000
 41
0.000000
 39
0.000000
  0
VERTEX
  8
PG_SILKSCREEN_TOP
 10
11.242904
 20
36.000715
 40
0.100000
 41
0.100000
 42
0.000000
  0
VERTEX
  8
PG_SILKSCREEN_TOP
 10
11.242904
 20
30.300701
 40
0.100000
 41
0.100000
 42
0.000000
  0
VERTEX
  8
PG_SILKSCREEN_TOP
 10
10.242906
 20
30.300701
 40
0.100000
 41
0.100000
 42
0.000000
  0
SEQEND
  0
POLYLINE
  8
PG_SILKSCREEN_TOP
 66
1
 70
0
 40
0.000000
 41
0.000000
 39
0.000000
  0
VERTEX
  8
PG_SILKSCREEN_TOP
 10
6.142914
 20
36.000715
 40
0.100000
 41
0.100000
 42
0.000000
  0
VERTEX
  8
PG_SILKSCREEN_TOP
 10
6.142914
 20
30.300701
 40
0.100000
 41
0.100000
 42
0.000000
  0
SEQEND
  0
POLYLINE
  8
PG_SILKSCREEN_TOP
 66
1
 70
0
 40
0.000000
 41
0.000000
 39
0.000000
  0
VERTEX
  8
PG_SILKSCREEN_TOP
 10
10.242906
 20
36.000715
 40
0.100000
 41
0.100000
 42
0.000000
  0
VERTEX
  8
PG_SILKSCREEN_TOP
 10
11.242904
 20
36.000715
 40
0.100000
 41
0.100000
 42
0.000000
  0
SEQEND
  0
POLYLINE
  8
PG_SILKSCREEN_TOP
 66
1
 70
0
 40
0.000000
 41
0.000000
 39
0.000000
  0
VERTEX
  8
PG_SILKSCREEN_TOP
 10
7.142912
 20
36.000715
 40
0.100000
 41
0.100000
 42
0.000000
  0
VERTEX
  8
PG_SILKSCREEN_TOP
 10
6.142914
 20
36.000715
 40
0.100000
 41
0.100000
 42
0.000000
  0
SEQEND
  0
POLYLINE
  8
PG_SILKSCREEN_TOP
 66
1
 70
0
 40
0.000000
 41
0.000000
 39
0.000000
  0
VERTEX
  8
PG_SILKSCREEN_TOP
 10
7.142912
 20
30.300701
 40
0.100000
 41
0.100000
 42
0.000000
  0
VERTEX
  8
PG_SILKSCREEN_TOP
 10
6.142914
 20
30.300701
 40
0.100000
 41
0.100000
 42
0.000000
  0
SEQEND
  0
POLYLINE
  8
PIN_TOP
 66
1
 70
1
 40
0.000000
 41
0.000000
 39
0.000000
  0
VERTEX
  8
PIN_TOP
 10
12.552286
 20
63.353188
 40
0.000000
 41
0.000000
 42
0.000000
  0
VERTEX
  8
PIN_TOP
 10
18.052275
 20
63.353188
 40
0.000000
 41
0.000000
 42
0.000000
  0
VERTEX
  8
PIN_TOP
 10
18.052275
 20
60.603181
 40
0.000000
 41
0.000000
 42
0.000000
  0
VERTEX
  8
PIN_TOP
 10
12.552286
 20
60.603181
 40
0.000000
 41
0.000000
 42
0.000000
  0
SEQEND
  0
POLYLINE
  8
PIN_TOP
 66
1
 70
1
 40
0.000000
 41
0.000000
 39
0.000000
  0
VERTEX
  8
PIN_TOP
 10
12.552286
 20
56.603189
 40
0.000000
 41
0.000000
 42
0.000000
  0
VERTEX
  8
PIN_TOP
 10
18.052275
 20
56.603189
 40
0.000000
 41
0.000000
 42
0.000000
  0
VERTEX
  8
PIN_TOP
 10
18.052275
 20
53.853182
 40
0.000000
 41
0.000000
 42
0.000000
  0
VERTEX
  8
PIN_TOP
 10
12.552286
 20
53.853182
 40
0.000000
 41
0.000000
 42
0.000000
  0
SEQEND
  0
POLYLINE
  8
PG_SILKSCREEN_TOP
 66
1
 70
0
 40
0.000000
 41
0.000000
 39
0.000000
  0
VERTEX
  8
PG_SILKSCREEN_TOP
 10
10.902290
 20
54.503193
 40
0.100000
 41
0.100000
 42
0.000000
  0
VERTEX
  8
PG_SILKSCREEN_TOP
 10
10.902290
 20
62.703177
 40
0.100000
 41
0.100000
 42
0.000000
  0
VERTEX
  8
PG_SILKSCREEN_TOP
 10
12.397283
 20
62.703177
 40
0.100000
 41
0.100000
 42
0.000000
  0
SEQEND
  0
POLYLINE
  8
PG_SILKSCREEN_TOP
 66
1
 70
0
 40
0.000000
 41
0.000000
 39
0.000000
  0
VERTEX
  8
PG_SILKSCREEN_TOP
 10
19.702297
 20
54.503193
 40
0.100000
 41
0.100000
 42
0.000000
  0
VERTEX
  8
PG_SILKSCREEN_TOP
 10
19.702297
 20
62.703177
 40
0.100000
 41
0.100000
 42
0.000000
  0
SEQEND
  0
POLYLINE
  8
PG_SILKSCREEN_TOP
 66
1
 70
0
 40
0.000000
 41
0.000000
 39
0.000000
  0
VERTEX
  8
PG_SILKSCREEN_TOP
 10
12.397283
 20
54.503193
 40
0.100000
 41
0.100000
 42
0.000000
  0
VERTEX
  8
PG_SILKSCREEN_TOP
 10
10.902290
 20
54.503193
 40
0.100000
 41
0.100000
 42
0.000000
  0
SEQEND
  0
POLYLINE
  8
PG_SILKSCREEN_TOP
 66
1
 70
0
 40
0.000000
 41
0.000000
 39
0.000000
  0
VERTEX
  8
PG_SILKSCREEN_TOP
 10
18.207279
 20
54.503193
 40
0.100000
 41
0.100000
 42
0.000000
  0
VERTEX
  8
PG_SILKSCREEN_TOP
 10
19.702297
 20
54.503193
 40
0.100000
 41
0.100000
 42
0.000000
  0
SEQEND
  0
POLYLINE
  8
PG_SILKSCREEN_TOP
 66
1
 70
0
 40
0.000000
 41
0.000000
 39
0.000000
  0
VERTEX
  8
PG_SILKSCREEN_TOP
 10
18.207279
 20
62.703177
 40
0.100000
 41
0.100000
 42
0.000000
  0
VERTEX
  8
PG_SILKSCREEN_TOP
 10
19.702297
 20
62.703177
 40
0.100000
 41
0.100000
 42
0.000000
  0
SEQEND
  0
POLYLINE
  8
PIN_TOP
 66
1
 70
1
 40
0.000000
 41
0.000000
 39
0.000000
  0
VERTEX
  8
PIN_TOP
 10
3.142298
 20
63.353188
 40
0.000000
 41
0.000000
 42
0.000000
  0
VERTEX
  8
PIN_TOP
 10
8.642286
 20
63.353188
 40
0.000000
 41
0.000000
 42
0.000000
  0
VERTEX
  8
PIN_TOP
 10
8.642286
 20
60.603181
 40
0.000000
 41
0.000000
 42
0.000000
  0
VERTEX
  8
PIN_TOP
 10
3.142298
 20
60.603181
 40
0.000000
 41
0.000000
 42
0.000000
  0
SEQEND
  0
POLYLINE
  8
PIN_TOP
 66
1
 70
1
 40
0.000000
 41
0.000000
 39
0.000000
  0
VERTEX
  8
PIN_TOP
 10
3.142298
 20
56.603189
 40
0.000000
 41
0.000000
 42
0.000000
  0
VERTEX
  8
PIN_TOP
 10
8.642286
 20
56.603189
 40
0.000000
 41
0.000000
 42
0.000000
  0
VERTEX
  8
PIN_TOP
 10
8.642286
 20
53.853182
 40
0.000000
 41
0.000000
 42
0.000000
  0
VERTEX
  8
PIN_TOP
 10
3.142298
 20
53.853182
 40
0.000000
 41
0.000000
 42
0.000000
  0
SEQEND
  0
POLYLINE
  8
PG_SILKSCREEN_TOP
 66
1
 70
0
 40
0.000000
 41
0.000000
 39
0.000000
  0
VERTEX
  8
PG_SILKSCREEN_TOP
 10
1.492301
 20
54.503193
 40
0.100000
 41
0.100000
 42
0.000000
  0
VERTEX
  8
PG_SILKSCREEN_TOP
 10
1.492301
 20
62.703202
 40
0.100000
 41
0.100000
 42
0.000000
  0
VERTEX
  8
PG_SILKSCREEN_TOP
 10
2.987294
 20
62.703202
 40
0.100000
 41
0.100000
 42
0.000000
  0
SEQEND
  0
POLYLINE
  8
PG_SILKSCREEN_TOP
 66
1
 70
0
 40
0.000000
 41
0.000000
 39
0.000000
  0
VERTEX
  8
PG_SILKSCREEN_TOP
 10
10.292309
 20
54.503193
 40
0.100000
 41
0.100000
 42
0.000000
  0
VERTEX
  8
PG_SILKSCREEN_TOP
 10
10.292309
 20
62.703202
 40
0.100000
 41
0.100000
 42
0.000000
  0
SEQEND
  0
POLYLINE
  8
PG_SILKSCREEN_TOP
 66
1
 70
0
 40
0.000000
 41
0.000000
 39
0.000000
  0
VERTEX
  8
PG_SILKSCREEN_TOP
 10
2.987294
 20
54.503193
 40
0.100000
 41
0.100000
 42
0.000000
  0
VERTEX
  8
PG_SILKSCREEN_TOP
 10
1.492301
 20
54.503193
 40
0.100000
 41
0.100000
 42
0.000000
  0
SEQEND
  0
POLYLINE
  8
PG_SILKSCREEN_TOP
 66
1
 70
0
 40
0.000000
 41
0.000000
 39
0.000000
  0
VERTEX
  8
PG_SILKSCREEN_TOP
 10
8.797290
 20
54.503193
 40
0.100000
 41
0.100000
 42
0.000000
  0
VERTEX
  8
PG_SILKSCREEN_TOP
 10
10.292309
 20
54.503193
 40
0.100000
 41
0.100000
 42
0.000000
  0
SEQEND
  0
POLYLINE
  8
PG_SILKSCREEN_TOP
 66
1
 70
0
 40
0.000000
 41
0.000000
 39
0.000000
  0
VERTEX
  8
PG_SILKSCREEN_TOP
 10
8.797290
 20
62.703202
 40
0.100000
 41
0.100000
 42
0.000000
  0
VERTEX
  8
PG_SILKSCREEN_TOP
 10
10.292309
 20
62.703202
 40
0.100000
 41
0.100000
 42
0.000000
  0
SEQEND
  0
POLYLINE
  8
PIN_TOP
 66
1
 70
1
 40
0.000000
 41
0.000000
 39
0.000000
  0
VERTEX
  8
PIN_TOP
 10
72.635059
 20
56.847003
 40
0.000000
 41
0.000000
 42
0.000000
  0
VERTEX
  8
PIN_TOP
 10
71.834959
 20
56.847003
 40
0.000000
 41
0.000000
 42
0.000000
  0
VERTEX
  8
PIN_TOP
 10
71.834959
 20
57.647103
 40
0.000000
 41
0.000000
 42
0.000000
  0
VERTEX
  8
PIN_TOP
 10
72.635059
 20
57.647103
 40
0.000000
 41
0.000000
 42
0.000000
  0
SEQEND
  0
POLYLINE
  8
PIN_TOP
 66
1
 70
1
 40
0.000000
 41
0.000000
 39
0.000000
  0
VERTEX
  8
PIN_TOP
 10
72.635059
 20
58.371003
 40
0.000000
 41
0.000000
 42
0.000000
  0
VERTEX
  8
PIN_TOP
 10
71.834959
 20
58.371003
 40
0.000000
 41
0.000000
 42
0.000000
  0
VERTEX
  8
PIN_TOP
 10
71.834959
 20
59.171103
 40
0.000000
 41
0.000000
 42
0.000000
  0
VERTEX
  8
PIN_TOP
 10
72.635059
 20
59.171103
 40
0.000000
 41
0.000000
 42
0.000000
  0
SEQEND
  0
POLYLINE
  8
PG_SILKSCREEN_TOP
 66
1
 70
0
 40
0.000000
 41
0.000000
 39
0.000000
  0
VERTEX
  8
PG_SILKSCREEN_TOP
 10
71.600009
 20
56.612053
 40
0.127000
 41
0.127000
 42
0.000000
  0
VERTEX
  8
PG_SILKSCREEN_TOP
 10
71.600009
 20
59.406053
 40
0.127000
 41
0.127000
 42
0.000000
  0
SEQEND
  0
POLYLINE
  8
PG_SILKSCREEN_TOP
 66
1
 70
0
 40
0.000000
 41
0.000000
 39
0.000000
  0
VERTEX
  8
PG_SILKSCREEN_TOP
 10
71.600009
 20
59.406053
 40
0.127000
 41
0.127000
 42
0.000000
  0
VERTEX
  8
PG_SILKSCREEN_TOP
 10
72.870009
 20
59.406053
 40
0.127000
 41
0.127000
 42
0.000000
  0
SEQEND
  0
POLYLINE
  8
PG_SILKSCREEN_TOP
 66
1
 70
0
 40
0.000000
 41
0.000000
 39
0.000000
  0
VERTEX
  8
PG_SILKSCREEN_TOP
 10
72.870009
 20
56.612053
 40
0.127000
 41
0.127000
 42
0.000000
  0
VERTEX
  8
PG_SILKSCREEN_TOP
 10
71.600009
 20
56.612053
 40
0.127000
 41
0.127000
 42
0.000000
  0
SEQEND
  0
POLYLINE
  8
PG_SILKSCREEN_TOP
 66
1
 70
0
 40
0.000000
 41
0.000000
 39
0.000000
  0
VERTEX
  8
PG_SILKSCREEN_TOP
 10
72.870009
 20
59.406053
 40
0.127000
 41
0.127000
 42
0.000000
  0
VERTEX
  8
PG_SILKSCREEN_TOP
 10
72.870009
 20
56.612053
 40
0.127000
 41
0.127000
 42
0.000000
  0
SEQEND
  0
POLYLINE
  8
PIN_TOP
 66
1
 70
1
 40
0.000000
 41
0.000000
 39
0.000000
  0
VERTEX
  8
PIN_TOP
 10
68.910683
 20
26.278764
 40
0.000000
 41
0.000000
 42
0.000000
  0
VERTEX
  8
PIN_TOP
 10
68.910683
 20
25.478664
 40
0.000000
 41
0.000000
 42
0.000000
  0
VERTEX
  8
PIN_TOP
 10
68.110583
 20
25.478664
 40
0.000000
 41
0.000000
 42
0.000000
  0
VERTEX
  8
PIN_TOP
 10
68.110583
 20
26.278764
 40
0.000000
 41
0.000000
 42
0.000000
  0
SEQEND
  0
POLYLINE
  8
PIN_TOP
 66
1
 70
1
 40
0.000000
 41
0.000000
 39
0.000000
  0
VERTEX
  8
PIN_TOP
 10
67.386683
 20
26.278764
 40
0.000000
 41
0.000000
 42
0.000000
  0
VERTEX
  8
PIN_TOP
 10
67.386683
 20
25.478664
 40
0.000000
 41
0.000000
 42
0.000000
  0
VERTEX
  8
PIN_TOP
 10
66.586583
 20
25.478664
 40
0.000000
 41
0.000000
 42
0.000000
  0
VERTEX
  8
PIN_TOP
 10
66.586583
 20
26.278764
 40
0.000000
 41
0.000000
 42
0.000000
  0
SEQEND
  0
POLYLINE
  8
PG_SILKSCREEN_TOP
 66
1
 70
0
 40
0.000000
 41
0.000000
 39
0.000000
  0
VERTEX
  8
PG_SILKSCREEN_TOP
 10
69.145633
 20
25.243714
 40
0.127000
 41
0.127000
 42
0.000000
  0
VERTEX
  8
PG_SILKSCREEN_TOP
 10
66.351633
 20
25.243714
 40
0.127000
 41
0.127000
 42
0.000000
  0
SEQEND
  0
POLYLINE
  8
PG_SILKSCREEN_TOP
 66
1
 70
0
 40
0.000000
 41
0.000000
 39
0.000000
  0
VERTEX
  8
PG_SILKSCREEN_TOP
 10
66.351633
 20
25.243714
 40
0.127000
 41
0.127000
 42
0.000000
  0
VERTEX
  8
PG_SILKSCREEN_TOP
 10
66.351633
 20
26.513714
 40
0.127000
 41
0.127000
 42
0.000000
  0
SEQEND
  0
POLYLINE
  8
PG_SILKSCREEN_TOP
 66
1
 70
0
 40
0.000000
 41
0.000000
 39
0.000000
  0
VERTEX
  8
PG_SILKSCREEN_TOP
 10
69.145633
 20
26.513714
 40
0.127000
 41
0.127000
 42
0.000000
  0
VERTEX
  8
PG_SILKSCREEN_TOP
 10
69.145633
 20
25.243714
 40
0.127000
 41
0.127000
 42
0.000000
  0
SEQEND
  0
POLYLINE
  8
PG_SILKSCREEN_TOP
 66
1
 70
0
 40
0.000000
 41
0.000000
 39
0.000000
  0
VERTEX
  8
PG_SILKSCREEN_TOP
 10
66.351633
 20
26.513714
 40
0.127000
 41
0.127000
 42
0.000000
  0
VERTEX
  8
PG_SILKSCREEN_TOP
 10
69.145633
 20
26.513714
 40
0.127000
 41
0.127000
 42
0.000000
  0
SEQEND
  0
POLYLINE
  8
PIN_TOP
 66
1
 70
1
 40
0.000000
 41
0.000000
 39
0.000000
  0
VERTEX
  8
PIN_TOP
 10
61.414469
 20
4.019105
 40
0.000000
 41
0.000000
 42
0.000000
  0
VERTEX
  8
PIN_TOP
 10
61.414469
 20
2.719108
 40
0.000000
 41
0.000000
 42
0.000000
  0
VERTEX
  8
PIN_TOP
 10
60.164561
 20
2.719108
 40
0.000000
 41
0.000000
 42
0.000000
  0
VERTEX
  8
PIN_TOP
 10
60.164561
 20
4.019105
 40
0.000000
 41
0.000000
 42
0.000000
  0
SEQEND
  0
POLYLINE
  8
PIN_TOP
 66
1
 70
1
 40
0.000000
 41
0.000000
 39
0.000000
  0
VERTEX
  8
PIN_TOP
 10
61.414469
 20
6.019101
 40
0.000000
 41
0.000000
 42
0.000000
  0
VERTEX
  8
PIN_TOP
 10
61.414469
 20
4.719104
 40
0.000000
 41
0.000000
 42
0.000000
  0
VERTEX
  8
PIN_TOP
 10
60.164561
 20
4.719104
 40
0.000000
 41
0.000000
 42
0.000000
  0
VERTEX
  8
PIN_TOP
 10
60.164561
 20
6.019101
 40
0.000000
 41
0.000000
 42
0.000000
  0
SEQEND
  0
POLYLINE
  8
PG_SILKSCREEN_TOP
 66
1
 70
0
 40
0.000000
 41
0.000000
 39
0.000000
  0
VERTEX
  8
PG_SILKSCREEN_TOP
 10
61.475315
 20
2.489505
 40
0.177800
 41
0.177800
 42
0.000000
  0
VERTEX
  8
PG_SILKSCREEN_TOP
 10
59.951315
 20
2.489505
 40
0.177800
 41
0.177800
 42
0.000000
  0
VERTEX
  8
PG_SILKSCREEN_TOP
 10
59.951315
 20
6.223305
 40
0.177800
 41
0.177800
 42
0.000000
  0
VERTEX
  8
PG_SILKSCREEN_TOP
 10
61.653115
 20
6.223305
 40
0.177800
 41
0.177800
 42
0.000000
  0
VERTEX
  8
PG_SILKSCREEN_TOP
 10
61.653115
 20
2.489505
 40
0.177800
 41
0.177800
 42
0.000000
  0
VERTEX
  8
PG_SILKSCREEN_TOP
 10
61.475315
 20
2.489505
 40
0.177800
 41
0.177800
 42
0.000000
  0
SEQEND
  0
POLYLINE
  8
PG_SILKSCREEN_TOP
 66
1
 70
0
 40
0.000000
 41
0.000000
 39
0.000000
  0
VERTEX
  8
PG_SILKSCREEN_TOP
 10
61.297515
 20
6.248705
 40
0.203200
 41
0.203200
 42
0.000000
  0
VERTEX
  8
PG_SILKSCREEN_TOP
 10
61.297515
 20
6.274105
 40
0.203200
 41
0.203200
 42
0.000000
  0
VERTEX
  8
PG_SILKSCREEN_TOP
 10
60.814915
 20
6.756705
 40
0.203200
 41
0.203200
 42
0.000000
  0
VERTEX
  8
PG_SILKSCREEN_TOP
 10
60.332315
 20
6.274105
 40
0.203200
 41
0.203200
 42
0.000000
  0
VERTEX
  8
PG_SILKSCREEN_TOP
 10
60.332315
 20
6.248705
 40
0.203200
 41
0.203200
 42
0.000000
  0
SEQEND
  0
POLYLINE
  8
PIN_TOP
 66
1
 70
1
 40
0.000000
 41
0.000000
 39
0.000000
  0
VERTEX
  8
PIN_TOP
 10
77.634909
 20
13.733107
 40
0.000000
 41
0.000000
 42
0.000000
  0
VERTEX
  8
PIN_TOP
 10
78.934907
 20
13.733107
 40
0.000000
 41
0.000000
 42
0.000000
  0
VERTEX
  8
PIN_TOP
 10
78.934907
 20
12.483198
 40
0.000000
 41
0.000000
 42
0.000000
  0
VERTEX
  8
PIN_TOP
 10
77.634909
 20
12.483198
 40
0.000000
 41
0.000000
 42
0.000000
  0
SEQEND
  0
POLYLINE
  8
PIN_TOP
 66
1
 70
1
 40
0.000000
 41
0.000000
 39
0.000000
  0
VERTEX
  8
PIN_TOP
 10
75.634913
 20
13.733107
 40
0.000000
 41
0.000000
 42
0.000000
  0
VERTEX
  8
PIN_TOP
 10
76.934911
 20
13.733107
 40
0.000000
 41
0.000000
 42
0.000000
  0
VERTEX
  8
PIN_TOP
 10
76.934911
 20
12.483198
 40
0.000000
 41
0.000000
 42
0.000000
  0
VERTEX
  8
PIN_TOP
 10
75.634913
 20
12.483198
 40
0.000000
 41
0.000000
 42
0.000000
  0
SEQEND
  0
POLYLINE
  8
PG_SILKSCREEN_TOP
 66
1
 70
0
 40
0.000000
 41
0.000000
 39
0.000000
  0
VERTEX
  8
PG_SILKSCREEN_TOP
 10
79.164510
 20
13.793953
 40
0.177800
 41
0.177800
 42
0.000000
  0
VERTEX
  8
PG_SILKSCREEN_TOP
 10
79.164510
 20
12.269953
 40
0.177800
 41
0.177800
 42
0.000000
  0
VERTEX
  8
PG_SILKSCREEN_TOP
 10
75.430710
 20
12.269953
 40
0.177800
 41
0.177800
 42
0.000000
  0
VERTEX
  8
PG_SILKSCREEN_TOP
 10
75.430710
 20
13.971753
 40
0.177800
 41
0.177800
 42
0.000000
  0
VERTEX
  8
PG_SILKSCREEN_TOP
 10
79.164510
 20
13.971753
 40
0.177800
 41
0.177800
 42
0.000000
  0
VERTEX
  8
PG_SILKSCREEN_TOP
 10
79.164510
 20
13.793953
 40
0.177800
 41
0.177800
 42
0.000000
  0
SEQEND
  0
POLYLINE
  8
PG_SILKSCREEN_TOP
 66
1
 70
0
 40
0.000000
 41
0.000000
 39
0.000000
  0
VERTEX
  8
PG_SILKSCREEN_TOP
 10
75.405310
 20
13.616153
 40
0.203200
 41
0.203200
 42
0.000000
  0
VERTEX
  8
PG_SILKSCREEN_TOP
 10
75.379910
 20
13.616153
 40
0.203200
 41
0.203200
 42
0.000000
  0
VERTEX
  8
PG_SILKSCREEN_TOP
 10
74.897310
 20
13.133553
 40
0.203200
 41
0.203200
 42
0.000000
  0
VERTEX
  8
PG_SILKSCREEN_TOP
 10
75.379910
 20
12.650953
 40
0.203200
 41
0.203200
 42
0.000000
  0
VERTEX
  8
PG_SILKSCREEN_TOP
 10
75.405310
 20
12.650953
 40
0.203200
 41
0.203200
 42
0.000000
  0
SEQEND
  0
POLYLINE
  8
PIN_TOP
 66
1
 70
1
 40
0.000000
 41
0.000000
 39
0.000000
  0
VERTEX
  8
PIN_TOP
 10
77.634909
 20
17.668075
 40
0.000000
 41
0.000000
 42
0.000000
  0
VERTEX
  8
PIN_TOP
 10
78.934907
 20
17.668075
 40
0.000000
 41
0.000000
 42
0.000000
  0
VERTEX
  8
PIN_TOP
 10
78.934907
 20
16.418166
 40
0.000000
 41
0.000000
 42
0.000000
  0
VERTEX
  8
PIN_TOP
 10
77.634909
 20
16.418166
 40
0.000000
 41
0.000000
 42
0.000000
  0
SEQEND
  0
POLYLINE
  8
PIN_TOP
 66
1
 70
1
 40
0.000000
 41
0.000000
 39
0.000000
  0
VERTEX
  8
PIN_TOP
 10
75.634913
 20
17.668075
 40
0.000000
 41
0.000000
 42
0.000000
  0
VERTEX
  8
PIN_TOP
 10
76.934911
 20
17.668075
 40
0.000000
 41
0.000000
 42
0.000000
  0
VERTEX
  8
PIN_TOP
 10
76.934911
 20
16.418166
 40
0.000000
 41
0.000000
 42
0.000000
  0
VERTEX
  8
PIN_TOP
 10
75.634913
 20
16.418166
 40
0.000000
 41
0.000000
 42
0.000000
  0
SEQEND
  0
POLYLINE
  8
PG_SILKSCREEN_TOP
 66
1
 70
0
 40
0.000000
 41
0.000000
 39
0.000000
  0
VERTEX
  8
PG_SILKSCREEN_TOP
 10
79.164510
 20
17.728921
 40
0.177800
 41
0.177800
 42
0.000000
  0
VERTEX
  8
PG_SILKSCREEN_TOP
 10
79.164510
 20
16.204921
 40
0.177800
 41
0.177800
 42
0.000000
  0
VERTEX
  8
PG_SILKSCREEN_TOP
 10
75.430710
 20
16.204921
 40
0.177800
 41
0.177800
 42
0.000000
  0
VERTEX
  8
PG_SILKSCREEN_TOP
 10
75.430710
 20
17.906721
 40
0.177800
 41
0.177800
 42
0.000000
  0
VERTEX
  8
PG_SILKSCREEN_TOP
 10
79.164510
 20
17.906721
 40
0.177800
 41
0.177800
 42
0.000000
  0
VERTEX
  8
PG_SILKSCREEN_TOP
 10
79.164510
 20
17.728921
 40
0.177800
 41
0.177800
 42
0.000000
  0
SEQEND
  0
POLYLINE
  8
PG_SILKSCREEN_TOP
 66
1
 70
0
 40
0.000000
 41
0.000000
 39
0.000000
  0
VERTEX
  8
PG_SILKSCREEN_TOP
 10
75.405310
 20
17.551121
 40
0.203200
 41
0.203200
 42
0.000000
  0
VERTEX
  8
PG_SILKSCREEN_TOP
 10
75.379910
 20
17.551121
 40
0.203200
 41
0.203200
 42
0.000000
  0
VERTEX
  8
PG_SILKSCREEN_TOP
 10
74.897310
 20
17.068521
 40
0.203200
 41
0.203200
 42
0.000000
  0
VERTEX
  8
PG_SILKSCREEN_TOP
 10
75.379910
 20
16.585921
 40
0.203200
 41
0.203200
 42
0.000000
  0
VERTEX
  8
PG_SILKSCREEN_TOP
 10
75.405310
 20
16.585921
 40
0.203200
 41
0.203200
 42
0.000000
  0
SEQEND
  0
POLYLINE
  8
PIN_TOP
 66
1
 70
1
 40
0.000000
 41
0.000000
 39
0.000000
  0
VERTEX
  8
PIN_TOP
 10
78.191081
 20
58.051852
 40
0.000000
 41
0.000000
 42
0.000000
  0
VERTEX
  8
PIN_TOP
 10
78.191081
 20
57.251752
 40
0.000000
 41
0.000000
 42
0.000000
  0
VERTEX
  8
PIN_TOP
 10
77.390981
 20
57.251752
 40
0.000000
 41
0.000000
 42
0.000000
  0
VERTEX
  8
PIN_TOP
 10
77.390981
 20
58.051852
 40
0.000000
 41
0.000000
 42
0.000000
  0
SEQEND
  0
POLYLINE
  8
PIN_TOP
 66
1
 70
1
 40
0.000000
 41
0.000000
 39
0.000000
  0
VERTEX
  8
PIN_TOP
 10
76.616281
 20
58.051852
 40
0.000000
 41
0.000000
 42
0.000000
  0
VERTEX
  8
PIN_TOP
 10
76.616281
 20
57.251752
 40
0.000000
 41
0.000000
 42
0.000000
  0
VERTEX
  8
PIN_TOP
 10
75.816181
 20
57.251752
 40
0.000000
 41
0.000000
 42
0.000000
  0
VERTEX
  8
PIN_TOP
 10
75.816181
 20
58.051852
 40
0.000000
 41
0.000000
 42
0.000000
  0
SEQEND
  0
POLYLINE
  8
PG_SILKSCREEN_TOP
 66
1
 70
0
 40
0.000000
 41
0.000000
 39
0.000000
  0
VERTEX
  8
PG_SILKSCREEN_TOP
 10
75.606631
 20
58.236002
 40
0.127000
 41
0.127000
 42
0.000000
  0
VERTEX
  8
PG_SILKSCREEN_TOP
 10
78.400631
 20
58.236002
 40
0.127000
 41
0.127000
 42
0.000000
  0
VERTEX
  8
PG_SILKSCREEN_TOP
 10
78.400631
 20
57.067602
 40
0.127000
 41
0.127000
 42
0.000000
  0
VERTEX
  8
PG_SILKSCREEN_TOP
 10
75.606631
 20
57.067602
 40
0.127000
 41
0.127000
 42
0.000000
  0
VERTEX
  8
PG_SILKSCREEN_TOP
 10
75.606631
 20
58.236002
 40
0.127000
 41
0.127000
 42
0.000000
  0
SEQEND
  0
POLYLINE
  8
PIN_TOP
 66
1
 70
1
 40
0.000000
 41
0.000000
 39
0.000000
  0
VERTEX
  8
PIN_TOP
 10
76.473787
 20
56.597702
 40
0.000000
 41
0.000000
 42
0.000000
  0
VERTEX
  8
PIN_TOP
 10
76.473787
 20
55.797602
 40
0.000000
 41
0.000000
 42
0.000000
  0
VERTEX
  8
PIN_TOP
 10
75.673687
 20
55.797602
 40
0.000000
 41
0.000000
 42
0.000000
  0
VERTEX
  8
PIN_TOP
 10
75.673687
 20
56.597702
 40
0.000000
 41
0.000000
 42
0.000000
  0
SEQEND
  0
POLYLINE
  8
PIN_TOP
 66
1
 70
1
 40
0.000000
 41
0.000000
 39
0.000000
  0
VERTEX
  8
PIN_TOP
 10
74.898987
 20
56.597702
 40
0.000000
 41
0.000000
 42
0.000000
  0
VERTEX
  8
PIN_TOP
 10
74.898987
 20
55.797602
 40
0.000000
 41
0.000000
 42
0.000000
  0
VERTEX
  8
PIN_TOP
 10
74.098887
 20
55.797602
 40
0.000000
 41
0.000000
 42
0.000000
  0
VERTEX
  8
PIN_TOP
 10
74.098887
 20
56.597702
 40
0.000000
 41
0.000000
 42
0.000000
  0
SEQEND
  0
POLYLINE
  8
PG_SILKSCREEN_TOP
 66
1
 70
0
 40
0.000000
 41
0.000000
 39
0.000000
  0
VERTEX
  8
PG_SILKSCREEN_TOP
 10
73.889337
 20
56.781852
 40
0.127000
 41
0.127000
 42
0.000000
  0
VERTEX
  8
PG_SILKSCREEN_TOP
 10
76.683337
 20
56.781852
 40
0.127000
 41
0.127000
 42
0.000000
  0
VERTEX
  8
PG_SILKSCREEN_TOP
 10
76.683337
 20
55.613452
 40
0.127000
 41
0.127000
 42
0.000000
  0
VERTEX
  8
PG_SILKSCREEN_TOP
 10
73.889337
 20
55.613452
 40
0.127000
 41
0.127000
 42
0.000000
  0
VERTEX
  8
PG_SILKSCREEN_TOP
 10
73.889337
 20
56.781852
 40
0.127000
 41
0.127000
 42
0.000000
  0
SEQEND
  0
POLYLINE
  8
PIN_TOP
 66
1
 70
1
 40
0.000000
 41
0.000000
 39
0.000000
  0
VERTEX
  8
PIN_TOP
 10
20.849234
 20
6.452641
 40
0.000000
 41
0.000000
 42
0.000000
  0
VERTEX
  8
PIN_TOP
 10
20.049134
 20
6.452641
 40
0.000000
 41
0.000000
 42
0.000000
  0
VERTEX
  8
PIN_TOP
 10
20.049134
 20
7.252741
 40
0.000000
 41
0.000000
 42
0.000000
  0
VERTEX
  8
PIN_TOP
 10
20.849234
 20
7.252741
 40
0.000000
 41
0.000000
 42
0.000000
  0
SEQEND
  0
POLYLINE
  8
PIN_TOP
 66
1
 70
1
 40
0.000000
 41
0.000000
 39
0.000000
  0
VERTEX
  8
PIN_TOP
 10
20.849234
 20
8.027441
 40
0.000000
 41
0.000000
 42
0.000000
  0
VERTEX
  8
PIN_TOP
 10
20.049134
 20
8.027441
 40
0.000000
 41
0.000000
 42
0.000000
  0
VERTEX
  8
PIN_TOP
 10
20.049134
 20
8.827541
 40
0.000000
 41
0.000000
 42
0.000000
  0
VERTEX
  8
PIN_TOP
 10
20.849234
 20
8.827541
 40
0.000000
 41
0.000000
 42
0.000000
  0
SEQEND
  0
POLYLINE
  8
PG_SILKSCREEN_TOP
 66
1
 70
0
 40
0.000000
 41
0.000000
 39
0.000000
  0
VERTEX
  8
PG_SILKSCREEN_TOP
 10
21.033384
 20
9.037091
 40
0.127000
 41
0.127000
 42
0.000000
  0
VERTEX
  8
PG_SILKSCREEN_TOP
 10
21.033384
 20
6.243091
 40
0.127000
 41
0.127000
 42
0.000000
  0
VERTEX
  8
PG_SILKSCREEN_TOP
 10
19.864984
 20
6.243091
 40
0.127000
 41
0.127000
 42
0.000000
  0
VERTEX
  8
PG_SILKSCREEN_TOP
 10
19.864984
 20
9.037091
 40
0.127000
 41
0.127000
 42
0.000000
  0
VERTEX
  8
PG_SILKSCREEN_TOP
 10
21.033384
 20
9.037091
 40
0.127000
 41
0.127000
 42
0.000000
  0
SEQEND
  0
POLYLINE
  8
PIN_TOP
 66
1
 70
1
 40
0.000000
 41
0.000000
 39
0.000000
  0
VERTEX
  8
PIN_TOP
 10
63.428220
 20
4.346423
 40
0.000000
 41
0.000000
 42
0.000000
  0
VERTEX
  8
PIN_TOP
 10
64.228320
 20
4.346423
 40
0.000000
 41
0.000000
 42
0.000000
  0
VERTEX
  8
PIN_TOP
 10
64.228320
 20
3.546323
 40
0.000000
 41
0.000000
 42
0.000000
  0
VERTEX
  8
PIN_TOP
 10
63.428220
 20
3.546323
 40
0.000000
 41
0.000000
 42
0.000000
  0
SEQEND
  0
POLYLINE
  8
PIN_TOP
 66
1
 70
1
 40
0.000000
 41
0.000000
 39
0.000000
  0
VERTEX
  8
PIN_TOP
 10
63.428220
 20
2.771623
 40
0.000000
 41
0.000000
 42
0.000000
  0
VERTEX
  8
PIN_TOP
 10
64.228320
 20
2.771623
 40
0.000000
 41
0.000000
 42
0.000000
  0
VERTEX
  8
PIN_TOP
 10
64.228320
 20
1.971523
 40
0.000000
 41
0.000000
 42
0.000000
  0
VERTEX
  8
PIN_TOP
 10
63.428220
 20
1.971523
 40
0.000000
 41
0.000000
 42
0.000000
  0
SEQEND
  0
POLYLINE
  8
PG_SILKSCREEN_TOP
 66
1
 70
0
 40
0.000000
 41
0.000000
 39
0.000000
  0
VERTEX
  8
PG_SILKSCREEN_TOP
 10
63.244070
 20
1.761973
 40
0.127000
 41
0.127000
 42
0.000000
  0
VERTEX
  8
PG_SILKSCREEN_TOP
 10
63.244070
 20
4.555973
 40
0.127000
 41
0.127000
 42
0.000000
  0
VERTEX
  8
PG_SILKSCREEN_TOP
 10
64.412470
 20
4.555973
 40
0.127000
 41
0.127000
 42
0.000000
  0
VERTEX
  8
PG_SILKSCREEN_TOP
 10
64.412470
 20
1.761973
 40
0.127000
 41
0.127000
 42
0.000000
  0
VERTEX
  8
PG_SILKSCREEN_TOP
 10
63.244070
 20
1.761973
 40
0.127000
 41
0.127000
 42
0.000000
  0
SEQEND
  0
POLYLINE
  8
PIN_TOP
 66
1
 70
1
 40
0.000000
 41
0.000000
 39
0.000000
  0
VERTEX
  8
PIN_TOP
 10
69.605677
 20
4.560418
 40
0.000000
 41
0.000000
 42
0.000000
  0
VERTEX
  8
PIN_TOP
 10
69.605677
 20
5.360518
 40
0.000000
 41
0.000000
 42
0.000000
  0
VERTEX
  8
PIN_TOP
 10
70.405777
 20
5.360518
 40
0.000000
 41
0.000000
 42
0.000000
  0
VERTEX
  8
PIN_TOP
 10
70.405777
 20
4.560418
 40
0.000000
 41
0.000000
 42
0.000000
  0
SEQEND
  0
POLYLINE
  8
PIN_TOP
 66
1
 70
1
 40
0.000000
 41
0.000000
 39
0.000000
  0
VERTEX
  8
PIN_TOP
 10
71.180477
 20
4.560418
 40
0.000000
 41
0.000000
 42
0.000000
  0
VERTEX
  8
PIN_TOP
 10
71.180477
 20
5.360518
 40
0.000000
 41
0.000000
 42
0.000000
  0
VERTEX
  8
PIN_TOP
 10
71.980577
 20
5.360518
 40
0.000000
 41
0.000000
 42
0.000000
  0
VERTEX
  8
PIN_TOP
 10
71.980577
 20
4.560418
 40
0.000000
 41
0.000000
 42
0.000000
  0
SEQEND
  0
POLYLINE
  8
PG_SILKSCREEN_TOP
 66
1
 70
0
 40
0.000000
 41
0.000000
 39
0.000000
  0
VERTEX
  8
PG_SILKSCREEN_TOP
 10
72.190127
 20
4.376268
 40
0.127000
 41
0.127000
 42
0.000000
  0
VERTEX
  8
PG_SILKSCREEN_TOP
 10
69.396127
 20
4.376268
 40
0.127000
 41
0.127000
 42
0.000000
  0
VERTEX
  8
PG_SILKSCREEN_TOP
 10
69.396127
 20
5.544668
 40
0.127000
 41
0.127000
 42
0.000000
  0
VERTEX
  8
PG_SILKSCREEN_TOP
 10
72.190127
 20
5.544668
 40
0.127000
 41
0.127000
 42
0.000000
  0
VERTEX
  8
PG_SILKSCREEN_TOP
 10
72.190127
 20
4.376268
 40
0.127000
 41
0.127000
 42
0.000000
  0
SEQEND
  0
POLYLINE
  8
PIN_TOP
 66
1
 70
1
 40
0.000000
 41
0.000000
 39
0.000000
  0
VERTEX
  8
PIN_TOP
 10
15.505709
 20
4.003396
 40
0.000000
 41
0.000000
 42
0.000000
  0
VERTEX
  8
PIN_TOP
 10
15.505709
 20
4.803496
 40
0.000000
 41
0.000000
 42
0.000000
  0
VERTEX
  8
PIN_TOP
 10
16.305809
 20
4.803496
 40
0.000000
 41
0.000000
 42
0.000000
  0
VERTEX
  8
PIN_TOP
 10
16.305809
 20
4.003396
 40
0.000000
 41
0.000000
 42
0.000000
  0
SEQEND
  0
POLYLINE
  8
PIN_TOP
 66
1
 70
1
 40
0.000000
 41
0.000000
 39
0.000000
  0
VERTEX
  8
PIN_TOP
 10
17.080509
 20
4.003396
 40
0.000000
 41
0.000000
 42
0.000000
  0
VERTEX
  8
PIN_TOP
 10
17.080509
 20
4.803496
 40
0.000000
 41
0.000000
 42
0.000000
  0
VERTEX
  8
PIN_TOP
 10
17.880609
 20
4.803496
 40
0.000000
 41
0.000000
 42
0.000000
  0
VERTEX
  8
PIN_TOP
 10
17.880609
 20
4.003396
 40
0.000000
 41
0.000000
 42
0.000000
  0
SEQEND
  0
POLYLINE
  8
PG_SILKSCREEN_TOP
 66
1
 70
0
 40
0.000000
 41
0.000000
 39
0.000000
  0
VERTEX
  8
PG_SILKSCREEN_TOP
 10
18.090159
 20
3.819246
 40
0.127000
 41
0.127000
 42
0.000000
  0
VERTEX
  8
PG_SILKSCREEN_TOP
 10
15.296159
 20
3.819246
 40
0.127000
 41
0.127000
 42
0.000000
  0
VERTEX
  8
PG_SILKSCREEN_TOP
 10
15.296159
 20
4.987646
 40
0.127000
 41
0.127000
 42
0.000000
  0
VERTEX
  8
PG_SILKSCREEN_TOP
 10
18.090159
 20
4.987646
 40
0.127000
 41
0.127000
 42
0.000000
  0
VERTEX
  8
PG_SILKSCREEN_TOP
 10
18.090159
 20
3.819246
 40
0.127000
 41
0.127000
 42
0.000000
  0
SEQEND
  0
POLYLINE
  8
PIN_TOP
 66
1
 70
1
 40
0.000000
 41
0.000000
 39
0.000000
  0
VERTEX
  8
PIN_TOP
 10
15.505709
 20
1.172820
 40
0.000000
 41
0.000000
 42
0.000000
  0
VERTEX
  8
PIN_TOP
 10
15.505709
 20
1.972920
 40
0.000000
 41
0.000000
 42
0.000000
  0
VERTEX
  8
PIN_TOP
 10
16.305809
 20
1.972920
 40
0.000000
 41
0.000000
 42
0.000000
  0
VERTEX
  8
PIN_TOP
 10
16.305809
 20
1.172820
 40
0.000000
 41
0.000000
 42
0.000000
  0
SEQEND
  0
POLYLINE
  8
PIN_TOP
 66
1
 70
1
 40
0.000000
 41
0.000000
 39
0.000000
  0
VERTEX
  8
PIN_TOP
 10
17.080509
 20
1.172820
 40
0.000000
 41
0.000000
 42
0.000000
  0
VERTEX
  8
PIN_TOP
 10
17.080509
 20
1.972920
 40
0.000000
 41
0.000000
 42
0.000000
  0
VERTEX
  8
PIN_TOP
 10
17.880609
 20
1.972920
 40
0.000000
 41
0.000000
 42
0.000000
  0
VERTEX
  8
PIN_TOP
 10
17.880609
 20
1.172820
 40
0.000000
 41
0.000000
 42
0.000000
  0
SEQEND
  0
POLYLINE
  8
PG_SILKSCREEN_TOP
 66
1
 70
0
 40
0.000000
 41
0.000000
 39
0.000000
  0
VERTEX
  8
PG_SILKSCREEN_TOP
 10
18.090159
 20
0.988670
 40
0.127000
 41
0.127000
 42
0.000000
  0
VERTEX
  8
PG_SILKSCREEN_TOP
 10
15.296159
 20
0.988670
 40
0.127000
 41
0.127000
 42
0.000000
  0
VERTEX
  8
PG_SILKSCREEN_TOP
 10
15.296159
 20
2.157070
 40
0.127000
 41
0.127000
 42
0.000000
  0
VERTEX
  8
PG_SILKSCREEN_TOP
 10
18.090159
 20
2.157070
 40
0.127000
 41
0.127000
 42
0.000000
  0
VERTEX
  8
PG_SILKSCREEN_TOP
 10
18.090159
 20
0.988670
 40
0.127000
 41
0.127000
 42
0.000000
  0
SEQEND
  0
POLYLINE
  8
PIN_TOP
 66
1
 70
1
 40
0.000000
 41
0.000000
 39
0.000000
  0
VERTEX
  8
PIN_TOP
 10
15.505709
 20
2.588108
 40
0.000000
 41
0.000000
 42
0.000000
  0
VERTEX
  8
PIN_TOP
 10
15.505709
 20
3.388208
 40
0.000000
 41
0.000000
 42
0.000000
  0
VERTEX
  8
PIN_TOP
 10
16.305809
 20
3.388208
 40
0.000000
 41
0.000000
 42
0.000000
  0
VERTEX
  8
PIN_TOP
 10
16.305809
 20
2.588108
 40
0.000000
 41
0.000000
 42
0.000000
  0
SEQEND
  0
POLYLINE
  8
PIN_TOP
 66
1
 70
1
 40
0.000000
 41
0.000000
 39
0.000000
  0
VERTEX
  8
PIN_TOP
 10
17.080509
 20
2.588108
 40
0.000000
 41
0.000000
 42
0.000000
  0
VERTEX
  8
PIN_TOP
 10
17.080509
 20
3.388208
 40
0.000000
 41
0.000000
 42
0.000000
  0
VERTEX
  8
PIN_TOP
 10
17.880609
 20
3.388208
 40
0.000000
 41
0.000000
 42
0.000000
  0
VERTEX
  8
PIN_TOP
 10
17.880609
 20
2.588108
 40
0.000000
 41
0.000000
 42
0.000000
  0
SEQEND
  0
POLYLINE
  8
PG_SILKSCREEN_TOP
 66
1
 70
0
 40
0.000000
 41
0.000000
 39
0.000000
  0
VERTEX
  8
PG_SILKSCREEN_TOP
 10
18.090159
 20
2.403958
 40
0.127000
 41
0.127000
 42
0.000000
  0
VERTEX
  8
PG_SILKSCREEN_TOP
 10
15.296159
 20
2.403958
 40
0.127000
 41
0.127000
 42
0.000000
  0
VERTEX
  8
PG_SILKSCREEN_TOP
 10
15.296159
 20
3.572358
 40
0.127000
 41
0.127000
 42
0.000000
  0
VERTEX
  8
PG_SILKSCREEN_TOP
 10
18.090159
 20
3.572358
 40
0.127000
 41
0.127000
 42
0.000000
  0
VERTEX
  8
PG_SILKSCREEN_TOP
 10
18.090159
 20
2.403958
 40
0.127000
 41
0.127000
 42
0.000000
  0
SEQEND
  0
POLYLINE
  8
PIN_TOP
 66
1
 70
1
 40
0.000000
 41
0.000000
 39
0.000000
  0
VERTEX
  8
PIN_TOP
 10
77.967205
 20
56.294934
 40
0.000000
 41
0.000000
 42
0.000000
  0
VERTEX
  8
PIN_TOP
 10
78.767305
 20
56.294934
 40
0.000000
 41
0.000000
 42
0.000000
  0
VERTEX
  8
PIN_TOP
 10
78.767305
 20
55.494834
 40
0.000000
 41
0.000000
 42
0.000000
  0
VERTEX
  8
PIN_TOP
 10
77.967205
 20
55.494834
 40
0.000000
 41
0.000000
 42
0.000000
  0
SEQEND
  0
POLYLINE
  8
PIN_TOP
 66
1
 70
1
 40
0.000000
 41
0.000000
 39
0.000000
  0
VERTEX
  8
PIN_TOP
 10
77.967205
 20
54.720134
 40
0.000000
 41
0.000000
 42
0.000000
  0
VERTEX
  8
PIN_TOP
 10
78.767305
 20
54.720134
 40
0.000000
 41
0.000000
 42
0.000000
  0
VERTEX
  8
PIN_TOP
 10
78.767305
 20
53.920034
 40
0.000000
 41
0.000000
 42
0.000000
  0
VERTEX
  8
PIN_TOP
 10
77.967205
 20
53.920034
 40
0.000000
 41
0.000000
 42
0.000000
  0
SEQEND
  0
POLYLINE
  8
PG_SILKSCREEN_TOP
 66
1
 70
0
 40
0.000000
 41
0.000000
 39
0.000000
  0
VERTEX
  8
PG_SILKSCREEN_TOP
 10
77.783055
 20
53.710484
 40
0.127000
 41
0.127000
 42
0.000000
  0
VERTEX
  8
PG_SILKSCREEN_TOP
 10
77.783055
 20
56.504484
 40
0.127000
 41
0.127000
 42
0.000000
  0
VERTEX
  8
PG_SILKSCREEN_TOP
 10
78.951455
 20
56.504484
 40
0.127000
 41
0.127000
 42
0.000000
  0
VERTEX
  8
PG_SILKSCREEN_TOP
 10
78.951455
 20
53.710484
 40
0.127000
 41
0.127000
 42
0.000000
  0
VERTEX
  8
PG_SILKSCREEN_TOP
 10
77.783055
 20
53.710484
 40
0.127000
 41
0.127000
 42
0.000000
  0
SEQEND
  0
POLYLINE
  8
PIN_TOP
 66
1
 70
1
 40
0.000000
 41
0.000000
 39
0.000000
  0
VERTEX
  8
PIN_TOP
 10
20.148829
 20
50.610643
 40
0.000000
 41
0.000000
 42
0.000000
  0
VERTEX
  8
PIN_TOP
 10
20.148829
 20
51.410743
 40
0.000000
 41
0.000000
 42
0.000000
  0
VERTEX
  8
PIN_TOP
 10
20.948929
 20
51.410743
 40
0.000000
 41
0.000000
 42
0.000000
  0
VERTEX
  8
PIN_TOP
 10
20.948929
 20
50.610643
 40
0.000000
 41
0.000000
 42
0.000000
  0
SEQEND
  0
POLYLINE
  8
PIN_TOP
 66
1
 70
1
 40
0.000000
 41
0.000000
 39
0.000000
  0
VERTEX
  8
PIN_TOP
 10
21.723629
 20
50.610643
 40
0.000000
 41
0.000000
 42
0.000000
  0
VERTEX
  8
PIN_TOP
 10
21.723629
 20
51.410743
 40
0.000000
 41
0.000000
 42
0.000000
  0
VERTEX
  8
PIN_TOP
 10
22.523729
 20
51.410743
 40
0.000000
 41
0.000000
 42
0.000000
  0
VERTEX
  8
PIN_TOP
 10
22.523729
 20
50.610643
 40
0.000000
 41
0.000000
 42
0.000000
  0
SEQEND
  0
POLYLINE
  8
PG_SILKSCREEN_TOP
 66
1
 70
0
 40
0.000000
 41
0.000000
 39
0.000000
  0
VERTEX
  8
PG_SILKSCREEN_TOP
 10
22.733279
 20
50.426493
 40
0.127000
 41
0.127000
 42
0.000000
  0
VERTEX
  8
PG_SILKSCREEN_TOP
 10
19.939279
 20
50.426493
 40
0.127000
 41
0.127000
 42
0.000000
  0
VERTEX
  8
PG_SILKSCREEN_TOP
 10
19.939279
 20
51.594893
 40
0.127000
 41
0.127000
 42
0.000000
  0
VERTEX
  8
PG_SILKSCREEN_TOP
 10
22.733279
 20
51.594893
 40
0.127000
 41
0.127000
 42
0.000000
  0
VERTEX
  8
PG_SILKSCREEN_TOP
 10
22.733279
 20
50.426493
 40
0.127000
 41
0.127000
 42
0.000000
  0
SEQEND
  0
POLYLINE
  8
PIN_TOP
 66
1
 70
1
 40
0.000000
 41
0.000000
 39
0.000000
  0
VERTEX
  8
PIN_TOP
 10
70.221729
 20
53.330069
 40
0.000000
 41
0.000000
 42
0.000000
  0
VERTEX
  8
PIN_TOP
 10
71.021829
 20
53.330069
 40
0.000000
 41
0.000000
 42
0.000000
  0
VERTEX
  8
PIN_TOP
 10
71.021829
 20
52.529969
 40
0.000000
 41
0.000000
 42
0.000000
  0
VERTEX
  8
PIN_TOP
 10
70.221729
 20
52.529969
 40
0.000000
 41
0.000000
 42
0.000000
  0
SEQEND
  0
POLYLINE
  8
PIN_TOP
 66
1
 70
1
 40
0.000000
 41
0.000000
 39
0.000000
  0
VERTEX
  8
PIN_TOP
 10
70.221729
 20
51.755269
 40
0.000000
 41
0.000000
 42
0.000000
  0
VERTEX
  8
PIN_TOP
 10
71.021829
 20
51.755269
 40
0.000000
 41
0.000000
 42
0.000000
  0
VERTEX
  8
PIN_TOP
 10
71.021829
 20
50.955169
 40
0.000000
 41
0.000000
 42
0.000000
  0
VERTEX
  8
PIN_TOP
 10
70.221729
 20
50.955169
 40
0.000000
 41
0.000000
 42
0.000000
  0
SEQEND
  0
POLYLINE
  8
PG_SILKSCREEN_TOP
 66
1
 70
0
 40
0.000000
 41
0.000000
 39
0.000000
  0
VERTEX
  8
PG_SILKSCREEN_TOP
 10
70.037579
 20
50.745619
 40
0.127000
 41
0.127000
 42
0.000000
  0
VERTEX
  8
PG_SILKSCREEN_TOP
 10
70.037579
 20
53.539619
 40
0.127000
 41
0.127000
 42
0.000000
  0
VERTEX
  8
PG_SILKSCREEN_TOP
 10
71.205979
 20
53.539619
 40
0.127000
 41
0.127000
 42
0.000000
  0
VERTEX
  8
PG_SILKSCREEN_TOP
 10
71.205979
 20
50.745619
 40
0.127000
 41
0.127000
 42
0.000000
  0
VERTEX
  8
PG_SILKSCREEN_TOP
 10
70.037579
 20
50.745619
 40
0.127000
 41
0.127000
 42
0.000000
  0
SEQEND
  0
POLYLINE
  8
PIN_TOP
 66
1
 70
1
 40
0.000000
 41
0.000000
 39
0.000000
  0
VERTEX
  8
PIN_TOP
 10
68.653381
 20
55.923053
 40
0.000000
 41
0.000000
 42
0.000000
  0
VERTEX
  8
PIN_TOP
 10
68.653381
 20
55.122953
 40
0.000000
 41
0.000000
 42
0.000000
  0
VERTEX
  8
PIN_TOP
 10
67.853281
 20
55.122953
 40
0.000000
 41
0.000000
 42
0.000000
  0
VERTEX
  8
PIN_TOP
 10
67.853281
 20
55.923053
 40
0.000000
 41
0.000000
 42
0.000000
  0
SEQEND
  0
POLYLINE
  8
PIN_TOP
 66
1
 70
1
 40
0.000000
 41
0.000000
 39
0.000000
  0
VERTEX
  8
PIN_TOP
 10
67.078581
 20
55.923053
 40
0.000000
 41
0.000000
 42
0.000000
  0
VERTEX
  8
PIN_TOP
 10
67.078581
 20
55.122953
 40
0.000000
 41
0.000000
 42
0.000000
  0
VERTEX
  8
PIN_TOP
 10
66.278481
 20
55.122953
 40
0.000000
 41
0.000000
 42
0.000000
  0
VERTEX
  8
PIN_TOP
 10
66.278481
 20
55.923053
 40
0.000000
 41
0.000000
 42
0.000000
  0
SEQEND
  0
POLYLINE
  8
PG_SILKSCREEN_TOP
 66
1
 70
0
 40
0.000000
 41
0.000000
 39
0.000000
  0
VERTEX
  8
PG_SILKSCREEN_TOP
 10
66.068931
 20
56.107203
 40
0.127000
 41
0.127000
 42
0.000000
  0
VERTEX
  8
PG_SILKSCREEN_TOP
 10
68.862931
 20
56.107203
 40
0.127000
 41
0.127000
 42
0.000000
  0
VERTEX
  8
PG_SILKSCREEN_TOP
 10
68.862931
 20
54.938803
 40
0.127000
 41
0.127000
 42
0.000000
  0
VERTEX
  8
PG_SILKSCREEN_TOP
 10
66.068931
 20
54.938803
 40
0.127000
 41
0.127000
 42
0.000000
  0
VERTEX
  8
PG_SILKSCREEN_TOP
 10
66.068931
 20
56.107203
 40
0.127000
 41
0.127000
 42
0.000000
  0
SEQEND
  0
POLYLINE
  8
PIN_TOP
 66
1
 70
1
 40
0.000000
 41
0.000000
 39
0.000000
  0
VERTEX
  8
PIN_TOP
 10
75.434698
 20
61.846714
 40
0.000000
 41
0.000000
 42
0.000000
  0
VERTEX
  8
PIN_TOP
 10
74.164698
 20
61.846714
 40
0.000000
 41
0.000000
 42
0.000000
  0
VERTEX
  8
PIN_TOP
 10
74.164698
 20
62.634114
 40
0.000000
 41
0.000000
 42
0.000000
  0
VERTEX
  8
PIN_TOP
 10
75.434698
 20
62.634114
 40
0.000000
 41
0.000000
 42
0.000000
  0
SEQEND
  0
POLYLINE
  8
PIN_TOP
 66
1
 70
1
 40
0.000000
 41
0.000000
 39
0.000000
  0
VERTEX
  8
PIN_TOP
 10
75.434698
 20
60.068714
 40
0.000000
 41
0.000000
 42
0.000000
  0
VERTEX
  8
PIN_TOP
 10
74.164698
 20
60.068714
 40
0.000000
 41
0.000000
 42
0.000000
  0
VERTEX
  8
PIN_TOP
 10
74.164698
 20
60.856114
 40
0.000000
 41
0.000000
 42
0.000000
  0
VERTEX
  8
PIN_TOP
 10
75.434698
 20
60.856114
 40
0.000000
 41
0.000000
 42
0.000000
  0
SEQEND
  0
POLYLINE
  8
PG_SILKSCREEN_TOP
 66
1
 70
0
 40
0.000000
 41
0.000000
 39
0.000000
  0
VERTEX
  8
PG_SILKSCREEN_TOP
 10
75.587098
 20
62.799214
 40
0.127000
 41
0.127000
 42
0.000000
  0
VERTEX
  8
PG_SILKSCREEN_TOP
 10
75.587098
 20
61.630814
 40
0.127000
 41
0.127000
 42
0.000000
  0
SEQEND
  0
POLYLINE
  8
PG_SILKSCREEN_TOP
 66
1
 70
0
 40
0.000000
 41
0.000000
 39
0.000000
  0
VERTEX
  8
PG_SILKSCREEN_TOP
 10
73.986898
 20
62.799214
 40
0.127000
 41
0.127000
 42
0.000000
  0
VERTEX
  8
PG_SILKSCREEN_TOP
 10
75.561698
 20
62.799214
 40
0.127000
 41
0.127000
 42
0.000000
  0
SEQEND
  0
POLYLINE
  8
PG_SILKSCREEN_TOP
 66
1
 70
0
 40
0.000000
 41
0.000000
 39
0.000000
  0
VERTEX
  8
PG_SILKSCREEN_TOP
 10
73.986898
 20
61.605414
 40
0.127000
 41
0.127000
 42
0.000000
  0
VERTEX
  8
PG_SILKSCREEN_TOP
 10
73.986898
 20
62.773814
 40
0.127000
 41
0.127000
 42
0.000000
  0
SEQEND
  0
POLYLINE
  8
PG_SILKSCREEN_TOP
 66
1
 70
0
 40
0.000000
 41
0.000000
 39
0.000000
  0
VERTEX
  8
PG_SILKSCREEN_TOP
 10
75.587098
 20
59.903614
 40
0.127000
 41
0.127000
 42
0.000000
  0
VERTEX
  8
PG_SILKSCREEN_TOP
 10
75.587098
 20
61.072014
 40
0.127000
 41
0.127000
 42
0.000000
  0
SEQEND
  0
POLYLINE
  8
PG_SILKSCREEN_TOP
 66
1
 70
0
 40
0.000000
 41
0.000000
 39
0.000000
  0
VERTEX
  8
PG_SILKSCREEN_TOP
 10
74.050398
 20
59.903614
 40
0.127000
 41
0.127000
 42
0.000000
  0
VERTEX
  8
PG_SILKSCREEN_TOP
 10
75.574398
 20
59.903614
 40
0.127000
 41
0.127000
 42
0.000000
  0
SEQEND
  0
POLYLINE
  8
PG_SILKSCREEN_TOP
 66
1
 70
0
 40
0.000000
 41
0.000000
 39
0.000000
  0
VERTEX
  8
PG_SILKSCREEN_TOP
 10
73.999598
 20
61.021214
 40
0.127000
 41
0.127000
 42
0.000000
  0
VERTEX
  8
PG_SILKSCREEN_TOP
 10
73.999598
 20
59.903614
 40
0.127000
 41
0.127000
 42
0.000000
  0
SEQEND
  0
POLYLINE
  8
PIN_TOP
 66
1
 70
1
 40
0.000000
 41
0.000000
 39
0.000000
  0
VERTEX
  8
PIN_TOP
 10
14.773656
 20
50.533300
 40
0.000000
 41
0.000000
 42
0.000000
  0
VERTEX
  8
PIN_TOP
 10
13.503656
 20
50.533300
 40
0.000000
 41
0.000000
 42
0.000000
  0
VERTEX
  8
PIN_TOP
 10
13.503656
 20
51.320700
 40
0.000000
 41
0.000000
 42
0.000000
  0
VERTEX
  8
PIN_TOP
 10
14.773656
 20
51.320700
 40
0.000000
 41
0.000000
 42
0.000000
  0
SEQEND
  0
POLYLINE
  8
PIN_TOP
 66
1
 70
1
 40
0.000000
 41
0.000000
 39
0.000000
  0
VERTEX
  8
PIN_TOP
 10
14.773656
 20
48.755300
 40
0.000000
 41
0.000000
 42
0.000000
  0
VERTEX
  8
PIN_TOP
 10
13.503656
 20
48.755300
 40
0.000000
 41
0.000000
 42
0.000000
  0
VERTEX
  8
PIN_TOP
 10
13.503656
 20
49.542700
 40
0.000000
 41
0.000000
 42
0.000000
  0
VERTEX
  8
PIN_TOP
 10
14.773656
 20
49.542700
 40
0.000000
 41
0.000000
 42
0.000000
  0
SEQEND
  0
POLYLINE
  8
PG_SILKSCREEN_TOP
 66
1
 70
0
 40
0.000000
 41
0.000000
 39
0.000000
  0
VERTEX
  8
PG_SILKSCREEN_TOP
 10
14.926056
 20
51.485800
 40
0.127000
 41
0.127000
 42
0.000000
  0
VERTEX
  8
PG_SILKSCREEN_TOP
 10
14.926056
 20
50.317400
 40
0.127000
 41
0.127000
 42
0.000000
  0
SEQEND
  0
POLYLINE
  8
PG_SILKSCREEN_TOP
 66
1
 70
0
 40
0.000000
 41
0.000000
 39
0.000000
  0
VERTEX
  8
PG_SILKSCREEN_TOP
 10
13.325856
 20
51.485800
 40
0.127000
 41
0.127000
 42
0.000000
  0
VERTEX
  8
PG_SILKSCREEN_TOP
 10
14.900656
 20
51.485800
 40
0.127000
 41
0.127000
 42
0.000000
  0
SEQEND
  0
POLYLINE
  8
PG_SILKSCREEN_TOP
 66
1
 70
0
 40
0.000000
 41
0.000000
 39
0.000000
  0
VERTEX
  8
PG_SILKSCREEN_TOP
 10
13.325856
 20
50.292000
 40
0.127000
 41
0.127000
 42
0.000000
  0
VERTEX
  8
PG_SILKSCREEN_TOP
 10
13.325856
 20
51.460400
 40
0.127000
 41
0.127000
 42
0.000000
  0
SEQEND
  0
POLYLINE
  8
PG_SILKSCREEN_TOP
 66
1
 70
0
 40
0.000000
 41
0.000000
 39
0.000000
  0
VERTEX
  8
PG_SILKSCREEN_TOP
 10
14.926056
 20
48.590200
 40
0.127000
 41
0.127000
 42
0.000000
  0
VERTEX
  8
PG_SILKSCREEN_TOP
 10
14.926056
 20
49.758600
 40
0.127000
 41
0.127000
 42
0.000000
  0
SEQEND
  0
POLYLINE
  8
PG_SILKSCREEN_TOP
 66
1
 70
0
 40
0.000000
 41
0.000000
 39
0.000000
  0
VERTEX
  8
PG_SILKSCREEN_TOP
 10
13.389356
 20
48.590200
 40
0.127000
 41
0.127000
 42
0.000000
  0
VERTEX
  8
PG_SILKSCREEN_TOP
 10
14.913356
 20
48.590200
 40
0.127000
 41
0.127000
 42
0.000000
  0
SEQEND
  0
POLYLINE
  8
PG_SILKSCREEN_TOP
 66
1
 70
0
 40
0.000000
 41
0.000000
 39
0.000000
  0
VERTEX
  8
PG_SILKSCREEN_TOP
 10
13.338556
 20
49.707800
 40
0.127000
 41
0.127000
 42
0.000000
  0
VERTEX
  8
PG_SILKSCREEN_TOP
 10
13.338556
 20
48.590200
 40
0.127000
 41
0.127000
 42
0.000000
  0
SEQEND
  0
POLYLINE
  8
PIN_TOP
 66
1
 70
1
 40
0.000000
 41
0.000000
 39
0.000000
  0
VERTEX
  8
PIN_TOP
 10
59.237499
 20
71.228941
 40
0.000000
 41
0.000000
 42
0.000000
  0
VERTEX
  8
PIN_TOP
 10
60.507499
 20
71.228941
 40
0.000000
 41
0.000000
 42
0.000000
  0
VERTEX
  8
PIN_TOP
 10
60.507499
 20
70.441541
 40
0.000000
 41
0.000000
 42
0.000000
  0
VERTEX
  8
PIN_TOP
 10
59.237499
 20
70.441541
 40
0.000000
 41
0.000000
 42
0.000000
  0
SEQEND
  0
POLYLINE
  8
PIN_TOP
 66
1
 70
1
 40
0.000000
 41
0.000000
 39
0.000000
  0
VERTEX
  8
PIN_TOP
 10
59.237499
 20
73.006941
 40
0.000000
 41
0.000000
 42
0.000000
  0
VERTEX
  8
PIN_TOP
 10
60.507499
 20
73.006941
 40
0.000000
 41
0.000000
 42
0.000000
  0
VERTEX
  8
PIN_TOP
 10
60.507499
 20
72.219541
 40
0.000000
 41
0.000000
 42
0.000000
  0
VERTEX
  8
PIN_TOP
 10
59.237499
 20
72.219541
 40
0.000000
 41
0.000000
 42
0.000000
  0
SEQEND
  0
POLYLINE
  8
PG_SILKSCREEN_TOP
 66
1
 70
0
 40
0.000000
 41
0.000000
 39
0.000000
  0
VERTEX
  8
PG_SILKSCREEN_TOP
 10
59.085099
 20
70.276441
 40
0.127000
 41
0.127000
 42
0.000000
  0
VERTEX
  8
PG_SILKSCREEN_TOP
 10
59.085099
 20
71.444841
 40
0.127000
 41
0.127000
 42
0.000000
  0
SEQEND
  0
POLYLINE
  8
PG_SILKSCREEN_TOP
 66
1
 70
0
 40
0.000000
 41
0.000000
 39
0.000000
  0
VERTEX
  8
PG_SILKSCREEN_TOP
 10
60.685299
 20
70.276441
 40
0.127000
 41
0.127000
 42
0.000000
  0
VERTEX
  8
PG_SILKSCREEN_TOP
 10
59.110499
 20
70.276441
 40
0.127000
 41
0.127000
 42
0.000000
  0
SEQEND
  0
POLYLINE
  8
PG_SILKSCREEN_TOP
 66
1
 70
0
 40
0.000000
 41
0.000000
 39
0.000000
  0
VERTEX
  8
PG_SILKSCREEN_TOP
 10
60.685299
 20
71.470241
 40
0.127000
 41
0.127000
 42
0.000000
  0
VERTEX
  8
PG_SILKSCREEN_TOP
 10
60.685299
 20
70.301841
 40
0.127000
 41
0.127000
 42
0.000000
  0
SEQEND
  0
POLYLINE
  8
PG_SILKSCREEN_TOP
 66
1
 70
0
 40
0.000000
 41
0.000000
 39
0.000000
  0
VERTEX
  8
PG_SILKSCREEN_TOP
 10
59.085099
 20
73.172041
 40
0.127000
 41
0.127000
 42
0.000000
  0
VERTEX
  8
PG_SILKSCREEN_TOP
 10
59.085099
 20
72.003641
 40
0.127000
 41
0.127000
 42
0.000000
  0
SEQEND
  0
POLYLINE
  8
PG_SILKSCREEN_TOP
 66
1
 70
0
 40
0.000000
 41
0.000000
 39
0.000000
  0
VERTEX
  8
PG_SILKSCREEN_TOP
 10
60.621799
 20
73.172041
 40
0.127000
 41
0.127000
 42
0.000000
  0
VERTEX
  8
PG_SILKSCREEN_TOP
 10
59.097799
 20
73.172041
 40
0.127000
 41
0.127000
 42
0.000000
  0
SEQEND
  0
POLYLINE
  8
PG_SILKSCREEN_TOP
 66
1
 70
0
 40
0.000000
 41
0.000000
 39
0.000000
  0
VERTEX
  8
PG_SILKSCREEN_TOP
 10
60.672599
 20
72.054441
 40
0.127000
 41
0.127000
 42
0.000000
  0
VERTEX
  8
PG_SILKSCREEN_TOP
 10
60.672599
 20
73.172041
 40
0.127000
 41
0.127000
 42
0.000000
  0
SEQEND
  0
POLYLINE
  8
PIN_TOP
 66
1
 70
1
 40
0.000000
 41
0.000000
 39
0.000000
  0
VERTEX
  8
PIN_TOP
 10
73.504679
 20
69.714339
 40
0.000000
 41
0.000000
 42
0.000000
  0
VERTEX
  8
PIN_TOP
 10
74.774679
 20
69.714339
 40
0.000000
 41
0.000000
 42
0.000000
  0
VERTEX
  8
PIN_TOP
 10
74.774679
 20
68.926939
 40
0.000000
 41
0.000000
 42
0.000000
  0
VERTEX
  8
PIN_TOP
 10
73.504679
 20
68.926939
 40
0.000000
 41
0.000000
 42
0.000000
  0
SEQEND
  0
POLYLINE
  8
PIN_TOP
 66
1
 70
1
 40
0.000000
 41
0.000000
 39
0.000000
  0
VERTEX
  8
PIN_TOP
 10
73.504679
 20
71.492339
 40
0.000000
 41
0.000000
 42
0.000000
  0
VERTEX
  8
PIN_TOP
 10
74.774679
 20
71.492339
 40
0.000000
 41
0.000000
 42
0.000000
  0
VERTEX
  8
PIN_TOP
 10
74.774679
 20
70.704939
 40
0.000000
 41
0.000000
 42
0.000000
  0
VERTEX
  8
PIN_TOP
 10
73.504679
 20
70.704939
 40
0.000000
 41
0.000000
 42
0.000000
  0
SEQEND
  0
POLYLINE
  8
PG_SILKSCREEN_TOP
 66
1
 70
0
 40
0.000000
 41
0.000000
 39
0.000000
  0
VERTEX
  8
PG_SILKSCREEN_TOP
 10
73.352279
 20
68.761839
 40
0.127000
 41
0.127000
 42
0.000000
  0
VERTEX
  8
PG_SILKSCREEN_TOP
 10
73.352279
 20
69.930239
 40
0.127000
 41
0.127000
 42
0.000000
  0
SEQEND
  0
POLYLINE
  8
PG_SILKSCREEN_TOP
 66
1
 70
0
 40
0.000000
 41
0.000000
 39
0.000000
  0
VERTEX
  8
PG_SILKSCREEN_TOP
 10
74.952479
 20
68.761839
 40
0.127000
 41
0.127000
 42
0.000000
  0
VERTEX
  8
PG_SILKSCREEN_TOP
 10
73.377679
 20
68.761839
 40
0.127000
 41
0.127000
 42
0.000000
  0
SEQEND
  0
POLYLINE
  8
PG_SILKSCREEN_TOP
 66
1
 70
0
 40
0.000000
 41
0.000000
 39
0.000000
  0
VERTEX
  8
PG_SILKSCREEN_TOP
 10
74.952479
 20
69.955639
 40
0.127000
 41
0.127000
 42
0.000000
  0
VERTEX
  8
PG_SILKSCREEN_TOP
 10
74.952479
 20
68.787239
 40
0.127000
 41
0.127000
 42
0.000000
  0
SEQEND
  0
POLYLINE
  8
PG_SILKSCREEN_TOP
 66
1
 70
0
 40
0.000000
 41
0.000000
 39
0.000000
  0
VERTEX
  8
PG_SILKSCREEN_TOP
 10
73.352279
 20
71.657439
 40
0.127000
 41
0.127000
 42
0.000000
  0
VERTEX
  8
PG_SILKSCREEN_TOP
 10
73.352279
 20
70.489039
 40
0.127000
 41
0.127000
 42
0.000000
  0
SEQEND
  0
POLYLINE
  8
PG_SILKSCREEN_TOP
 66
1
 70
0
 40
0.000000
 41
0.000000
 39
0.000000
  0
VERTEX
  8
PG_SILKSCREEN_TOP
 10
74.888979
 20
71.657439
 40
0.127000
 41
0.127000
 42
0.000000
  0
VERTEX
  8
PG_SILKSCREEN_TOP
 10
73.364979
 20
71.657439
 40
0.127000
 41
0.127000
 42
0.000000
  0
SEQEND
  0
POLYLINE
  8
PG_SILKSCREEN_TOP
 66
1
 70
0
 40
0.000000
 41
0.000000
 39
0.000000
  0
VERTEX
  8
PG_SILKSCREEN_TOP
 10
74.939779
 20
70.539839
 40
0.127000
 41
0.127000
 42
0.000000
  0
VERTEX
  8
PG_SILKSCREEN_TOP
 10
74.939779
 20
71.657439
 40
0.127000
 41
0.127000
 42
0.000000
  0
SEQEND
  0
POLYLINE
  8
PIN_TOP
 66
1
 70
1
 40
0.000000
 41
0.000000
 39
0.000000
  0
VERTEX
  8
PIN_TOP
 10
19.192723
 20
46.554009
 40
0.000000
 41
0.000000
 42
0.000000
  0
VERTEX
  8
PIN_TOP
 10
19.192723
 20
45.284009
 40
0.000000
 41
0.000000
 42
0.000000
  0
VERTEX
  8
PIN_TOP
 10
18.405323
 20
45.284009
 40
0.000000
 41
0.000000
 42
0.000000
  0
VERTEX
  8
PIN_TOP
 10
18.405323
 20
46.554009
 40
0.000000
 41
0.000000
 42
0.000000
  0
SEQEND
  0
POLYLINE
  8
PIN_TOP
 66
1
 70
1
 40
0.000000
 41
0.000000
 39
0.000000
  0
VERTEX
  8
PIN_TOP
 10
20.970723
 20
46.554009
 40
0.000000
 41
0.000000
 42
0.000000
  0
VERTEX
  8
PIN_TOP
 10
20.970723
 20
45.284009
 40
0.000000
 41
0.000000
 42
0.000000
  0
VERTEX
  8
PIN_TOP
 10
20.183323
 20
45.284009
 40
0.000000
 41
0.000000
 42
0.000000
  0
VERTEX
  8
PIN_TOP
 10
20.183323
 20
46.554009
 40
0.000000
 41
0.000000
 42
0.000000
  0
SEQEND
  0
POLYLINE
  8
PG_SILKSCREEN_TOP
 66
1
 70
0
 40
0.000000
 41
0.000000
 39
0.000000
  0
VERTEX
  8
PG_SILKSCREEN_TOP
 10
18.240223
 20
46.706409
 40
0.127000
 41
0.127000
 42
0.000000
  0
VERTEX
  8
PG_SILKSCREEN_TOP
 10
19.408623
 20
46.706409
 40
0.127000
 41
0.127000
 42
0.000000
  0
SEQEND
  0
POLYLINE
  8
PG_SILKSCREEN_TOP
 66
1
 70
0
 40
0.000000
 41
0.000000
 39
0.000000
  0
VERTEX
  8
PG_SILKSCREEN_TOP
 10
18.240223
 20
45.106209
 40
0.127000
 41
0.127000
 42
0.000000
  0
VERTEX
  8
PG_SILKSCREEN_TOP
 10
18.240223
 20
46.681009
 40
0.127000
 41
0.127000
 42
0.000000
  0
SEQEND
  0
POLYLINE
  8
PG_SILKSCREEN_TOP
 66
1
 70
0
 40
0.000000
 41
0.000000
 39
0.000000
  0
VERTEX
  8
PG_SILKSCREEN_TOP
 10
19.434023
 20
45.106209
 40
0.127000
 41
0.127000
 42
0.000000
  0
VERTEX
  8
PG_SILKSCREEN_TOP
 10
18.265623
 20
45.106209
 40
0.127000
 41
0.127000
 42
0.000000
  0
SEQEND
  0
POLYLINE
  8
PG_SILKSCREEN_TOP
 66
1
 70
0
 40
0.000000
 41
0.000000
 39
0.000000
  0
VERTEX
  8
PG_SILKSCREEN_TOP
 10
21.135823
 20
46.706409
 40
0.127000
 41
0.127000
 42
0.000000
  0
VERTEX
  8
PG_SILKSCREEN_TOP
 10
19.967423
 20
46.706409
 40
0.127000
 41
0.127000
 42
0.000000
  0
SEQEND
  0
POLYLINE
  8
PG_SILKSCREEN_TOP
 66
1
 70
0
 40
0.000000
 41
0.000000
 39
0.000000
  0
VERTEX
  8
PG_SILKSCREEN_TOP
 10
21.135823
 20
45.169709
 40
0.127000
 41
0.127000
 42
0.000000
  0
VERTEX
  8
PG_SILKSCREEN_TOP
 10
21.135823
 20
46.693709
 40
0.127000
 41
0.127000
 42
0.000000
  0
SEQEND
  0
POLYLINE
  8
PG_SILKSCREEN_TOP
 66
1
 70
0
 40
0.000000
 41
0.000000
 39
0.000000
  0
VERTEX
  8
PG_SILKSCREEN_TOP
 10
20.018223
 20
45.118909
 40
0.127000
 41
0.127000
 42
0.000000
  0
VERTEX
  8
PG_SILKSCREEN_TOP
 10
21.135823
 20
45.118909
 40
0.127000
 41
0.127000
 42
0.000000
  0
SEQEND
  0
POLYLINE
  8
PIN_TOP
 66
1
 70
1
 40
0.000000
 41
0.000000
 39
0.000000
  0
VERTEX
  8
PIN_TOP
 10
69.986423
 20
60.001531
 40
0.000000
 41
0.000000
 42
0.000000
  0
VERTEX
  8
PIN_TOP
 10
69.986423
 20
61.271531
 40
0.000000
 41
0.000000
 42
0.000000
  0
VERTEX
  8
PIN_TOP
 10
70.773823
 20
61.271531
 40
0.000000
 41
0.000000
 42
0.000000
  0
VERTEX
  8
PIN_TOP
 10
70.773823
 20
60.001531
 40
0.000000
 41
0.000000
 42
0.000000
  0
SEQEND
  0
POLYLINE
  8
PIN_TOP
 66
1
 70
1
 40
0.000000
 41
0.000000
 39
0.000000
  0
VERTEX
  8
PIN_TOP
 10
68.208423
 20
60.001531
 40
0.000000
 41
0.000000
 42
0.000000
  0
VERTEX
  8
PIN_TOP
 10
68.208423
 20
61.271531
 40
0.000000
 41
0.000000
 42
0.000000
  0
VERTEX
  8
PIN_TOP
 10
68.995823
 20
61.271531
 40
0.000000
 41
0.000000
 42
0.000000
  0
VERTEX
  8
PIN_TOP
 10
68.995823
 20
60.001531
 40
0.000000
 41
0.000000
 42
0.000000
  0
SEQEND
  0
POLYLINE
  8
PG_SILKSCREEN_TOP
 66
1
 70
0
 40
0.000000
 41
0.000000
 39
0.000000
  0
VERTEX
  8
PG_SILKSCREEN_TOP
 10
70.938923
 20
59.849131
 40
0.127000
 41
0.127000
 42
0.000000
  0
VERTEX
  8
PG_SILKSCREEN_TOP
 10
69.770523
 20
59.849131
 40
0.127000
 41
0.127000
 42
0.000000
  0
SEQEND
  0
POLYLINE
  8
PG_SILKSCREEN_TOP
 66
1
 70
0
 40
0.000000
 41
0.000000
 39
0.000000
  0
VERTEX
  8
PG_SILKSCREEN_TOP
 10
70.938923
 20
61.449331
 40
0.127000
 41
0.127000
 42
0.000000
  0
VERTEX
  8
PG_SILKSCREEN_TOP
 10
70.938923
 20
59.874531
 40
0.127000
 41
0.127000
 42
0.000000
  0
SEQEND
  0
POLYLINE
  8
PG_SILKSCREEN_TOP
 66
1
 70
0
 40
0.000000
 41
0.000000
 39
0.000000
  0
VERTEX
  8
PG_SILKSCREEN_TOP
 10
69.745123
 20
61.449331
 40
0.127000
 41
0.127000
 42
0.000000
  0
VERTEX
  8
PG_SILKSCREEN_TOP
 10
70.913523
 20
61.449331
 40
0.127000
 41
0.127000
 42
0.000000
  0
SEQEND
  0
POLYLINE
  8
PG_SILKSCREEN_TOP
 66
1
 70
0
 40
0.000000
 41
0.000000
 39
0.000000
  0
VERTEX
  8
PG_SILKSCREEN_TOP
 10
68.043323
 20
59.849131
 40
0.127000
 41
0.127000
 42
0.000000
  0
VERTEX
  8
PG_SILKSCREEN_TOP
 10
69.211723
 20
59.849131
 40
0.127000
 41
0.127000
 42
0.000000
  0
SEQEND
  0
POLYLINE
  8
PG_SILKSCREEN_TOP
 66
1
 70
0
 40
0.000000
 41
0.000000
 39
0.000000
  0
VERTEX
  8
PG_SILKSCREEN_TOP
 10
68.043323
 20
61.385831
 40
0.127000
 41
0.127000
 42
0.000000
  0
VERTEX
  8
PG_SILKSCREEN_TOP
 10
68.043323
 20
59.861831
 40
0.127000
 41
0.127000
 42
0.000000
  0
SEQEND
  0
POLYLINE
  8
PG_SILKSCREEN_TOP
 66
1
 70
0
 40
0.000000
 41
0.000000
 39
0.000000
  0
VERTEX
  8
PG_SILKSCREEN_TOP
 10
69.160923
 20
61.436631
 40
0.127000
 41
0.127000
 42
0.000000
  0
VERTEX
  8
PG_SILKSCREEN_TOP
 10
68.043323
 20
61.436631
 40
0.127000
 41
0.127000
 42
0.000000
  0
SEQEND
  0
POLYLINE
  8
PIN_TOP
 66
1
 70
1
 40
0.000000
 41
0.000000
 39
0.000000
  0
VERTEX
  8
PIN_TOP
 10
6.524193
 20
18.286984
 40
0.000000
 41
0.000000
 42
0.000000
  0
VERTEX
  8
PIN_TOP
 10
7.794193
 20
18.286984
 40
0.000000
 41
0.000000
 42
0.000000
  0
VERTEX
  8
PIN_TOP
 10
7.794193
 20
17.499584
 40
0.000000
 41
0.000000
 42
0.000000
  0
VERTEX
  8
PIN_TOP
 10
6.524193
 20
17.499584
 40
0.000000
 41
0.000000
 42
0.000000
  0
SEQEND
  0
POLYLINE
  8
PIN_TOP
 66
1
 70
1
 40
0.000000
 41
0.000000
 39
0.000000
  0
VERTEX
  8
PIN_TOP
 10
6.524193
 20
20.064984
 40
0.000000
 41
0.000000
 42
0.000000
  0
VERTEX
  8
PIN_TOP
 10
7.794193
 20
20.064984
 40
0.000000
 41
0.000000
 42
0.000000
  0
VERTEX
  8
PIN_TOP
 10
7.794193
 20
19.277584
 40
0.000000
 41
0.000000
 42
0.000000
  0
VERTEX
  8
PIN_TOP
 10
6.524193
 20
19.277584
 40
0.000000
 41
0.000000
 42
0.000000
  0
SEQEND
  0
POLYLINE
  8
PG_SILKSCREEN_TOP
 66
1
 70
0
 40
0.000000
 41
0.000000
 39
0.000000
  0
VERTEX
  8
PG_SILKSCREEN_TOP
 10
6.371793
 20
17.334484
 40
0.127000
 41
0.127000
 42
0.000000
  0
VERTEX
  8
PG_SILKSCREEN_TOP
 10
6.371793
 20
18.502884
 40
0.127000
 41
0.127000
 42
0.000000
  0
SEQEND
  0
POLYLINE
  8
PG_SILKSCREEN_TOP
 66
1
 70
0
 40
0.000000
 41
0.000000
 39
0.000000
  0
VERTEX
  8
PG_SILKSCREEN_TOP
 10
7.971993
 20
17.334484
 40
0.127000
 41
0.127000
 42
0.000000
  0
VERTEX
  8
PG_SILKSCREEN_TOP
 10
6.397193
 20
17.334484
 40
0.127000
 41
0.127000
 42
0.000000
  0
SEQEND
  0
POLYLINE
  8
PG_SILKSCREEN_TOP
 66
1
 70
0
 40
0.000000
 41
0.000000
 39
0.000000
  0
VERTEX
  8
PG_SILKSCREEN_TOP
 10
7.971993
 20
18.528284
 40
0.127000
 41
0.127000
 42
0.000000
  0
VERTEX
  8
PG_SILKSCREEN_TOP
 10
7.971993
 20
17.359884
 40
0.127000
 41
0.127000
 42
0.000000
  0
SEQEND
  0
POLYLINE
  8
PG_SILKSCREEN_TOP
 66
1
 70
0
 40
0.000000
 41
0.000000
 39
0.000000
  0
VERTEX
  8
PG_SILKSCREEN_TOP
 10
6.371793
 20
20.230084
 40
0.127000
 41
0.127000
 42
0.000000
  0
VERTEX
  8
PG_SILKSCREEN_TOP
 10
6.371793
 20
19.061684
 40
0.127000
 41
0.127000
 42
0.000000
  0
SEQEND
  0
POLYLINE
  8
PG_SILKSCREEN_TOP
 66
1
 70
0
 40
0.000000
 41
0.000000
 39
0.000000
  0
VERTEX
  8
PG_SILKSCREEN_TOP
 10
7.908493
 20
20.230084
 40
0.127000
 41
0.127000
 42
0.000000
  0
VERTEX
  8
PG_SILKSCREEN_TOP
 10
6.384493
 20
20.230084
 40
0.127000
 41
0.127000
 42
0.000000
  0
SEQEND
  0
POLYLINE
  8
PG_SILKSCREEN_TOP
 66
1
 70
0
 40
0.000000
 41
0.000000
 39
0.000000
  0
VERTEX
  8
PG_SILKSCREEN_TOP
 10
7.959293
 20
19.112484
 40
0.127000
 41
0.127000
 42
0.000000
  0
VERTEX
  8
PG_SILKSCREEN_TOP
 10
7.959293
 20
20.230084
 40
0.127000
 41
0.127000
 42
0.000000
  0
SEQEND
  0
POLYLINE
  8
PIN_TOP
 66
1
 70
1
 40
0.000000
 41
0.000000
 39
0.000000
  0
VERTEX
  8
PIN_TOP
 10
12.863576
 20
36.401553
 40
0.000000
 41
0.000000
 42
0.000000
  0
VERTEX
  8
PIN_TOP
 10
12.863576
 20
35.131553
 40
0.000000
 41
0.000000
 42
0.000000
  0
VERTEX
  8
PIN_TOP
 10
12.076176
 20
35.131553
 40
0.000000
 41
0.000000
 42
0.000000
  0
VERTEX
  8
PIN_TOP
 10
12.076176
 20
36.401553
 40
0.000000
 41
0.000000
 42
0.000000
  0
SEQEND
  0
POLYLINE
  8
PIN_TOP
 66
1
 70
1
 40
0.000000
 41
0.000000
 39
0.000000
  0
VERTEX
  8
PIN_TOP
 10
14.641576
 20
36.401553
 40
0.000000
 41
0.000000
 42
0.000000
  0
VERTEX
  8
PIN_TOP
 10
14.641576
 20
35.131553
 40
0.000000
 41
0.000000
 42
0.000000
  0
VERTEX
  8
PIN_TOP
 10
13.854176
 20
35.131553
 40
0.000000
 41
0.000000
 42
0.000000
  0
VERTEX
  8
PIN_TOP
 10
13.854176
 20
36.401553
 40
0.000000
 41
0.000000
 42
0.000000
  0
SEQEND
  0
POLYLINE
  8
PG_SILKSCREEN_TOP
 66
1
 70
0
 40
0.000000
 41
0.000000
 39
0.000000
  0
VERTEX
  8
PG_SILKSCREEN_TOP
 10
11.911076
 20
36.553953
 40
0.127000
 41
0.127000
 42
0.000000
  0
VERTEX
  8
PG_SILKSCREEN_TOP
 10
13.079476
 20
36.553953
 40
0.127000
 41
0.127000
 42
0.000000
  0
SEQEND
  0
POLYLINE
  8
PG_SILKSCREEN_TOP
 66
1
 70
0
 40
0.000000
 41
0.000000
 39
0.000000
  0
VERTEX
  8
PG_SILKSCREEN_TOP
 10
11.911076
 20
34.953753
 40
0.127000
 41
0.127000
 42
0.000000
  0
VERTEX
  8
PG_SILKSCREEN_TOP
 10
11.911076
 20
36.528553
 40
0.127000
 41
0.127000
 42
0.000000
  0
SEQEND
  0
POLYLINE
  8
PG_SILKSCREEN_TOP
 66
1
 70
0
 40
0.000000
 41
0.000000
 39
0.000000
  0
VERTEX
  8
PG_SILKSCREEN_TOP
 10
13.104876
 20
34.953753
 40
0.127000
 41
0.127000
 42
0.000000
  0
VERTEX
  8
PG_SILKSCREEN_TOP
 10
11.936476
 20
34.953753
 40
0.127000
 41
0.127000
 42
0.000000
  0
SEQEND
  0
POLYLINE
  8
PG_SILKSCREEN_TOP
 66
1
 70
0
 40
0.000000
 41
0.000000
 39
0.000000
  0
VERTEX
  8
PG_SILKSCREEN_TOP
 10
14.806676
 20
36.553953
 40
0.127000
 41
0.127000
 42
0.000000
  0
VERTEX
  8
PG_SILKSCREEN_TOP
 10
13.638276
 20
36.553953
 40
0.127000
 41
0.127000
 42
0.000000
  0
SEQEND
  0
POLYLINE
  8
PG_SILKSCREEN_TOP
 66
1
 70
0
 40
0.000000
 41
0.000000
 39
0.000000
  0
VERTEX
  8
PG_SILKSCREEN_TOP
 10
14.806676
 20
35.017253
 40
0.127000
 41
0.127000
 42
0.000000
  0
VERTEX
  8
PG_SILKSCREEN_TOP
 10
14.806676
 20
36.541253
 40
0.127000
 41
0.127000
 42
0.000000
  0
SEQEND
  0
POLYLINE
  8
PG_SILKSCREEN_TOP
 66
1
 70
0
 40
0.000000
 41
0.000000
 39
0.000000
  0
VERTEX
  8
PG_SILKSCREEN_TOP
 10
13.689076
 20
34.966453
 40
0.127000
 41
0.127000
 42
0.000000
  0
VERTEX
  8
PG_SILKSCREEN_TOP
 10
14.806676
 20
34.966453
 40
0.127000
 41
0.127000
 42
0.000000
  0
SEQEND
  0
POLYLINE
  8
PIN_TOP
 66
1
 70
1
 40
0.000000
 41
0.000000
 39
0.000000
  0
VERTEX
  8
PIN_TOP
 10
46.795893
 20
66.541650
 40
0.000000
 41
0.000000
 42
0.000000
  0
VERTEX
  8
PIN_TOP
 10
48.065893
 20
66.541650
 40
0.000000
 41
0.000000
 42
0.000000
  0
VERTEX
  8
PIN_TOP
 10
48.065893
 20
65.754250
 40
0.000000
 41
0.000000
 42
0.000000
  0
VERTEX
  8
PIN_TOP
 10
46.795893
 20
65.754250
 40
0.000000
 41
0.000000
 42
0.000000
  0
SEQEND
  0
POLYLINE
  8
PIN_TOP
 66
1
 70
1
 40
0.000000
 41
0.000000
 39
0.000000
  0
VERTEX
  8
PIN_TOP
 10
46.795893
 20
68.319650
 40
0.000000
 41
0.000000
 42
0.000000
  0
VERTEX
  8
PIN_TOP
 10
48.065893
 20
68.319650
 40
0.000000
 41
0.000000
 42
0.000000
  0
VERTEX
  8
PIN_TOP
 10
48.065893
 20
67.532250
 40
0.000000
 41
0.000000
 42
0.000000
  0
VERTEX
  8
PIN_TOP
 10
46.795893
 20
67.532250
 40
0.000000
 41
0.000000
 42
0.000000
  0
SEQEND
  0
POLYLINE
  8
PG_SILKSCREEN_TOP
 66
1
 70
0
 40
0.000000
 41
0.000000
 39
0.000000
  0
VERTEX
  8
PG_SILKSCREEN_TOP
 10
46.643493
 20
65.589150
 40
0.127000
 41
0.127000
 42
0.000000
  0
VERTEX
  8
PG_SILKSCREEN_TOP
 10
46.643493
 20
66.757550
 40
0.127000
 41
0.127000
 42
0.000000
  0
SEQEND
  0
POLYLINE
  8
PG_SILKSCREEN_TOP
 66
1
 70
0
 40
0.000000
 41
0.000000
 39
0.000000
  0
VERTEX
  8
PG_SILKSCREEN_TOP
 10
48.243693
 20
65.589150
 40
0.127000
 41
0.127000
 42
0.000000
  0
VERTEX
  8
PG_SILKSCREEN_TOP
 10
46.668893
 20
65.589150
 40
0.127000
 41
0.127000
 42
0.000000
  0
SEQEND
  0
POLYLINE
  8
PG_SILKSCREEN_TOP
 66
1
 70
0
 40
0.000000
 41
0.000000
 39
0.000000
  0
VERTEX
  8
PG_SILKSCREEN_TOP
 10
48.243693
 20
66.782950
 40
0.127000
 41
0.127000
 42
0.000000
  0
VERTEX
  8
PG_SILKSCREEN_TOP
 10
48.243693
 20
65.614550
 40
0.127000
 41
0.127000
 42
0.000000
  0
SEQEND
  0
POLYLINE
  8
PG_SILKSCREEN_TOP
 66
1
 70
0
 40
0.000000
 41
0.000000
 39
0.000000
  0
VERTEX
  8
PG_SILKSCREEN_TOP
 10
46.643493
 20
68.484750
 40
0.127000
 41
0.127000
 42
0.000000
  0
VERTEX
  8
PG_SILKSCREEN_TOP
 10
46.643493
 20
67.316350
 40
0.127000
 41
0.127000
 42
0.000000
  0
SEQEND
  0
POLYLINE
  8
PG_SILKSCREEN_TOP
 66
1
 70
0
 40
0.000000
 41
0.000000
 39
0.000000
  0
VERTEX
  8
PG_SILKSCREEN_TOP
 10
48.180193
 20
68.484750
 40
0.127000
 41
0.127000
 42
0.000000
  0
VERTEX
  8
PG_SILKSCREEN_TOP
 10
46.656193
 20
68.484750
 40
0.127000
 41
0.127000
 42
0.000000
  0
SEQEND
  0
POLYLINE
  8
PG_SILKSCREEN_TOP
 66
1
 70
0
 40
0.000000
 41
0.000000
 39
0.000000
  0
VERTEX
  8
PG_SILKSCREEN_TOP
 10
48.230993
 20
67.367150
 40
0.127000
 41
0.127000
 42
0.000000
  0
VERTEX
  8
PG_SILKSCREEN_TOP
 10
48.230993
 20
68.484750
 40
0.127000
 41
0.127000
 42
0.000000
  0
SEQEND
  0
POLYLINE
  8
PIN_TOP
 66
1
 70
1
 40
0.000000
 41
0.000000
 39
0.000000
  0
VERTEX
  8
PIN_TOP
 10
41.183611
 20
66.541650
 40
0.000000
 41
0.000000
 42
0.000000
  0
VERTEX
  8
PIN_TOP
 10
42.453611
 20
66.541650
 40
0.000000
 41
0.000000
 42
0.000000
  0
VERTEX
  8
PIN_TOP
 10
42.453611
 20
65.754250
 40
0.000000
 41
0.000000
 42
0.000000
  0
VERTEX
  8
PIN_TOP
 10
41.183611
 20
65.754250
 40
0.000000
 41
0.000000
 42
0.000000
  0
SEQEND
  0
POLYLINE
  8
PIN_TOP
 66
1
 70
1
 40
0.000000
 41
0.000000
 39
0.000000
  0
VERTEX
  8
PIN_TOP
 10
41.183611
 20
68.319650
 40
0.000000
 41
0.000000
 42
0.000000
  0
VERTEX
  8
PIN_TOP
 10
42.453611
 20
68.319650
 40
0.000000
 41
0.000000
 42
0.000000
  0
VERTEX
  8
PIN_TOP
 10
42.453611
 20
67.532250
 40
0.000000
 41
0.000000
 42
0.000000
  0
VERTEX
  8
PIN_TOP
 10
41.183611
 20
67.532250
 40
0.000000
 41
0.000000
 42
0.000000
  0
SEQEND
  0
POLYLINE
  8
PG_SILKSCREEN_TOP
 66
1
 70
0
 40
0.000000
 41
0.000000
 39
0.000000
  0
VERTEX
  8
PG_SILKSCREEN_TOP
 10
41.031211
 20
65.589150
 40
0.127000
 41
0.127000
 42
0.000000
  0
VERTEX
  8
PG_SILKSCREEN_TOP
 10
41.031211
 20
66.757550
 40
0.127000
 41
0.127000
 42
0.000000
  0
SEQEND
  0
POLYLINE
  8
PG_SILKSCREEN_TOP
 66
1
 70
0
 40
0.000000
 41
0.000000
 39
0.000000
  0
VERTEX
  8
PG_SILKSCREEN_TOP
 10
42.631411
 20
65.589150
 40
0.127000
 41
0.127000
 42
0.000000
  0
VERTEX
  8
PG_SILKSCREEN_TOP
 10
41.056611
 20
65.589150
 40
0.127000
 41
0.127000
 42
0.000000
  0
SEQEND
  0
POLYLINE
  8
PG_SILKSCREEN_TOP
 66
1
 70
0
 40
0.000000
 41
0.000000
 39
0.000000
  0
VERTEX
  8
PG_SILKSCREEN_TOP
 10
42.631411
 20
66.782950
 40
0.127000
 41
0.127000
 42
0.000000
  0
VERTEX
  8
PG_SILKSCREEN_TOP
 10
42.631411
 20
65.614550
 40
0.127000
 41
0.127000
 42
0.000000
  0
SEQEND
  0
POLYLINE
  8
PG_SILKSCREEN_TOP
 66
1
 70
0
 40
0.000000
 41
0.000000
 39
0.000000
  0
VERTEX
  8
PG_SILKSCREEN_TOP
 10
41.031211
 20
68.484750
 40
0.127000
 41
0.127000
 42
0.000000
  0
VERTEX
  8
PG_SILKSCREEN_TOP
 10
41.031211
 20
67.316350
 40
0.127000
 41
0.127000
 42
0.000000
  0
SEQEND
  0
POLYLINE
  8
PG_SILKSCREEN_TOP
 66
1
 70
0
 40
0.000000
 41
0.000000
 39
0.000000
  0
VERTEX
  8
PG_SILKSCREEN_TOP
 10
42.567911
 20
68.484750
 40
0.127000
 41
0.127000
 42
0.000000
  0
VERTEX
  8
PG_SILKSCREEN_TOP
 10
41.043911
 20
68.484750
 40
0.127000
 41
0.127000
 42
0.000000
  0
SEQEND
  0
POLYLINE
  8
PG_SILKSCREEN_TOP
 66
1
 70
0
 40
0.000000
 41
0.000000
 39
0.000000
  0
VERTEX
  8
PG_SILKSCREEN_TOP
 10
42.618711
 20
67.367150
 40
0.127000
 41
0.127000
 42
0.000000
  0
VERTEX
  8
PG_SILKSCREEN_TOP
 10
42.618711
 20
68.484750
 40
0.127000
 41
0.127000
 42
0.000000
  0
SEQEND
  0
POLYLINE
  8
PIN_TOP
 66
1
 70
1
 40
0.000000
 41
0.000000
 39
0.000000
  0
VERTEX
  8
PIN_TOP
 10
69.175452
 20
73.657206
 40
0.000000
 41
0.000000
 42
0.000000
  0
VERTEX
  8
PIN_TOP
 10
70.445452
 20
73.657206
 40
0.000000
 41
0.000000
 42
0.000000
  0
VERTEX
  8
PIN_TOP
 10
70.445452
 20
72.869806
 40
0.000000
 41
0.000000
 42
0.000000
  0
VERTEX
  8
PIN_TOP
 10
69.175452
 20
72.869806
 40
0.000000
 41
0.000000
 42
0.000000
  0
SEQEND
  0
POLYLINE
  8
PIN_TOP
 66
1
 70
1
 40
0.000000
 41
0.000000
 39
0.000000
  0
VERTEX
  8
PIN_TOP
 10
69.175452
 20
75.435206
 40
0.000000
 41
0.000000
 42
0.000000
  0
VERTEX
  8
PIN_TOP
 10
70.445452
 20
75.435206
 40
0.000000
 41
0.000000
 42
0.000000
  0
VERTEX
  8
PIN_TOP
 10
70.445452
 20
74.647806
 40
0.000000
 41
0.000000
 42
0.000000
  0
VERTEX
  8
PIN_TOP
 10
69.175452
 20
74.647806
 40
0.000000
 41
0.000000
 42
0.000000
  0
SEQEND
  0
POLYLINE
  8
PG_SILKSCREEN_TOP
 66
1
 70
0
 40
0.000000
 41
0.000000
 39
0.000000
  0
VERTEX
  8
PG_SILKSCREEN_TOP
 10
69.023052
 20
72.704706
 40
0.127000
 41
0.127000
 42
0.000000
  0
VERTEX
  8
PG_SILKSCREEN_TOP
 10
69.023052
 20
73.873106
 40
0.127000
 41
0.127000
 42
0.000000
  0
SEQEND
  0
POLYLINE
  8
PG_SILKSCREEN_TOP
 66
1
 70
0
 40
0.000000
 41
0.000000
 39
0.000000
  0
VERTEX
  8
PG_SILKSCREEN_TOP
 10
70.623252
 20
72.704706
 40
0.127000
 41
0.127000
 42
0.000000
  0
VERTEX
  8
PG_SILKSCREEN_TOP
 10
69.048452
 20
72.704706
 40
0.127000
 41
0.127000
 42
0.000000
  0
SEQEND
  0
POLYLINE
  8
PG_SILKSCREEN_TOP
 66
1
 70
0
 40
0.000000
 41
0.000000
 39
0.000000
  0
VERTEX
  8
PG_SILKSCREEN_TOP
 10
70.623252
 20
73.898506
 40
0.127000
 41
0.127000
 42
0.000000
  0
VERTEX
  8
PG_SILKSCREEN_TOP
 10
70.623252
 20
72.730106
 40
0.127000
 41
0.127000
 42
0.000000
  0
SEQEND
  0
POLYLINE
  8
PG_SILKSCREEN_TOP
 66
1
 70
0
 40
0.000000
 41
0.000000
 39
0.000000
  0
VERTEX
  8
PG_SILKSCREEN_TOP
 10
69.023052
 20
75.600306
 40
0.127000
 41
0.127000
 42
0.000000
  0
VERTEX
  8
PG_SILKSCREEN_TOP
 10
69.023052
 20
74.431906
 40
0.127000
 41
0.127000
 42
0.000000
  0
SEQEND
  0
POLYLINE
  8
PG_SILKSCREEN_TOP
 66
1
 70
0
 40
0.000000
 41
0.000000
 39
0.000000
  0
VERTEX
  8
PG_SILKSCREEN_TOP
 10
70.559752
 20
75.600306
 40
0.127000
 41
0.127000
 42
0.000000
  0
VERTEX
  8
PG_SILKSCREEN_TOP
 10
69.035752
 20
75.600306
 40
0.127000
 41
0.127000
 42
0.000000
  0
SEQEND
  0
POLYLINE
  8
PG_SILKSCREEN_TOP
 66
1
 70
0
 40
0.000000
 41
0.000000
 39
0.000000
  0
VERTEX
  8
PG_SILKSCREEN_TOP
 10
70.610552
 20
74.482706
 40
0.127000
 41
0.127000
 42
0.000000
  0
VERTEX
  8
PG_SILKSCREEN_TOP
 10
70.610552
 20
75.600306
 40
0.127000
 41
0.127000
 42
0.000000
  0
SEQEND
  0
POLYLINE
  8
PIN_TOP
 66
1
 70
1
 40
0.000000
 41
0.000000
 39
0.000000
  0
VERTEX
  8
PIN_TOP
 10
71.985632
 20
39.381963
 40
0.000000
 41
0.000000
 42
0.000000
  0
VERTEX
  8
PIN_TOP
 10
73.255632
 20
39.381963
 40
0.000000
 41
0.000000
 42
0.000000
  0
VERTEX
  8
PIN_TOP
 10
73.255632
 20
38.594563
 40
0.000000
 41
0.000000
 42
0.000000
  0
VERTEX
  8
PIN_TOP
 10
71.985632
 20
38.594563
 40
0.000000
 41
0.000000
 42
0.000000
  0
SEQEND
  0
POLYLINE
  8
PIN_TOP
 66
1
 70
1
 40
0.000000
 41
0.000000
 39
0.000000
  0
VERTEX
  8
PIN_TOP
 10
71.985632
 20
41.159963
 40
0.000000
 41
0.000000
 42
0.000000
  0
VERTEX
  8
PIN_TOP
 10
73.255632
 20
41.159963
 40
0.000000
 41
0.000000
 42
0.000000
  0
VERTEX
  8
PIN_TOP
 10
73.255632
 20
40.372563
 40
0.000000
 41
0.000000
 42
0.000000
  0
VERTEX
  8
PIN_TOP
 10
71.985632
 20
40.372563
 40
0.000000
 41
0.000000
 42
0.000000
  0
SEQEND
  0
POLYLINE
  8
PG_SILKSCREEN_TOP
 66
1
 70
0
 40
0.000000
 41
0.000000
 39
0.000000
  0
VERTEX
  8
PG_SILKSCREEN_TOP
 10
71.833232
 20
38.429463
 40
0.127000
 41
0.127000
 42
0.000000
  0
VERTEX
  8
PG_SILKSCREEN_TOP
 10
71.833232
 20
39.597863
 40
0.127000
 41
0.127000
 42
0.000000
  0
SEQEND
  0
POLYLINE
  8
PG_SILKSCREEN_TOP
 66
1
 70
0
 40
0.000000
 41
0.000000
 39
0.000000
  0
VERTEX
  8
PG_SILKSCREEN_TOP
 10
73.433432
 20
38.429463
 40
0.127000
 41
0.127000
 42
0.000000
  0
VERTEX
  8
PG_SILKSCREEN_TOP
 10
71.858632
 20
38.429463
 40
0.127000
 41
0.127000
 42
0.000000
  0
SEQEND
  0
POLYLINE
  8
PG_SILKSCREEN_TOP
 66
1
 70
0
 40
0.000000
 41
0.000000
 39
0.000000
  0
VERTEX
  8
PG_SILKSCREEN_TOP
 10
73.433432
 20
39.623263
 40
0.127000
 41
0.127000
 42
0.000000
  0
VERTEX
  8
PG_SILKSCREEN_TOP
 10
73.433432
 20
38.454863
 40
0.127000
 41
0.127000
 42
0.000000
  0
SEQEND
  0
POLYLINE
  8
PG_SILKSCREEN_TOP
 66
1
 70
0
 40
0.000000
 41
0.000000
 39
0.000000
  0
VERTEX
  8
PG_SILKSCREEN_TOP
 10
71.833232
 20
41.325063
 40
0.127000
 41
0.127000
 42
0.000000
  0
VERTEX
  8
PG_SILKSCREEN_TOP
 10
71.833232
 20
40.156663
 40
0.127000
 41
0.127000
 42
0.000000
  0
SEQEND
  0
POLYLINE
  8
PG_SILKSCREEN_TOP
 66
1
 70
0
 40
0.000000
 41
0.000000
 39
0.000000
  0
VERTEX
  8
PG_SILKSCREEN_TOP
 10
73.369932
 20
41.325063
 40
0.127000
 41
0.127000
 42
0.000000
  0
VERTEX
  8
PG_SILKSCREEN_TOP
 10
71.845932
 20
41.325063
 40
0.127000
 41
0.127000
 42
0.000000
  0
SEQEND
  0
POLYLINE
  8
PG_SILKSCREEN_TOP
 66
1
 70
0
 40
0.000000
 41
0.000000
 39
0.000000
  0
VERTEX
  8
PG_SILKSCREEN_TOP
 10
73.420732
 20
40.207463
 40
0.127000
 41
0.127000
 42
0.000000
  0
VERTEX
  8
PG_SILKSCREEN_TOP
 10
73.420732
 20
41.325063
 40
0.127000
 41
0.127000
 42
0.000000
  0
SEQEND
  0
POLYLINE
  8
PIN_TOP
 66
1
 70
1
 40
0.000000
 41
0.000000
 39
0.000000
  0
VERTEX
  8
PIN_TOP
 10
73.334372
 20
44.758839
 40
0.000000
 41
0.000000
 42
0.000000
  0
VERTEX
  8
PIN_TOP
 10
72.064372
 20
44.758839
 40
0.000000
 41
0.000000
 42
0.000000
  0
VERTEX
  8
PIN_TOP
 10
72.064372
 20
45.546239
 40
0.000000
 41
0.000000
 42
0.000000
  0
VERTEX
  8
PIN_TOP
 10
73.334372
 20
45.546239
 40
0.000000
 41
0.000000
 42
0.000000
  0
SEQEND
  0
POLYLINE
  8
PIN_TOP
 66
1
 70
1
 40
0.000000
 41
0.000000
 39
0.000000
  0
VERTEX
  8
PIN_TOP
 10
73.334372
 20
42.980839
 40
0.000000
 41
0.000000
 42
0.000000
  0
VERTEX
  8
PIN_TOP
 10
72.064372
 20
42.980839
 40
0.000000
 41
0.000000
 42
0.000000
  0
VERTEX
  8
PIN_TOP
 10
72.064372
 20
43.768239
 40
0.000000
 41
0.000000
 42
0.000000
  0
VERTEX
  8
PIN_TOP
 10
73.334372
 20
43.768239
 40
0.000000
 41
0.000000
 42
0.000000
  0
SEQEND
  0
POLYLINE
  8
PG_SILKSCREEN_TOP
 66
1
 70
0
 40
0.000000
 41
0.000000
 39
0.000000
  0
VERTEX
  8
PG_SILKSCREEN_TOP
 10
73.486772
 20
45.711339
 40
0.127000
 41
0.127000
 42
0.000000
  0
VERTEX
  8
PG_SILKSCREEN_TOP
 10
73.486772
 20
44.542939
 40
0.127000
 41
0.127000
 42
0.000000
  0
SEQEND
  0
POLYLINE
  8
PG_SILKSCREEN_TOP
 66
1
 70
0
 40
0.000000
 41
0.000000
 39
0.000000
  0
VERTEX
  8
PG_SILKSCREEN_TOP
 10
71.886572
 20
45.711339
 40
0.127000
 41
0.127000
 42
0.000000
  0
VERTEX
  8
PG_SILKSCREEN_TOP
 10
73.461372
 20
45.711339
 40
0.127000
 41
0.127000
 42
0.000000
  0
SEQEND
  0
POLYLINE
  8
PG_SILKSCREEN_TOP
 66
1
 70
0
 40
0.000000
 41
0.000000
 39
0.000000
  0
VERTEX
  8
PG_SILKSCREEN_TOP
 10
71.886572
 20
44.517539
 40
0.127000
 41
0.127000
 42
0.000000
  0
VERTEX
  8
PG_SILKSCREEN_TOP
 10
71.886572
 20
45.685939
 40
0.127000
 41
0.127000
 42
0.000000
  0
SEQEND
  0
POLYLINE
  8
PG_SILKSCREEN_TOP
 66
1
 70
0
 40
0.000000
 41
0.000000
 39
0.000000
  0
VERTEX
  8
PG_SILKSCREEN_TOP
 10
73.486772
 20
42.815739
 40
0.127000
 41
0.127000
 42
0.000000
  0
VERTEX
  8
PG_SILKSCREEN_TOP
 10
73.486772
 20
43.984139
 40
0.127000
 41
0.127000
 42
0.000000
  0
SEQEND
  0
POLYLINE
  8
PG_SILKSCREEN_TOP
 66
1
 70
0
 40
0.000000
 41
0.000000
 39
0.000000
  0
VERTEX
  8
PG_SILKSCREEN_TOP
 10
71.950072
 20
42.815739
 40
0.127000
 41
0.127000
 42
0.000000
  0
VERTEX
  8
PG_SILKSCREEN_TOP
 10
73.474072
 20
42.815739
 40
0.127000
 41
0.127000
 42
0.000000
  0
SEQEND
  0
POLYLINE
  8
PG_SILKSCREEN_TOP
 66
1
 70
0
 40
0.000000
 41
0.000000
 39
0.000000
  0
VERTEX
  8
PG_SILKSCREEN_TOP
 10
71.899272
 20
43.933339
 40
0.127000
 41
0.127000
 42
0.000000
  0
VERTEX
  8
PG_SILKSCREEN_TOP
 10
71.899272
 20
42.815739
 40
0.127000
 41
0.127000
 42
0.000000
  0
SEQEND
  0
POLYLINE
  8
PIN_TOP
 66
1
 70
1
 40
0.000000
 41
0.000000
 39
0.000000
  0
VERTEX
  8
PIN_TOP
 10
8.403336
 20
37.897333
 40
0.000000
 41
0.000000
 42
0.000000
  0
VERTEX
  8
PIN_TOP
 10
9.673336
 20
37.897333
 40
0.000000
 41
0.000000
 42
0.000000
  0
VERTEX
  8
PIN_TOP
 10
9.673336
 20
37.109933
 40
0.000000
 41
0.000000
 42
0.000000
  0
VERTEX
  8
PIN_TOP
 10
8.403336
 20
37.109933
 40
0.000000
 41
0.000000
 42
0.000000
  0
SEQEND
  0
POLYLINE
  8
PIN_TOP
 66
1
 70
1
 40
0.000000
 41
0.000000
 39
0.000000
  0
VERTEX
  8
PIN_TOP
 10
8.403336
 20
39.675333
 40
0.000000
 41
0.000000
 42
0.000000
  0
VERTEX
  8
PIN_TOP
 10
9.673336
 20
39.675333
 40
0.000000
 41
0.000000
 42
0.000000
  0
VERTEX
  8
PIN_TOP
 10
9.673336
 20
38.887933
 40
0.000000
 41
0.000000
 42
0.000000
  0
VERTEX
  8
PIN_TOP
 10
8.403336
 20
38.887933
 40
0.000000
 41
0.000000
 42
0.000000
  0
SEQEND
  0
POLYLINE
  8
PG_SILKSCREEN_TOP
 66
1
 70
0
 40
0.000000
 41
0.000000
 39
0.000000
  0
VERTEX
  8
PG_SILKSCREEN_TOP
 10
8.250936
 20
36.944833
 40
0.127000
 41
0.127000
 42
0.000000
  0
VERTEX
  8
PG_SILKSCREEN_TOP
 10
8.250936
 20
38.113233
 40
0.127000
 41
0.127000
 42
0.000000
  0
SEQEND
  0
POLYLINE
  8
PG_SILKSCREEN_TOP
 66
1
 70
0
 40
0.000000
 41
0.000000
 39
0.000000
  0
VERTEX
  8
PG_SILKSCREEN_TOP
 10
9.851136
 20
36.944833
 40
0.127000
 41
0.127000
 42
0.000000
  0
VERTEX
  8
PG_SILKSCREEN_TOP
 10
8.276336
 20
36.944833
 40
0.127000
 41
0.127000
 42
0.000000
  0
SEQEND
  0
POLYLINE
  8
PG_SILKSCREEN_TOP
 66
1
 70
0
 40
0.000000
 41
0.000000
 39
0.000000
  0
VERTEX
  8
PG_SILKSCREEN_TOP
 10
9.851136
 20
38.138633
 40
0.127000
 41
0.127000
 42
0.000000
  0
VERTEX
  8
PG_SILKSCREEN_TOP
 10
9.851136
 20
36.970233
 40
0.127000
 41
0.127000
 42
0.000000
  0
SEQEND
  0
POLYLINE
  8
PG_SILKSCREEN_TOP
 66
1
 70
0
 40
0.000000
 41
0.000000
 39
0.000000
  0
VERTEX
  8
PG_SILKSCREEN_TOP
 10
8.250936
 20
39.840433
 40
0.127000
 41
0.127000
 42
0.000000
  0
VERTEX
  8
PG_SILKSCREEN_TOP
 10
8.250936
 20
38.672033
 40
0.127000
 41
0.127000
 42
0.000000
  0
SEQEND
  0
POLYLINE
  8
PG_SILKSCREEN_TOP
 66
1
 70
0
 40
0.000000
 41
0.000000
 39
0.000000
  0
VERTEX
  8
PG_SILKSCREEN_TOP
 10
9.787636
 20
39.840433
 40
0.127000
 41
0.127000
 42
0.000000
  0
VERTEX
  8
PG_SILKSCREEN_TOP
 10
8.263636
 20
39.840433
 40
0.127000
 41
0.127000
 42
0.000000
  0
SEQEND
  0
POLYLINE
  8
PG_SILKSCREEN_TOP
 66
1
 70
0
 40
0.000000
 41
0.000000
 39
0.000000
  0
VERTEX
  8
PG_SILKSCREEN_TOP
 10
9.838436
 20
38.722833
 40
0.127000
 41
0.127000
 42
0.000000
  0
VERTEX
  8
PG_SILKSCREEN_TOP
 10
9.838436
 20
39.840433
 40
0.127000
 41
0.127000
 42
0.000000
  0
SEQEND
  0
POLYLINE
  8
PIN_TOP
 66
1
 70
1
 40
0.000000
 41
0.000000
 39
0.000000
  0
VERTEX
  8
PIN_TOP
 10
6.558534
 20
37.897333
 40
0.000000
 41
0.000000
 42
0.000000
  0
VERTEX
  8
PIN_TOP
 10
7.828534
 20
37.897333
 40
0.000000
 41
0.000000
 42
0.000000
  0
VERTEX
  8
PIN_TOP
 10
7.828534
 20
37.109933
 40
0.000000
 41
0.000000
 42
0.000000
  0
VERTEX
  8
PIN_TOP
 10
6.558534
 20
37.109933
 40
0.000000
 41
0.000000
 42
0.000000
  0
SEQEND
  0
POLYLINE
  8
PIN_TOP
 66
1
 70
1
 40
0.000000
 41
0.000000
 39
0.000000
  0
VERTEX
  8
PIN_TOP
 10
6.558534
 20
39.675333
 40
0.000000
 41
0.000000
 42
0.000000
  0
VERTEX
  8
PIN_TOP
 10
7.828534
 20
39.675333
 40
0.000000
 41
0.000000
 42
0.000000
  0
VERTEX
  8
PIN_TOP
 10
7.828534
 20
38.887933
 40
0.000000
 41
0.000000
 42
0.000000
  0
VERTEX
  8
PIN_TOP
 10
6.558534
 20
38.887933
 40
0.000000
 41
0.000000
 42
0.000000
  0
SEQEND
  0
POLYLINE
  8
PG_SILKSCREEN_TOP
 66
1
 70
0
 40
0.000000
 41
0.000000
 39
0.000000
  0
VERTEX
  8
PG_SILKSCREEN_TOP
 10
6.406134
 20
36.944833
 40
0.127000
 41
0.127000
 42
0.000000
  0
VERTEX
  8
PG_SILKSCREEN_TOP
 10
6.406134
 20
38.113233
 40
0.127000
 41
0.127000
 42
0.000000
  0
SEQEND
  0
POLYLINE
  8
PG_SILKSCREEN_TOP
 66
1
 70
0
 40
0.000000
 41
0.000000
 39
0.000000
  0
VERTEX
  8
PG_SILKSCREEN_TOP
 10
8.006334
 20
36.944833
 40
0.127000
 41
0.127000
 42
0.000000
  0
VERTEX
  8
PG_SILKSCREEN_TOP
 10
6.431534
 20
36.944833
 40
0.127000
 41
0.127000
 42
0.000000
  0
SEQEND
  0
POLYLINE
  8
PG_SILKSCREEN_TOP
 66
1
 70
0
 40
0.000000
 41
0.000000
 39
0.000000
  0
VERTEX
  8
PG_SILKSCREEN_TOP
 10
8.006334
 20
38.138633
 40
0.127000
 41
0.127000
 42
0.000000
  0
VERTEX
  8
PG_SILKSCREEN_TOP
 10
8.006334
 20
36.970233
 40
0.127000
 41
0.127000
 42
0.000000
  0
SEQEND
  0
POLYLINE
  8
PG_SILKSCREEN_TOP
 66
1
 70
0
 40
0.000000
 41
0.000000
 39
0.000000
  0
VERTEX
  8
PG_SILKSCREEN_TOP
 10
6.406134
 20
39.840433
 40
0.127000
 41
0.127000
 42
0.000000
  0
VERTEX
  8
PG_SILKSCREEN_TOP
 10
6.406134
 20
38.672033
 40
0.127000
 41
0.127000
 42
0.000000
  0
SEQEND
  0
POLYLINE
  8
PG_SILKSCREEN_TOP
 66
1
 70
0
 40
0.000000
 41
0.000000
 39
0.000000
  0
VERTEX
  8
PG_SILKSCREEN_TOP
 10
7.942834
 20
39.840433
 40
0.127000
 41
0.127000
 42
0.000000
  0
VERTEX
  8
PG_SILKSCREEN_TOP
 10
6.418834
 20
39.840433
 40
0.127000
 41
0.127000
 42
0.000000
  0
SEQEND
  0
POLYLINE
  8
PG_SILKSCREEN_TOP
 66
1
 70
0
 40
0.000000
 41
0.000000
 39
0.000000
  0
VERTEX
  8
PG_SILKSCREEN_TOP
 10
7.993634
 20
38.722833
 40
0.127000
 41
0.127000
 42
0.000000
  0
VERTEX
  8
PG_SILKSCREEN_TOP
 10
7.993634
 20
39.840433
 40
0.127000
 41
0.127000
 42
0.000000
  0
SEQEND
  0
POLYLINE
  8
PIN_TOP
 66
1
 70
1
 40
0.000000
 41
0.000000
 39
0.000000
  0
VERTEX
  8
PIN_TOP
 10
10.198811
 20
18.286984
 40
0.000000
 41
0.000000
 42
0.000000
  0
VERTEX
  8
PIN_TOP
 10
11.468811
 20
18.286984
 40
0.000000
 41
0.000000
 42
0.000000
  0
VERTEX
  8
PIN_TOP
 10
11.468811
 20
17.499584
 40
0.000000
 41
0.000000
 42
0.000000
  0
VERTEX
  8
PIN_TOP
 10
10.198811
 20
17.499584
 40
0.000000
 41
0.000000
 42
0.000000
  0
SEQEND
  0
POLYLINE
  8
PIN_TOP
 66
1
 70
1
 40
0.000000
 41
0.000000
 39
0.000000
  0
VERTEX
  8
PIN_TOP
 10
10.198811
 20
20.064984
 40
0.000000
 41
0.000000
 42
0.000000
  0
VERTEX
  8
PIN_TOP
 10
11.468811
 20
20.064984
 40
0.000000
 41
0.000000
 42
0.000000
  0
VERTEX
  8
PIN_TOP
 10
11.468811
 20
19.277584
 40
0.000000
 41
0.000000
 42
0.000000
  0
VERTEX
  8
PIN_TOP
 10
10.198811
 20
19.277584
 40
0.000000
 41
0.000000
 42
0.000000
  0
SEQEND
  0
POLYLINE
  8
PG_SILKSCREEN_TOP
 66
1
 70
0
 40
0.000000
 41
0.000000
 39
0.000000
  0
VERTEX
  8
PG_SILKSCREEN_TOP
 10
10.046411
 20
17.334484
 40
0.127000
 41
0.127000
 42
0.000000
  0
VERTEX
  8
PG_SILKSCREEN_TOP
 10
10.046411
 20
18.502884
 40
0.127000
 41
0.127000
 42
0.000000
  0
SEQEND
  0
POLYLINE
  8
PG_SILKSCREEN_TOP
 66
1
 70
0
 40
0.000000
 41
0.000000
 39
0.000000
  0
VERTEX
  8
PG_SILKSCREEN_TOP
 10
11.646611
 20
17.334484
 40
0.127000
 41
0.127000
 42
0.000000
  0
VERTEX
  8
PG_SILKSCREEN_TOP
 10
10.071811
 20
17.334484
 40
0.127000
 41
0.127000
 42
0.000000
  0
SEQEND
  0
POLYLINE
  8
PG_SILKSCREEN_TOP
 66
1
 70
0
 40
0.000000
 41
0.000000
 39
0.000000
  0
VERTEX
  8
PG_SILKSCREEN_TOP
 10
11.646611
 20
18.528284
 40
0.127000
 41
0.127000
 42
0.000000
  0
VERTEX
  8
PG_SILKSCREEN_TOP
 10
11.646611
 20
17.359884
 40
0.127000
 41
0.127000
 42
0.000000
  0
SEQEND
  0
POLYLINE
  8
PG_SILKSCREEN_TOP
 66
1
 70
0
 40
0.000000
 41
0.000000
 39
0.000000
  0
VERTEX
  8
PG_SILKSCREEN_TOP
 10
10.046411
 20
20.230084
 40
0.127000
 41
0.127000
 42
0.000000
  0
VERTEX
  8
PG_SILKSCREEN_TOP
 10
10.046411
 20
19.061684
 40
0.127000
 41
0.127000
 42
0.000000
  0
SEQEND
  0
POLYLINE
  8
PG_SILKSCREEN_TOP
 66
1
 70
0
 40
0.000000
 41
0.000000
 39
0.000000
  0
VERTEX
  8
PG_SILKSCREEN_TOP
 10
11.583111
 20
20.230084
 40
0.127000
 41
0.127000
 42
0.000000
  0
VERTEX
  8
PG_SILKSCREEN_TOP
 10
10.059111
 20
20.230084
 40
0.127000
 41
0.127000
 42
0.000000
  0
SEQEND
  0
POLYLINE
  8
PG_SILKSCREEN_TOP
 66
1
 70
0
 40
0.000000
 41
0.000000
 39
0.000000
  0
VERTEX
  8
PG_SILKSCREEN_TOP
 10
11.633911
 20
19.112484
 40
0.127000
 41
0.127000
 42
0.000000
  0
VERTEX
  8
PG_SILKSCREEN_TOP
 10
11.633911
 20
20.230084
 40
0.127000
 41
0.127000
 42
0.000000
  0
SEQEND
  0
POLYLINE
  8
PIN_TOP
 66
1
 70
1
 40
0.000000
 41
0.000000
 39
0.000000
  0
VERTEX
  8
PIN_TOP
 10
8.361502
 20
18.286984
 40
0.000000
 41
0.000000
 42
0.000000
  0
VERTEX
  8
PIN_TOP
 10
9.631502
 20
18.286984
 40
0.000000
 41
0.000000
 42
0.000000
  0
VERTEX
  8
PIN_TOP
 10
9.631502
 20
17.499584
 40
0.000000
 41
0.000000
 42
0.000000
  0
VERTEX
  8
PIN_TOP
 10
8.361502
 20
17.499584
 40
0.000000
 41
0.000000
 42
0.000000
  0
SEQEND
  0
POLYLINE
  8
PIN_TOP
 66
1
 70
1
 40
0.000000
 41
0.000000
 39
0.000000
  0
VERTEX
  8
PIN_TOP
 10
8.361502
 20
20.064984
 40
0.000000
 41
0.000000
 42
0.000000
  0
VERTEX
  8
PIN_TOP
 10
9.631502
 20
20.064984
 40
0.000000
 41
0.000000
 42
0.000000
  0
VERTEX
  8
PIN_TOP
 10
9.631502
 20
19.277584
 40
0.000000
 41
0.000000
 42
0.000000
  0
VERTEX
  8
PIN_TOP
 10
8.361502
 20
19.277584
 40
0.000000
 41
0.000000
 42
0.000000
  0
SEQEND
  0
POLYLINE
  8
PG_SILKSCREEN_TOP
 66
1
 70
0
 40
0.000000
 41
0.000000
 39
0.000000
  0
VERTEX
  8
PG_SILKSCREEN_TOP
 10
8.209102
 20
17.334484
 40
0.127000
 41
0.127000
 42
0.000000
  0
VERTEX
  8
PG_SILKSCREEN_TOP
 10
8.209102
 20
18.502884
 40
0.127000
 41
0.127000
 42
0.000000
  0
SEQEND
  0
POLYLINE
  8
PG_SILKSCREEN_TOP
 66
1
 70
0
 40
0.000000
 41
0.000000
 39
0.000000
  0
VERTEX
  8
PG_SILKSCREEN_TOP
 10
9.809302
 20
17.334484
 40
0.127000
 41
0.127000
 42
0.000000
  0
VERTEX
  8
PG_SILKSCREEN_TOP
 10
8.234502
 20
17.334484
 40
0.127000
 41
0.127000
 42
0.000000
  0
SEQEND
  0
POLYLINE
  8
PG_SILKSCREEN_TOP
 66
1
 70
0
 40
0.000000
 41
0.000000
 39
0.000000
  0
VERTEX
  8
PG_SILKSCREEN_TOP
 10
9.809302
 20
18.528284
 40
0.127000
 41
0.127000
 42
0.000000
  0
VERTEX
  8
PG_SILKSCREEN_TOP
 10
9.809302
 20
17.359884
 40
0.127000
 41
0.127000
 42
0.000000
  0
SEQEND
  0
POLYLINE
  8
PG_SILKSCREEN_TOP
 66
1
 70
0
 40
0.000000
 41
0.000000
 39
0.000000
  0
VERTEX
  8
PG_SILKSCREEN_TOP
 10
8.209102
 20
20.230084
 40
0.127000
 41
0.127000
 42
0.000000
  0
VERTEX
  8
PG_SILKSCREEN_TOP
 10
8.209102
 20
19.061684
 40
0.127000
 41
0.127000
 42
0.000000
  0
SEQEND
  0
POLYLINE
  8
PG_SILKSCREEN_TOP
 66
1
 70
0
 40
0.000000
 41
0.000000
 39
0.000000
  0
VERTEX
  8
PG_SILKSCREEN_TOP
 10
9.745802
 20
20.230084
 40
0.127000
 41
0.127000
 42
0.000000
  0
VERTEX
  8
PG_SILKSCREEN_TOP
 10
8.221802
 20
20.230084
 40
0.127000
 41
0.127000
 42
0.000000
  0
SEQEND
  0
POLYLINE
  8
PG_SILKSCREEN_TOP
 66
1
 70
0
 40
0.000000
 41
0.000000
 39
0.000000
  0
VERTEX
  8
PG_SILKSCREEN_TOP
 10
9.796602
 20
19.112484
 40
0.127000
 41
0.127000
 42
0.000000
  0
VERTEX
  8
PG_SILKSCREEN_TOP
 10
9.796602
 20
20.230084
 40
0.127000
 41
0.127000
 42
0.000000
  0
SEQEND
  0
POLYLINE
  8
PIN_TOP
 66
1
 70
1
 40
0.000000
 41
0.000000
 39
0.000000
  0
VERTEX
  8
PIN_TOP
 10
12.863576
 20
33.593202
 40
0.000000
 41
0.000000
 42
0.000000
  0
VERTEX
  8
PIN_TOP
 10
12.863576
 20
32.323202
 40
0.000000
 41
0.000000
 42
0.000000
  0
VERTEX
  8
PIN_TOP
 10
12.076176
 20
32.323202
 40
0.000000
 41
0.000000
 42
0.000000
  0
VERTEX
  8
PIN_TOP
 10
12.076176
 20
33.593202
 40
0.000000
 41
0.000000
 42
0.000000
  0
SEQEND
  0
POLYLINE
  8
PIN_TOP
 66
1
 70
1
 40
0.000000
 41
0.000000
 39
0.000000
  0
VERTEX
  8
PIN_TOP
 10
14.641576
 20
33.593202
 40
0.000000
 41
0.000000
 42
0.000000
  0
VERTEX
  8
PIN_TOP
 10
14.641576
 20
32.323202
 40
0.000000
 41
0.000000
 42
0.000000
  0
VERTEX
  8
PIN_TOP
 10
13.854176
 20
32.323202
 40
0.000000
 41
0.000000
 42
0.000000
  0
VERTEX
  8
PIN_TOP
 10
13.854176
 20
33.593202
 40
0.000000
 41
0.000000
 42
0.000000
  0
SEQEND
  0
POLYLINE
  8
PG_SILKSCREEN_TOP
 66
1
 70
0
 40
0.000000
 41
0.000000
 39
0.000000
  0
VERTEX
  8
PG_SILKSCREEN_TOP
 10
11.911076
 20
33.745602
 40
0.127000
 41
0.127000
 42
0.000000
  0
VERTEX
  8
PG_SILKSCREEN_TOP
 10
13.079476
 20
33.745602
 40
0.127000
 41
0.127000
 42
0.000000
  0
SEQEND
  0
POLYLINE
  8
PG_SILKSCREEN_TOP
 66
1
 70
0
 40
0.000000
 41
0.000000
 39
0.000000
  0
VERTEX
  8
PG_SILKSCREEN_TOP
 10
11.911076
 20
32.145402
 40
0.127000
 41
0.127000
 42
0.000000
  0
VERTEX
  8
PG_SILKSCREEN_TOP
 10
11.911076
 20
33.720202
 40
0.127000
 41
0.127000
 42
0.000000
  0
SEQEND
  0
POLYLINE
  8
PG_SILKSCREEN_TOP
 66
1
 70
0
 40
0.000000
 41
0.000000
 39
0.000000
  0
VERTEX
  8
PG_SILKSCREEN_TOP
 10
13.104876
 20
32.145402
 40
0.127000
 41
0.127000
 42
0.000000
  0
VERTEX
  8
PG_SILKSCREEN_TOP
 10
11.936476
 20
32.145402
 40
0.127000
 41
0.127000
 42
0.000000
  0
SEQEND
  0
POLYLINE
  8
PG_SILKSCREEN_TOP
 66
1
 70
0
 40
0.000000
 41
0.000000
 39
0.000000
  0
VERTEX
  8
PG_SILKSCREEN_TOP
 10
14.806676
 20
33.745602
 40
0.127000
 41
0.127000
 42
0.000000
  0
VERTEX
  8
PG_SILKSCREEN_TOP
 10
13.638276
 20
33.745602
 40
0.127000
 41
0.127000
 42
0.000000
  0
SEQEND
  0
POLYLINE
  8
PG_SILKSCREEN_TOP
 66
1
 70
0
 40
0.000000
 41
0.000000
 39
0.000000
  0
VERTEX
  8
PG_SILKSCREEN_TOP
 10
14.806676
 20
32.208902
 40
0.127000
 41
0.127000
 42
0.000000
  0
VERTEX
  8
PG_SILKSCREEN_TOP
 10
14.806676
 20
33.732902
 40
0.127000
 41
0.127000
 42
0.000000
  0
SEQEND
  0
POLYLINE
  8
PG_SILKSCREEN_TOP
 66
1
 70
0
 40
0.000000
 41
0.000000
 39
0.000000
  0
VERTEX
  8
PG_SILKSCREEN_TOP
 10
13.689076
 20
32.158102
 40
0.127000
 41
0.127000
 42
0.000000
  0
VERTEX
  8
PG_SILKSCREEN_TOP
 10
14.806676
 20
32.158102
 40
0.127000
 41
0.127000
 42
0.000000
  0
SEQEND
  0
POLYLINE
  8
PIN_TOP
 66
1
 70
1
 40
0.000000
 41
0.000000
 39
0.000000
  0
VERTEX
  8
PIN_TOP
 10
16.623157
 20
50.533300
 40
0.000000
 41
0.000000
 42
0.000000
  0
VERTEX
  8
PIN_TOP
 10
15.353157
 20
50.533300
 40
0.000000
 41
0.000000
 42
0.000000
  0
VERTEX
  8
PIN_TOP
 10
15.353157
 20
51.320700
 40
0.000000
 41
0.000000
 42
0.000000
  0
VERTEX
  8
PIN_TOP
 10
16.623157
 20
51.320700
 40
0.000000
 41
0.000000
 42
0.000000
  0
SEQEND
  0
POLYLINE
  8
PIN_TOP
 66
1
 70
1
 40
0.000000
 41
0.000000
 39
0.000000
  0
VERTEX
  8
PIN_TOP
 10
16.623157
 20
48.755300
 40
0.000000
 41
0.000000
 42
0.000000
  0
VERTEX
  8
PIN_TOP
 10
15.353157
 20
48.755300
 40
0.000000
 41
0.000000
 42
0.000000
  0
VERTEX
  8
PIN_TOP
 10
15.353157
 20
49.542700
 40
0.000000
 41
0.000000
 42
0.000000
  0
VERTEX
  8
PIN_TOP
 10
16.623157
 20
49.542700
 40
0.000000
 41
0.000000
 42
0.000000
  0
SEQEND
  0
POLYLINE
  8
PG_SILKSCREEN_TOP
 66
1
 70
0
 40
0.000000
 41
0.000000
 39
0.000000
  0
VERTEX
  8
PG_SILKSCREEN_TOP
 10
16.775557
 20
51.485800
 40
0.127000
 41
0.127000
 42
0.000000
  0
VERTEX
  8
PG_SILKSCREEN_TOP
 10
16.775557
 20
50.317400
 40
0.127000
 41
0.127000
 42
0.000000
  0
SEQEND
  0
POLYLINE
  8
PG_SILKSCREEN_TOP
 66
1
 70
0
 40
0.000000
 41
0.000000
 39
0.000000
  0
VERTEX
  8
PG_SILKSCREEN_TOP
 10
15.175357
 20
51.485800
 40
0.127000
 41
0.127000
 42
0.000000
  0
VERTEX
  8
PG_SILKSCREEN_TOP
 10
16.750157
 20
51.485800
 40
0.127000
 41
0.127000
 42
0.000000
  0
SEQEND
  0
POLYLINE
  8
PG_SILKSCREEN_TOP
 66
1
 70
0
 40
0.000000
 41
0.000000
 39
0.000000
  0
VERTEX
  8
PG_SILKSCREEN_TOP
 10
15.175357
 20
50.292000
 40
0.127000
 41
0.127000
 42
0.000000
  0
VERTEX
  8
PG_SILKSCREEN_TOP
 10
15.175357
 20
51.460400
 40
0.127000
 41
0.127000
 42
0.000000
  0
SEQEND
  0
POLYLINE
  8
PG_SILKSCREEN_TOP
 66
1
 70
0
 40
0.000000
 41
0.000000
 39
0.000000
  0
VERTEX
  8
PG_SILKSCREEN_TOP
 10
16.775557
 20
48.590200
 40
0.127000
 41
0.127000
 42
0.000000
  0
VERTEX
  8
PG_SILKSCREEN_TOP
 10
16.775557
 20
49.758600
 40
0.127000
 41
0.127000
 42
0.000000
  0
SEQEND
  0
POLYLINE
  8
PG_SILKSCREEN_TOP
 66
1
 70
0
 40
0.000000
 41
0.000000
 39
0.000000
  0
VERTEX
  8
PG_SILKSCREEN_TOP
 10
15.238857
 20
48.590200
 40
0.127000
 41
0.127000
 42
0.000000
  0
VERTEX
  8
PG_SILKSCREEN_TOP
 10
16.762857
 20
48.590200
 40
0.127000
 41
0.127000
 42
0.000000
  0
SEQEND
  0
POLYLINE
  8
PG_SILKSCREEN_TOP
 66
1
 70
0
 40
0.000000
 41
0.000000
 39
0.000000
  0
VERTEX
  8
PG_SILKSCREEN_TOP
 10
15.188057
 20
49.707800
 40
0.127000
 41
0.127000
 42
0.000000
  0
VERTEX
  8
PG_SILKSCREEN_TOP
 10
15.188057
 20
48.590200
 40
0.127000
 41
0.127000
 42
0.000000
  0
SEQEND
  0
POLYLINE
  8
PIN_TOP
 66
1
 70
1
 40
0.000000
 41
0.000000
 39
0.000000
  0
VERTEX
  8
PIN_TOP
 10
12.925273
 20
50.533300
 40
0.000000
 41
0.000000
 42
0.000000
  0
VERTEX
  8
PIN_TOP
 10
11.655273
 20
50.533300
 40
0.000000
 41
0.000000
 42
0.000000
  0
VERTEX
  8
PIN_TOP
 10
11.655273
 20
51.320700
 40
0.000000
 41
0.000000
 42
0.000000
  0
VERTEX
  8
PIN_TOP
 10
12.925273
 20
51.320700
 40
0.000000
 41
0.000000
 42
0.000000
  0
SEQEND
  0
POLYLINE
  8
PIN_TOP
 66
1
 70
1
 40
0.000000
 41
0.000000
 39
0.000000
  0
VERTEX
  8
PIN_TOP
 10
12.925273
 20
48.755300
 40
0.000000
 41
0.000000
 42
0.000000
  0
VERTEX
  8
PIN_TOP
 10
11.655273
 20
48.755300
 40
0.000000
 41
0.000000
 42
0.000000
  0
VERTEX
  8
PIN_TOP
 10
11.655273
 20
49.542700
 40
0.000000
 41
0.000000
 42
0.000000
  0
VERTEX
  8
PIN_TOP
 10
12.925273
 20
49.542700
 40
0.000000
 41
0.000000
 42
0.000000
  0
SEQEND
  0
POLYLINE
  8
PG_SILKSCREEN_TOP
 66
1
 70
0
 40
0.000000
 41
0.000000
 39
0.000000
  0
VERTEX
  8
PG_SILKSCREEN_TOP
 10
13.077673
 20
51.485800
 40
0.127000
 41
0.127000
 42
0.000000
  0
VERTEX
  8
PG_SILKSCREEN_TOP
 10
13.077673
 20
50.317400
 40
0.127000
 41
0.127000
 42
0.000000
  0
SEQEND
  0
POLYLINE
  8
PG_SILKSCREEN_TOP
 66
1
 70
0
 40
0.000000
 41
0.000000
 39
0.000000
  0
VERTEX
  8
PG_SILKSCREEN_TOP
 10
11.477473
 20
51.485800
 40
0.127000
 41
0.127000
 42
0.000000
  0
VERTEX
  8
PG_SILKSCREEN_TOP
 10
13.052273
 20
51.485800
 40
0.127000
 41
0.127000
 42
0.000000
  0
SEQEND
  0
POLYLINE
  8
PG_SILKSCREEN_TOP
 66
1
 70
0
 40
0.000000
 41
0.000000
 39
0.000000
  0
VERTEX
  8
PG_SILKSCREEN_TOP
 10
11.477473
 20
50.292000
 40
0.127000
 41
0.127000
 42
0.000000
  0
VERTEX
  8
PG_SILKSCREEN_TOP
 10
11.477473
 20
51.460400
 40
0.127000
 41
0.127000
 42
0.000000
  0
SEQEND
  0
POLYLINE
  8
PG_SILKSCREEN_TOP
 66
1
 70
0
 40
0.000000
 41
0.000000
 39
0.000000
  0
VERTEX
  8
PG_SILKSCREEN_TOP
 10
13.077673
 20
48.590200
 40
0.127000
 41
0.127000
 42
0.000000
  0
VERTEX
  8
PG_SILKSCREEN_TOP
 10
13.077673
 20
49.758600
 40
0.127000
 41
0.127000
 42
0.000000
  0
SEQEND
  0
POLYLINE
  8
PG_SILKSCREEN_TOP
 66
1
 70
0
 40
0.000000
 41
0.000000
 39
0.000000
  0
VERTEX
  8
PG_SILKSCREEN_TOP
 10
11.540973
 20
48.590200
 40
0.127000
 41
0.127000
 42
0.000000
  0
VERTEX
  8
PG_SILKSCREEN_TOP
 10
13.064973
 20
48.590200
 40
0.127000
 41
0.127000
 42
0.000000
  0
SEQEND
  0
POLYLINE
  8
PG_SILKSCREEN_TOP
 66
1
 70
0
 40
0.000000
 41
0.000000
 39
0.000000
  0
VERTEX
  8
PG_SILKSCREEN_TOP
 10
11.490173
 20
49.707800
 40
0.127000
 41
0.127000
 42
0.000000
  0
VERTEX
  8
PG_SILKSCREEN_TOP
 10
11.490173
 20
48.590200
 40
0.127000
 41
0.127000
 42
0.000000
  0
SEQEND
  0
POLYLINE
  8
PIN_TOP
 66
1
 70
1
 40
0.000000
 41
0.000000
 39
0.000000
  0
VERTEX
  8
PIN_TOP
 10
8.341868
 20
50.533300
 40
0.000000
 41
0.000000
 42
0.000000
  0
VERTEX
  8
PIN_TOP
 10
7.071868
 20
50.533300
 40
0.000000
 41
0.000000
 42
0.000000
  0
VERTEX
  8
PIN_TOP
 10
7.071868
 20
51.320700
 40
0.000000
 41
0.000000
 42
0.000000
  0
VERTEX
  8
PIN_TOP
 10
8.341868
 20
51.320700
 40
0.000000
 41
0.000000
 42
0.000000
  0
SEQEND
  0
POLYLINE
  8
PIN_TOP
 66
1
 70
1
 40
0.000000
 41
0.000000
 39
0.000000
  0
VERTEX
  8
PIN_TOP
 10
8.341868
 20
48.755300
 40
0.000000
 41
0.000000
 42
0.000000
  0
VERTEX
  8
PIN_TOP
 10
7.071868
 20
48.755300
 40
0.000000
 41
0.000000
 42
0.000000
  0
VERTEX
  8
PIN_TOP
 10
7.071868
 20
49.542700
 40
0.000000
 41
0.000000
 42
0.000000
  0
VERTEX
  8
PIN_TOP
 10
8.341868
 20
49.542700
 40
0.000000
 41
0.000000
 42
0.000000
  0
SEQEND
  0
POLYLINE
  8
PG_SILKSCREEN_TOP
 66
1
 70
0
 40
0.000000
 41
0.000000
 39
0.000000
  0
VERTEX
  8
PG_SILKSCREEN_TOP
 10
8.494268
 20
51.485800
 40
0.127000
 41
0.127000
 42
0.000000
  0
VERTEX
  8
PG_SILKSCREEN_TOP
 10
8.494268
 20
50.317400
 40
0.127000
 41
0.127000
 42
0.000000
  0
SEQEND
  0
POLYLINE
  8
PG_SILKSCREEN_TOP
 66
1
 70
0
 40
0.000000
 41
0.000000
 39
0.000000
  0
VERTEX
  8
PG_SILKSCREEN_TOP
 10
6.894068
 20
51.485800
 40
0.127000
 41
0.127000
 42
0.000000
  0
VERTEX
  8
PG_SILKSCREEN_TOP
 10
8.468868
 20
51.485800
 40
0.127000
 41
0.127000
 42
0.000000
  0
SEQEND
  0
POLYLINE
  8
PG_SILKSCREEN_TOP
 66
1
 70
0
 40
0.000000
 41
0.000000
 39
0.000000
  0
VERTEX
  8
PG_SILKSCREEN_TOP
 10
6.894068
 20
50.292000
 40
0.127000
 41
0.127000
 42
0.000000
  0
VERTEX
  8
PG_SILKSCREEN_TOP
 10
6.894068
 20
51.460400
 40
0.127000
 41
0.127000
 42
0.000000
  0
SEQEND
  0
POLYLINE
  8
PG_SILKSCREEN_TOP
 66
1
 70
0
 40
0.000000
 41
0.000000
 39
0.000000
  0
VERTEX
  8
PG_SILKSCREEN_TOP
 10
8.494268
 20
48.590200
 40
0.127000
 41
0.127000
 42
0.000000
  0
VERTEX
  8
PG_SILKSCREEN_TOP
 10
8.494268
 20
49.758600
 40
0.127000
 41
0.127000
 42
0.000000
  0
SEQEND
  0
POLYLINE
  8
PG_SILKSCREEN_TOP
 66
1
 70
0
 40
0.000000
 41
0.000000
 39
0.000000
  0
VERTEX
  8
PG_SILKSCREEN_TOP
 10
6.957568
 20
48.590200
 40
0.127000
 41
0.127000
 42
0.000000
  0
VERTEX
  8
PG_SILKSCREEN_TOP
 10
8.481568
 20
48.590200
 40
0.127000
 41
0.127000
 42
0.000000
  0
SEQEND
  0
POLYLINE
  8
PG_SILKSCREEN_TOP
 66
1
 70
0
 40
0.000000
 41
0.000000
 39
0.000000
  0
VERTEX
  8
PG_SILKSCREEN_TOP
 10
6.906768
 20
49.707800
 40
0.127000
 41
0.127000
 42
0.000000
  0
VERTEX
  8
PG_SILKSCREEN_TOP
 10
6.906768
 20
48.590200
 40
0.127000
 41
0.127000
 42
0.000000
  0
SEQEND
  0
POLYLINE
  8
PIN_TOP
 66
1
 70
1
 40
0.000000
 41
0.000000
 39
0.000000
  0
VERTEX
  8
PIN_TOP
 10
69.127751
 20
45.635443
 40
0.000000
 41
0.000000
 42
0.000000
  0
VERTEX
  8
PIN_TOP
 10
70.397751
 20
45.635443
 40
0.000000
 41
0.000000
 42
0.000000
  0
VERTEX
  8
PIN_TOP
 10
70.397751
 20
44.848043
 40
0.000000
 41
0.000000
 42
0.000000
  0
VERTEX
  8
PIN_TOP
 10
69.127751
 20
44.848043
 40
0.000000
 41
0.000000
 42
0.000000
  0
SEQEND
  0
POLYLINE
  8
PIN_TOP
 66
1
 70
1
 40
0.000000
 41
0.000000
 39
0.000000
  0
VERTEX
  8
PIN_TOP
 10
69.127751
 20
47.413443
 40
0.000000
 41
0.000000
 42
0.000000
  0
VERTEX
  8
PIN_TOP
 10
70.397751
 20
47.413443
 40
0.000000
 41
0.000000
 42
0.000000
  0
VERTEX
  8
PIN_TOP
 10
70.397751
 20
46.626043
 40
0.000000
 41
0.000000
 42
0.000000
  0
VERTEX
  8
PIN_TOP
 10
69.127751
 20
46.626043
 40
0.000000
 41
0.000000
 42
0.000000
  0
SEQEND
  0
POLYLINE
  8
PG_SILKSCREEN_TOP
 66
1
 70
0
 40
0.000000
 41
0.000000
 39
0.000000
  0
VERTEX
  8
PG_SILKSCREEN_TOP
 10
68.975351
 20
44.682943
 40
0.127000
 41
0.127000
 42
0.000000
  0
VERTEX
  8
PG_SILKSCREEN_TOP
 10
68.975351
 20
45.851343
 40
0.127000
 41
0.127000
 42
0.000000
  0
SEQEND
  0
POLYLINE
  8
PG_SILKSCREEN_TOP
 66
1
 70
0
 40
0.000000
 41
0.000000
 39
0.000000
  0
VERTEX
  8
PG_SILKSCREEN_TOP
 10
70.575551
 20
44.682943
 40
0.127000
 41
0.127000
 42
0.000000
  0
VERTEX
  8
PG_SILKSCREEN_TOP
 10
69.000751
 20
44.682943
 40
0.127000
 41
0.127000
 42
0.000000
  0
SEQEND
  0
POLYLINE
  8
PG_SILKSCREEN_TOP
 66
1
 70
0
 40
0.000000
 41
0.000000
 39
0.000000
  0
VERTEX
  8
PG_SILKSCREEN_TOP
 10
70.575551
 20
45.876743
 40
0.127000
 41
0.127000
 42
0.000000
  0
VERTEX
  8
PG_SILKSCREEN_TOP
 10
70.575551
 20
44.708343
 40
0.127000
 41
0.127000
 42
0.000000
  0
SEQEND
  0
POLYLINE
  8
PG_SILKSCREEN_TOP
 66
1
 70
0
 40
0.000000
 41
0.000000
 39
0.000000
  0
VERTEX
  8
PG_SILKSCREEN_TOP
 10
68.975351
 20
47.578543
 40
0.127000
 41
0.127000
 42
0.000000
  0
VERTEX
  8
PG_SILKSCREEN_TOP
 10
68.975351
 20
46.410143
 40
0.127000
 41
0.127000
 42
0.000000
  0
SEQEND
  0
POLYLINE
  8
PG_SILKSCREEN_TOP
 66
1
 70
0
 40
0.000000
 41
0.000000
 39
0.000000
  0
VERTEX
  8
PG_SILKSCREEN_TOP
 10
70.512051
 20
47.578543
 40
0.127000
 41
0.127000
 42
0.000000
  0
VERTEX
  8
PG_SILKSCREEN_TOP
 10
68.988051
 20
47.578543
 40
0.127000
 41
0.127000
 42
0.000000
  0
SEQEND
  0
POLYLINE
  8
PG_SILKSCREEN_TOP
 66
1
 70
0
 40
0.000000
 41
0.000000
 39
0.000000
  0
VERTEX
  8
PG_SILKSCREEN_TOP
 10
70.562851
 20
46.460943
 40
0.127000
 41
0.127000
 42
0.000000
  0
VERTEX
  8
PG_SILKSCREEN_TOP
 10
70.562851
 20
47.578543
 40
0.127000
 41
0.127000
 42
0.000000
  0
SEQEND
  0
POLYLINE
  8
PIN_TOP
 66
1
 70
1
 40
0.000000
 41
0.000000
 39
0.000000
  0
VERTEX
  8
PIN_TOP
 10
13.278637
 20
42.971593
 40
0.000000
 41
0.000000
 42
0.000000
  0
VERTEX
  8
PIN_TOP
 10
13.278637
 20
41.701593
 40
0.000000
 41
0.000000
 42
0.000000
  0
VERTEX
  8
PIN_TOP
 10
12.491237
 20
41.701593
 40
0.000000
 41
0.000000
 42
0.000000
  0
VERTEX
  8
PIN_TOP
 10
12.491237
 20
42.971593
 40
0.000000
 41
0.000000
 42
0.000000
  0
SEQEND
  0
POLYLINE
  8
PIN_TOP
 66
1
 70
1
 40
0.000000
 41
0.000000
 39
0.000000
  0
VERTEX
  8
PIN_TOP
 10
15.056637
 20
42.971593
 40
0.000000
 41
0.000000
 42
0.000000
  0
VERTEX
  8
PIN_TOP
 10
15.056637
 20
41.701593
 40
0.000000
 41
0.000000
 42
0.000000
  0
VERTEX
  8
PIN_TOP
 10
14.269237
 20
41.701593
 40
0.000000
 41
0.000000
 42
0.000000
  0
VERTEX
  8
PIN_TOP
 10
14.269237
 20
42.971593
 40
0.000000
 41
0.000000
 42
0.000000
  0
SEQEND
  0
POLYLINE
  8
PG_SILKSCREEN_TOP
 66
1
 70
0
 40
0.000000
 41
0.000000
 39
0.000000
  0
VERTEX
  8
PG_SILKSCREEN_TOP
 10
12.326137
 20
43.123993
 40
0.127000
 41
0.127000
 42
0.000000
  0
VERTEX
  8
PG_SILKSCREEN_TOP
 10
13.494537
 20
43.123993
 40
0.127000
 41
0.127000
 42
0.000000
  0
SEQEND
  0
POLYLINE
  8
PG_SILKSCREEN_TOP
 66
1
 70
0
 40
0.000000
 41
0.000000
 39
0.000000
  0
VERTEX
  8
PG_SILKSCREEN_TOP
 10
12.326137
 20
41.523793
 40
0.127000
 41
0.127000
 42
0.000000
  0
VERTEX
  8
PG_SILKSCREEN_TOP
 10
12.326137
 20
43.098593
 40
0.127000
 41
0.127000
 42
0.000000
  0
SEQEND
  0
POLYLINE
  8
PG_SILKSCREEN_TOP
 66
1
 70
0
 40
0.000000
 41
0.000000
 39
0.000000
  0
VERTEX
  8
PG_SILKSCREEN_TOP
 10
13.519937
 20
41.523793
 40
0.127000
 41
0.127000
 42
0.000000
  0
VERTEX
  8
PG_SILKSCREEN_TOP
 10
12.351537
 20
41.523793
 40
0.127000
 41
0.127000
 42
0.000000
  0
SEQEND
  0
POLYLINE
  8
PG_SILKSCREEN_TOP
 66
1
 70
0
 40
0.000000
 41
0.000000
 39
0.000000
  0
VERTEX
  8
PG_SILKSCREEN_TOP
 10
15.221737
 20
43.123993
 40
0.127000
 41
0.127000
 42
0.000000
  0
VERTEX
  8
PG_SILKSCREEN_TOP
 10
14.053337
 20
43.123993
 40
0.127000
 41
0.127000
 42
0.000000
  0
SEQEND
  0
POLYLINE
  8
PG_SILKSCREEN_TOP
 66
1
 70
0
 40
0.000000
 41
0.000000
 39
0.000000
  0
VERTEX
  8
PG_SILKSCREEN_TOP
 10
15.221737
 20
41.587293
 40
0.127000
 41
0.127000
 42
0.000000
  0
VERTEX
  8
PG_SILKSCREEN_TOP
 10
15.221737
 20
43.111293
 40
0.127000
 41
0.127000
 42
0.000000
  0
SEQEND
  0
POLYLINE
  8
PG_SILKSCREEN_TOP
 66
1
 70
0
 40
0.000000
 41
0.000000
 39
0.000000
  0
VERTEX
  8
PG_SILKSCREEN_TOP
 10
14.104137
 20
41.536493
 40
0.127000
 41
0.127000
 42
0.000000
  0
VERTEX
  8
PG_SILKSCREEN_TOP
 10
15.221737
 20
41.536493
 40
0.127000
 41
0.127000
 42
0.000000
  0
SEQEND
  0
POLYLINE
  8
PIN_TOP
 66
1
 70
1
 40
0.000000
 41
0.000000
 39
0.000000
  0
VERTEX
  8
PIN_TOP
 10
3.143453
 20
12.105894
 40
0.000000
 41
0.000000
 42
0.000000
  0
VERTEX
  8
PIN_TOP
 10
4.413453
 20
12.105894
 40
0.000000
 41
0.000000
 42
0.000000
  0
VERTEX
  8
PIN_TOP
 10
4.413453
 20
11.318494
 40
0.000000
 41
0.000000
 42
0.000000
  0
VERTEX
  8
PIN_TOP
 10
3.143453
 20
11.318494
 40
0.000000
 41
0.000000
 42
0.000000
  0
SEQEND
  0
POLYLINE
  8
PIN_TOP
 66
1
 70
1
 40
0.000000
 41
0.000000
 39
0.000000
  0
VERTEX
  8
PIN_TOP
 10
3.143453
 20
13.883894
 40
0.000000
 41
0.000000
 42
0.000000
  0
VERTEX
  8
PIN_TOP
 10
4.413453
 20
13.883894
 40
0.000000
 41
0.000000
 42
0.000000
  0
VERTEX
  8
PIN_TOP
 10
4.413453
 20
13.096494
 40
0.000000
 41
0.000000
 42
0.000000
  0
VERTEX
  8
PIN_TOP
 10
3.143453
 20
13.096494
 40
0.000000
 41
0.000000
 42
0.000000
  0
SEQEND
  0
POLYLINE
  8
PG_SILKSCREEN_TOP
 66
1
 70
0
 40
0.000000
 41
0.000000
 39
0.000000
  0
VERTEX
  8
PG_SILKSCREEN_TOP
 10
2.991053
 20
11.153394
 40
0.127000
 41
0.127000
 42
0.000000
  0
VERTEX
  8
PG_SILKSCREEN_TOP
 10
2.991053
 20
12.321794
 40
0.127000
 41
0.127000
 42
0.000000
  0
SEQEND
  0
POLYLINE
  8
PG_SILKSCREEN_TOP
 66
1
 70
0
 40
0.000000
 41
0.000000
 39
0.000000
  0
VERTEX
  8
PG_SILKSCREEN_TOP
 10
4.591253
 20
11.153394
 40
0.127000
 41
0.127000
 42
0.000000
  0
VERTEX
  8
PG_SILKSCREEN_TOP
 10
3.016453
 20
11.153394
 40
0.127000
 41
0.127000
 42
0.000000
  0
SEQEND
  0
POLYLINE
  8
PG_SILKSCREEN_TOP
 66
1
 70
0
 40
0.000000
 41
0.000000
 39
0.000000
  0
VERTEX
  8
PG_SILKSCREEN_TOP
 10
4.591253
 20
12.347194
 40
0.127000
 41
0.127000
 42
0.000000
  0
VERTEX
  8
PG_SILKSCREEN_TOP
 10
4.591253
 20
11.178794
 40
0.127000
 41
0.127000
 42
0.000000
  0
SEQEND
  0
POLYLINE
  8
PG_SILKSCREEN_TOP
 66
1
 70
0
 40
0.000000
 41
0.000000
 39
0.000000
  0
VERTEX
  8
PG_SILKSCREEN_TOP
 10
2.991053
 20
14.048994
 40
0.127000
 41
0.127000
 42
0.000000
  0
VERTEX
  8
PG_SILKSCREEN_TOP
 10
2.991053
 20
12.880594
 40
0.127000
 41
0.127000
 42
0.000000
  0
SEQEND
  0
POLYLINE
  8
PG_SILKSCREEN_TOP
 66
1
 70
0
 40
0.000000
 41
0.000000
 39
0.000000
  0
VERTEX
  8
PG_SILKSCREEN_TOP
 10
4.527753
 20
14.048994
 40
0.127000
 41
0.127000
 42
0.000000
  0
VERTEX
  8
PG_SILKSCREEN_TOP
 10
3.003753
 20
14.048994
 40
0.127000
 41
0.127000
 42
0.000000
  0
SEQEND
  0
POLYLINE
  8
PG_SILKSCREEN_TOP
 66
1
 70
0
 40
0.000000
 41
0.000000
 39
0.000000
  0
VERTEX
  8
PG_SILKSCREEN_TOP
 10
4.578553
 20
12.931394
 40
0.127000
 41
0.127000
 42
0.000000
  0
VERTEX
  8
PG_SILKSCREEN_TOP
 10
4.578553
 20
14.048994
 40
0.127000
 41
0.127000
 42
0.000000
  0
SEQEND
  0
POLYLINE
  8
PIN_TOP
 66
1
 70
1
 40
0.000000
 41
0.000000
 39
0.000000
  0
VERTEX
  8
PIN_TOP
 10
1.266393
 20
12.120118
 40
0.000000
 41
0.000000
 42
0.000000
  0
VERTEX
  8
PIN_TOP
 10
2.536393
 20
12.120118
 40
0.000000
 41
0.000000
 42
0.000000
  0
VERTEX
  8
PIN_TOP
 10
2.536393
 20
11.332718
 40
0.000000
 41
0.000000
 42
0.000000
  0
VERTEX
  8
PIN_TOP
 10
1.266393
 20
11.332718
 40
0.000000
 41
0.000000
 42
0.000000
  0
SEQEND
  0
POLYLINE
  8
PIN_TOP
 66
1
 70
1
 40
0.000000
 41
0.000000
 39
0.000000
  0
VERTEX
  8
PIN_TOP
 10
1.266393
 20
13.898118
 40
0.000000
 41
0.000000
 42
0.000000
  0
VERTEX
  8
PIN_TOP
 10
2.536393
 20
13.898118
 40
0.000000
 41
0.000000
 42
0.000000
  0
VERTEX
  8
PIN_TOP
 10
2.536393
 20
13.110718
 40
0.000000
 41
0.000000
 42
0.000000
  0
VERTEX
  8
PIN_TOP
 10
1.266393
 20
13.110718
 40
0.000000
 41
0.000000
 42
0.000000
  0
SEQEND
  0
POLYLINE
  8
PG_SILKSCREEN_TOP
 66
1
 70
0
 40
0.000000
 41
0.000000
 39
0.000000
  0
VERTEX
  8
PG_SILKSCREEN_TOP
 10
1.113993
 20
11.167618
 40
0.127000
 41
0.127000
 42
0.000000
  0
VERTEX
  8
PG_SILKSCREEN_TOP
 10
1.113993
 20
12.336018
 40
0.127000
 41
0.127000
 42
0.000000
  0
SEQEND
  0
POLYLINE
  8
PG_SILKSCREEN_TOP
 66
1
 70
0
 40
0.000000
 41
0.000000
 39
0.000000
  0
VERTEX
  8
PG_SILKSCREEN_TOP
 10
2.714193
 20
11.167618
 40
0.127000
 41
0.127000
 42
0.000000
  0
VERTEX
  8
PG_SILKSCREEN_TOP
 10
1.139393
 20
11.167618
 40
0.127000
 41
0.127000
 42
0.000000
  0
SEQEND
  0
POLYLINE
  8
PG_SILKSCREEN_TOP
 66
1
 70
0
 40
0.000000
 41
0.000000
 39
0.000000
  0
VERTEX
  8
PG_SILKSCREEN_TOP
 10
2.714193
 20
12.361418
 40
0.127000
 41
0.127000
 42
0.000000
  0
VERTEX
  8
PG_SILKSCREEN_TOP
 10
2.714193
 20
11.193018
 40
0.127000
 41
0.127000
 42
0.000000
  0
SEQEND
  0
POLYLINE
  8
PG_SILKSCREEN_TOP
 66
1
 70
0
 40
0.000000
 41
0.000000
 39
0.000000
  0
VERTEX
  8
PG_SILKSCREEN_TOP
 10
1.113993
 20
14.063218
 40
0.127000
 41
0.127000
 42
0.000000
  0
VERTEX
  8
PG_SILKSCREEN_TOP
 10
1.113993
 20
12.894818
 40
0.127000
 41
0.127000
 42
0.000000
  0
SEQEND
  0
POLYLINE
  8
PG_SILKSCREEN_TOP
 66
1
 70
0
 40
0.000000
 41
0.000000
 39
0.000000
  0
VERTEX
  8
PG_SILKSCREEN_TOP
 10
2.650693
 20
14.063218
 40
0.127000
 41
0.127000
 42
0.000000
  0
VERTEX
  8
PG_SILKSCREEN_TOP
 10
1.126693
 20
14.063218
 40
0.127000
 41
0.127000
 42
0.000000
  0
SEQEND
  0
POLYLINE
  8
PG_SILKSCREEN_TOP
 66
1
 70
0
 40
0.000000
 41
0.000000
 39
0.000000
  0
VERTEX
  8
PG_SILKSCREEN_TOP
 10
2.701493
 20
12.945618
 40
0.127000
 41
0.127000
 42
0.000000
  0
VERTEX
  8
PG_SILKSCREEN_TOP
 10
2.701493
 20
14.063218
 40
0.127000
 41
0.127000
 42
0.000000
  0
SEQEND
  0
POLYLINE
  8
PIN_TOP
 66
1
 70
1
 40
0.000000
 41
0.000000
 39
0.000000
  0
VERTEX
  8
PIN_TOP
 10
9.478772
 20
22.774605
 40
0.000000
 41
0.000000
 42
0.000000
  0
VERTEX
  8
PIN_TOP
 10
9.478772
 20
24.044605
 40
0.000000
 41
0.000000
 42
0.000000
  0
VERTEX
  8
PIN_TOP
 10
10.266172
 20
24.044605
 40
0.000000
 41
0.000000
 42
0.000000
  0
VERTEX
  8
PIN_TOP
 10
10.266172
 20
22.774605
 40
0.000000
 41
0.000000
 42
0.000000
  0
SEQEND
  0
POLYLINE
  8
PIN_TOP
 66
1
 70
1
 40
0.000000
 41
0.000000
 39
0.000000
  0
VERTEX
  8
PIN_TOP
 10
7.700772
 20
22.774605
 40
0.000000
 41
0.000000
 42
0.000000
  0
VERTEX
  8
PIN_TOP
 10
7.700772
 20
24.044605
 40
0.000000
 41
0.000000
 42
0.000000
  0
VERTEX
  8
PIN_TOP
 10
8.488172
 20
24.044605
 40
0.000000
 41
0.000000
 42
0.000000
  0
VERTEX
  8
PIN_TOP
 10
8.488172
 20
22.774605
 40
0.000000
 41
0.000000
 42
0.000000
  0
SEQEND
  0
POLYLINE
  8
PG_SILKSCREEN_TOP
 66
1
 70
0
 40
0.000000
 41
0.000000
 39
0.000000
  0
VERTEX
  8
PG_SILKSCREEN_TOP
 10
10.431272
 20
22.622205
 40
0.127000
 41
0.127000
 42
0.000000
  0
VERTEX
  8
PG_SILKSCREEN_TOP
 10
9.262872
 20
22.622205
 40
0.127000
 41
0.127000
 42
0.000000
  0
SEQEND
  0
POLYLINE
  8
PG_SILKSCREEN_TOP
 66
1
 70
0
 40
0.000000
 41
0.000000
 39
0.000000
  0
VERTEX
  8
PG_SILKSCREEN_TOP
 10
10.431272
 20
24.222405
 40
0.127000
 41
0.127000
 42
0.000000
  0
VERTEX
  8
PG_SILKSCREEN_TOP
 10
10.431272
 20
22.647605
 40
0.127000
 41
0.127000
 42
0.000000
  0
SEQEND
  0
POLYLINE
  8
PG_SILKSCREEN_TOP
 66
1
 70
0
 40
0.000000
 41
0.000000
 39
0.000000
  0
VERTEX
  8
PG_SILKSCREEN_TOP
 10
9.237472
 20
24.222405
 40
0.127000
 41
0.127000
 42
0.000000
  0
VERTEX
  8
PG_SILKSCREEN_TOP
 10
10.405872
 20
24.222405
 40
0.127000
 41
0.127000
 42
0.000000
  0
SEQEND
  0
POLYLINE
  8
PG_SILKSCREEN_TOP
 66
1
 70
0
 40
0.000000
 41
0.000000
 39
0.000000
  0
VERTEX
  8
PG_SILKSCREEN_TOP
 10
7.535672
 20
22.622205
 40
0.127000
 41
0.127000
 42
0.000000
  0
VERTEX
  8
PG_SILKSCREEN_TOP
 10
8.704072
 20
22.622205
 40
0.127000
 41
0.127000
 42
0.000000
  0
SEQEND
  0
POLYLINE
  8
PG_SILKSCREEN_TOP
 66
1
 70
0
 40
0.000000
 41
0.000000
 39
0.000000
  0
VERTEX
  8
PG_SILKSCREEN_TOP
 10
7.535672
 20
24.158905
 40
0.127000
 41
0.127000
 42
0.000000
  0
VERTEX
  8
PG_SILKSCREEN_TOP
 10
7.535672
 20
22.634905
 40
0.127000
 41
0.127000
 42
0.000000
  0
SEQEND
  0
POLYLINE
  8
PG_SILKSCREEN_TOP
 66
1
 70
0
 40
0.000000
 41
0.000000
 39
0.000000
  0
VERTEX
  8
PG_SILKSCREEN_TOP
 10
8.653272
 20
24.209705
 40
0.127000
 41
0.127000
 42
0.000000
  0
VERTEX
  8
PG_SILKSCREEN_TOP
 10
7.535672
 20
24.209705
 40
0.127000
 41
0.127000
 42
0.000000
  0
SEQEND
  0
POLYLINE
  8
PIN_TOP
 66
1
 70
1
 40
0.000000
 41
0.000000
 39
0.000000
  0
VERTEX
  8
PIN_TOP
 10
9.464548
 20
20.897545
 40
0.000000
 41
0.000000
 42
0.000000
  0
VERTEX
  8
PIN_TOP
 10
9.464548
 20
22.167545
 40
0.000000
 41
0.000000
 42
0.000000
  0
VERTEX
  8
PIN_TOP
 10
10.251948
 20
22.167545
 40
0.000000
 41
0.000000
 42
0.000000
  0
VERTEX
  8
PIN_TOP
 10
10.251948
 20
20.897545
 40
0.000000
 41
0.000000
 42
0.000000
  0
SEQEND
  0
POLYLINE
  8
PIN_TOP
 66
1
 70
1
 40
0.000000
 41
0.000000
 39
0.000000
  0
VERTEX
  8
PIN_TOP
 10
7.686548
 20
20.897545
 40
0.000000
 41
0.000000
 42
0.000000
  0
VERTEX
  8
PIN_TOP
 10
7.686548
 20
22.167545
 40
0.000000
 41
0.000000
 42
0.000000
  0
VERTEX
  8
PIN_TOP
 10
8.473948
 20
22.167545
 40
0.000000
 41
0.000000
 42
0.000000
  0
VERTEX
  8
PIN_TOP
 10
8.473948
 20
20.897545
 40
0.000000
 41
0.000000
 42
0.000000
  0
SEQEND
  0
POLYLINE
  8
PG_SILKSCREEN_TOP
 66
1
 70
0
 40
0.000000
 41
0.000000
 39
0.000000
  0
VERTEX
  8
PG_SILKSCREEN_TOP
 10
10.417048
 20
20.745145
 40
0.127000
 41
0.127000
 42
0.000000
  0
VERTEX
  8
PG_SILKSCREEN_TOP
 10
9.248648
 20
20.745145
 40
0.127000
 41
0.127000
 42
0.000000
  0
SEQEND
  0
POLYLINE
  8
PG_SILKSCREEN_TOP
 66
1
 70
0
 40
0.000000
 41
0.000000
 39
0.000000
  0
VERTEX
  8
PG_SILKSCREEN_TOP
 10
10.417048
 20
22.345345
 40
0.127000
 41
0.127000
 42
0.000000
  0
VERTEX
  8
PG_SILKSCREEN_TOP
 10
10.417048
 20
20.770545
 40
0.127000
 41
0.127000
 42
0.000000
  0
SEQEND
  0
POLYLINE
  8
PG_SILKSCREEN_TOP
 66
1
 70
0
 40
0.000000
 41
0.000000
 39
0.000000
  0
VERTEX
  8
PG_SILKSCREEN_TOP
 10
9.223248
 20
22.345345
 40
0.127000
 41
0.127000
 42
0.000000
  0
VERTEX
  8
PG_SILKSCREEN_TOP
 10
10.391648
 20
22.345345
 40
0.127000
 41
0.127000
 42
0.000000
  0
SEQEND
  0
POLYLINE
  8
PG_SILKSCREEN_TOP
 66
1
 70
0
 40
0.000000
 41
0.000000
 39
0.000000
  0
VERTEX
  8
PG_SILKSCREEN_TOP
 10
7.521448
 20
20.745145
 40
0.127000
 41
0.127000
 42
0.000000
  0
VERTEX
  8
PG_SILKSCREEN_TOP
 10
8.689848
 20
20.745145
 40
0.127000
 41
0.127000
 42
0.000000
  0
SEQEND
  0
POLYLINE
  8
PG_SILKSCREEN_TOP
 66
1
 70
0
 40
0.000000
 41
0.000000
 39
0.000000
  0
VERTEX
  8
PG_SILKSCREEN_TOP
 10
7.521448
 20
22.281845
 40
0.127000
 41
0.127000
 42
0.000000
  0
VERTEX
  8
PG_SILKSCREEN_TOP
 10
7.521448
 20
20.757845
 40
0.127000
 41
0.127000
 42
0.000000
  0
SEQEND
  0
POLYLINE
  8
PG_SILKSCREEN_TOP
 66
1
 70
0
 40
0.000000
 41
0.000000
 39
0.000000
  0
VERTEX
  8
PG_SILKSCREEN_TOP
 10
8.639048
 20
22.332645
 40
0.127000
 41
0.127000
 42
0.000000
  0
VERTEX
  8
PG_SILKSCREEN_TOP
 10
7.521448
 20
22.332645
 40
0.127000
 41
0.127000
 42
0.000000
  0
SEQEND
  0
POLYLINE
  8
PIN_TOP
 66
1
 70
1
 40
0.000000
 41
0.000000
 39
0.000000
  0
VERTEX
  8
PIN_TOP
 10
13.865758
 20
76.049911
 40
0.000000
 41
0.000000
 42
0.000000
  0
VERTEX
  8
PIN_TOP
 10
12.595758
 20
76.049911
 40
0.000000
 41
0.000000
 42
0.000000
  0
VERTEX
  8
PIN_TOP
 10
12.595758
 20
76.837311
 40
0.000000
 41
0.000000
 42
0.000000
  0
VERTEX
  8
PIN_TOP
 10
13.865758
 20
76.837311
 40
0.000000
 41
0.000000
 42
0.000000
  0
SEQEND
  0
POLYLINE
  8
PIN_TOP
 66
1
 70
1
 40
0.000000
 41
0.000000
 39
0.000000
  0
VERTEX
  8
PIN_TOP
 10
13.865758
 20
74.271911
 40
0.000000
 41
0.000000
 42
0.000000
  0
VERTEX
  8
PIN_TOP
 10
12.595758
 20
74.271911
 40
0.000000
 41
0.000000
 42
0.000000
  0
VERTEX
  8
PIN_TOP
 10
12.595758
 20
75.059311
 40
0.000000
 41
0.000000
 42
0.000000
  0
VERTEX
  8
PIN_TOP
 10
13.865758
 20
75.059311
 40
0.000000
 41
0.000000
 42
0.000000
  0
SEQEND
  0
POLYLINE
  8
PG_SILKSCREEN_TOP
 66
1
 70
0
 40
0.000000
 41
0.000000
 39
0.000000
  0
VERTEX
  8
PG_SILKSCREEN_TOP
 10
14.018158
 20
77.002411
 40
0.127000
 41
0.127000
 42
0.000000
  0
VERTEX
  8
PG_SILKSCREEN_TOP
 10
14.018158
 20
75.834011
 40
0.127000
 41
0.127000
 42
0.000000
  0
SEQEND
  0
POLYLINE
  8
PG_SILKSCREEN_TOP
 66
1
 70
0
 40
0.000000
 41
0.000000
 39
0.000000
  0
VERTEX
  8
PG_SILKSCREEN_TOP
 10
12.417958
 20
77.002411
 40
0.127000
 41
0.127000
 42
0.000000
  0
VERTEX
  8
PG_SILKSCREEN_TOP
 10
13.992758
 20
77.002411
 40
0.127000
 41
0.127000
 42
0.000000
  0
SEQEND
  0
POLYLINE
  8
PG_SILKSCREEN_TOP
 66
1
 70
0
 40
0.000000
 41
0.000000
 39
0.000000
  0
VERTEX
  8
PG_SILKSCREEN_TOP
 10
12.417958
 20
75.808611
 40
0.127000
 41
0.127000
 42
0.000000
  0
VERTEX
  8
PG_SILKSCREEN_TOP
 10
12.417958
 20
76.977011
 40
0.127000
 41
0.127000
 42
0.000000
  0
SEQEND
  0
POLYLINE
  8
PG_SILKSCREEN_TOP
 66
1
 70
0
 40
0.000000
 41
0.000000
 39
0.000000
  0
VERTEX
  8
PG_SILKSCREEN_TOP
 10
14.018158
 20
74.106811
 40
0.127000
 41
0.127000
 42
0.000000
  0
VERTEX
  8
PG_SILKSCREEN_TOP
 10
14.018158
 20
75.275211
 40
0.127000
 41
0.127000
 42
0.000000
  0
SEQEND
  0
POLYLINE
  8
PG_SILKSCREEN_TOP
 66
1
 70
0
 40
0.000000
 41
0.000000
 39
0.000000
  0
VERTEX
  8
PG_SILKSCREEN_TOP
 10
12.481458
 20
74.106811
 40
0.127000
 41
0.127000
 42
0.000000
  0
VERTEX
  8
PG_SILKSCREEN_TOP
 10
14.005458
 20
74.106811
 40
0.127000
 41
0.127000
 42
0.000000
  0
SEQEND
  0
POLYLINE
  8
PG_SILKSCREEN_TOP
 66
1
 70
0
 40
0.000000
 41
0.000000
 39
0.000000
  0
VERTEX
  8
PG_SILKSCREEN_TOP
 10
12.430658
 20
75.224411
 40
0.127000
 41
0.127000
 42
0.000000
  0
VERTEX
  8
PG_SILKSCREEN_TOP
 10
12.430658
 20
74.106811
 40
0.127000
 41
0.127000
 42
0.000000
  0
SEQEND
  0
POLYLINE
  8
PIN_TOP
 66
1
 70
1
 40
0.000000
 41
0.000000
 39
0.000000
  0
VERTEX
  8
PIN_TOP
 10
17.677409
 20
72.596807
 40
0.000000
 41
0.000000
 42
0.000000
  0
VERTEX
  8
PIN_TOP
 10
17.677409
 20
73.866807
 40
0.000000
 41
0.000000
 42
0.000000
  0
VERTEX
  8
PIN_TOP
 10
18.464809
 20
73.866807
 40
0.000000
 41
0.000000
 42
0.000000
  0
VERTEX
  8
PIN_TOP
 10
18.464809
 20
72.596807
 40
0.000000
 41
0.000000
 42
0.000000
  0
SEQEND
  0
POLYLINE
  8
PIN_TOP
 66
1
 70
1
 40
0.000000
 41
0.000000
 39
0.000000
  0
VERTEX
  8
PIN_TOP
 10
15.899409
 20
72.596807
 40
0.000000
 41
0.000000
 42
0.000000
  0
VERTEX
  8
PIN_TOP
 10
15.899409
 20
73.866807
 40
0.000000
 41
0.000000
 42
0.000000
  0
VERTEX
  8
PIN_TOP
 10
16.686809
 20
73.866807
 40
0.000000
 41
0.000000
 42
0.000000
  0
VERTEX
  8
PIN_TOP
 10
16.686809
 20
72.596807
 40
0.000000
 41
0.000000
 42
0.000000
  0
SEQEND
  0
POLYLINE
  8
PG_SILKSCREEN_TOP
 66
1
 70
0
 40
0.000000
 41
0.000000
 39
0.000000
  0
VERTEX
  8
PG_SILKSCREEN_TOP
 10
18.629909
 20
72.444407
 40
0.127000
 41
0.127000
 42
0.000000
  0
VERTEX
  8
PG_SILKSCREEN_TOP
 10
17.461509
 20
72.444407
 40
0.127000
 41
0.127000
 42
0.000000
  0
SEQEND
  0
POLYLINE
  8
PG_SILKSCREEN_TOP
 66
1
 70
0
 40
0.000000
 41
0.000000
 39
0.000000
  0
VERTEX
  8
PG_SILKSCREEN_TOP
 10
18.629909
 20
74.044607
 40
0.127000
 41
0.127000
 42
0.000000
  0
VERTEX
  8
PG_SILKSCREEN_TOP
 10
18.629909
 20
72.469807
 40
0.127000
 41
0.127000
 42
0.000000
  0
SEQEND
  0
POLYLINE
  8
PG_SILKSCREEN_TOP
 66
1
 70
0
 40
0.000000
 41
0.000000
 39
0.000000
  0
VERTEX
  8
PG_SILKSCREEN_TOP
 10
17.436109
 20
74.044607
 40
0.127000
 41
0.127000
 42
0.000000
  0
VERTEX
  8
PG_SILKSCREEN_TOP
 10
18.604509
 20
74.044607
 40
0.127000
 41
0.127000
 42
0.000000
  0
SEQEND
  0
POLYLINE
  8
PG_SILKSCREEN_TOP
 66
1
 70
0
 40
0.000000
 41
0.000000
 39
0.000000
  0
VERTEX
  8
PG_SILKSCREEN_TOP
 10
15.734309
 20
72.444407
 40
0.127000
 41
0.127000
 42
0.000000
  0
VERTEX
  8
PG_SILKSCREEN_TOP
 10
16.902709
 20
72.444407
 40
0.127000
 41
0.127000
 42
0.000000
  0
SEQEND
  0
POLYLINE
  8
PG_SILKSCREEN_TOP
 66
1
 70
0
 40
0.000000
 41
0.000000
 39
0.000000
  0
VERTEX
  8
PG_SILKSCREEN_TOP
 10
15.734309
 20
73.981107
 40
0.127000
 41
0.127000
 42
0.000000
  0
VERTEX
  8
PG_SILKSCREEN_TOP
 10
15.734309
 20
72.457107
 40
0.127000
 41
0.127000
 42
0.000000
  0
SEQEND
  0
POLYLINE
  8
PG_SILKSCREEN_TOP
 66
1
 70
0
 40
0.000000
 41
0.000000
 39
0.000000
  0
VERTEX
  8
PG_SILKSCREEN_TOP
 10
16.851909
 20
74.031907
 40
0.127000
 41
0.127000
 42
0.000000
  0
VERTEX
  8
PG_SILKSCREEN_TOP
 10
15.734309
 20
74.031907
 40
0.127000
 41
0.127000
 42
0.000000
  0
SEQEND
  0
POLYLINE
  8
PIN_TOP
 66
1
 70
1
 40
0.000000
 41
0.000000
 39
0.000000
  0
VERTEX
  8
PIN_TOP
 10
77.226719
 20
62.052225
 40
0.000000
 41
0.000000
 42
0.000000
  0
VERTEX
  8
PIN_TOP
 10
75.956719
 20
62.052225
 40
0.000000
 41
0.000000
 42
0.000000
  0
VERTEX
  8
PIN_TOP
 10
75.956719
 20
62.839625
 40
0.000000
 41
0.000000
 42
0.000000
  0
VERTEX
  8
PIN_TOP
 10
77.226719
 20
62.839625
 40
0.000000
 41
0.000000
 42
0.000000
  0
SEQEND
  0
POLYLINE
  8
PIN_TOP
 66
1
 70
1
 40
0.000000
 41
0.000000
 39
0.000000
  0
VERTEX
  8
PIN_TOP
 10
77.226719
 20
60.274225
 40
0.000000
 41
0.000000
 42
0.000000
  0
VERTEX
  8
PIN_TOP
 10
75.956719
 20
60.274225
 40
0.000000
 41
0.000000
 42
0.000000
  0
VERTEX
  8
PIN_TOP
 10
75.956719
 20
61.061625
 40
0.000000
 41
0.000000
 42
0.000000
  0
VERTEX
  8
PIN_TOP
 10
77.226719
 20
61.061625
 40
0.000000
 41
0.000000
 42
0.000000
  0
SEQEND
  0
POLYLINE
  8
PG_SILKSCREEN_TOP
 66
1
 70
0
 40
0.000000
 41
0.000000
 39
0.000000
  0
VERTEX
  8
PG_SILKSCREEN_TOP
 10
77.379119
 20
63.004725
 40
0.127000
 41
0.127000
 42
0.000000
  0
VERTEX
  8
PG_SILKSCREEN_TOP
 10
77.379119
 20
61.836325
 40
0.127000
 41
0.127000
 42
0.000000
  0
SEQEND
  0
POLYLINE
  8
PG_SILKSCREEN_TOP
 66
1
 70
0
 40
0.000000
 41
0.000000
 39
0.000000
  0
VERTEX
  8
PG_SILKSCREEN_TOP
 10
75.778919
 20
63.004725
 40
0.127000
 41
0.127000
 42
0.000000
  0
VERTEX
  8
PG_SILKSCREEN_TOP
 10
77.353719
 20
63.004725
 40
0.127000
 41
0.127000
 42
0.000000
  0
SEQEND
  0
POLYLINE
  8
PG_SILKSCREEN_TOP
 66
1
 70
0
 40
0.000000
 41
0.000000
 39
0.000000
  0
VERTEX
  8
PG_SILKSCREEN_TOP
 10
75.778919
 20
61.810925
 40
0.127000
 41
0.127000
 42
0.000000
  0
VERTEX
  8
PG_SILKSCREEN_TOP
 10
75.778919
 20
62.979325
 40
0.127000
 41
0.127000
 42
0.000000
  0
SEQEND
  0
POLYLINE
  8
PG_SILKSCREEN_TOP
 66
1
 70
0
 40
0.000000
 41
0.000000
 39
0.000000
  0
VERTEX
  8
PG_SILKSCREEN_TOP
 10
77.379119
 20
60.109125
 40
0.127000
 41
0.127000
 42
0.000000
  0
VERTEX
  8
PG_SILKSCREEN_TOP
 10
77.379119
 20
61.277525
 40
0.127000
 41
0.127000
 42
0.000000
  0
SEQEND
  0
POLYLINE
  8
PG_SILKSCREEN_TOP
 66
1
 70
0
 40
0.000000
 41
0.000000
 39
0.000000
  0
VERTEX
  8
PG_SILKSCREEN_TOP
 10
75.842419
 20
60.109125
 40
0.127000
 41
0.127000
 42
0.000000
  0
VERTEX
  8
PG_SILKSCREEN_TOP
 10
77.366419
 20
60.109125
 40
0.127000
 41
0.127000
 42
0.000000
  0
SEQEND
  0
POLYLINE
  8
PG_SILKSCREEN_TOP
 66
1
 70
0
 40
0.000000
 41
0.000000
 39
0.000000
  0
VERTEX
  8
PG_SILKSCREEN_TOP
 10
75.791619
 20
61.226725
 40
0.127000
 41
0.127000
 42
0.000000
  0
VERTEX
  8
PG_SILKSCREEN_TOP
 10
75.791619
 20
60.109125
 40
0.127000
 41
0.127000
 42
0.000000
  0
SEQEND
  0
POLYLINE
  8
PIN_TOP
 66
1
 70
1
 40
0.000000
 41
0.000000
 39
0.000000
  0
VERTEX
  8
PIN_TOP
 10
12.022430
 20
76.049911
 40
0.000000
 41
0.000000
 42
0.000000
  0
VERTEX
  8
PIN_TOP
 10
10.752430
 20
76.049911
 40
0.000000
 41
0.000000
 42
0.000000
  0
VERTEX
  8
PIN_TOP
 10
10.752430
 20
76.837311
 40
0.000000
 41
0.000000
 42
0.000000
  0
VERTEX
  8
PIN_TOP
 10
12.022430
 20
76.837311
 40
0.000000
 41
0.000000
 42
0.000000
  0
SEQEND
  0
POLYLINE
  8
PIN_TOP
 66
1
 70
1
 40
0.000000
 41
0.000000
 39
0.000000
  0
VERTEX
  8
PIN_TOP
 10
12.022430
 20
74.271911
 40
0.000000
 41
0.000000
 42
0.000000
  0
VERTEX
  8
PIN_TOP
 10
10.752430
 20
74.271911
 40
0.000000
 41
0.000000
 42
0.000000
  0
VERTEX
  8
PIN_TOP
 10
10.752430
 20
75.059311
 40
0.000000
 41
0.000000
 42
0.000000
  0
VERTEX
  8
PIN_TOP
 10
12.022430
 20
75.059311
 40
0.000000
 41
0.000000
 42
0.000000
  0
SEQEND
  0
POLYLINE
  8
PG_SILKSCREEN_TOP
 66
1
 70
0
 40
0.000000
 41
0.000000
 39
0.000000
  0
VERTEX
  8
PG_SILKSCREEN_TOP
 10
12.174830
 20
77.002411
 40
0.127000
 41
0.127000
 42
0.000000
  0
VERTEX
  8
PG_SILKSCREEN_TOP
 10
12.174830
 20
75.834011
 40
0.127000
 41
0.127000
 42
0.000000
  0
SEQEND
  0
POLYLINE
  8
PG_SILKSCREEN_TOP
 66
1
 70
0
 40
0.000000
 41
0.000000
 39
0.000000
  0
VERTEX
  8
PG_SILKSCREEN_TOP
 10
10.574630
 20
77.002411
 40
0.127000
 41
0.127000
 42
0.000000
  0
VERTEX
  8
PG_SILKSCREEN_TOP
 10
12.149430
 20
77.002411
 40
0.127000
 41
0.127000
 42
0.000000
  0
SEQEND
  0
POLYLINE
  8
PG_SILKSCREEN_TOP
 66
1
 70
0
 40
0.000000
 41
0.000000
 39
0.000000
  0
VERTEX
  8
PG_SILKSCREEN_TOP
 10
10.574630
 20
75.808611
 40
0.127000
 41
0.127000
 42
0.000000
  0
VERTEX
  8
PG_SILKSCREEN_TOP
 10
10.574630
 20
76.977011
 40
0.127000
 41
0.127000
 42
0.000000
  0
SEQEND
  0
POLYLINE
  8
PG_SILKSCREEN_TOP
 66
1
 70
0
 40
0.000000
 41
0.000000
 39
0.000000
  0
VERTEX
  8
PG_SILKSCREEN_TOP
 10
12.174830
 20
74.106811
 40
0.127000
 41
0.127000
 42
0.000000
  0
VERTEX
  8
PG_SILKSCREEN_TOP
 10
12.174830
 20
75.275211
 40
0.127000
 41
0.127000
 42
0.000000
  0
SEQEND
  0
POLYLINE
  8
PG_SILKSCREEN_TOP
 66
1
 70
0
 40
0.000000
 41
0.000000
 39
0.000000
  0
VERTEX
  8
PG_SILKSCREEN_TOP
 10
10.638130
 20
74.106811
 40
0.127000
 41
0.127000
 42
0.000000
  0
VERTEX
  8
PG_SILKSCREEN_TOP
 10
12.162130
 20
74.106811
 40
0.127000
 41
0.127000
 42
0.000000
  0
SEQEND
  0
POLYLINE
  8
PG_SILKSCREEN_TOP
 66
1
 70
0
 40
0.000000
 41
0.000000
 39
0.000000
  0
VERTEX
  8
PG_SILKSCREEN_TOP
 10
10.587330
 20
75.224411
 40
0.127000
 41
0.127000
 42
0.000000
  0
VERTEX
  8
PG_SILKSCREEN_TOP
 10
10.587330
 20
74.106811
 40
0.127000
 41
0.127000
 42
0.000000
  0
SEQEND
  0
POLYLINE
  8
PIN_TOP
 66
1
 70
1
 40
0.000000
 41
0.000000
 39
0.000000
  0
VERTEX
  8
PIN_TOP
 10
3.065501
 20
72.764701
 40
0.000000
 41
0.000000
 42
0.000000
  0
VERTEX
  8
PIN_TOP
 10
3.065501
 20
71.494701
 40
0.000000
 41
0.000000
 42
0.000000
  0
VERTEX
  8
PIN_TOP
 10
2.278101
 20
71.494701
 40
0.000000
 41
0.000000
 42
0.000000
  0
VERTEX
  8
PIN_TOP
 10
2.278101
 20
72.764701
 40
0.000000
 41
0.000000
 42
0.000000
  0
SEQEND
  0
POLYLINE
  8
PIN_TOP
 66
1
 70
1
 40
0.000000
 41
0.000000
 39
0.000000
  0
VERTEX
  8
PIN_TOP
 10
4.843501
 20
72.764701
 40
0.000000
 41
0.000000
 42
0.000000
  0
VERTEX
  8
PIN_TOP
 10
4.843501
 20
71.494701
 40
0.000000
 41
0.000000
 42
0.000000
  0
VERTEX
  8
PIN_TOP
 10
4.056101
 20
71.494701
 40
0.000000
 41
0.000000
 42
0.000000
  0
VERTEX
  8
PIN_TOP
 10
4.056101
 20
72.764701
 40
0.000000
 41
0.000000
 42
0.000000
  0
SEQEND
  0
POLYLINE
  8
PG_SILKSCREEN_TOP
 66
1
 70
0
 40
0.000000
 41
0.000000
 39
0.000000
  0
VERTEX
  8
PG_SILKSCREEN_TOP
 10
2.113001
 20
72.917101
 40
0.127000
 41
0.127000
 42
0.000000
  0
VERTEX
  8
PG_SILKSCREEN_TOP
 10
3.281401
 20
72.917101
 40
0.127000
 41
0.127000
 42
0.000000
  0
SEQEND
  0
POLYLINE
  8
PG_SILKSCREEN_TOP
 66
1
 70
0
 40
0.000000
 41
0.000000
 39
0.000000
  0
VERTEX
  8
PG_SILKSCREEN_TOP
 10
2.113001
 20
71.316901
 40
0.127000
 41
0.127000
 42
0.000000
  0
VERTEX
  8
PG_SILKSCREEN_TOP
 10
2.113001
 20
72.891701
 40
0.127000
 41
0.127000
 42
0.000000
  0
SEQEND
  0
POLYLINE
  8
PG_SILKSCREEN_TOP
 66
1
 70
0
 40
0.000000
 41
0.000000
 39
0.000000
  0
VERTEX
  8
PG_SILKSCREEN_TOP
 10
3.306801
 20
71.316901
 40
0.127000
 41
0.127000
 42
0.000000
  0
VERTEX
  8
PG_SILKSCREEN_TOP
 10
2.138401
 20
71.316901
 40
0.127000
 41
0.127000
 42
0.000000
  0
SEQEND
  0
POLYLINE
  8
PG_SILKSCREEN_TOP
 66
1
 70
0
 40
0.000000
 41
0.000000
 39
0.000000
  0
VERTEX
  8
PG_SILKSCREEN_TOP
 10
5.008601
 20
72.917101
 40
0.127000
 41
0.127000
 42
0.000000
  0
VERTEX
  8
PG_SILKSCREEN_TOP
 10
3.840201
 20
72.917101
 40
0.127000
 41
0.127000
 42
0.000000
  0
SEQEND
  0
POLYLINE
  8
PG_SILKSCREEN_TOP
 66
1
 70
0
 40
0.000000
 41
0.000000
 39
0.000000
  0
VERTEX
  8
PG_SILKSCREEN_TOP
 10
5.008601
 20
71.380401
 40
0.127000
 41
0.127000
 42
0.000000
  0
VERTEX
  8
PG_SILKSCREEN_TOP
 10
5.008601
 20
72.904401
 40
0.127000
 41
0.127000
 42
0.000000
  0
SEQEND
  0
POLYLINE
  8
PG_SILKSCREEN_TOP
 66
1
 70
0
 40
0.000000
 41
0.000000
 39
0.000000
  0
VERTEX
  8
PG_SILKSCREEN_TOP
 10
3.891001
 20
71.329601
 40
0.127000
 41
0.127000
 42
0.000000
  0
VERTEX
  8
PG_SILKSCREEN_TOP
 10
5.008601
 20
71.329601
 40
0.127000
 41
0.127000
 42
0.000000
  0
SEQEND
  0
POLYLINE
  8
PIN_TOP
 66
1
 70
1
 40
0.000000
 41
0.000000
 39
0.000000
  0
VERTEX
  8
PIN_TOP
 10
13.323291
 20
7.545883
 40
0.000000
 41
0.000000
 42
0.000000
  0
VERTEX
  8
PIN_TOP
 10
13.323291
 20
6.275883
 40
0.000000
 41
0.000000
 42
0.000000
  0
VERTEX
  8
PIN_TOP
 10
12.535891
 20
6.275883
 40
0.000000
 41
0.000000
 42
0.000000
  0
VERTEX
  8
PIN_TOP
 10
12.535891
 20
7.545883
 40
0.000000
 41
0.000000
 42
0.000000
  0
SEQEND
  0
POLYLINE
  8
PIN_TOP
 66
1
 70
1
 40
0.000000
 41
0.000000
 39
0.000000
  0
VERTEX
  8
PIN_TOP
 10
15.101291
 20
7.545883
 40
0.000000
 41
0.000000
 42
0.000000
  0
VERTEX
  8
PIN_TOP
 10
15.101291
 20
6.275883
 40
0.000000
 41
0.000000
 42
0.000000
  0
VERTEX
  8
PIN_TOP
 10
14.313891
 20
6.275883
 40
0.000000
 41
0.000000
 42
0.000000
  0
VERTEX
  8
PIN_TOP
 10
14.313891
 20
7.545883
 40
0.000000
 41
0.000000
 42
0.000000
  0
SEQEND
  0
POLYLINE
  8
PG_SILKSCREEN_TOP
 66
1
 70
0
 40
0.000000
 41
0.000000
 39
0.000000
  0
VERTEX
  8
PG_SILKSCREEN_TOP
 10
12.370791
 20
7.698283
 40
0.127000
 41
0.127000
 42
0.000000
  0
VERTEX
  8
PG_SILKSCREEN_TOP
 10
13.539191
 20
7.698283
 40
0.127000
 41
0.127000
 42
0.000000
  0
SEQEND
  0
POLYLINE
  8
PG_SILKSCREEN_TOP
 66
1
 70
0
 40
0.000000
 41
0.000000
 39
0.000000
  0
VERTEX
  8
PG_SILKSCREEN_TOP
 10
12.370791
 20
6.098083
 40
0.127000
 41
0.127000
 42
0.000000
  0
VERTEX
  8
PG_SILKSCREEN_TOP
 10
12.370791
 20
7.672883
 40
0.127000
 41
0.127000
 42
0.000000
  0
SEQEND
  0
POLYLINE
  8
PG_SILKSCREEN_TOP
 66
1
 70
0
 40
0.000000
 41
0.000000
 39
0.000000
  0
VERTEX
  8
PG_SILKSCREEN_TOP
 10
13.564591
 20
6.098083
 40
0.127000
 41
0.127000
 42
0.000000
  0
VERTEX
  8
PG_SILKSCREEN_TOP
 10
12.396191
 20
6.098083
 40
0.127000
 41
0.127000
 42
0.000000
  0
SEQEND
  0
POLYLINE
  8
PG_SILKSCREEN_TOP
 66
1
 70
0
 40
0.000000
 41
0.000000
 39
0.000000
  0
VERTEX
  8
PG_SILKSCREEN_TOP
 10
15.266391
 20
7.698283
 40
0.127000
 41
0.127000
 42
0.000000
  0
VERTEX
  8
PG_SILKSCREEN_TOP
 10
14.097991
 20
7.698283
 40
0.127000
 41
0.127000
 42
0.000000
  0
SEQEND
  0
POLYLINE
  8
PG_SILKSCREEN_TOP
 66
1
 70
0
 40
0.000000
 41
0.000000
 39
0.000000
  0
VERTEX
  8
PG_SILKSCREEN_TOP
 10
15.266391
 20
6.161583
 40
0.127000
 41
0.127000
 42
0.000000
  0
VERTEX
  8
PG_SILKSCREEN_TOP
 10
15.266391
 20
7.685583
 40
0.127000
 41
0.127000
 42
0.000000
  0
SEQEND
  0
POLYLINE
  8
PG_SILKSCREEN_TOP
 66
1
 70
0
 40
0.000000
 41
0.000000
 39
0.000000
  0
VERTEX
  8
PG_SILKSCREEN_TOP
 10
14.148791
 20
6.110783
 40
0.127000
 41
0.127000
 42
0.000000
  0
VERTEX
  8
PG_SILKSCREEN_TOP
 10
15.266391
 20
6.110783
 40
0.127000
 41
0.127000
 42
0.000000
  0
SEQEND
  0
POLYLINE
  8
PIN_TOP
 66
1
 70
1
 40
0.000000
 41
0.000000
 39
0.000000
  0
VERTEX
  8
PIN_TOP
 10
44.925132
 20
66.541650
 40
0.000000
 41
0.000000
 42
0.000000
  0
VERTEX
  8
PIN_TOP
 10
46.195132
 20
66.541650
 40
0.000000
 41
0.000000
 42
0.000000
  0
VERTEX
  8
PIN_TOP
 10
46.195132
 20
65.754250
 40
0.000000
 41
0.000000
 42
0.000000
  0
VERTEX
  8
PIN_TOP
 10
44.925132
 20
65.754250
 40
0.000000
 41
0.000000
 42
0.000000
  0
SEQEND
  0
POLYLINE
  8
PIN_TOP
 66
1
 70
1
 40
0.000000
 41
0.000000
 39
0.000000
  0
VERTEX
  8
PIN_TOP
 10
44.925132
 20
68.319650
 40
0.000000
 41
0.000000
 42
0.000000
  0
VERTEX
  8
PIN_TOP
 10
46.195132
 20
68.319650
 40
0.000000
 41
0.000000
 42
0.000000
  0
VERTEX
  8
PIN_TOP
 10
46.195132
 20
67.532250
 40
0.000000
 41
0.000000
 42
0.000000
  0
VERTEX
  8
PIN_TOP
 10
44.925132
 20
67.532250
 40
0.000000
 41
0.000000
 42
0.000000
  0
SEQEND
  0
POLYLINE
  8
PG_SILKSCREEN_TOP
 66
1
 70
0
 40
0.000000
 41
0.000000
 39
0.000000
  0
VERTEX
  8
PG_SILKSCREEN_TOP
 10
44.772732
 20
65.589150
 40
0.127000
 41
0.127000
 42
0.000000
  0
VERTEX
  8
PG_SILKSCREEN_TOP
 10
44.772732
 20
66.757550
 40
0.127000
 41
0.127000
 42
0.000000
  0
SEQEND
  0
POLYLINE
  8
PG_SILKSCREEN_TOP
 66
1
 70
0
 40
0.000000
 41
0.000000
 39
0.000000
  0
VERTEX
  8
PG_SILKSCREEN_TOP
 10
46.372932
 20
65.589150
 40
0.127000
 41
0.127000
 42
0.000000
  0
VERTEX
  8
PG_SILKSCREEN_TOP
 10
44.798132
 20
65.589150
 40
0.127000
 41
0.127000
 42
0.000000
  0
SEQEND
  0
POLYLINE
  8
PG_SILKSCREEN_TOP
 66
1
 70
0
 40
0.000000
 41
0.000000
 39
0.000000
  0
VERTEX
  8
PG_SILKSCREEN_TOP
 10
46.372932
 20
66.782950
 40
0.127000
 41
0.127000
 42
0.000000
  0
VERTEX
  8
PG_SILKSCREEN_TOP
 10
46.372932
 20
65.614550
 40
0.127000
 41
0.127000
 42
0.000000
  0
SEQEND
  0
POLYLINE
  8
PG_SILKSCREEN_TOP
 66
1
 70
0
 40
0.000000
 41
0.000000
 39
0.000000
  0
VERTEX
  8
PG_SILKSCREEN_TOP
 10
44.772732
 20
68.484750
 40
0.127000
 41
0.127000
 42
0.000000
  0
VERTEX
  8
PG_SILKSCREEN_TOP
 10
44.772732
 20
67.316350
 40
0.127000
 41
0.127000
 42
0.000000
  0
SEQEND
  0
POLYLINE
  8
PG_SILKSCREEN_TOP
 66
1
 70
0
 40
0.000000
 41
0.000000
 39
0.000000
  0
VERTEX
  8
PG_SILKSCREEN_TOP
 10
46.309432
 20
68.484750
 40
0.127000
 41
0.127000
 42
0.000000
  0
VERTEX
  8
PG_SILKSCREEN_TOP
 10
44.785432
 20
68.484750
 40
0.127000
 41
0.127000
 42
0.000000
  0
SEQEND
  0
POLYLINE
  8
PG_SILKSCREEN_TOP
 66
1
 70
0
 40
0.000000
 41
0.000000
 39
0.000000
  0
VERTEX
  8
PG_SILKSCREEN_TOP
 10
46.360232
 20
67.367150
 40
0.127000
 41
0.127000
 42
0.000000
  0
VERTEX
  8
PG_SILKSCREEN_TOP
 10
46.360232
 20
68.484750
 40
0.127000
 41
0.127000
 42
0.000000
  0
SEQEND
  0
POLYLINE
  8
PIN_TOP
 66
1
 70
1
 40
0.000000
 41
0.000000
 39
0.000000
  0
VERTEX
  8
PIN_TOP
 10
43.054372
 20
66.541650
 40
0.000000
 41
0.000000
 42
0.000000
  0
VERTEX
  8
PIN_TOP
 10
44.324372
 20
66.541650
 40
0.000000
 41
0.000000
 42
0.000000
  0
VERTEX
  8
PIN_TOP
 10
44.324372
 20
65.754250
 40
0.000000
 41
0.000000
 42
0.000000
  0
VERTEX
  8
PIN_TOP
 10
43.054372
 20
65.754250
 40
0.000000
 41
0.000000
 42
0.000000
  0
SEQEND
  0
POLYLINE
  8
PIN_TOP
 66
1
 70
1
 40
0.000000
 41
0.000000
 39
0.000000
  0
VERTEX
  8
PIN_TOP
 10
43.054372
 20
68.319650
 40
0.000000
 41
0.000000
 42
0.000000
  0
VERTEX
  8
PIN_TOP
 10
44.324372
 20
68.319650
 40
0.000000
 41
0.000000
 42
0.000000
  0
VERTEX
  8
PIN_TOP
 10
44.324372
 20
67.532250
 40
0.000000
 41
0.000000
 42
0.000000
  0
VERTEX
  8
PIN_TOP
 10
43.054372
 20
67.532250
 40
0.000000
 41
0.000000
 42
0.000000
  0
SEQEND
  0
POLYLINE
  8
PG_SILKSCREEN_TOP
 66
1
 70
0
 40
0.000000
 41
0.000000
 39
0.000000
  0
VERTEX
  8
PG_SILKSCREEN_TOP
 10
42.901972
 20
65.589150
 40
0.127000
 41
0.127000
 42
0.000000
  0
VERTEX
  8
PG_SILKSCREEN_TOP
 10
42.901972
 20
66.757550
 40
0.127000
 41
0.127000
 42
0.000000
  0
SEQEND
  0
POLYLINE
  8
PG_SILKSCREEN_TOP
 66
1
 70
0
 40
0.000000
 41
0.000000
 39
0.000000
  0
VERTEX
  8
PG_SILKSCREEN_TOP
 10
44.502172
 20
65.589150
 40
0.127000
 41
0.127000
 42
0.000000
  0
VERTEX
  8
PG_SILKSCREEN_TOP
 10
42.927372
 20
65.589150
 40
0.127000
 41
0.127000
 42
0.000000
  0
SEQEND
  0
POLYLINE
  8
PG_SILKSCREEN_TOP
 66
1
 70
0
 40
0.000000
 41
0.000000
 39
0.000000
  0
VERTEX
  8
PG_SILKSCREEN_TOP
 10
44.502172
 20
66.782950
 40
0.127000
 41
0.127000
 42
0.000000
  0
VERTEX
  8
PG_SILKSCREEN_TOP
 10
44.502172
 20
65.614550
 40
0.127000
 41
0.127000
 42
0.000000
  0
SEQEND
  0
POLYLINE
  8
PG_SILKSCREEN_TOP
 66
1
 70
0
 40
0.000000
 41
0.000000
 39
0.000000
  0
VERTEX
  8
PG_SILKSCREEN_TOP
 10
42.901972
 20
68.484750
 40
0.127000
 41
0.127000
 42
0.000000
  0
VERTEX
  8
PG_SILKSCREEN_TOP
 10
42.901972
 20
67.316350
 40
0.127000
 41
0.127000
 42
0.000000
  0
SEQEND
  0
POLYLINE
  8
PG_SILKSCREEN_TOP
 66
1
 70
0
 40
0.000000
 41
0.000000
 39
0.000000
  0
VERTEX
  8
PG_SILKSCREEN_TOP
 10
44.438672
 20
68.484750
 40
0.127000
 41
0.127000
 42
0.000000
  0
VERTEX
  8
PG_SILKSCREEN_TOP
 10
42.914672
 20
68.484750
 40
0.127000
 41
0.127000
 42
0.000000
  0
SEQEND
  0
POLYLINE
  8
PG_SILKSCREEN_TOP
 66
1
 70
0
 40
0.000000
 41
0.000000
 39
0.000000
  0
VERTEX
  8
PG_SILKSCREEN_TOP
 10
44.489472
 20
67.367150
 40
0.127000
 41
0.127000
 42
0.000000
  0
VERTEX
  8
PG_SILKSCREEN_TOP
 10
44.489472
 20
68.484750
 40
0.127000
 41
0.127000
 42
0.000000
  0
SEQEND
  0
POLYLINE
  8
PIN_TOP
 66
1
 70
1
 40
0.000000
 41
0.000000
 39
0.000000
  0
VERTEX
  8
PIN_TOP
 10
67.364508
 20
73.657206
 40
0.000000
 41
0.000000
 42
0.000000
  0
VERTEX
  8
PIN_TOP
 10
68.634508
 20
73.657206
 40
0.000000
 41
0.000000
 42
0.000000
  0
VERTEX
  8
PIN_TOP
 10
68.634508
 20
72.869806
 40
0.000000
 41
0.000000
 42
0.000000
  0
VERTEX
  8
PIN_TOP
 10
67.364508
 20
72.869806
 40
0.000000
 41
0.000000
 42
0.000000
  0
SEQEND
  0
POLYLINE
  8
PIN_TOP
 66
1
 70
1
 40
0.000000
 41
0.000000
 39
0.000000
  0
VERTEX
  8
PIN_TOP
 10
67.364508
 20
75.435206
 40
0.000000
 41
0.000000
 42
0.000000
  0
VERTEX
  8
PIN_TOP
 10
68.634508
 20
75.435206
 40
0.000000
 41
0.000000
 42
0.000000
  0
VERTEX
  8
PIN_TOP
 10
68.634508
 20
74.647806
 40
0.000000
 41
0.000000
 42
0.000000
  0
VERTEX
  8
PIN_TOP
 10
67.364508
 20
74.647806
 40
0.000000
 41
0.000000
 42
0.000000
  0
SEQEND
  0
POLYLINE
  8
PG_SILKSCREEN_TOP
 66
1
 70
0
 40
0.000000
 41
0.000000
 39
0.000000
  0
VERTEX
  8
PG_SILKSCREEN_TOP
 10
67.212108
 20
72.704706
 40
0.127000
 41
0.127000
 42
0.000000
  0
VERTEX
  8
PG_SILKSCREEN_TOP
 10
67.212108
 20
73.873106
 40
0.127000
 41
0.127000
 42
0.000000
  0
SEQEND
  0
POLYLINE
  8
PG_SILKSCREEN_TOP
 66
1
 70
0
 40
0.000000
 41
0.000000
 39
0.000000
  0
VERTEX
  8
PG_SILKSCREEN_TOP
 10
68.812308
 20
72.704706
 40
0.127000
 41
0.127000
 42
0.000000
  0
VERTEX
  8
PG_SILKSCREEN_TOP
 10
67.237508
 20
72.704706
 40
0.127000
 41
0.127000
 42
0.000000
  0
SEQEND
  0
POLYLINE
  8
PG_SILKSCREEN_TOP
 66
1
 70
0
 40
0.000000
 41
0.000000
 39
0.000000
  0
VERTEX
  8
PG_SILKSCREEN_TOP
 10
68.812308
 20
73.898506
 40
0.127000
 41
0.127000
 42
0.000000
  0
VERTEX
  8
PG_SILKSCREEN_TOP
 10
68.812308
 20
72.730106
 40
0.127000
 41
0.127000
 42
0.000000
  0
SEQEND
  0
POLYLINE
  8
PG_SILKSCREEN_TOP
 66
1
 70
0
 40
0.000000
 41
0.000000
 39
0.000000
  0
VERTEX
  8
PG_SILKSCREEN_TOP
 10
67.212108
 20
75.600306
 40
0.127000
 41
0.127000
 42
0.000000
  0
VERTEX
  8
PG_SILKSCREEN_TOP
 10
67.212108
 20
74.431906
 40
0.127000
 41
0.127000
 42
0.000000
  0
SEQEND
  0
POLYLINE
  8
PG_SILKSCREEN_TOP
 66
1
 70
0
 40
0.000000
 41
0.000000
 39
0.000000
  0
VERTEX
  8
PG_SILKSCREEN_TOP
 10
68.748808
 20
75.600306
 40
0.127000
 41
0.127000
 42
0.000000
  0
VERTEX
  8
PG_SILKSCREEN_TOP
 10
67.224808
 20
75.600306
 40
0.127000
 41
0.127000
 42
0.000000
  0
SEQEND
  0
POLYLINE
  8
PG_SILKSCREEN_TOP
 66
1
 70
0
 40
0.000000
 41
0.000000
 39
0.000000
  0
VERTEX
  8
PG_SILKSCREEN_TOP
 10
68.799608
 20
74.482706
 40
0.127000
 41
0.127000
 42
0.000000
  0
VERTEX
  8
PG_SILKSCREEN_TOP
 10
68.799608
 20
75.600306
 40
0.127000
 41
0.127000
 42
0.000000
  0
SEQEND
  0
POLYLINE
  8
PIN_TOP
 66
1
 70
1
 40
0.000000
 41
0.000000
 39
0.000000
  0
VERTEX
  8
PIN_TOP
 10
5.242306
 20
49.568100
 40
0.000000
 41
0.000000
 42
0.000000
  0
VERTEX
  8
PIN_TOP
 10
6.512306
 20
49.568100
 40
0.000000
 41
0.000000
 42
0.000000
  0
VERTEX
  8
PIN_TOP
 10
6.512306
 20
48.780700
 40
0.000000
 41
0.000000
 42
0.000000
  0
VERTEX
  8
PIN_TOP
 10
5.242306
 20
48.780700
 40
0.000000
 41
0.000000
 42
0.000000
  0
SEQEND
  0
POLYLINE
  8
PIN_TOP
 66
1
 70
1
 40
0.000000
 41
0.000000
 39
0.000000
  0
VERTEX
  8
PIN_TOP
 10
5.242306
 20
51.346100
 40
0.000000
 41
0.000000
 42
0.000000
  0
VERTEX
  8
PIN_TOP
 10
6.512306
 20
51.346100
 40
0.000000
 41
0.000000
 42
0.000000
  0
VERTEX
  8
PIN_TOP
 10
6.512306
 20
50.558700
 40
0.000000
 41
0.000000
 42
0.000000
  0
VERTEX
  8
PIN_TOP
 10
5.242306
 20
50.558700
 40
0.000000
 41
0.000000
 42
0.000000
  0
SEQEND
  0
POLYLINE
  8
PG_SILKSCREEN_TOP
 66
1
 70
0
 40
0.000000
 41
0.000000
 39
0.000000
  0
VERTEX
  8
PG_SILKSCREEN_TOP
 10
5.089906
 20
48.615600
 40
0.127000
 41
0.127000
 42
0.000000
  0
VERTEX
  8
PG_SILKSCREEN_TOP
 10
5.089906
 20
49.784000
 40
0.127000
 41
0.127000
 42
0.000000
  0
SEQEND
  0
POLYLINE
  8
PG_SILKSCREEN_TOP
 66
1
 70
0
 40
0.000000
 41
0.000000
 39
0.000000
  0
VERTEX
  8
PG_SILKSCREEN_TOP
 10
6.690106
 20
48.615600
 40
0.127000
 41
0.127000
 42
0.000000
  0
VERTEX
  8
PG_SILKSCREEN_TOP
 10
5.115306
 20
48.615600
 40
0.127000
 41
0.127000
 42
0.000000
  0
SEQEND
  0
POLYLINE
  8
PG_SILKSCREEN_TOP
 66
1
 70
0
 40
0.000000
 41
0.000000
 39
0.000000
  0
VERTEX
  8
PG_SILKSCREEN_TOP
 10
6.690106
 20
49.809400
 40
0.127000
 41
0.127000
 42
0.000000
  0
VERTEX
  8
PG_SILKSCREEN_TOP
 10
6.690106
 20
48.641000
 40
0.127000
 41
0.127000
 42
0.000000
  0
SEQEND
  0
POLYLINE
  8
PG_SILKSCREEN_TOP
 66
1
 70
0
 40
0.000000
 41
0.000000
 39
0.000000
  0
VERTEX
  8
PG_SILKSCREEN_TOP
 10
5.089906
 20
51.511200
 40
0.127000
 41
0.127000
 42
0.000000
  0
VERTEX
  8
PG_SILKSCREEN_TOP
 10
5.089906
 20
50.342800
 40
0.127000
 41
0.127000
 42
0.000000
  0
SEQEND
  0
POLYLINE
  8
PG_SILKSCREEN_TOP
 66
1
 70
0
 40
0.000000
 41
0.000000
 39
0.000000
  0
VERTEX
  8
PG_SILKSCREEN_TOP
 10
6.626606
 20
51.511200
 40
0.127000
 41
0.127000
 42
0.000000
  0
VERTEX
  8
PG_SILKSCREEN_TOP
 10
5.102606
 20
51.511200
 40
0.127000
 41
0.127000
 42
0.000000
  0
SEQEND
  0
POLYLINE
  8
PG_SILKSCREEN_TOP
 66
1
 70
0
 40
0.000000
 41
0.000000
 39
0.000000
  0
VERTEX
  8
PG_SILKSCREEN_TOP
 10
6.677406
 20
50.393600
 40
0.127000
 41
0.127000
 42
0.000000
  0
VERTEX
  8
PG_SILKSCREEN_TOP
 10
6.677406
 20
51.511200
 40
0.127000
 41
0.127000
 42
0.000000
  0
SEQEND
  0
POLYLINE
  8
PIN_TOP
 66
1
 70
1
 40
0.000000
 41
0.000000
 39
0.000000
  0
VERTEX
  8
PIN_TOP
 10
9.837420
 20
49.568100
 40
0.000000
 41
0.000000
 42
0.000000
  0
VERTEX
  8
PIN_TOP
 10
11.107420
 20
49.568100
 40
0.000000
 41
0.000000
 42
0.000000
  0
VERTEX
  8
PIN_TOP
 10
11.107420
 20
48.780700
 40
0.000000
 41
0.000000
 42
0.000000
  0
VERTEX
  8
PIN_TOP
 10
9.837420
 20
48.780700
 40
0.000000
 41
0.000000
 42
0.000000
  0
SEQEND
  0
POLYLINE
  8
PIN_TOP
 66
1
 70
1
 40
0.000000
 41
0.000000
 39
0.000000
  0
VERTEX
  8
PIN_TOP
 10
9.837420
 20
51.346100
 40
0.000000
 41
0.000000
 42
0.000000
  0
VERTEX
  8
PIN_TOP
 10
11.107420
 20
51.346100
 40
0.000000
 41
0.000000
 42
0.000000
  0
VERTEX
  8
PIN_TOP
 10
11.107420
 20
50.558700
 40
0.000000
 41
0.000000
 42
0.000000
  0
VERTEX
  8
PIN_TOP
 10
9.837420
 20
50.558700
 40
0.000000
 41
0.000000
 42
0.000000
  0
SEQEND
  0
POLYLINE
  8
PG_SILKSCREEN_TOP
 66
1
 70
0
 40
0.000000
 41
0.000000
 39
0.000000
  0
VERTEX
  8
PG_SILKSCREEN_TOP
 10
9.685020
 20
48.615600
 40
0.127000
 41
0.127000
 42
0.000000
  0
VERTEX
  8
PG_SILKSCREEN_TOP
 10
9.685020
 20
49.784000
 40
0.127000
 41
0.127000
 42
0.000000
  0
SEQEND
  0
POLYLINE
  8
PG_SILKSCREEN_TOP
 66
1
 70
0
 40
0.000000
 41
0.000000
 39
0.000000
  0
VERTEX
  8
PG_SILKSCREEN_TOP
 10
11.285220
 20
48.615600
 40
0.127000
 41
0.127000
 42
0.000000
  0
VERTEX
  8
PG_SILKSCREEN_TOP
 10
9.710420
 20
48.615600
 40
0.127000
 41
0.127000
 42
0.000000
  0
SEQEND
  0
POLYLINE
  8
PG_SILKSCREEN_TOP
 66
1
 70
0
 40
0.000000
 41
0.000000
 39
0.000000
  0
VERTEX
  8
PG_SILKSCREEN_TOP
 10
11.285220
 20
49.809400
 40
0.127000
 41
0.127000
 42
0.000000
  0
VERTEX
  8
PG_SILKSCREEN_TOP
 10
11.285220
 20
48.641000
 40
0.127000
 41
0.127000
 42
0.000000
  0
SEQEND
  0
POLYLINE
  8
PG_SILKSCREEN_TOP
 66
1
 70
0
 40
0.000000
 41
0.000000
 39
0.000000
  0
VERTEX
  8
PG_SILKSCREEN_TOP
 10
9.685020
 20
51.511200
 40
0.127000
 41
0.127000
 42
0.000000
  0
VERTEX
  8
PG_SILKSCREEN_TOP
 10
9.685020
 20
50.342800
 40
0.127000
 41
0.127000
 42
0.000000
  0
SEQEND
  0
POLYLINE
  8
PG_SILKSCREEN_TOP
 66
1
 70
0
 40
0.000000
 41
0.000000
 39
0.000000
  0
VERTEX
  8
PG_SILKSCREEN_TOP
 10
11.221720
 20
51.511200
 40
0.127000
 41
0.127000
 42
0.000000
  0
VERTEX
  8
PG_SILKSCREEN_TOP
 10
9.697720
 20
51.511200
 40
0.127000
 41
0.127000
 42
0.000000
  0
SEQEND
  0
POLYLINE
  8
PG_SILKSCREEN_TOP
 66
1
 70
0
 40
0.000000
 41
0.000000
 39
0.000000
  0
VERTEX
  8
PG_SILKSCREEN_TOP
 10
11.272520
 20
50.393600
 40
0.127000
 41
0.127000
 42
0.000000
  0
VERTEX
  8
PG_SILKSCREEN_TOP
 10
11.272520
 20
51.511200
 40
0.127000
 41
0.127000
 42
0.000000
  0
SEQEND
  0
POLYLINE
  8
PIN_TOP
 66
1
 70
1
 40
0.000000
 41
0.000000
 39
0.000000
  0
VERTEX
  8
PIN_TOP
 10
43.727891
 20
71.440980
 40
0.000000
 41
0.000000
 42
0.000000
  0
VERTEX
  8
PIN_TOP
 10
43.727891
 20
69.240984
 40
0.000000
 41
0.000000
 42
0.000000
  0
VERTEX
  8
PIN_TOP
 10
42.427893
 20
69.240984
 40
0.000000
 41
0.000000
 42
0.000000
  0
VERTEX
  8
PIN_TOP
 10
42.427893
 20
71.440980
 40
0.000000
 41
0.000000
 42
0.000000
  0
SEQEND
  0
POLYLINE
  8
PIN_TOP
 66
1
 70
1
 40
0.000000
 41
0.000000
 39
0.000000
  0
VERTEX
  8
PIN_TOP
 10
40.527897
 20
71.440980
 40
0.000000
 41
0.000000
 42
0.000000
  0
VERTEX
  8
PIN_TOP
 10
40.527897
 20
69.240984
 40
0.000000
 41
0.000000
 42
0.000000
  0
VERTEX
  8
PIN_TOP
 10
39.227900
 20
69.240984
 40
0.000000
 41
0.000000
 42
0.000000
  0
VERTEX
  8
PIN_TOP
 10
39.227900
 20
71.440980
 40
0.000000
 41
0.000000
 42
0.000000
  0
SEQEND
  0
POLYLINE
  8
PG_SILKSCREEN_TOP
 66
1
 70
0
 40
0.000000
 41
0.000000
 39
0.000000
  0
VERTEX
  8
PG_SILKSCREEN_TOP
 10
43.227904
 20
71.740979
 40
0.100000
 41
0.100000
 42
0.000000
  0
VERTEX
  8
PG_SILKSCREEN_TOP
 10
39.727886
 20
71.740979
 40
0.100000
 41
0.100000
 42
0.000000
  0
SEQEND
  0
POLYLINE
  8
PG_SILKSCREEN_TOP
 66
1
 70
0
 40
0.000000
 41
0.000000
 39
0.000000
  0
VERTEX
  8
PG_SILKSCREEN_TOP
 10
39.727886
 20
68.940985
 40
0.100000
 41
0.100000
 42
0.000000
  0
VERTEX
  8
PG_SILKSCREEN_TOP
 10
43.227904
 20
68.940985
 40
0.100000
 41
0.100000
 42
0.000000
  0
VERTEX
  8
PG_SILKSCREEN_TOP
 10
43.227904
 20
69.120995
 40
0.100000
 41
0.100000
 42
0.000000
  0
SEQEND
  0
POLYLINE
  8
PG_SILKSCREEN_TOP
 66
1
 70
0
 40
0.000000
 41
0.000000
 39
0.000000
  0
VERTEX
  8
PG_SILKSCREEN_TOP
 10
39.727886
 20
69.120995
 40
0.100000
 41
0.100000
 42
0.000000
  0
VERTEX
  8
PG_SILKSCREEN_TOP
 10
39.727886
 20
68.940985
 40
0.100000
 41
0.100000
 42
0.000000
  0
SEQEND
  0
POLYLINE
  8
PG_SILKSCREEN_TOP
 66
1
 70
0
 40
0.000000
 41
0.000000
 39
0.000000
  0
VERTEX
  8
PG_SILKSCREEN_TOP
 10
43.227904
 20
71.560969
 40
0.100000
 41
0.100000
 42
0.000000
  0
VERTEX
  8
PG_SILKSCREEN_TOP
 10
43.227904
 20
71.740979
 40
0.100000
 41
0.100000
 42
0.000000
  0
SEQEND
  0
POLYLINE
  8
PG_SILKSCREEN_TOP
 66
1
 70
0
 40
0.000000
 41
0.000000
 39
0.000000
  0
VERTEX
  8
PG_SILKSCREEN_TOP
 10
39.727886
 20
71.560969
 40
0.100000
 41
0.100000
 42
0.000000
  0
VERTEX
  8
PG_SILKSCREEN_TOP
 10
39.727886
 20
71.740979
 40
0.100000
 41
0.100000
 42
0.000000
  0
SEQEND
  0
POLYLINE
  8
PG_SILKSCREEN_TOP
 66
1
 70
0
 40
0.000000
 41
0.000000
 39
0.000000
  0
VERTEX
  8
PG_SILKSCREEN_TOP
 10
42.207586
 20
68.940985
 40
0.100000
 41
0.100000
 42
0.000000
  0
VERTEX
  8
PG_SILKSCREEN_TOP
 10
42.207586
 20
71.731276
 40
0.100000
 41
0.100000
 42
0.000000
  0
SEQEND
  0
POLYLINE
  8
PG_SILKSCREEN_TOP
 66
1
 70
0
 40
0.000000
 41
0.000000
 39
0.000000
  0
VERTEX
  8
PG_SILKSCREEN_TOP
 10
42.107587
 20
68.940985
 40
0.100000
 41
0.100000
 42
0.000000
  0
VERTEX
  8
PG_SILKSCREEN_TOP
 10
42.107587
 20
71.731276
 40
0.100000
 41
0.100000
 42
0.000000
  0
SEQEND
  0
POLYLINE
  8
PG_SILKSCREEN_TOP
 66
1
 70
0
 40
0.000000
 41
0.000000
 39
0.000000
  0
VERTEX
  8
PG_SILKSCREEN_TOP
 10
42.007587
 20
68.940985
 40
0.100000
 41
0.100000
 42
0.000000
  0
VERTEX
  8
PG_SILKSCREEN_TOP
 10
42.007587
 20
71.731276
 40
0.100000
 41
0.100000
 42
0.000000
  0
SEQEND
  0
POLYLINE
  8
PG_SILKSCREEN_TOP
 66
1
 70
1
 40
0.000000
 41
0.000000
 39
0.000000
  0
VERTEX
  8
PG_SILKSCREEN_TOP
 10
43.610987
 20
69.010987
 40
0.000000
 41
0.000000
 42
1.000000
  0
VERTEX
  8
PG_SILKSCREEN_TOP
 10
43.384797
 20
69.010977
 40
0.000000
 41
0.000000
 42
1.000000
  0
SEQEND
  0
POLYLINE
  8
PIN_TOP
 66
1
 70
1
 40
0.000000
 41
0.000000
 39
0.000000
  0
VERTEX
  8
PIN_TOP
 10
9.351061
 20
49.640719
 40
0.000000
 41
0.000000
 42
0.000000
  0
VERTEX
  8
PIN_TOP
 10
8.843061
 20
49.640719
 40
0.000000
 41
0.000000
 42
0.000000
  0
VERTEX
  8
PIN_TOP
 10
8.843061
 20
50.148719
 40
0.000000
 41
0.000000
 42
0.000000
  0
VERTEX
  8
PIN_TOP
 10
9.351061
 20
50.148719
 40
0.000000
 41
0.000000
 42
0.000000
  0
SEQEND
  0
POLYLINE
  8
PIN_TOP
 66
1
 70
1
 40
0.000000
 41
0.000000
 39
0.000000
  0
VERTEX
  8
PIN_TOP
 10
9.351061
 20
50.555119
 40
0.000000
 41
0.000000
 42
0.000000
  0
VERTEX
  8
PIN_TOP
 10
8.843061
 20
50.555119
 40
0.000000
 41
0.000000
 42
0.000000
  0
VERTEX
  8
PIN_TOP
 10
8.843061
 20
51.063119
 40
0.000000
 41
0.000000
 42
0.000000
  0
VERTEX
  8
PIN_TOP
 10
9.351061
 20
51.063119
 40
0.000000
 41
0.000000
 42
0.000000
  0
SEQEND
  0
POLYLINE
  8
PG_SILKSCREEN_TOP
 66
1
 70
0
 40
0.000000
 41
0.000000
 39
0.000000
  0
VERTEX
  8
PG_SILKSCREEN_TOP
 10
8.741461
 20
51.169113
 40
0.101600
 41
0.101600
 42
0.000000
  0
VERTEX
  8
PG_SILKSCREEN_TOP
 10
9.452661
 20
51.169113
 40
0.101600
 41
0.101600
 42
0.000000
  0
SEQEND
  0
POLYLINE
  8
PG_SILKSCREEN_TOP
 66
1
 70
0
 40
0.000000
 41
0.000000
 39
0.000000
  0
VERTEX
  8
PG_SILKSCREEN_TOP
 10
8.741461
 20
50.555119
 40
0.101600
 41
0.101600
 42
0.000000
  0
VERTEX
  8
PG_SILKSCREEN_TOP
 10
8.741461
 20
51.164719
 40
0.101600
 41
0.101600
 42
0.000000
  0
SEQEND
  0
POLYLINE
  8
PG_SILKSCREEN_TOP
 66
1
 70
0
 40
0.000000
 41
0.000000
 39
0.000000
  0
VERTEX
  8
PG_SILKSCREEN_TOP
 10
9.452661
 20
51.164719
 40
0.101600
 41
0.101600
 42
0.000000
  0
VERTEX
  8
PG_SILKSCREEN_TOP
 10
9.452661
 20
50.580519
 40
0.101600
 41
0.101600
 42
0.000000
  0
SEQEND
  0
POLYLINE
  8
PG_SILKSCREEN_TOP
 66
1
 70
0
 40
0.000000
 41
0.000000
 39
0.000000
  0
VERTEX
  8
PG_SILKSCREEN_TOP
 10
9.452661
 20
49.534724
 40
0.101600
 41
0.101600
 42
0.000000
  0
VERTEX
  8
PG_SILKSCREEN_TOP
 10
9.452661
 20
50.144324
 40
0.101600
 41
0.101600
 42
0.000000
  0
SEQEND
  0
POLYLINE
  8
PG_SILKSCREEN_TOP
 66
1
 70
0
 40
0.000000
 41
0.000000
 39
0.000000
  0
VERTEX
  8
PG_SILKSCREEN_TOP
 10
8.741461
 20
49.534724
 40
0.101600
 41
0.101600
 42
0.000000
  0
VERTEX
  8
PG_SILKSCREEN_TOP
 10
9.452661
 20
49.534724
 40
0.101600
 41
0.101600
 42
0.000000
  0
SEQEND
  0
POLYLINE
  8
PG_SILKSCREEN_TOP
 66
1
 70
0
 40
0.000000
 41
0.000000
 39
0.000000
  0
VERTEX
  8
PG_SILKSCREEN_TOP
 10
8.741461
 20
49.534724
 40
0.101600
 41
0.101600
 42
0.000000
  0
VERTEX
  8
PG_SILKSCREEN_TOP
 10
8.741461
 20
50.144324
 40
0.101600
 41
0.101600
 42
0.000000
  0
SEQEND
  0
POLYLINE
  8
PIN_TOP
 66
1
 70
1
 40
0.000000
 41
0.000000
 39
0.000000
  0
VERTEX
  8
PIN_TOP
 10
12.382246
 20
22.721367
 40
0.000000
 41
0.000000
 42
0.000000
  0
VERTEX
  8
PIN_TOP
 10
12.382246
 20
22.213367
 40
0.000000
 41
0.000000
 42
0.000000
  0
VERTEX
  8
PIN_TOP
 10
11.874246
 20
22.213367
 40
0.000000
 41
0.000000
 42
0.000000
  0
VERTEX
  8
PIN_TOP
 10
11.874246
 20
22.721367
 40
0.000000
 41
0.000000
 42
0.000000
  0
SEQEND
  0
POLYLINE
  8
PIN_TOP
 66
1
 70
1
 40
0.000000
 41
0.000000
 39
0.000000
  0
VERTEX
  8
PIN_TOP
 10
11.467846
 20
22.721367
 40
0.000000
 41
0.000000
 42
0.000000
  0
VERTEX
  8
PIN_TOP
 10
11.467846
 20
22.213367
 40
0.000000
 41
0.000000
 42
0.000000
  0
VERTEX
  8
PIN_TOP
 10
10.959846
 20
22.213367
 40
0.000000
 41
0.000000
 42
0.000000
  0
VERTEX
  8
PIN_TOP
 10
10.959846
 20
22.721367
 40
0.000000
 41
0.000000
 42
0.000000
  0
SEQEND
  0
POLYLINE
  8
PG_SILKSCREEN_TOP
 66
1
 70
0
 40
0.000000
 41
0.000000
 39
0.000000
  0
VERTEX
  8
PG_SILKSCREEN_TOP
 10
10.853852
 20
22.111767
 40
0.101600
 41
0.101600
 42
0.000000
  0
VERTEX
  8
PG_SILKSCREEN_TOP
 10
10.853852
 20
22.822967
 40
0.101600
 41
0.101600
 42
0.000000
  0
SEQEND
  0
POLYLINE
  8
PG_SILKSCREEN_TOP
 66
1
 70
0
 40
0.000000
 41
0.000000
 39
0.000000
  0
VERTEX
  8
PG_SILKSCREEN_TOP
 10
11.467846
 20
22.111767
 40
0.101600
 41
0.101600
 42
0.000000
  0
VERTEX
  8
PG_SILKSCREEN_TOP
 10
10.858246
 20
22.111767
 40
0.101600
 41
0.101600
 42
0.000000
  0
SEQEND
  0
POLYLINE
  8
PG_SILKSCREEN_TOP
 66
1
 70
0
 40
0.000000
 41
0.000000
 39
0.000000
  0
VERTEX
  8
PG_SILKSCREEN_TOP
 10
10.858246
 20
22.822967
 40
0.101600
 41
0.101600
 42
0.000000
  0
VERTEX
  8
PG_SILKSCREEN_TOP
 10
11.442446
 20
22.822967
 40
0.101600
 41
0.101600
 42
0.000000
  0
SEQEND
  0
POLYLINE
  8
PG_SILKSCREEN_TOP
 66
1
 70
0
 40
0.000000
 41
0.000000
 39
0.000000
  0
VERTEX
  8
PG_SILKSCREEN_TOP
 10
12.488240
 20
22.822967
 40
0.101600
 41
0.101600
 42
0.000000
  0
VERTEX
  8
PG_SILKSCREEN_TOP
 10
11.878640
 20
22.822967
 40
0.101600
 41
0.101600
 42
0.000000
  0
SEQEND
  0
POLYLINE
  8
PG_SILKSCREEN_TOP
 66
1
 70
0
 40
0.000000
 41
0.000000
 39
0.000000
  0
VERTEX
  8
PG_SILKSCREEN_TOP
 10
12.488240
 20
22.111767
 40
0.101600
 41
0.101600
 42
0.000000
  0
VERTEX
  8
PG_SILKSCREEN_TOP
 10
12.488240
 20
22.822967
 40
0.101600
 41
0.101600
 42
0.000000
  0
SEQEND
  0
POLYLINE
  8
PG_SILKSCREEN_TOP
 66
1
 70
0
 40
0.000000
 41
0.000000
 39
0.000000
  0
VERTEX
  8
PG_SILKSCREEN_TOP
 10
12.488240
 20
22.111767
 40
0.101600
 41
0.101600
 42
0.000000
  0
VERTEX
  8
PG_SILKSCREEN_TOP
 10
11.878640
 20
22.111767
 40
0.101600
 41
0.101600
 42
0.000000
  0
SEQEND
  0
POLYLINE
  8
PIN_TOP
 66
1
 70
1
 40
0.000000
 41
0.000000
 39
0.000000
  0
VERTEX
  8
PIN_TOP
 10
4.113581
 20
9.204706
 40
0.000000
 41
0.000000
 42
0.000000
  0
VERTEX
  8
PIN_TOP
 10
3.605581
 20
9.204706
 40
0.000000
 41
0.000000
 42
0.000000
  0
VERTEX
  8
PIN_TOP
 10
3.605581
 20
9.712706
 40
0.000000
 41
0.000000
 42
0.000000
  0
VERTEX
  8
PIN_TOP
 10
4.113581
 20
9.712706
 40
0.000000
 41
0.000000
 42
0.000000
  0
SEQEND
  0
POLYLINE
  8
PIN_TOP
 66
1
 70
1
 40
0.000000
 41
0.000000
 39
0.000000
  0
VERTEX
  8
PIN_TOP
 10
4.113581
 20
10.119106
 40
0.000000
 41
0.000000
 42
0.000000
  0
VERTEX
  8
PIN_TOP
 10
3.605581
 20
10.119106
 40
0.000000
 41
0.000000
 42
0.000000
  0
VERTEX
  8
PIN_TOP
 10
3.605581
 20
10.627106
 40
0.000000
 41
0.000000
 42
0.000000
  0
VERTEX
  8
PIN_TOP
 10
4.113581
 20
10.627106
 40
0.000000
 41
0.000000
 42
0.000000
  0
SEQEND
  0
POLYLINE
  8
PG_SILKSCREEN_TOP
 66
1
 70
0
 40
0.000000
 41
0.000000
 39
0.000000
  0
VERTEX
  8
PG_SILKSCREEN_TOP
 10
3.503981
 20
10.733100
 40
0.101600
 41
0.101600
 42
0.000000
  0
VERTEX
  8
PG_SILKSCREEN_TOP
 10
4.215181
 20
10.733100
 40
0.101600
 41
0.101600
 42
0.000000
  0
SEQEND
  0
POLYLINE
  8
PG_SILKSCREEN_TOP
 66
1
 70
0
 40
0.000000
 41
0.000000
 39
0.000000
  0
VERTEX
  8
PG_SILKSCREEN_TOP
 10
3.503981
 20
10.119106
 40
0.101600
 41
0.101600
 42
0.000000
  0
VERTEX
  8
PG_SILKSCREEN_TOP
 10
3.503981
 20
10.728706
 40
0.101600
 41
0.101600
 42
0.000000
  0
SEQEND
  0
POLYLINE
  8
PG_SILKSCREEN_TOP
 66
1
 70
0
 40
0.000000
 41
0.000000
 39
0.000000
  0
VERTEX
  8
PG_SILKSCREEN_TOP
 10
4.215181
 20
10.728706
 40
0.101600
 41
0.101600
 42
0.000000
  0
VERTEX
  8
PG_SILKSCREEN_TOP
 10
4.215181
 20
10.144506
 40
0.101600
 41
0.101600
 42
0.000000
  0
SEQEND
  0
POLYLINE
  8
PG_SILKSCREEN_TOP
 66
1
 70
0
 40
0.000000
 41
0.000000
 39
0.000000
  0
VERTEX
  8
PG_SILKSCREEN_TOP
 10
4.215181
 20
9.098712
 40
0.101600
 41
0.101600
 42
0.000000
  0
VERTEX
  8
PG_SILKSCREEN_TOP
 10
4.215181
 20
9.708312
 40
0.101600
 41
0.101600
 42
0.000000
  0
SEQEND
  0
POLYLINE
  8
PG_SILKSCREEN_TOP
 66
1
 70
0
 40
0.000000
 41
0.000000
 39
0.000000
  0
VERTEX
  8
PG_SILKSCREEN_TOP
 10
3.503981
 20
9.098712
 40
0.101600
 41
0.101600
 42
0.000000
  0
VERTEX
  8
PG_SILKSCREEN_TOP
 10
4.215181
 20
9.098712
 40
0.101600
 41
0.101600
 42
0.000000
  0
SEQEND
  0
POLYLINE
  8
PG_SILKSCREEN_TOP
 66
1
 70
0
 40
0.000000
 41
0.000000
 39
0.000000
  0
VERTEX
  8
PG_SILKSCREEN_TOP
 10
3.503981
 20
9.098712
 40
0.101600
 41
0.101600
 42
0.000000
  0
VERTEX
  8
PG_SILKSCREEN_TOP
 10
3.503981
 20
9.708312
 40
0.101600
 41
0.101600
 42
0.000000
  0
SEQEND
  0
POLYLINE
  8
PIN_TOP
 66
1
 70
1
 40
0.000000
 41
0.000000
 39
0.000000
  0
VERTEX
  8
PIN_TOP
 10
14.772615
 20
41.114878
 40
0.000000
 41
0.000000
 42
0.000000
  0
VERTEX
  8
PIN_TOP
 10
14.772615
 20
40.606878
 40
0.000000
 41
0.000000
 42
0.000000
  0
VERTEX
  8
PIN_TOP
 10
14.264615
 20
40.606878
 40
0.000000
 41
0.000000
 42
0.000000
  0
VERTEX
  8
PIN_TOP
 10
14.264615
 20
41.114878
 40
0.000000
 41
0.000000
 42
0.000000
  0
SEQEND
  0
POLYLINE
  8
PIN_TOP
 66
1
 70
1
 40
0.000000
 41
0.000000
 39
0.000000
  0
VERTEX
  8
PIN_TOP
 10
13.858215
 20
41.114878
 40
0.000000
 41
0.000000
 42
0.000000
  0
VERTEX
  8
PIN_TOP
 10
13.858215
 20
40.606878
 40
0.000000
 41
0.000000
 42
0.000000
  0
VERTEX
  8
PIN_TOP
 10
13.350215
 20
40.606878
 40
0.000000
 41
0.000000
 42
0.000000
  0
VERTEX
  8
PIN_TOP
 10
13.350215
 20
41.114878
 40
0.000000
 41
0.000000
 42
0.000000
  0
SEQEND
  0
POLYLINE
  8
PG_SILKSCREEN_TOP
 66
1
 70
0
 40
0.000000
 41
0.000000
 39
0.000000
  0
VERTEX
  8
PG_SILKSCREEN_TOP
 10
13.244220
 20
40.505278
 40
0.101600
 41
0.101600
 42
0.000000
  0
VERTEX
  8
PG_SILKSCREEN_TOP
 10
13.244220
 20
41.216478
 40
0.101600
 41
0.101600
 42
0.000000
  0
SEQEND
  0
POLYLINE
  8
PG_SILKSCREEN_TOP
 66
1
 70
0
 40
0.000000
 41
0.000000
 39
0.000000
  0
VERTEX
  8
PG_SILKSCREEN_TOP
 10
13.858215
 20
40.505278
 40
0.101600
 41
0.101600
 42
0.000000
  0
VERTEX
  8
PG_SILKSCREEN_TOP
 10
13.248615
 20
40.505278
 40
0.101600
 41
0.101600
 42
0.000000
  0
SEQEND
  0
POLYLINE
  8
PG_SILKSCREEN_TOP
 66
1
 70
0
 40
0.000000
 41
0.000000
 39
0.000000
  0
VERTEX
  8
PG_SILKSCREEN_TOP
 10
13.248615
 20
41.216478
 40
0.101600
 41
0.101600
 42
0.000000
  0
VERTEX
  8
PG_SILKSCREEN_TOP
 10
13.832815
 20
41.216478
 40
0.101600
 41
0.101600
 42
0.000000
  0
SEQEND
  0
POLYLINE
  8
PG_SILKSCREEN_TOP
 66
1
 70
0
 40
0.000000
 41
0.000000
 39
0.000000
  0
VERTEX
  8
PG_SILKSCREEN_TOP
 10
14.878609
 20
41.216478
 40
0.101600
 41
0.101600
 42
0.000000
  0
VERTEX
  8
PG_SILKSCREEN_TOP
 10
14.269009
 20
41.216478
 40
0.101600
 41
0.101600
 42
0.000000
  0
SEQEND
  0
POLYLINE
  8
PG_SILKSCREEN_TOP
 66
1
 70
0
 40
0.000000
 41
0.000000
 39
0.000000
  0
VERTEX
  8
PG_SILKSCREEN_TOP
 10
14.878609
 20
40.505278
 40
0.101600
 41
0.101600
 42
0.000000
  0
VERTEX
  8
PG_SILKSCREEN_TOP
 10
14.878609
 20
41.216478
 40
0.101600
 41
0.101600
 42
0.000000
  0
SEQEND
  0
POLYLINE
  8
PG_SILKSCREEN_TOP
 66
1
 70
0
 40
0.000000
 41
0.000000
 39
0.000000
  0
VERTEX
  8
PG_SILKSCREEN_TOP
 10
14.878609
 20
40.505278
 40
0.101600
 41
0.101600
 42
0.000000
  0
VERTEX
  8
PG_SILKSCREEN_TOP
 10
14.269009
 20
40.505278
 40
0.101600
 41
0.101600
 42
0.000000
  0
SEQEND
  0
POLYLINE
  8
PIN_TOP
 66
1
 70
1
 40
0.000000
 41
0.000000
 39
0.000000
  0
VERTEX
  8
PIN_TOP
 10
71.021550
 20
47.125357
 40
0.000000
 41
0.000000
 42
0.000000
  0
VERTEX
  8
PIN_TOP
 10
71.529550
 20
47.125357
 40
0.000000
 41
0.000000
 42
0.000000
  0
VERTEX
  8
PIN_TOP
 10
71.529550
 20
46.617357
 40
0.000000
 41
0.000000
 42
0.000000
  0
VERTEX
  8
PIN_TOP
 10
71.021550
 20
46.617357
 40
0.000000
 41
0.000000
 42
0.000000
  0
SEQEND
  0
POLYLINE
  8
PIN_TOP
 66
1
 70
1
 40
0.000000
 41
0.000000
 39
0.000000
  0
VERTEX
  8
PIN_TOP
 10
71.021550
 20
46.210957
 40
0.000000
 41
0.000000
 42
0.000000
  0
VERTEX
  8
PIN_TOP
 10
71.529550
 20
46.210957
 40
0.000000
 41
0.000000
 42
0.000000
  0
VERTEX
  8
PIN_TOP
 10
71.529550
 20
45.702957
 40
0.000000
 41
0.000000
 42
0.000000
  0
VERTEX
  8
PIN_TOP
 10
71.021550
 20
45.702957
 40
0.000000
 41
0.000000
 42
0.000000
  0
SEQEND
  0
POLYLINE
  8
PG_SILKSCREEN_TOP
 66
1
 70
0
 40
0.000000
 41
0.000000
 39
0.000000
  0
VERTEX
  8
PG_SILKSCREEN_TOP
 10
71.631150
 20
45.596962
 40
0.101600
 41
0.101600
 42
0.000000
  0
VERTEX
  8
PG_SILKSCREEN_TOP
 10
70.919950
 20
45.596962
 40
0.101600
 41
0.101600
 42
0.000000
  0
SEQEND
  0
POLYLINE
  8
PG_SILKSCREEN_TOP
 66
1
 70
0
 40
0.000000
 41
0.000000
 39
0.000000
  0
VERTEX
  8
PG_SILKSCREEN_TOP
 10
71.631150
 20
46.210957
 40
0.101600
 41
0.101600
 42
0.000000
  0
VERTEX
  8
PG_SILKSCREEN_TOP
 10
71.631150
 20
45.601357
 40
0.101600
 41
0.101600
 42
0.000000
  0
SEQEND
  0
POLYLINE
  8
PG_SILKSCREEN_TOP
 66
1
 70
0
 40
0.000000
 41
0.000000
 39
0.000000
  0
VERTEX
  8
PG_SILKSCREEN_TOP
 10
70.919950
 20
45.601357
 40
0.101600
 41
0.101600
 42
0.000000
  0
VERTEX
  8
PG_SILKSCREEN_TOP
 10
70.919950
 20
46.185557
 40
0.101600
 41
0.101600
 42
0.000000
  0
SEQEND
  0
POLYLINE
  8
PG_SILKSCREEN_TOP
 66
1
 70
0
 40
0.000000
 41
0.000000
 39
0.000000
  0
VERTEX
  8
PG_SILKSCREEN_TOP
 10
70.919950
 20
47.231351
 40
0.101600
 41
0.101600
 42
0.000000
  0
VERTEX
  8
PG_SILKSCREEN_TOP
 10
70.919950
 20
46.621751
 40
0.101600
 41
0.101600
 42
0.000000
  0
SEQEND
  0
POLYLINE
  8
PG_SILKSCREEN_TOP
 66
1
 70
0
 40
0.000000
 41
0.000000
 39
0.000000
  0
VERTEX
  8
PG_SILKSCREEN_TOP
 10
71.631150
 20
47.231351
 40
0.101600
 41
0.101600
 42
0.000000
  0
VERTEX
  8
PG_SILKSCREEN_TOP
 10
70.919950
 20
47.231351
 40
0.101600
 41
0.101600
 42
0.000000
  0
SEQEND
  0
POLYLINE
  8
PG_SILKSCREEN_TOP
 66
1
 70
0
 40
0.000000
 41
0.000000
 39
0.000000
  0
VERTEX
  8
PG_SILKSCREEN_TOP
 10
71.631150
 20
47.231351
 40
0.101600
 41
0.101600
 42
0.000000
  0
VERTEX
  8
PG_SILKSCREEN_TOP
 10
71.631150
 20
46.621751
 40
0.101600
 41
0.101600
 42
0.000000
  0
SEQEND
  0
POLYLINE
  8
PIN_TOP
 66
1
 70
1
 40
0.000000
 41
0.000000
 39
0.000000
  0
VERTEX
  8
PIN_TOP
 10
70.278549
 20
77.510665
 40
0.000000
 41
0.000000
 42
0.000000
  0
VERTEX
  8
PIN_TOP
 10
69.770549
 20
77.510665
 40
0.000000
 41
0.000000
 42
0.000000
  0
VERTEX
  8
PIN_TOP
 10
69.770549
 20
78.018665
 40
0.000000
 41
0.000000
 42
0.000000
  0
VERTEX
  8
PIN_TOP
 10
70.278549
 20
78.018665
 40
0.000000
 41
0.000000
 42
0.000000
  0
SEQEND
  0
POLYLINE
  8
PIN_TOP
 66
1
 70
1
 40
0.000000
 41
0.000000
 39
0.000000
  0
VERTEX
  8
PIN_TOP
 10
70.278549
 20
78.425065
 40
0.000000
 41
0.000000
 42
0.000000
  0
VERTEX
  8
PIN_TOP
 10
69.770549
 20
78.425065
 40
0.000000
 41
0.000000
 42
0.000000
  0
VERTEX
  8
PIN_TOP
 10
69.770549
 20
78.933065
 40
0.000000
 41
0.000000
 42
0.000000
  0
VERTEX
  8
PIN_TOP
 10
70.278549
 20
78.933065
 40
0.000000
 41
0.000000
 42
0.000000
  0
SEQEND
  0
POLYLINE
  8
PG_SILKSCREEN_TOP
 66
1
 70
0
 40
0.000000
 41
0.000000
 39
0.000000
  0
VERTEX
  8
PG_SILKSCREEN_TOP
 10
69.668949
 20
79.039060
 40
0.101600
 41
0.101600
 42
0.000000
  0
VERTEX
  8
PG_SILKSCREEN_TOP
 10
70.380149
 20
79.039060
 40
0.101600
 41
0.101600
 42
0.000000
  0
SEQEND
  0
POLYLINE
  8
PG_SILKSCREEN_TOP
 66
1
 70
0
 40
0.000000
 41
0.000000
 39
0.000000
  0
VERTEX
  8
PG_SILKSCREEN_TOP
 10
69.668949
 20
78.425065
 40
0.101600
 41
0.101600
 42
0.000000
  0
VERTEX
  8
PG_SILKSCREEN_TOP
 10
69.668949
 20
79.034665
 40
0.101600
 41
0.101600
 42
0.000000
  0
SEQEND
  0
POLYLINE
  8
PG_SILKSCREEN_TOP
 66
1
 70
0
 40
0.000000
 41
0.000000
 39
0.000000
  0
VERTEX
  8
PG_SILKSCREEN_TOP
 10
70.380149
 20
79.034665
 40
0.101600
 41
0.101600
 42
0.000000
  0
VERTEX
  8
PG_SILKSCREEN_TOP
 10
70.380149
 20
78.450465
 40
0.101600
 41
0.101600
 42
0.000000
  0
SEQEND
  0
POLYLINE
  8
PG_SILKSCREEN_TOP
 66
1
 70
0
 40
0.000000
 41
0.000000
 39
0.000000
  0
VERTEX
  8
PG_SILKSCREEN_TOP
 10
70.380149
 20
77.404671
 40
0.101600
 41
0.101600
 42
0.000000
  0
VERTEX
  8
PG_SILKSCREEN_TOP
 10
70.380149
 20
78.014271
 40
0.101600
 41
0.101600
 42
0.000000
  0
SEQEND
  0
POLYLINE
  8
PG_SILKSCREEN_TOP
 66
1
 70
0
 40
0.000000
 41
0.000000
 39
0.000000
  0
VERTEX
  8
PG_SILKSCREEN_TOP
 10
69.668949
 20
77.404671
 40
0.101600
 41
0.101600
 42
0.000000
  0
VERTEX
  8
PG_SILKSCREEN_TOP
 10
70.380149
 20
77.404671
 40
0.101600
 41
0.101600
 42
0.000000
  0
SEQEND
  0
POLYLINE
  8
PG_SILKSCREEN_TOP
 66
1
 70
0
 40
0.000000
 41
0.000000
 39
0.000000
  0
VERTEX
  8
PG_SILKSCREEN_TOP
 10
69.668949
 20
77.404671
 40
0.101600
 41
0.101600
 42
0.000000
  0
VERTEX
  8
PG_SILKSCREEN_TOP
 10
69.668949
 20
78.014271
 40
0.101600
 41
0.101600
 42
0.000000
  0
SEQEND
  0
POLYLINE
  8
PIN_TOP
 66
1
 70
1
 40
0.000000
 41
0.000000
 39
0.000000
  0
VERTEX
  8
PIN_TOP
 10
69.428665
 20
77.510665
 40
0.000000
 41
0.000000
 42
0.000000
  0
VERTEX
  8
PIN_TOP
 10
68.920665
 20
77.510665
 40
0.000000
 41
0.000000
 42
0.000000
  0
VERTEX
  8
PIN_TOP
 10
68.920665
 20
78.018665
 40
0.000000
 41
0.000000
 42
0.000000
  0
VERTEX
  8
PIN_TOP
 10
69.428665
 20
78.018665
 40
0.000000
 41
0.000000
 42
0.000000
  0
SEQEND
  0
POLYLINE
  8
PIN_TOP
 66
1
 70
1
 40
0.000000
 41
0.000000
 39
0.000000
  0
VERTEX
  8
PIN_TOP
 10
69.428665
 20
78.425065
 40
0.000000
 41
0.000000
 42
0.000000
  0
VERTEX
  8
PIN_TOP
 10
68.920665
 20
78.425065
 40
0.000000
 41
0.000000
 42
0.000000
  0
VERTEX
  8
PIN_TOP
 10
68.920665
 20
78.933065
 40
0.000000
 41
0.000000
 42
0.000000
  0
VERTEX
  8
PIN_TOP
 10
69.428665
 20
78.933065
 40
0.000000
 41
0.000000
 42
0.000000
  0
SEQEND
  0
POLYLINE
  8
PG_SILKSCREEN_TOP
 66
1
 70
0
 40
0.000000
 41
0.000000
 39
0.000000
  0
VERTEX
  8
PG_SILKSCREEN_TOP
 10
68.819065
 20
79.039060
 40
0.101600
 41
0.101600
 42
0.000000
  0
VERTEX
  8
PG_SILKSCREEN_TOP
 10
69.530265
 20
79.039060
 40
0.101600
 41
0.101600
 42
0.000000
  0
SEQEND
  0
POLYLINE
  8
PG_SILKSCREEN_TOP
 66
1
 70
0
 40
0.000000
 41
0.000000
 39
0.000000
  0
VERTEX
  8
PG_SILKSCREEN_TOP
 10
68.819065
 20
78.425065
 40
0.101600
 41
0.101600
 42
0.000000
  0
VERTEX
  8
PG_SILKSCREEN_TOP
 10
68.819065
 20
79.034665
 40
0.101600
 41
0.101600
 42
0.000000
  0
SEQEND
  0
POLYLINE
  8
PG_SILKSCREEN_TOP
 66
1
 70
0
 40
0.000000
 41
0.000000
 39
0.000000
  0
VERTEX
  8
PG_SILKSCREEN_TOP
 10
69.530265
 20
79.034665
 40
0.101600
 41
0.101600
 42
0.000000
  0
VERTEX
  8
PG_SILKSCREEN_TOP
 10
69.530265
 20
78.450465
 40
0.101600
 41
0.101600
 42
0.000000
  0
SEQEND
  0
POLYLINE
  8
PG_SILKSCREEN_TOP
 66
1
 70
0
 40
0.000000
 41
0.000000
 39
0.000000
  0
VERTEX
  8
PG_SILKSCREEN_TOP
 10
69.530265
 20
77.404671
 40
0.101600
 41
0.101600
 42
0.000000
  0
VERTEX
  8
PG_SILKSCREEN_TOP
 10
69.530265
 20
78.014271
 40
0.101600
 41
0.101600
 42
0.000000
  0
SEQEND
  0
POLYLINE
  8
PG_SILKSCREEN_TOP
 66
1
 70
0
 40
0.000000
 41
0.000000
 39
0.000000
  0
VERTEX
  8
PG_SILKSCREEN_TOP
 10
68.819065
 20
77.404671
 40
0.101600
 41
0.101600
 42
0.000000
  0
VERTEX
  8
PG_SILKSCREEN_TOP
 10
69.530265
 20
77.404671
 40
0.101600
 41
0.101600
 42
0.000000
  0
SEQEND
  0
POLYLINE
  8
PG_SILKSCREEN_TOP
 66
1
 70
0
 40
0.000000
 41
0.000000
 39
0.000000
  0
VERTEX
  8
PG_SILKSCREEN_TOP
 10
68.819065
 20
77.404671
 40
0.101600
 41
0.101600
 42
0.000000
  0
VERTEX
  8
PG_SILKSCREEN_TOP
 10
68.819065
 20
78.014271
 40
0.101600
 41
0.101600
 42
0.000000
  0
SEQEND
  0
POLYLINE
  8
PIN_TOP
 66
1
 70
1
 40
0.000000
 41
0.000000
 39
0.000000
  0
VERTEX
  8
PIN_TOP
 10
42.940986
 20
72.677020
 40
0.000000
 41
0.000000
 42
0.000000
  0
VERTEX
  8
PIN_TOP
 10
42.940986
 20
72.169020
 40
0.000000
 41
0.000000
 42
0.000000
  0
VERTEX
  8
PIN_TOP
 10
42.432986
 20
72.169020
 40
0.000000
 41
0.000000
 42
0.000000
  0
VERTEX
  8
PIN_TOP
 10
42.432986
 20
72.677020
 40
0.000000
 41
0.000000
 42
0.000000
  0
SEQEND
  0
POLYLINE
  8
PIN_TOP
 66
1
 70
1
 40
0.000000
 41
0.000000
 39
0.000000
  0
VERTEX
  8
PIN_TOP
 10
42.026586
 20
72.677020
 40
0.000000
 41
0.000000
 42
0.000000
  0
VERTEX
  8
PIN_TOP
 10
42.026586
 20
72.169020
 40
0.000000
 41
0.000000
 42
0.000000
  0
VERTEX
  8
PIN_TOP
 10
41.518586
 20
72.169020
 40
0.000000
 41
0.000000
 42
0.000000
  0
VERTEX
  8
PIN_TOP
 10
41.518586
 20
72.677020
 40
0.000000
 41
0.000000
 42
0.000000
  0
SEQEND
  0
POLYLINE
  8
PG_SILKSCREEN_TOP
 66
1
 70
0
 40
0.000000
 41
0.000000
 39
0.000000
  0
VERTEX
  8
PG_SILKSCREEN_TOP
 10
41.412592
 20
72.067420
 40
0.101600
 41
0.101600
 42
0.000000
  0
VERTEX
  8
PG_SILKSCREEN_TOP
 10
41.412592
 20
72.778620
 40
0.101600
 41
0.101600
 42
0.000000
  0
SEQEND
  0
POLYLINE
  8
PG_SILKSCREEN_TOP
 66
1
 70
0
 40
0.000000
 41
0.000000
 39
0.000000
  0
VERTEX
  8
PG_SILKSCREEN_TOP
 10
42.026586
 20
72.067420
 40
0.101600
 41
0.101600
 42
0.000000
  0
VERTEX
  8
PG_SILKSCREEN_TOP
 10
41.416986
 20
72.067420
 40
0.101600
 41
0.101600
 42
0.000000
  0
SEQEND
  0
POLYLINE
  8
PG_SILKSCREEN_TOP
 66
1
 70
0
 40
0.000000
 41
0.000000
 39
0.000000
  0
VERTEX
  8
PG_SILKSCREEN_TOP
 10
41.416986
 20
72.778620
 40
0.101600
 41
0.101600
 42
0.000000
  0
VERTEX
  8
PG_SILKSCREEN_TOP
 10
42.001186
 20
72.778620
 40
0.101600
 41
0.101600
 42
0.000000
  0
SEQEND
  0
POLYLINE
  8
PG_SILKSCREEN_TOP
 66
1
 70
0
 40
0.000000
 41
0.000000
 39
0.000000
  0
VERTEX
  8
PG_SILKSCREEN_TOP
 10
43.046980
 20
72.778620
 40
0.101600
 41
0.101600
 42
0.000000
  0
VERTEX
  8
PG_SILKSCREEN_TOP
 10
42.437380
 20
72.778620
 40
0.101600
 41
0.101600
 42
0.000000
  0
SEQEND
  0
POLYLINE
  8
PG_SILKSCREEN_TOP
 66
1
 70
0
 40
0.000000
 41
0.000000
 39
0.000000
  0
VERTEX
  8
PG_SILKSCREEN_TOP
 10
43.046980
 20
72.067420
 40
0.101600
 41
0.101600
 42
0.000000
  0
VERTEX
  8
PG_SILKSCREEN_TOP
 10
43.046980
 20
72.778620
 40
0.101600
 41
0.101600
 42
0.000000
  0
SEQEND
  0
POLYLINE
  8
PG_SILKSCREEN_TOP
 66
1
 70
0
 40
0.000000
 41
0.000000
 39
0.000000
  0
VERTEX
  8
PG_SILKSCREEN_TOP
 10
43.046980
 20
72.067420
 40
0.101600
 41
0.101600
 42
0.000000
  0
VERTEX
  8
PG_SILKSCREEN_TOP
 10
42.437380
 20
72.067420
 40
0.101600
 41
0.101600
 42
0.000000
  0
SEQEND
  0
POLYLINE
  8
PIN_TOP
 66
1
 70
1
 40
0.000000
 41
0.000000
 39
0.000000
  0
VERTEX
  8
PIN_TOP
 10
42.940986
 20
73.588118
 40
0.000000
 41
0.000000
 42
0.000000
  0
VERTEX
  8
PIN_TOP
 10
42.940986
 20
73.080118
 40
0.000000
 41
0.000000
 42
0.000000
  0
VERTEX
  8
PIN_TOP
 10
42.432986
 20
73.080118
 40
0.000000
 41
0.000000
 42
0.000000
  0
VERTEX
  8
PIN_TOP
 10
42.432986
 20
73.588118
 40
0.000000
 41
0.000000
 42
0.000000
  0
SEQEND
  0
POLYLINE
  8
PIN_TOP
 66
1
 70
1
 40
0.000000
 41
0.000000
 39
0.000000
  0
VERTEX
  8
PIN_TOP
 10
42.026586
 20
73.588118
 40
0.000000
 41
0.000000
 42
0.000000
  0
VERTEX
  8
PIN_TOP
 10
42.026586
 20
73.080118
 40
0.000000
 41
0.000000
 42
0.000000
  0
VERTEX
  8
PIN_TOP
 10
41.518586
 20
73.080118
 40
0.000000
 41
0.000000
 42
0.000000
  0
VERTEX
  8
PIN_TOP
 10
41.518586
 20
73.588118
 40
0.000000
 41
0.000000
 42
0.000000
  0
SEQEND
  0
POLYLINE
  8
PG_SILKSCREEN_TOP
 66
1
 70
0
 40
0.000000
 41
0.000000
 39
0.000000
  0
VERTEX
  8
PG_SILKSCREEN_TOP
 10
41.412592
 20
72.978518
 40
0.101600
 41
0.101600
 42
0.000000
  0
VERTEX
  8
PG_SILKSCREEN_TOP
 10
41.412592
 20
73.689718
 40
0.101600
 41
0.101600
 42
0.000000
  0
SEQEND
  0
POLYLINE
  8
PG_SILKSCREEN_TOP
 66
1
 70
0
 40
0.000000
 41
0.000000
 39
0.000000
  0
VERTEX
  8
PG_SILKSCREEN_TOP
 10
42.026586
 20
72.978518
 40
0.101600
 41
0.101600
 42
0.000000
  0
VERTEX
  8
PG_SILKSCREEN_TOP
 10
41.416986
 20
72.978518
 40
0.101600
 41
0.101600
 42
0.000000
  0
SEQEND
  0
POLYLINE
  8
PG_SILKSCREEN_TOP
 66
1
 70
0
 40
0.000000
 41
0.000000
 39
0.000000
  0
VERTEX
  8
PG_SILKSCREEN_TOP
 10
41.416986
 20
73.689718
 40
0.101600
 41
0.101600
 42
0.000000
  0
VERTEX
  8
PG_SILKSCREEN_TOP
 10
42.001186
 20
73.689718
 40
0.101600
 41
0.101600
 42
0.000000
  0
SEQEND
  0
POLYLINE
  8
PG_SILKSCREEN_TOP
 66
1
 70
0
 40
0.000000
 41
0.000000
 39
0.000000
  0
VERTEX
  8
PG_SILKSCREEN_TOP
 10
43.046980
 20
73.689718
 40
0.101600
 41
0.101600
 42
0.000000
  0
VERTEX
  8
PG_SILKSCREEN_TOP
 10
42.437380
 20
73.689718
 40
0.101600
 41
0.101600
 42
0.000000
  0
SEQEND
  0
POLYLINE
  8
PG_SILKSCREEN_TOP
 66
1
 70
0
 40
0.000000
 41
0.000000
 39
0.000000
  0
VERTEX
  8
PG_SILKSCREEN_TOP
 10
43.046980
 20
72.978518
 40
0.101600
 41
0.101600
 42
0.000000
  0
VERTEX
  8
PG_SILKSCREEN_TOP
 10
43.046980
 20
73.689718
 40
0.101600
 41
0.101600
 42
0.000000
  0
SEQEND
  0
POLYLINE
  8
PG_SILKSCREEN_TOP
 66
1
 70
0
 40
0.000000
 41
0.000000
 39
0.000000
  0
VERTEX
  8
PG_SILKSCREEN_TOP
 10
43.046980
 20
72.978518
 40
0.101600
 41
0.101600
 42
0.000000
  0
VERTEX
  8
PG_SILKSCREEN_TOP
 10
42.437380
 20
72.978518
 40
0.101600
 41
0.101600
 42
0.000000
  0
SEQEND
  0
POLYLINE
  8
PIN_TOP
 66
1
 70
1
 40
0.000000
 41
0.000000
 39
0.000000
  0
VERTEX
  8
PIN_TOP
 10
21.124520
 20
68.615433
 40
0.000000
 41
0.000000
 42
0.000000
  0
VERTEX
  8
PIN_TOP
 10
21.124520
 20
69.123433
 40
0.000000
 41
0.000000
 42
0.000000
  0
VERTEX
  8
PIN_TOP
 10
21.632520
 20
69.123433
 40
0.000000
 41
0.000000
 42
0.000000
  0
VERTEX
  8
PIN_TOP
 10
21.632520
 20
68.615433
 40
0.000000
 41
0.000000
 42
0.000000
  0
SEQEND
  0
POLYLINE
  8
PIN_TOP
 66
1
 70
1
 40
0.000000
 41
0.000000
 39
0.000000
  0
VERTEX
  8
PIN_TOP
 10
22.038920
 20
68.615433
 40
0.000000
 41
0.000000
 42
0.000000
  0
VERTEX
  8
PIN_TOP
 10
22.038920
 20
69.123433
 40
0.000000
 41
0.000000
 42
0.000000
  0
VERTEX
  8
PIN_TOP
 10
22.546920
 20
69.123433
 40
0.000000
 41
0.000000
 42
0.000000
  0
VERTEX
  8
PIN_TOP
 10
22.546920
 20
68.615433
 40
0.000000
 41
0.000000
 42
0.000000
  0
SEQEND
  0
POLYLINE
  8
PG_SILKSCREEN_TOP
 66
1
 70
0
 40
0.000000
 41
0.000000
 39
0.000000
  0
VERTEX
  8
PG_SILKSCREEN_TOP
 10
22.652914
 20
69.225033
 40
0.101600
 41
0.101600
 42
0.000000
  0
VERTEX
  8
PG_SILKSCREEN_TOP
 10
22.652914
 20
68.513833
 40
0.101600
 41
0.101600
 42
0.000000
  0
SEQEND
  0
POLYLINE
  8
PG_SILKSCREEN_TOP
 66
1
 70
0
 40
0.000000
 41
0.000000
 39
0.000000
  0
VERTEX
  8
PG_SILKSCREEN_TOP
 10
22.038920
 20
69.225033
 40
0.101600
 41
0.101600
 42
0.000000
  0
VERTEX
  8
PG_SILKSCREEN_TOP
 10
22.648520
 20
69.225033
 40
0.101600
 41
0.101600
 42
0.000000
  0
SEQEND
  0
POLYLINE
  8
PG_SILKSCREEN_TOP
 66
1
 70
0
 40
0.000000
 41
0.000000
 39
0.000000
  0
VERTEX
  8
PG_SILKSCREEN_TOP
 10
22.648520
 20
68.513833
 40
0.101600
 41
0.101600
 42
0.000000
  0
VERTEX
  8
PG_SILKSCREEN_TOP
 10
22.064320
 20
68.513833
 40
0.101600
 41
0.101600
 42
0.000000
  0
SEQEND
  0
POLYLINE
  8
PG_SILKSCREEN_TOP
 66
1
 70
0
 40
0.000000
 41
0.000000
 39
0.000000
  0
VERTEX
  8
PG_SILKSCREEN_TOP
 10
21.018525
 20
68.513833
 40
0.101600
 41
0.101600
 42
0.000000
  0
VERTEX
  8
PG_SILKSCREEN_TOP
 10
21.628125
 20
68.513833
 40
0.101600
 41
0.101600
 42
0.000000
  0
SEQEND
  0
POLYLINE
  8
PG_SILKSCREEN_TOP
 66
1
 70
0
 40
0.000000
 41
0.000000
 39
0.000000
  0
VERTEX
  8
PG_SILKSCREEN_TOP
 10
21.018525
 20
69.225033
 40
0.101600
 41
0.101600
 42
0.000000
  0
VERTEX
  8
PG_SILKSCREEN_TOP
 10
21.018525
 20
68.513833
 40
0.101600
 41
0.101600
 42
0.000000
  0
SEQEND
  0
POLYLINE
  8
PG_SILKSCREEN_TOP
 66
1
 70
0
 40
0.000000
 41
0.000000
 39
0.000000
  0
VERTEX
  8
PG_SILKSCREEN_TOP
 10
21.018525
 20
69.225033
 40
0.101600
 41
0.101600
 42
0.000000
  0
VERTEX
  8
PG_SILKSCREEN_TOP
 10
21.628125
 20
69.225033
 40
0.101600
 41
0.101600
 42
0.000000
  0
SEQEND
  0
POLYLINE
  8
PIN_TOP
 66
1
 70
1
 40
0.000000
 41
0.000000
 39
0.000000
  0
VERTEX
  8
PIN_TOP
 10
59.200669
 20
66.465933
 40
0.000000
 41
0.000000
 42
0.000000
  0
VERTEX
  8
PIN_TOP
 10
58.692669
 20
66.465933
 40
0.000000
 41
0.000000
 42
0.000000
  0
VERTEX
  8
PIN_TOP
 10
58.692669
 20
66.973933
 40
0.000000
 41
0.000000
 42
0.000000
  0
VERTEX
  8
PIN_TOP
 10
59.200669
 20
66.973933
 40
0.000000
 41
0.000000
 42
0.000000
  0
SEQEND
  0
POLYLINE
  8
PIN_TOP
 66
1
 70
1
 40
0.000000
 41
0.000000
 39
0.000000
  0
VERTEX
  8
PIN_TOP
 10
59.200669
 20
67.380333
 40
0.000000
 41
0.000000
 42
0.000000
  0
VERTEX
  8
PIN_TOP
 10
58.692669
 20
67.380333
 40
0.000000
 41
0.000000
 42
0.000000
  0
VERTEX
  8
PIN_TOP
 10
58.692669
 20
67.888333
 40
0.000000
 41
0.000000
 42
0.000000
  0
VERTEX
  8
PIN_TOP
 10
59.200669
 20
67.888333
 40
0.000000
 41
0.000000
 42
0.000000
  0
SEQEND
  0
POLYLINE
  8
PG_SILKSCREEN_TOP
 66
1
 70
0
 40
0.000000
 41
0.000000
 39
0.000000
  0
VERTEX
  8
PG_SILKSCREEN_TOP
 10
58.591069
 20
67.994352
 40
0.101600
 41
0.101600
 42
0.000000
  0
VERTEX
  8
PG_SILKSCREEN_TOP
 10
59.302269
 20
67.994352
 40
0.101600
 41
0.101600
 42
0.000000
  0
SEQEND
  0
POLYLINE
  8
PG_SILKSCREEN_TOP
 66
1
 70
0
 40
0.000000
 41
0.000000
 39
0.000000
  0
VERTEX
  8
PG_SILKSCREEN_TOP
 10
58.591069
 20
67.380333
 40
0.101600
 41
0.101600
 42
0.000000
  0
VERTEX
  8
PG_SILKSCREEN_TOP
 10
58.591069
 20
67.989933
 40
0.101600
 41
0.101600
 42
0.000000
  0
SEQEND
  0
POLYLINE
  8
PG_SILKSCREEN_TOP
 66
1
 70
0
 40
0.000000
 41
0.000000
 39
0.000000
  0
VERTEX
  8
PG_SILKSCREEN_TOP
 10
59.302269
 20
67.989933
 40
0.101600
 41
0.101600
 42
0.000000
  0
VERTEX
  8
PG_SILKSCREEN_TOP
 10
59.302269
 20
67.405733
 40
0.101600
 41
0.101600
 42
0.000000
  0
SEQEND
  0
POLYLINE
  8
PG_SILKSCREEN_TOP
 66
1
 70
0
 40
0.000000
 41
0.000000
 39
0.000000
  0
VERTEX
  8
PG_SILKSCREEN_TOP
 10
59.302269
 20
66.359938
 40
0.101600
 41
0.101600
 42
0.000000
  0
VERTEX
  8
PG_SILKSCREEN_TOP
 10
59.302269
 20
66.969538
 40
0.101600
 41
0.101600
 42
0.000000
  0
SEQEND
  0
POLYLINE
  8
PG_SILKSCREEN_TOP
 66
1
 70
0
 40
0.000000
 41
0.000000
 39
0.000000
  0
VERTEX
  8
PG_SILKSCREEN_TOP
 10
58.591069
 20
66.359938
 40
0.101600
 41
0.101600
 42
0.000000
  0
VERTEX
  8
PG_SILKSCREEN_TOP
 10
59.302269
 20
66.359938
 40
0.101600
 41
0.101600
 42
0.000000
  0
SEQEND
  0
POLYLINE
  8
PG_SILKSCREEN_TOP
 66
1
 70
0
 40
0.000000
 41
0.000000
 39
0.000000
  0
VERTEX
  8
PG_SILKSCREEN_TOP
 10
58.591069
 20
66.359938
 40
0.101600
 41
0.101600
 42
0.000000
  0
VERTEX
  8
PG_SILKSCREEN_TOP
 10
58.591069
 20
66.969538
 40
0.101600
 41
0.101600
 42
0.000000
  0
SEQEND
  0
POLYLINE
  8
PIN_TOP
 66
1
 70
1
 40
0.000000
 41
0.000000
 39
0.000000
  0
VERTEX
  8
PIN_TOP
 10
73.590531
 20
64.944727
 40
0.000000
 41
0.000000
 42
0.000000
  0
VERTEX
  8
PIN_TOP
 10
73.082531
 20
64.944727
 40
0.000000
 41
0.000000
 42
0.000000
  0
VERTEX
  8
PIN_TOP
 10
73.082531
 20
65.452727
 40
0.000000
 41
0.000000
 42
0.000000
  0
VERTEX
  8
PIN_TOP
 10
73.590531
 20
65.452727
 40
0.000000
 41
0.000000
 42
0.000000
  0
SEQEND
  0
POLYLINE
  8
PIN_TOP
 66
1
 70
1
 40
0.000000
 41
0.000000
 39
0.000000
  0
VERTEX
  8
PIN_TOP
 10
73.590531
 20
65.859127
 40
0.000000
 41
0.000000
 42
0.000000
  0
VERTEX
  8
PIN_TOP
 10
73.082531
 20
65.859127
 40
0.000000
 41
0.000000
 42
0.000000
  0
VERTEX
  8
PIN_TOP
 10
73.082531
 20
66.367127
 40
0.000000
 41
0.000000
 42
0.000000
  0
VERTEX
  8
PIN_TOP
 10
73.590531
 20
66.367127
 40
0.000000
 41
0.000000
 42
0.000000
  0
SEQEND
  0
POLYLINE
  8
PG_SILKSCREEN_TOP
 66
1
 70
0
 40
0.000000
 41
0.000000
 39
0.000000
  0
VERTEX
  8
PG_SILKSCREEN_TOP
 10
72.980931
 20
66.473146
 40
0.101600
 41
0.101600
 42
0.000000
  0
VERTEX
  8
PG_SILKSCREEN_TOP
 10
73.692131
 20
66.473146
 40
0.101600
 41
0.101600
 42
0.000000
  0
SEQEND
  0
POLYLINE
  8
PG_SILKSCREEN_TOP
 66
1
 70
0
 40
0.000000
 41
0.000000
 39
0.000000
  0
VERTEX
  8
PG_SILKSCREEN_TOP
 10
72.980931
 20
65.859127
 40
0.101600
 41
0.101600
 42
0.000000
  0
VERTEX
  8
PG_SILKSCREEN_TOP
 10
72.980931
 20
66.468727
 40
0.101600
 41
0.101600
 42
0.000000
  0
SEQEND
  0
POLYLINE
  8
PG_SILKSCREEN_TOP
 66
1
 70
0
 40
0.000000
 41
0.000000
 39
0.000000
  0
VERTEX
  8
PG_SILKSCREEN_TOP
 10
73.692131
 20
66.468727
 40
0.101600
 41
0.101600
 42
0.000000
  0
VERTEX
  8
PG_SILKSCREEN_TOP
 10
73.692131
 20
65.884527
 40
0.101600
 41
0.101600
 42
0.000000
  0
SEQEND
  0
POLYLINE
  8
PG_SILKSCREEN_TOP
 66
1
 70
0
 40
0.000000
 41
0.000000
 39
0.000000
  0
VERTEX
  8
PG_SILKSCREEN_TOP
 10
73.692131
 20
64.838732
 40
0.101600
 41
0.101600
 42
0.000000
  0
VERTEX
  8
PG_SILKSCREEN_TOP
 10
73.692131
 20
65.448332
 40
0.101600
 41
0.101600
 42
0.000000
  0
SEQEND
  0
POLYLINE
  8
PG_SILKSCREEN_TOP
 66
1
 70
0
 40
0.000000
 41
0.000000
 39
0.000000
  0
VERTEX
  8
PG_SILKSCREEN_TOP
 10
72.980931
 20
64.838732
 40
0.101600
 41
0.101600
 42
0.000000
  0
VERTEX
  8
PG_SILKSCREEN_TOP
 10
73.692131
 20
64.838732
 40
0.101600
 41
0.101600
 42
0.000000
  0
SEQEND
  0
POLYLINE
  8
PG_SILKSCREEN_TOP
 66
1
 70
0
 40
0.000000
 41
0.000000
 39
0.000000
  0
VERTEX
  8
PG_SILKSCREEN_TOP
 10
72.980931
 20
64.838732
 40
0.101600
 41
0.101600
 42
0.000000
  0
VERTEX
  8
PG_SILKSCREEN_TOP
 10
72.980931
 20
65.448332
 40
0.101600
 41
0.101600
 42
0.000000
  0
SEQEND
  0
POLYLINE
  8
PIN_TOP
 66
1
 70
1
 40
0.000000
 41
0.000000
 39
0.000000
  0
VERTEX
  8
PIN_TOP
 10
48.887278
 20
68.395418
 40
0.000000
 41
0.000000
 42
0.000000
  0
VERTEX
  8
PIN_TOP
 10
49.395278
 20
68.395418
 40
0.000000
 41
0.000000
 42
0.000000
  0
VERTEX
  8
PIN_TOP
 10
49.395278
 20
67.887418
 40
0.000000
 41
0.000000
 42
0.000000
  0
VERTEX
  8
PIN_TOP
 10
48.887278
 20
67.887418
 40
0.000000
 41
0.000000
 42
0.000000
  0
SEQEND
  0
POLYLINE
  8
PIN_TOP
 66
1
 70
1
 40
0.000000
 41
0.000000
 39
0.000000
  0
VERTEX
  8
PIN_TOP
 10
48.887278
 20
67.481018
 40
0.000000
 41
0.000000
 42
0.000000
  0
VERTEX
  8
PIN_TOP
 10
49.395278
 20
67.481018
 40
0.000000
 41
0.000000
 42
0.000000
  0
VERTEX
  8
PIN_TOP
 10
49.395278
 20
66.973018
 40
0.000000
 41
0.000000
 42
0.000000
  0
VERTEX
  8
PIN_TOP
 10
48.887278
 20
66.973018
 40
0.000000
 41
0.000000
 42
0.000000
  0
SEQEND
  0
POLYLINE
  8
PG_SILKSCREEN_TOP
 66
1
 70
0
 40
0.000000
 41
0.000000
 39
0.000000
  0
VERTEX
  8
PG_SILKSCREEN_TOP
 10
49.496878
 20
66.866999
 40
0.101600
 41
0.101600
 42
0.000000
  0
VERTEX
  8
PG_SILKSCREEN_TOP
 10
48.785678
 20
66.866999
 40
0.101600
 41
0.101600
 42
0.000000
  0
SEQEND
  0
POLYLINE
  8
PG_SILKSCREEN_TOP
 66
1
 70
0
 40
0.000000
 41
0.000000
 39
0.000000
  0
VERTEX
  8
PG_SILKSCREEN_TOP
 10
49.496878
 20
67.481018
 40
0.101600
 41
0.101600
 42
0.000000
  0
VERTEX
  8
PG_SILKSCREEN_TOP
 10
49.496878
 20
66.871418
 40
0.101600
 41
0.101600
 42
0.000000
  0
SEQEND
  0
POLYLINE
  8
PG_SILKSCREEN_TOP
 66
1
 70
0
 40
0.000000
 41
0.000000
 39
0.000000
  0
VERTEX
  8
PG_SILKSCREEN_TOP
 10
48.785678
 20
66.871418
 40
0.101600
 41
0.101600
 42
0.000000
  0
VERTEX
  8
PG_SILKSCREEN_TOP
 10
48.785678
 20
67.455618
 40
0.101600
 41
0.101600
 42
0.000000
  0
SEQEND
  0
POLYLINE
  8
PG_SILKSCREEN_TOP
 66
1
 70
0
 40
0.000000
 41
0.000000
 39
0.000000
  0
VERTEX
  8
PG_SILKSCREEN_TOP
 10
48.785678
 20
68.501412
 40
0.101600
 41
0.101600
 42
0.000000
  0
VERTEX
  8
PG_SILKSCREEN_TOP
 10
48.785678
 20
67.891812
 40
0.101600
 41
0.101600
 42
0.000000
  0
SEQEND
  0
POLYLINE
  8
PG_SILKSCREEN_TOP
 66
1
 70
0
 40
0.000000
 41
0.000000
 39
0.000000
  0
VERTEX
  8
PG_SILKSCREEN_TOP
 10
49.496878
 20
68.501412
 40
0.101600
 41
0.101600
 42
0.000000
  0
VERTEX
  8
PG_SILKSCREEN_TOP
 10
48.785678
 20
68.501412
 40
0.101600
 41
0.101600
 42
0.000000
  0
SEQEND
  0
POLYLINE
  8
PG_SILKSCREEN_TOP
 66
1
 70
0
 40
0.000000
 41
0.000000
 39
0.000000
  0
VERTEX
  8
PG_SILKSCREEN_TOP
 10
49.496878
 20
68.501412
 40
0.101600
 41
0.101600
 42
0.000000
  0
VERTEX
  8
PG_SILKSCREEN_TOP
 10
49.496878
 20
67.891812
 40
0.101600
 41
0.101600
 42
0.000000
  0
SEQEND
  0
POLYLINE
  8
PIN_TOP
 66
1
 70
1
 40
0.000000
 41
0.000000
 39
0.000000
  0
VERTEX
  8
PIN_TOP
 10
63.271552
 20
67.782770
 40
0.000000
 41
0.000000
 42
0.000000
  0
VERTEX
  8
PIN_TOP
 10
63.779552
 20
67.782770
 40
0.000000
 41
0.000000
 42
0.000000
  0
VERTEX
  8
PIN_TOP
 10
63.779552
 20
67.274770
 40
0.000000
 41
0.000000
 42
0.000000
  0
VERTEX
  8
PIN_TOP
 10
63.271552
 20
67.274770
 40
0.000000
 41
0.000000
 42
0.000000
  0
SEQEND
  0
POLYLINE
  8
PIN_TOP
 66
1
 70
1
 40
0.000000
 41
0.000000
 39
0.000000
  0
VERTEX
  8
PIN_TOP
 10
63.271552
 20
66.868370
 40
0.000000
 41
0.000000
 42
0.000000
  0
VERTEX
  8
PIN_TOP
 10
63.779552
 20
66.868370
 40
0.000000
 41
0.000000
 42
0.000000
  0
VERTEX
  8
PIN_TOP
 10
63.779552
 20
66.360370
 40
0.000000
 41
0.000000
 42
0.000000
  0
VERTEX
  8
PIN_TOP
 10
63.271552
 20
66.360370
 40
0.000000
 41
0.000000
 42
0.000000
  0
SEQEND
  0
POLYLINE
  8
PG_SILKSCREEN_TOP
 66
1
 70
0
 40
0.000000
 41
0.000000
 39
0.000000
  0
VERTEX
  8
PG_SILKSCREEN_TOP
 10
63.881152
 20
66.254351
 40
0.101600
 41
0.101600
 42
0.000000
  0
VERTEX
  8
PG_SILKSCREEN_TOP
 10
63.169952
 20
66.254351
 40
0.101600
 41
0.101600
 42
0.000000
  0
SEQEND
  0
POLYLINE
  8
PG_SILKSCREEN_TOP
 66
1
 70
0
 40
0.000000
 41
0.000000
 39
0.000000
  0
VERTEX
  8
PG_SILKSCREEN_TOP
 10
63.881152
 20
66.868370
 40
0.101600
 41
0.101600
 42
0.000000
  0
VERTEX
  8
PG_SILKSCREEN_TOP
 10
63.881152
 20
66.258770
 40
0.101600
 41
0.101600
 42
0.000000
  0
SEQEND
  0
POLYLINE
  8
PG_SILKSCREEN_TOP
 66
1
 70
0
 40
0.000000
 41
0.000000
 39
0.000000
  0
VERTEX
  8
PG_SILKSCREEN_TOP
 10
63.169952
 20
66.258770
 40
0.101600
 41
0.101600
 42
0.000000
  0
VERTEX
  8
PG_SILKSCREEN_TOP
 10
63.169952
 20
66.842970
 40
0.101600
 41
0.101600
 42
0.000000
  0
SEQEND
  0
POLYLINE
  8
PG_SILKSCREEN_TOP
 66
1
 70
0
 40
0.000000
 41
0.000000
 39
0.000000
  0
VERTEX
  8
PG_SILKSCREEN_TOP
 10
63.169952
 20
67.888764
 40
0.101600
 41
0.101600
 42
0.000000
  0
VERTEX
  8
PG_SILKSCREEN_TOP
 10
63.169952
 20
67.279164
 40
0.101600
 41
0.101600
 42
0.000000
  0
SEQEND
  0
POLYLINE
  8
PG_SILKSCREEN_TOP
 66
1
 70
0
 40
0.000000
 41
0.000000
 39
0.000000
  0
VERTEX
  8
PG_SILKSCREEN_TOP
 10
63.881152
 20
67.888764
 40
0.101600
 41
0.101600
 42
0.000000
  0
VERTEX
  8
PG_SILKSCREEN_TOP
 10
63.169952
 20
67.888764
 40
0.101600
 41
0.101600
 42
0.000000
  0
SEQEND
  0
POLYLINE
  8
PG_SILKSCREEN_TOP
 66
1
 70
0
 40
0.000000
 41
0.000000
 39
0.000000
  0
VERTEX
  8
PG_SILKSCREEN_TOP
 10
63.881152
 20
67.888764
 40
0.101600
 41
0.101600
 42
0.000000
  0
VERTEX
  8
PG_SILKSCREEN_TOP
 10
63.881152
 20
67.279164
 40
0.101600
 41
0.101600
 42
0.000000
  0
SEQEND
  0
POLYLINE
  8
PIN_TOP
 66
1
 70
1
 40
0.000000
 41
0.000000
 39
0.000000
  0
VERTEX
  8
PIN_TOP
 10
51.161391
 20
66.973018
 40
0.000000
 41
0.000000
 42
0.000000
  0
VERTEX
  8
PIN_TOP
 10
50.653391
 20
66.973018
 40
0.000000
 41
0.000000
 42
0.000000
  0
VERTEX
  8
PIN_TOP
 10
50.653391
 20
67.481018
 40
0.000000
 41
0.000000
 42
0.000000
  0
VERTEX
  8
PIN_TOP
 10
51.161391
 20
67.481018
 40
0.000000
 41
0.000000
 42
0.000000
  0
SEQEND
  0
POLYLINE
  8
PIN_TOP
 66
1
 70
1
 40
0.000000
 41
0.000000
 39
0.000000
  0
VERTEX
  8
PIN_TOP
 10
51.161391
 20
67.887418
 40
0.000000
 41
0.000000
 42
0.000000
  0
VERTEX
  8
PIN_TOP
 10
50.653391
 20
67.887418
 40
0.000000
 41
0.000000
 42
0.000000
  0
VERTEX
  8
PIN_TOP
 10
50.653391
 20
68.395418
 40
0.000000
 41
0.000000
 42
0.000000
  0
VERTEX
  8
PIN_TOP
 10
51.161391
 20
68.395418
 40
0.000000
 41
0.000000
 42
0.000000
  0
SEQEND
  0
POLYLINE
  8
PG_SILKSCREEN_TOP
 66
1
 70
0
 40
0.000000
 41
0.000000
 39
0.000000
  0
VERTEX
  8
PG_SILKSCREEN_TOP
 10
50.551791
 20
68.501438
 40
0.101600
 41
0.101600
 42
0.000000
  0
VERTEX
  8
PG_SILKSCREEN_TOP
 10
51.262991
 20
68.501438
 40
0.101600
 41
0.101600
 42
0.000000
  0
SEQEND
  0
POLYLINE
  8
PG_SILKSCREEN_TOP
 66
1
 70
0
 40
0.000000
 41
0.000000
 39
0.000000
  0
VERTEX
  8
PG_SILKSCREEN_TOP
 10
50.551791
 20
67.887418
 40
0.101600
 41
0.101600
 42
0.000000
  0
VERTEX
  8
PG_SILKSCREEN_TOP
 10
50.551791
 20
68.497018
 40
0.101600
 41
0.101600
 42
0.000000
  0
SEQEND
  0
POLYLINE
  8
PG_SILKSCREEN_TOP
 66
1
 70
0
 40
0.000000
 41
0.000000
 39
0.000000
  0
VERTEX
  8
PG_SILKSCREEN_TOP
 10
51.262991
 20
68.497018
 40
0.101600
 41
0.101600
 42
0.000000
  0
VERTEX
  8
PG_SILKSCREEN_TOP
 10
51.262991
 20
67.912818
 40
0.101600
 41
0.101600
 42
0.000000
  0
SEQEND
  0
POLYLINE
  8
PG_SILKSCREEN_TOP
 66
1
 70
0
 40
0.000000
 41
0.000000
 39
0.000000
  0
VERTEX
  8
PG_SILKSCREEN_TOP
 10
51.262991
 20
66.867024
 40
0.101600
 41
0.101600
 42
0.000000
  0
VERTEX
  8
PG_SILKSCREEN_TOP
 10
51.262991
 20
67.476649
 40
0.101600
 41
0.101600
 42
0.000000
  0
SEQEND
  0
POLYLINE
  8
PG_SILKSCREEN_TOP
 66
1
 70
0
 40
0.000000
 41
0.000000
 39
0.000000
  0
VERTEX
  8
PG_SILKSCREEN_TOP
 10
50.551791
 20
66.867024
 40
0.101600
 41
0.101600
 42
0.000000
  0
VERTEX
  8
PG_SILKSCREEN_TOP
 10
51.262991
 20
66.867024
 40
0.101600
 41
0.101600
 42
0.000000
  0
SEQEND
  0
POLYLINE
  8
PG_SILKSCREEN_TOP
 66
1
 70
0
 40
0.000000
 41
0.000000
 39
0.000000
  0
VERTEX
  8
PG_SILKSCREEN_TOP
 10
50.551791
 20
66.867024
 40
0.101600
 41
0.101600
 42
0.000000
  0
VERTEX
  8
PG_SILKSCREEN_TOP
 10
50.551791
 20
67.476649
 40
0.101600
 41
0.101600
 42
0.000000
  0
SEQEND
  0
POLYLINE
  8
PIN_TOP
 66
1
 70
1
 40
0.000000
 41
0.000000
 39
0.000000
  0
VERTEX
  8
PIN_TOP
 10
65.545665
 20
66.360370
 40
0.000000
 41
0.000000
 42
0.000000
  0
VERTEX
  8
PIN_TOP
 10
65.037665
 20
66.360370
 40
0.000000
 41
0.000000
 42
0.000000
  0
VERTEX
  8
PIN_TOP
 10
65.037665
 20
66.868370
 40
0.000000
 41
0.000000
 42
0.000000
  0
VERTEX
  8
PIN_TOP
 10
65.545665
 20
66.868370
 40
0.000000
 41
0.000000
 42
0.000000
  0
SEQEND
  0
POLYLINE
  8
PIN_TOP
 66
1
 70
1
 40
0.000000
 41
0.000000
 39
0.000000
  0
VERTEX
  8
PIN_TOP
 10
65.545665
 20
67.274770
 40
0.000000
 41
0.000000
 42
0.000000
  0
VERTEX
  8
PIN_TOP
 10
65.037665
 20
67.274770
 40
0.000000
 41
0.000000
 42
0.000000
  0
VERTEX
  8
PIN_TOP
 10
65.037665
 20
67.782770
 40
0.000000
 41
0.000000
 42
0.000000
  0
VERTEX
  8
PIN_TOP
 10
65.545665
 20
67.782770
 40
0.000000
 41
0.000000
 42
0.000000
  0
SEQEND
  0
POLYLINE
  8
PG_SILKSCREEN_TOP
 66
1
 70
0
 40
0.000000
 41
0.000000
 39
0.000000
  0
VERTEX
  8
PG_SILKSCREEN_TOP
 10
64.936065
 20
67.888790
 40
0.101600
 41
0.101600
 42
0.000000
  0
VERTEX
  8
PG_SILKSCREEN_TOP
 10
65.647265
 20
67.888790
 40
0.101600
 41
0.101600
 42
0.000000
  0
SEQEND
  0
POLYLINE
  8
PG_SILKSCREEN_TOP
 66
1
 70
0
 40
0.000000
 41
0.000000
 39
0.000000
  0
VERTEX
  8
PG_SILKSCREEN_TOP
 10
64.936065
 20
67.274770
 40
0.101600
 41
0.101600
 42
0.000000
  0
VERTEX
  8
PG_SILKSCREEN_TOP
 10
64.936065
 20
67.884370
 40
0.101600
 41
0.101600
 42
0.000000
  0
SEQEND
  0
POLYLINE
  8
PG_SILKSCREEN_TOP
 66
1
 70
0
 40
0.000000
 41
0.000000
 39
0.000000
  0
VERTEX
  8
PG_SILKSCREEN_TOP
 10
65.647265
 20
67.884370
 40
0.101600
 41
0.101600
 42
0.000000
  0
VERTEX
  8
PG_SILKSCREEN_TOP
 10
65.647265
 20
67.300170
 40
0.101600
 41
0.101600
 42
0.000000
  0
SEQEND
  0
POLYLINE
  8
PG_SILKSCREEN_TOP
 66
1
 70
0
 40
0.000000
 41
0.000000
 39
0.000000
  0
VERTEX
  8
PG_SILKSCREEN_TOP
 10
65.647265
 20
66.254376
 40
0.101600
 41
0.101600
 42
0.000000
  0
VERTEX
  8
PG_SILKSCREEN_TOP
 10
65.647265
 20
66.863976
 40
0.101600
 41
0.101600
 42
0.000000
  0
SEQEND
  0
POLYLINE
  8
PG_SILKSCREEN_TOP
 66
1
 70
0
 40
0.000000
 41
0.000000
 39
0.000000
  0
VERTEX
  8
PG_SILKSCREEN_TOP
 10
64.936065
 20
66.254376
 40
0.101600
 41
0.101600
 42
0.000000
  0
VERTEX
  8
PG_SILKSCREEN_TOP
 10
65.647265
 20
66.254376
 40
0.101600
 41
0.101600
 42
0.000000
  0
SEQEND
  0
POLYLINE
  8
PG_SILKSCREEN_TOP
 66
1
 70
0
 40
0.000000
 41
0.000000
 39
0.000000
  0
VERTEX
  8
PG_SILKSCREEN_TOP
 10
64.936065
 20
66.254376
 40
0.101600
 41
0.101600
 42
0.000000
  0
VERTEX
  8
PG_SILKSCREEN_TOP
 10
64.936065
 20
66.863976
 40
0.101600
 41
0.101600
 42
0.000000
  0
SEQEND
  0
POLYLINE
  8
PIN_TOP
 66
1
 70
1
 40
0.000000
 41
0.000000
 39
0.000000
  0
VERTEX
  8
PIN_TOP
 10
52.325143
 20
68.358537
 40
0.000000
 41
0.000000
 42
0.000000
  0
VERTEX
  8
PIN_TOP
 10
51.817143
 20
68.358537
 40
0.000000
 41
0.000000
 42
0.000000
  0
VERTEX
  8
PIN_TOP
 10
51.817143
 20
68.866537
 40
0.000000
 41
0.000000
 42
0.000000
  0
VERTEX
  8
PIN_TOP
 10
52.325143
 20
68.866537
 40
0.000000
 41
0.000000
 42
0.000000
  0
SEQEND
  0
POLYLINE
  8
PIN_TOP
 66
1
 70
1
 40
0.000000
 41
0.000000
 39
0.000000
  0
VERTEX
  8
PIN_TOP
 10
52.325143
 20
69.272937
 40
0.000000
 41
0.000000
 42
0.000000
  0
VERTEX
  8
PIN_TOP
 10
51.817143
 20
69.272937
 40
0.000000
 41
0.000000
 42
0.000000
  0
VERTEX
  8
PIN_TOP
 10
51.817143
 20
69.780937
 40
0.000000
 41
0.000000
 42
0.000000
  0
VERTEX
  8
PIN_TOP
 10
52.325143
 20
69.780937
 40
0.000000
 41
0.000000
 42
0.000000
  0
SEQEND
  0
POLYLINE
  8
PG_SILKSCREEN_TOP
 66
1
 70
0
 40
0.000000
 41
0.000000
 39
0.000000
  0
VERTEX
  8
PG_SILKSCREEN_TOP
 10
51.715543
 20
69.886957
 40
0.101600
 41
0.101600
 42
0.000000
  0
VERTEX
  8
PG_SILKSCREEN_TOP
 10
52.426743
 20
69.886957
 40
0.101600
 41
0.101600
 42
0.000000
  0
SEQEND
  0
POLYLINE
  8
PG_SILKSCREEN_TOP
 66
1
 70
0
 40
0.000000
 41
0.000000
 39
0.000000
  0
VERTEX
  8
PG_SILKSCREEN_TOP
 10
51.715543
 20
69.272937
 40
0.101600
 41
0.101600
 42
0.000000
  0
VERTEX
  8
PG_SILKSCREEN_TOP
 10
51.715543
 20
69.882537
 40
0.101600
 41
0.101600
 42
0.000000
  0
SEQEND
  0
POLYLINE
  8
PG_SILKSCREEN_TOP
 66
1
 70
0
 40
0.000000
 41
0.000000
 39
0.000000
  0
VERTEX
  8
PG_SILKSCREEN_TOP
 10
52.426743
 20
69.882537
 40
0.101600
 41
0.101600
 42
0.000000
  0
VERTEX
  8
PG_SILKSCREEN_TOP
 10
52.426743
 20
69.298337
 40
0.101600
 41
0.101600
 42
0.000000
  0
SEQEND
  0
POLYLINE
  8
PG_SILKSCREEN_TOP
 66
1
 70
0
 40
0.000000
 41
0.000000
 39
0.000000
  0
VERTEX
  8
PG_SILKSCREEN_TOP
 10
52.426743
 20
68.252543
 40
0.101600
 41
0.101600
 42
0.000000
  0
VERTEX
  8
PG_SILKSCREEN_TOP
 10
52.426743
 20
68.862143
 40
0.101600
 41
0.101600
 42
0.000000
  0
SEQEND
  0
POLYLINE
  8
PG_SILKSCREEN_TOP
 66
1
 70
0
 40
0.000000
 41
0.000000
 39
0.000000
  0
VERTEX
  8
PG_SILKSCREEN_TOP
 10
51.715543
 20
68.252543
 40
0.101600
 41
0.101600
 42
0.000000
  0
VERTEX
  8
PG_SILKSCREEN_TOP
 10
52.426743
 20
68.252543
 40
0.101600
 41
0.101600
 42
0.000000
  0
SEQEND
  0
POLYLINE
  8
PG_SILKSCREEN_TOP
 66
1
 70
0
 40
0.000000
 41
0.000000
 39
0.000000
  0
VERTEX
  8
PG_SILKSCREEN_TOP
 10
51.715543
 20
68.252543
 40
0.101600
 41
0.101600
 42
0.000000
  0
VERTEX
  8
PG_SILKSCREEN_TOP
 10
51.715543
 20
68.862143
 40
0.101600
 41
0.101600
 42
0.000000
  0
SEQEND
  0
POLYLINE
  8
PIN_TOP
 66
1
 70
1
 40
0.000000
 41
0.000000
 39
0.000000
  0
VERTEX
  8
PIN_TOP
 10
66.715005
 20
66.837331
 40
0.000000
 41
0.000000
 42
0.000000
  0
VERTEX
  8
PIN_TOP
 10
66.207005
 20
66.837331
 40
0.000000
 41
0.000000
 42
0.000000
  0
VERTEX
  8
PIN_TOP
 10
66.207005
 20
67.345331
 40
0.000000
 41
0.000000
 42
0.000000
  0
VERTEX
  8
PIN_TOP
 10
66.715005
 20
67.345331
 40
0.000000
 41
0.000000
 42
0.000000
  0
SEQEND
  0
POLYLINE
  8
PIN_TOP
 66
1
 70
1
 40
0.000000
 41
0.000000
 39
0.000000
  0
VERTEX
  8
PIN_TOP
 10
66.715005
 20
67.751731
 40
0.000000
 41
0.000000
 42
0.000000
  0
VERTEX
  8
PIN_TOP
 10
66.207005
 20
67.751731
 40
0.000000
 41
0.000000
 42
0.000000
  0
VERTEX
  8
PIN_TOP
 10
66.207005
 20
68.259731
 40
0.000000
 41
0.000000
 42
0.000000
  0
VERTEX
  8
PIN_TOP
 10
66.715005
 20
68.259731
 40
0.000000
 41
0.000000
 42
0.000000
  0
SEQEND
  0
POLYLINE
  8
PG_SILKSCREEN_TOP
 66
1
 70
0
 40
0.000000
 41
0.000000
 39
0.000000
  0
VERTEX
  8
PG_SILKSCREEN_TOP
 10
66.105405
 20
68.365751
 40
0.101600
 41
0.101600
 42
0.000000
  0
VERTEX
  8
PG_SILKSCREEN_TOP
 10
66.816605
 20
68.365751
 40
0.101600
 41
0.101600
 42
0.000000
  0
SEQEND
  0
POLYLINE
  8
PG_SILKSCREEN_TOP
 66
1
 70
0
 40
0.000000
 41
0.000000
 39
0.000000
  0
VERTEX
  8
PG_SILKSCREEN_TOP
 10
66.105405
 20
67.751731
 40
0.101600
 41
0.101600
 42
0.000000
  0
VERTEX
  8
PG_SILKSCREEN_TOP
 10
66.105405
 20
68.361331
 40
0.101600
 41
0.101600
 42
0.000000
  0
SEQEND
  0
POLYLINE
  8
PG_SILKSCREEN_TOP
 66
1
 70
0
 40
0.000000
 41
0.000000
 39
0.000000
  0
VERTEX
  8
PG_SILKSCREEN_TOP
 10
66.816605
 20
68.361331
 40
0.101600
 41
0.101600
 42
0.000000
  0
VERTEX
  8
PG_SILKSCREEN_TOP
 10
66.816605
 20
67.777131
 40
0.101600
 41
0.101600
 42
0.000000
  0
SEQEND
  0
POLYLINE
  8
PG_SILKSCREEN_TOP
 66
1
 70
0
 40
0.000000
 41
0.000000
 39
0.000000
  0
VERTEX
  8
PG_SILKSCREEN_TOP
 10
66.816605
 20
66.731337
 40
0.101600
 41
0.101600
 42
0.000000
  0
VERTEX
  8
PG_SILKSCREEN_TOP
 10
66.816605
 20
67.340937
 40
0.101600
 41
0.101600
 42
0.000000
  0
SEQEND
  0
POLYLINE
  8
PG_SILKSCREEN_TOP
 66
1
 70
0
 40
0.000000
 41
0.000000
 39
0.000000
  0
VERTEX
  8
PG_SILKSCREEN_TOP
 10
66.105405
 20
66.731337
 40
0.101600
 41
0.101600
 42
0.000000
  0
VERTEX
  8
PG_SILKSCREEN_TOP
 10
66.816605
 20
66.731337
 40
0.101600
 41
0.101600
 42
0.000000
  0
SEQEND
  0
POLYLINE
  8
PG_SILKSCREEN_TOP
 66
1
 70
0
 40
0.000000
 41
0.000000
 39
0.000000
  0
VERTEX
  8
PG_SILKSCREEN_TOP
 10
66.105405
 20
66.731337
 40
0.101600
 41
0.101600
 42
0.000000
  0
VERTEX
  8
PG_SILKSCREEN_TOP
 10
66.105405
 20
67.340937
 40
0.101600
 41
0.101600
 42
0.000000
  0
SEQEND
  0
POLYLINE
  8
PIN_TOP
 66
1
 70
1
 40
0.000000
 41
0.000000
 39
0.000000
  0
VERTEX
  8
PIN_TOP
 10
58.279157
 20
72.163407
 40
0.000000
 41
0.000000
 42
0.000000
  0
VERTEX
  8
PIN_TOP
 10
58.787157
 20
72.163407
 40
0.000000
 41
0.000000
 42
0.000000
  0
VERTEX
  8
PIN_TOP
 10
58.787157
 20
71.655407
 40
0.000000
 41
0.000000
 42
0.000000
  0
VERTEX
  8
PIN_TOP
 10
58.279157
 20
71.655407
 40
0.000000
 41
0.000000
 42
0.000000
  0
SEQEND
  0
POLYLINE
  8
PIN_TOP
 66
1
 70
1
 40
0.000000
 41
0.000000
 39
0.000000
  0
VERTEX
  8
PIN_TOP
 10
58.279157
 20
71.249007
 40
0.000000
 41
0.000000
 42
0.000000
  0
VERTEX
  8
PIN_TOP
 10
58.787157
 20
71.249007
 40
0.000000
 41
0.000000
 42
0.000000
  0
VERTEX
  8
PIN_TOP
 10
58.787157
 20
70.741007
 40
0.000000
 41
0.000000
 42
0.000000
  0
VERTEX
  8
PIN_TOP
 10
58.279157
 20
70.741007
 40
0.000000
 41
0.000000
 42
0.000000
  0
SEQEND
  0
POLYLINE
  8
PG_SILKSCREEN_TOP
 66
1
 70
0
 40
0.000000
 41
0.000000
 39
0.000000
  0
VERTEX
  8
PG_SILKSCREEN_TOP
 10
58.888757
 20
70.634987
 40
0.101600
 41
0.101600
 42
0.000000
  0
VERTEX
  8
PG_SILKSCREEN_TOP
 10
58.177557
 20
70.634987
 40
0.101600
 41
0.101600
 42
0.000000
  0
SEQEND
  0
POLYLINE
  8
PG_SILKSCREEN_TOP
 66
1
 70
0
 40
0.000000
 41
0.000000
 39
0.000000
  0
VERTEX
  8
PG_SILKSCREEN_TOP
 10
58.888757
 20
71.249007
 40
0.101600
 41
0.101600
 42
0.000000
  0
VERTEX
  8
PG_SILKSCREEN_TOP
 10
58.888757
 20
70.639407
 40
0.101600
 41
0.101600
 42
0.000000
  0
SEQEND
  0
POLYLINE
  8
PG_SILKSCREEN_TOP
 66
1
 70
0
 40
0.000000
 41
0.000000
 39
0.000000
  0
VERTEX
  8
PG_SILKSCREEN_TOP
 10
58.177557
 20
70.639407
 40
0.101600
 41
0.101600
 42
0.000000
  0
VERTEX
  8
PG_SILKSCREEN_TOP
 10
58.177557
 20
71.223607
 40
0.101600
 41
0.101600
 42
0.000000
  0
SEQEND
  0
POLYLINE
  8
PG_SILKSCREEN_TOP
 66
1
 70
0
 40
0.000000
 41
0.000000
 39
0.000000
  0
VERTEX
  8
PG_SILKSCREEN_TOP
 10
58.177557
 20
72.269401
 40
0.101600
 41
0.101600
 42
0.000000
  0
VERTEX
  8
PG_SILKSCREEN_TOP
 10
58.177557
 20
71.659801
 40
0.101600
 41
0.101600
 42
0.000000
  0
SEQEND
  0
POLYLINE
  8
PG_SILKSCREEN_TOP
 66
1
 70
0
 40
0.000000
 41
0.000000
 39
0.000000
  0
VERTEX
  8
PG_SILKSCREEN_TOP
 10
58.888757
 20
72.269401
 40
0.101600
 41
0.101600
 42
0.000000
  0
VERTEX
  8
PG_SILKSCREEN_TOP
 10
58.177557
 20
72.269401
 40
0.101600
 41
0.101600
 42
0.000000
  0
SEQEND
  0
POLYLINE
  8
PG_SILKSCREEN_TOP
 66
1
 70
0
 40
0.000000
 41
0.000000
 39
0.000000
  0
VERTEX
  8
PG_SILKSCREEN_TOP
 10
58.888757
 20
72.269401
 40
0.101600
 41
0.101600
 42
0.000000
  0
VERTEX
  8
PG_SILKSCREEN_TOP
 10
58.888757
 20
71.659801
 40
0.101600
 41
0.101600
 42
0.000000
  0
SEQEND
  0
POLYLINE
  8
PIN_TOP
 66
1
 70
1
 40
0.000000
 41
0.000000
 39
0.000000
  0
VERTEX
  8
PIN_TOP
 10
72.526271
 20
70.633565
 40
0.000000
 41
0.000000
 42
0.000000
  0
VERTEX
  8
PIN_TOP
 10
73.034271
 20
70.633565
 40
0.000000
 41
0.000000
 42
0.000000
  0
VERTEX
  8
PIN_TOP
 10
73.034271
 20
70.125565
 40
0.000000
 41
0.000000
 42
0.000000
  0
VERTEX
  8
PIN_TOP
 10
72.526271
 20
70.125565
 40
0.000000
 41
0.000000
 42
0.000000
  0
SEQEND
  0
POLYLINE
  8
PIN_TOP
 66
1
 70
1
 40
0.000000
 41
0.000000
 39
0.000000
  0
VERTEX
  8
PIN_TOP
 10
72.526271
 20
69.719165
 40
0.000000
 41
0.000000
 42
0.000000
  0
VERTEX
  8
PIN_TOP
 10
73.034271
 20
69.719165
 40
0.000000
 41
0.000000
 42
0.000000
  0
VERTEX
  8
PIN_TOP
 10
73.034271
 20
69.211165
 40
0.000000
 41
0.000000
 42
0.000000
  0
VERTEX
  8
PIN_TOP
 10
72.526271
 20
69.211165
 40
0.000000
 41
0.000000
 42
0.000000
  0
SEQEND
  0
POLYLINE
  8
PG_SILKSCREEN_TOP
 66
1
 70
0
 40
0.000000
 41
0.000000
 39
0.000000
  0
VERTEX
  8
PG_SILKSCREEN_TOP
 10
73.135871
 20
69.105145
 40
0.101600
 41
0.101600
 42
0.000000
  0
VERTEX
  8
PG_SILKSCREEN_TOP
 10
72.424671
 20
69.105145
 40
0.101600
 41
0.101600
 42
0.000000
  0
SEQEND
  0
POLYLINE
  8
PG_SILKSCREEN_TOP
 66
1
 70
0
 40
0.000000
 41
0.000000
 39
0.000000
  0
VERTEX
  8
PG_SILKSCREEN_TOP
 10
73.135871
 20
69.719165
 40
0.101600
 41
0.101600
 42
0.000000
  0
VERTEX
  8
PG_SILKSCREEN_TOP
 10
73.135871
 20
69.109565
 40
0.101600
 41
0.101600
 42
0.000000
  0
SEQEND
  0
POLYLINE
  8
PG_SILKSCREEN_TOP
 66
1
 70
0
 40
0.000000
 41
0.000000
 39
0.000000
  0
VERTEX
  8
PG_SILKSCREEN_TOP
 10
72.424671
 20
69.109565
 40
0.101600
 41
0.101600
 42
0.000000
  0
VERTEX
  8
PG_SILKSCREEN_TOP
 10
72.424671
 20
69.693765
 40
0.101600
 41
0.101600
 42
0.000000
  0
SEQEND
  0
POLYLINE
  8
PG_SILKSCREEN_TOP
 66
1
 70
0
 40
0.000000
 41
0.000000
 39
0.000000
  0
VERTEX
  8
PG_SILKSCREEN_TOP
 10
72.424671
 20
70.739559
 40
0.101600
 41
0.101600
 42
0.000000
  0
VERTEX
  8
PG_SILKSCREEN_TOP
 10
72.424671
 20
70.129959
 40
0.101600
 41
0.101600
 42
0.000000
  0
SEQEND
  0
POLYLINE
  8
PG_SILKSCREEN_TOP
 66
1
 70
0
 40
0.000000
 41
0.000000
 39
0.000000
  0
VERTEX
  8
PG_SILKSCREEN_TOP
 10
73.135871
 20
70.739559
 40
0.101600
 41
0.101600
 42
0.000000
  0
VERTEX
  8
PG_SILKSCREEN_TOP
 10
72.424671
 20
70.739559
 40
0.101600
 41
0.101600
 42
0.000000
  0
SEQEND
  0
POLYLINE
  8
PG_SILKSCREEN_TOP
 66
1
 70
0
 40
0.000000
 41
0.000000
 39
0.000000
  0
VERTEX
  8
PG_SILKSCREEN_TOP
 10
73.135871
 20
70.739559
 40
0.101600
 41
0.101600
 42
0.000000
  0
VERTEX
  8
PG_SILKSCREEN_TOP
 10
73.135871
 20
70.129959
 40
0.101600
 41
0.101600
 42
0.000000
  0
SEQEND
  0
POLYLINE
  8
PIN_TOP
 66
1
 70
1
 40
0.000000
 41
0.000000
 39
0.000000
  0
VERTEX
  8
PIN_TOP
 10
17.272787
 20
50.246153
 40
0.000000
 41
0.000000
 42
0.000000
  0
VERTEX
  8
PIN_TOP
 10
17.272787
 20
50.754153
 40
0.000000
 41
0.000000
 42
0.000000
  0
VERTEX
  8
PIN_TOP
 10
17.780787
 20
50.754153
 40
0.000000
 41
0.000000
 42
0.000000
  0
VERTEX
  8
PIN_TOP
 10
17.780787
 20
50.246153
 40
0.000000
 41
0.000000
 42
0.000000
  0
SEQEND
  0
POLYLINE
  8
PIN_TOP
 66
1
 70
1
 40
0.000000
 41
0.000000
 39
0.000000
  0
VERTEX
  8
PIN_TOP
 10
18.187187
 20
50.246153
 40
0.000000
 41
0.000000
 42
0.000000
  0
VERTEX
  8
PIN_TOP
 10
18.187187
 20
50.754153
 40
0.000000
 41
0.000000
 42
0.000000
  0
VERTEX
  8
PIN_TOP
 10
18.695187
 20
50.754153
 40
0.000000
 41
0.000000
 42
0.000000
  0
VERTEX
  8
PIN_TOP
 10
18.695187
 20
50.246153
 40
0.000000
 41
0.000000
 42
0.000000
  0
SEQEND
  0
POLYLINE
  8
PG_SILKSCREEN_TOP
 66
1
 70
0
 40
0.000000
 41
0.000000
 39
0.000000
  0
VERTEX
  8
PG_SILKSCREEN_TOP
 10
18.801207
 20
50.855753
 40
0.101600
 41
0.101600
 42
0.000000
  0
VERTEX
  8
PG_SILKSCREEN_TOP
 10
18.801207
 20
50.144553
 40
0.101600
 41
0.101600
 42
0.000000
  0
SEQEND
  0
POLYLINE
  8
PG_SILKSCREEN_TOP
 66
1
 70
0
 40
0.000000
 41
0.000000
 39
0.000000
  0
VERTEX
  8
PG_SILKSCREEN_TOP
 10
18.187187
 20
50.855753
 40
0.101600
 41
0.101600
 42
0.000000
  0
VERTEX
  8
PG_SILKSCREEN_TOP
 10
18.796787
 20
50.855753
 40
0.101600
 41
0.101600
 42
0.000000
  0
SEQEND
  0
POLYLINE
  8
PG_SILKSCREEN_TOP
 66
1
 70
0
 40
0.000000
 41
0.000000
 39
0.000000
  0
VERTEX
  8
PG_SILKSCREEN_TOP
 10
18.796787
 20
50.144553
 40
0.101600
 41
0.101600
 42
0.000000
  0
VERTEX
  8
PG_SILKSCREEN_TOP
 10
18.212587
 20
50.144553
 40
0.101600
 41
0.101600
 42
0.000000
  0
SEQEND
  0
POLYLINE
  8
PG_SILKSCREEN_TOP
 66
1
 70
0
 40
0.000000
 41
0.000000
 39
0.000000
  0
VERTEX
  8
PG_SILKSCREEN_TOP
 10
17.166793
 20
50.144553
 40
0.101600
 41
0.101600
 42
0.000000
  0
VERTEX
  8
PG_SILKSCREEN_TOP
 10
17.776393
 20
50.144553
 40
0.101600
 41
0.101600
 42
0.000000
  0
SEQEND
  0
POLYLINE
  8
PG_SILKSCREEN_TOP
 66
1
 70
0
 40
0.000000
 41
0.000000
 39
0.000000
  0
VERTEX
  8
PG_SILKSCREEN_TOP
 10
17.166793
 20
50.855753
 40
0.101600
 41
0.101600
 42
0.000000
  0
VERTEX
  8
PG_SILKSCREEN_TOP
 10
17.166793
 20
50.144553
 40
0.101600
 41
0.101600
 42
0.000000
  0
SEQEND
  0
POLYLINE
  8
PG_SILKSCREEN_TOP
 66
1
 70
0
 40
0.000000
 41
0.000000
 39
0.000000
  0
VERTEX
  8
PG_SILKSCREEN_TOP
 10
17.166793
 20
50.855753
 40
0.101600
 41
0.101600
 42
0.000000
  0
VERTEX
  8
PG_SILKSCREEN_TOP
 10
17.776393
 20
50.855753
 40
0.101600
 41
0.101600
 42
0.000000
  0
SEQEND
  0
POLYLINE
  8
PIN_TOP
 66
1
 70
1
 40
0.000000
 41
0.000000
 39
0.000000
  0
VERTEX
  8
PIN_TOP
 10
69.776619
 20
55.644415
 40
0.000000
 41
0.000000
 42
0.000000
  0
VERTEX
  8
PIN_TOP
 10
69.776619
 20
56.152415
 40
0.000000
 41
0.000000
 42
0.000000
  0
VERTEX
  8
PIN_TOP
 10
70.284619
 20
56.152415
 40
0.000000
 41
0.000000
 42
0.000000
  0
VERTEX
  8
PIN_TOP
 10
70.284619
 20
55.644415
 40
0.000000
 41
0.000000
 42
0.000000
  0
SEQEND
  0
POLYLINE
  8
PIN_TOP
 66
1
 70
1
 40
0.000000
 41
0.000000
 39
0.000000
  0
VERTEX
  8
PIN_TOP
 10
70.691019
 20
55.644415
 40
0.000000
 41
0.000000
 42
0.000000
  0
VERTEX
  8
PIN_TOP
 10
70.691019
 20
56.152415
 40
0.000000
 41
0.000000
 42
0.000000
  0
VERTEX
  8
PIN_TOP
 10
71.199019
 20
56.152415
 40
0.000000
 41
0.000000
 42
0.000000
  0
VERTEX
  8
PIN_TOP
 10
71.199019
 20
55.644415
 40
0.000000
 41
0.000000
 42
0.000000
  0
SEQEND
  0
POLYLINE
  8
PG_SILKSCREEN_TOP
 66
1
 70
0
 40
0.000000
 41
0.000000
 39
0.000000
  0
VERTEX
  8
PG_SILKSCREEN_TOP
 10
71.305039
 20
56.254015
 40
0.101600
 41
0.101600
 42
0.000000
  0
VERTEX
  8
PG_SILKSCREEN_TOP
 10
71.305039
 20
55.542815
 40
0.101600
 41
0.101600
 42
0.000000
  0
SEQEND
  0
POLYLINE
  8
PG_SILKSCREEN_TOP
 66
1
 70
0
 40
0.000000
 41
0.000000
 39
0.000000
  0
VERTEX
  8
PG_SILKSCREEN_TOP
 10
70.691019
 20
56.254015
 40
0.101600
 41
0.101600
 42
0.000000
  0
VERTEX
  8
PG_SILKSCREEN_TOP
 10
71.300619
 20
56.254015
 40
0.101600
 41
0.101600
 42
0.000000
  0
SEQEND
  0
POLYLINE
  8
PG_SILKSCREEN_TOP
 66
1
 70
0
 40
0.000000
 41
0.000000
 39
0.000000
  0
VERTEX
  8
PG_SILKSCREEN_TOP
 10
71.300619
 20
55.542815
 40
0.101600
 41
0.101600
 42
0.000000
  0
VERTEX
  8
PG_SILKSCREEN_TOP
 10
70.716419
 20
55.542815
 40
0.101600
 41
0.101600
 42
0.000000
  0
SEQEND
  0
POLYLINE
  8
PG_SILKSCREEN_TOP
 66
1
 70
0
 40
0.000000
 41
0.000000
 39
0.000000
  0
VERTEX
  8
PG_SILKSCREEN_TOP
 10
69.670625
 20
55.542815
 40
0.101600
 41
0.101600
 42
0.000000
  0
VERTEX
  8
PG_SILKSCREEN_TOP
 10
70.280225
 20
55.542815
 40
0.101600
 41
0.101600
 42
0.000000
  0
SEQEND
  0
POLYLINE
  8
PG_SILKSCREEN_TOP
 66
1
 70
0
 40
0.000000
 41
0.000000
 39
0.000000
  0
VERTEX
  8
PG_SILKSCREEN_TOP
 10
69.670625
 20
56.254015
 40
0.101600
 41
0.101600
 42
0.000000
  0
VERTEX
  8
PG_SILKSCREEN_TOP
 10
69.670625
 20
55.542815
 40
0.101600
 41
0.101600
 42
0.000000
  0
SEQEND
  0
POLYLINE
  8
PG_SILKSCREEN_TOP
 66
1
 70
0
 40
0.000000
 41
0.000000
 39
0.000000
  0
VERTEX
  8
PG_SILKSCREEN_TOP
 10
69.670625
 20
56.254015
 40
0.101600
 41
0.101600
 42
0.000000
  0
VERTEX
  8
PG_SILKSCREEN_TOP
 10
70.280225
 20
56.254015
 40
0.101600
 41
0.101600
 42
0.000000
  0
SEQEND
  0
POLYLINE
  8
PIN_TOP
 66
1
 70
1
 40
0.000000
 41
0.000000
 39
0.000000
  0
VERTEX
  8
PIN_TOP
 10
71.522209
 20
43.855411
 40
0.000000
 41
0.000000
 42
0.000000
  0
VERTEX
  8
PIN_TOP
 10
71.014209
 20
43.855411
 40
0.000000
 41
0.000000
 42
0.000000
  0
VERTEX
  8
PIN_TOP
 10
71.014209
 20
44.363411
 40
0.000000
 41
0.000000
 42
0.000000
  0
VERTEX
  8
PIN_TOP
 10
71.522209
 20
44.363411
 40
0.000000
 41
0.000000
 42
0.000000
  0
SEQEND
  0
POLYLINE
  8
PIN_TOP
 66
1
 70
1
 40
0.000000
 41
0.000000
 39
0.000000
  0
VERTEX
  8
PIN_TOP
 10
71.522209
 20
44.769811
 40
0.000000
 41
0.000000
 42
0.000000
  0
VERTEX
  8
PIN_TOP
 10
71.014209
 20
44.769811
 40
0.000000
 41
0.000000
 42
0.000000
  0
VERTEX
  8
PIN_TOP
 10
71.014209
 20
45.277811
 40
0.000000
 41
0.000000
 42
0.000000
  0
VERTEX
  8
PIN_TOP
 10
71.522209
 20
45.277811
 40
0.000000
 41
0.000000
 42
0.000000
  0
SEQEND
  0
POLYLINE
  8
PG_SILKSCREEN_TOP
 66
1
 70
0
 40
0.000000
 41
0.000000
 39
0.000000
  0
VERTEX
  8
PG_SILKSCREEN_TOP
 10
70.912609
 20
45.383831
 40
0.101600
 41
0.101600
 42
0.000000
  0
VERTEX
  8
PG_SILKSCREEN_TOP
 10
71.623809
 20
45.383831
 40
0.101600
 41
0.101600
 42
0.000000
  0
SEQEND
  0
POLYLINE
  8
PG_SILKSCREEN_TOP
 66
1
 70
0
 40
0.000000
 41
0.000000
 39
0.000000
  0
VERTEX
  8
PG_SILKSCREEN_TOP
 10
70.912609
 20
44.769811
 40
0.101600
 41
0.101600
 42
0.000000
  0
VERTEX
  8
PG_SILKSCREEN_TOP
 10
70.912609
 20
45.379411
 40
0.101600
 41
0.101600
 42
0.000000
  0
SEQEND
  0
POLYLINE
  8
PG_SILKSCREEN_TOP
 66
1
 70
0
 40
0.000000
 41
0.000000
 39
0.000000
  0
VERTEX
  8
PG_SILKSCREEN_TOP
 10
71.623809
 20
45.379411
 40
0.101600
 41
0.101600
 42
0.000000
  0
VERTEX
  8
PG_SILKSCREEN_TOP
 10
71.623809
 20
44.795211
 40
0.101600
 41
0.101600
 42
0.000000
  0
SEQEND
  0
POLYLINE
  8
PG_SILKSCREEN_TOP
 66
1
 70
0
 40
0.000000
 41
0.000000
 39
0.000000
  0
VERTEX
  8
PG_SILKSCREEN_TOP
 10
71.623809
 20
43.749417
 40
0.101600
 41
0.101600
 42
0.000000
  0
VERTEX
  8
PG_SILKSCREEN_TOP
 10
71.623809
 20
44.359017
 40
0.101600
 41
0.101600
 42
0.000000
  0
SEQEND
  0
POLYLINE
  8
PG_SILKSCREEN_TOP
 66
1
 70
0
 40
0.000000
 41
0.000000
 39
0.000000
  0
VERTEX
  8
PG_SILKSCREEN_TOP
 10
70.912609
 20
43.749417
 40
0.101600
 41
0.101600
 42
0.000000
  0
VERTEX
  8
PG_SILKSCREEN_TOP
 10
71.623809
 20
43.749417
 40
0.101600
 41
0.101600
 42
0.000000
  0
SEQEND
  0
POLYLINE
  8
PG_SILKSCREEN_TOP
 66
1
 70
0
 40
0.000000
 41
0.000000
 39
0.000000
  0
VERTEX
  8
PG_SILKSCREEN_TOP
 10
70.912609
 20
43.749417
 40
0.101600
 41
0.101600
 42
0.000000
  0
VERTEX
  8
PG_SILKSCREEN_TOP
 10
70.912609
 20
44.359017
 40
0.101600
 41
0.101600
 42
0.000000
  0
SEQEND
  0
POLYLINE
  8
PIN_TOP
 66
1
 70
1
 40
0.000000
 41
0.000000
 39
0.000000
  0
VERTEX
  8
PIN_TOP
 10
5.482463
 20
39.423061
 40
0.000000
 41
0.000000
 42
0.000000
  0
VERTEX
  8
PIN_TOP
 10
5.990463
 20
39.423061
 40
0.000000
 41
0.000000
 42
0.000000
  0
VERTEX
  8
PIN_TOP
 10
5.990463
 20
38.915061
 40
0.000000
 41
0.000000
 42
0.000000
  0
VERTEX
  8
PIN_TOP
 10
5.482463
 20
38.915061
 40
0.000000
 41
0.000000
 42
0.000000
  0
SEQEND
  0
POLYLINE
  8
PIN_TOP
 66
1
 70
1
 40
0.000000
 41
0.000000
 39
0.000000
  0
VERTEX
  8
PIN_TOP
 10
5.482463
 20
38.508661
 40
0.000000
 41
0.000000
 42
0.000000
  0
VERTEX
  8
PIN_TOP
 10
5.990463
 20
38.508661
 40
0.000000
 41
0.000000
 42
0.000000
  0
VERTEX
  8
PIN_TOP
 10
5.990463
 20
38.000661
 40
0.000000
 41
0.000000
 42
0.000000
  0
VERTEX
  8
PIN_TOP
 10
5.482463
 20
38.000661
 40
0.000000
 41
0.000000
 42
0.000000
  0
SEQEND
  0
POLYLINE
  8
PG_SILKSCREEN_TOP
 66
1
 70
0
 40
0.000000
 41
0.000000
 39
0.000000
  0
VERTEX
  8
PG_SILKSCREEN_TOP
 10
6.092063
 20
37.894641
 40
0.101600
 41
0.101600
 42
0.000000
  0
VERTEX
  8
PG_SILKSCREEN_TOP
 10
5.380863
 20
37.894641
 40
0.101600
 41
0.101600
 42
0.000000
  0
SEQEND
  0
POLYLINE
  8
PG_SILKSCREEN_TOP
 66
1
 70
0
 40
0.000000
 41
0.000000
 39
0.000000
  0
VERTEX
  8
PG_SILKSCREEN_TOP
 10
6.092063
 20
38.508661
 40
0.101600
 41
0.101600
 42
0.000000
  0
VERTEX
  8
PG_SILKSCREEN_TOP
 10
6.092063
 20
37.899061
 40
0.101600
 41
0.101600
 42
0.000000
  0
SEQEND
  0
POLYLINE
  8
PG_SILKSCREEN_TOP
 66
1
 70
0
 40
0.000000
 41
0.000000
 39
0.000000
  0
VERTEX
  8
PG_SILKSCREEN_TOP
 10
5.380863
 20
37.899061
 40
0.101600
 41
0.101600
 42
0.000000
  0
VERTEX
  8
PG_SILKSCREEN_TOP
 10
5.380863
 20
38.483261
 40
0.101600
 41
0.101600
 42
0.000000
  0
SEQEND
  0
POLYLINE
  8
PG_SILKSCREEN_TOP
 66
1
 70
0
 40
0.000000
 41
0.000000
 39
0.000000
  0
VERTEX
  8
PG_SILKSCREEN_TOP
 10
5.380863
 20
39.529055
 40
0.101600
 41
0.101600
 42
0.000000
  0
VERTEX
  8
PG_SILKSCREEN_TOP
 10
5.380863
 20
38.919455
 40
0.101600
 41
0.101600
 42
0.000000
  0
SEQEND
  0
POLYLINE
  8
PG_SILKSCREEN_TOP
 66
1
 70
0
 40
0.000000
 41
0.000000
 39
0.000000
  0
VERTEX
  8
PG_SILKSCREEN_TOP
 10
6.092063
 20
39.529055
 40
0.101600
 41
0.101600
 42
0.000000
  0
VERTEX
  8
PG_SILKSCREEN_TOP
 10
5.380863
 20
39.529055
 40
0.101600
 41
0.101600
 42
0.000000
  0
SEQEND
  0
POLYLINE
  8
PG_SILKSCREEN_TOP
 66
1
 70
0
 40
0.000000
 41
0.000000
 39
0.000000
  0
VERTEX
  8
PG_SILKSCREEN_TOP
 10
6.092063
 20
39.529055
 40
0.101600
 41
0.101600
 42
0.000000
  0
VERTEX
  8
PG_SILKSCREEN_TOP
 10
6.092063
 20
38.919455
 40
0.101600
 41
0.101600
 42
0.000000
  0
SEQEND
  0
POLYLINE
  8
PIN_TOP
 66
1
 70
1
 40
0.000000
 41
0.000000
 39
0.000000
  0
VERTEX
  8
PIN_TOP
 10
67.291052
 20
48.276027
 40
0.000000
 41
0.000000
 42
0.000000
  0
VERTEX
  8
PIN_TOP
 10
66.783052
 20
48.276027
 40
0.000000
 41
0.000000
 42
0.000000
  0
VERTEX
  8
PIN_TOP
 10
66.783052
 20
48.784027
 40
0.000000
 41
0.000000
 42
0.000000
  0
VERTEX
  8
PIN_TOP
 10
67.291052
 20
48.784027
 40
0.000000
 41
0.000000
 42
0.000000
  0
SEQEND
  0
POLYLINE
  8
PIN_TOP
 66
1
 70
1
 40
0.000000
 41
0.000000
 39
0.000000
  0
VERTEX
  8
PIN_TOP
 10
67.291052
 20
49.190427
 40
0.000000
 41
0.000000
 42
0.000000
  0
VERTEX
  8
PIN_TOP
 10
66.783052
 20
49.190427
 40
0.000000
 41
0.000000
 42
0.000000
  0
VERTEX
  8
PIN_TOP
 10
66.783052
 20
49.698427
 40
0.000000
 41
0.000000
 42
0.000000
  0
VERTEX
  8
PIN_TOP
 10
67.291052
 20
49.698427
 40
0.000000
 41
0.000000
 42
0.000000
  0
SEQEND
  0
POLYLINE
  8
PG_SILKSCREEN_TOP
 66
1
 70
0
 40
0.000000
 41
0.000000
 39
0.000000
  0
VERTEX
  8
PG_SILKSCREEN_TOP
 10
66.681452
 20
49.804447
 40
0.101600
 41
0.101600
 42
0.000000
  0
VERTEX
  8
PG_SILKSCREEN_TOP
 10
67.392652
 20
49.804447
 40
0.101600
 41
0.101600
 42
0.000000
  0
SEQEND
  0
POLYLINE
  8
PG_SILKSCREEN_TOP
 66
1
 70
0
 40
0.000000
 41
0.000000
 39
0.000000
  0
VERTEX
  8
PG_SILKSCREEN_TOP
 10
66.681452
 20
49.190427
 40
0.101600
 41
0.101600
 42
0.000000
  0
VERTEX
  8
PG_SILKSCREEN_TOP
 10
66.681452
 20
49.800027
 40
0.101600
 41
0.101600
 42
0.000000
  0
SEQEND
  0
POLYLINE
  8
PG_SILKSCREEN_TOP
 66
1
 70
0
 40
0.000000
 41
0.000000
 39
0.000000
  0
VERTEX
  8
PG_SILKSCREEN_TOP
 10
67.392652
 20
49.800027
 40
0.101600
 41
0.101600
 42
0.000000
  0
VERTEX
  8
PG_SILKSCREEN_TOP
 10
67.392652
 20
49.215827
 40
0.101600
 41
0.101600
 42
0.000000
  0
SEQEND
  0
POLYLINE
  8
PG_SILKSCREEN_TOP
 66
1
 70
0
 40
0.000000
 41
0.000000
 39
0.000000
  0
VERTEX
  8
PG_SILKSCREEN_TOP
 10
67.392652
 20
48.170033
 40
0.101600
 41
0.101600
 42
0.000000
  0
VERTEX
  8
PG_SILKSCREEN_TOP
 10
67.392652
 20
48.779633
 40
0.101600
 41
0.101600
 42
0.000000
  0
SEQEND
  0
POLYLINE
  8
PG_SILKSCREEN_TOP
 66
1
 70
0
 40
0.000000
 41
0.000000
 39
0.000000
  0
VERTEX
  8
PG_SILKSCREEN_TOP
 10
66.681452
 20
48.170033
 40
0.101600
 41
0.101600
 42
0.000000
  0
VERTEX
  8
PG_SILKSCREEN_TOP
 10
67.392652
 20
48.170033
 40
0.101600
 41
0.101600
 42
0.000000
  0
SEQEND
  0
POLYLINE
  8
PG_SILKSCREEN_TOP
 66
1
 70
0
 40
0.000000
 41
0.000000
 39
0.000000
  0
VERTEX
  8
PG_SILKSCREEN_TOP
 10
66.681452
 20
48.170033
 40
0.101600
 41
0.101600
 42
0.000000
  0
VERTEX
  8
PG_SILKSCREEN_TOP
 10
66.681452
 20
48.779633
 40
0.101600
 41
0.101600
 42
0.000000
  0
SEQEND
  0
POLYLINE
  8
PIN_TOP
 66
1
 70
1
 40
0.000000
 41
0.000000
 39
0.000000
  0
VERTEX
  8
PIN_TOP
 10
15.898139
 20
44.764096
 40
0.000000
 41
0.000000
 42
0.000000
  0
VERTEX
  8
PIN_TOP
 10
15.898139
 20
45.272096
 40
0.000000
 41
0.000000
 42
0.000000
  0
VERTEX
  8
PIN_TOP
 10
16.406139
 20
45.272096
 40
0.000000
 41
0.000000
 42
0.000000
  0
VERTEX
  8
PIN_TOP
 10
16.406139
 20
44.764096
 40
0.000000
 41
0.000000
 42
0.000000
  0
SEQEND
  0
POLYLINE
  8
PIN_TOP
 66
1
 70
1
 40
0.000000
 41
0.000000
 39
0.000000
  0
VERTEX
  8
PIN_TOP
 10
16.812539
 20
44.764096
 40
0.000000
 41
0.000000
 42
0.000000
  0
VERTEX
  8
PIN_TOP
 10
16.812539
 20
45.272096
 40
0.000000
 41
0.000000
 42
0.000000
  0
VERTEX
  8
PIN_TOP
 10
17.320539
 20
45.272096
 40
0.000000
 41
0.000000
 42
0.000000
  0
VERTEX
  8
PIN_TOP
 10
17.320539
 20
44.764096
 40
0.000000
 41
0.000000
 42
0.000000
  0
SEQEND
  0
POLYLINE
  8
PG_SILKSCREEN_TOP
 66
1
 70
0
 40
0.000000
 41
0.000000
 39
0.000000
  0
VERTEX
  8
PG_SILKSCREEN_TOP
 10
17.426559
 20
45.373696
 40
0.101600
 41
0.101600
 42
0.000000
  0
VERTEX
  8
PG_SILKSCREEN_TOP
 10
17.426559
 20
44.662496
 40
0.101600
 41
0.101600
 42
0.000000
  0
SEQEND
  0
POLYLINE
  8
PG_SILKSCREEN_TOP
 66
1
 70
0
 40
0.000000
 41
0.000000
 39
0.000000
  0
VERTEX
  8
PG_SILKSCREEN_TOP
 10
16.812539
 20
45.373696
 40
0.101600
 41
0.101600
 42
0.000000
  0
VERTEX
  8
PG_SILKSCREEN_TOP
 10
17.422139
 20
45.373696
 40
0.101600
 41
0.101600
 42
0.000000
  0
SEQEND
  0
POLYLINE
  8
PG_SILKSCREEN_TOP
 66
1
 70
0
 40
0.000000
 41
0.000000
 39
0.000000
  0
VERTEX
  8
PG_SILKSCREEN_TOP
 10
17.422139
 20
44.662496
 40
0.101600
 41
0.101600
 42
0.000000
  0
VERTEX
  8
PG_SILKSCREEN_TOP
 10
16.837939
 20
44.662496
 40
0.101600
 41
0.101600
 42
0.000000
  0
SEQEND
  0
POLYLINE
  8
PG_SILKSCREEN_TOP
 66
1
 70
0
 40
0.000000
 41
0.000000
 39
0.000000
  0
VERTEX
  8
PG_SILKSCREEN_TOP
 10
15.792145
 20
44.662496
 40
0.101600
 41
0.101600
 42
0.000000
  0
VERTEX
  8
PG_SILKSCREEN_TOP
 10
16.401745
 20
44.662496
 40
0.101600
 41
0.101600
 42
0.000000
  0
SEQEND
  0
POLYLINE
  8
PG_SILKSCREEN_TOP
 66
1
 70
0
 40
0.000000
 41
0.000000
 39
0.000000
  0
VERTEX
  8
PG_SILKSCREEN_TOP
 10
15.792145
 20
45.373696
 40
0.101600
 41
0.101600
 42
0.000000
  0
VERTEX
  8
PG_SILKSCREEN_TOP
 10
15.792145
 20
44.662496
 40
0.101600
 41
0.101600
 42
0.000000
  0
SEQEND
  0
POLYLINE
  8
PG_SILKSCREEN_TOP
 66
1
 70
0
 40
0.000000
 41
0.000000
 39
0.000000
  0
VERTEX
  8
PG_SILKSCREEN_TOP
 10
15.792145
 20
45.373696
 40
0.101600
 41
0.101600
 42
0.000000
  0
VERTEX
  8
PG_SILKSCREEN_TOP
 10
16.401745
 20
45.373696
 40
0.101600
 41
0.101600
 42
0.000000
  0
SEQEND
  0
POLYLINE
  8
PIN_TOP
 66
1
 70
1
 40
0.000000
 41
0.000000
 39
0.000000
  0
VERTEX
  8
PIN_TOP
 10
64.441705
 20
43.996585
 40
0.000000
 41
0.000000
 42
0.000000
  0
VERTEX
  8
PIN_TOP
 10
64.949705
 20
43.996585
 40
0.000000
 41
0.000000
 42
0.000000
  0
VERTEX
  8
PIN_TOP
 10
64.949705
 20
43.488585
 40
0.000000
 41
0.000000
 42
0.000000
  0
VERTEX
  8
PIN_TOP
 10
64.441705
 20
43.488585
 40
0.000000
 41
0.000000
 42
0.000000
  0
SEQEND
  0
POLYLINE
  8
PIN_TOP
 66
1
 70
1
 40
0.000000
 41
0.000000
 39
0.000000
  0
VERTEX
  8
PIN_TOP
 10
64.441705
 20
43.082185
 40
0.000000
 41
0.000000
 42
0.000000
  0
VERTEX
  8
PIN_TOP
 10
64.949705
 20
43.082185
 40
0.000000
 41
0.000000
 42
0.000000
  0
VERTEX
  8
PIN_TOP
 10
64.949705
 20
42.574185
 40
0.000000
 41
0.000000
 42
0.000000
  0
VERTEX
  8
PIN_TOP
 10
64.441705
 20
42.574185
 40
0.000000
 41
0.000000
 42
0.000000
  0
SEQEND
  0
POLYLINE
  8
PG_SILKSCREEN_TOP
 66
1
 70
0
 40
0.000000
 41
0.000000
 39
0.000000
  0
VERTEX
  8
PG_SILKSCREEN_TOP
 10
65.051305
 20
42.468165
 40
0.101600
 41
0.101600
 42
0.000000
  0
VERTEX
  8
PG_SILKSCREEN_TOP
 10
64.340105
 20
42.468165
 40
0.101600
 41
0.101600
 42
0.000000
  0
SEQEND
  0
POLYLINE
  8
PG_SILKSCREEN_TOP
 66
1
 70
0
 40
0.000000
 41
0.000000
 39
0.000000
  0
VERTEX
  8
PG_SILKSCREEN_TOP
 10
65.051305
 20
43.082185
 40
0.101600
 41
0.101600
 42
0.000000
  0
VERTEX
  8
PG_SILKSCREEN_TOP
 10
65.051305
 20
42.472585
 40
0.101600
 41
0.101600
 42
0.000000
  0
SEQEND
  0
POLYLINE
  8
PG_SILKSCREEN_TOP
 66
1
 70
0
 40
0.000000
 41
0.000000
 39
0.000000
  0
VERTEX
  8
PG_SILKSCREEN_TOP
 10
64.340105
 20
42.472585
 40
0.101600
 41
0.101600
 42
0.000000
  0
VERTEX
  8
PG_SILKSCREEN_TOP
 10
64.340105
 20
43.056785
 40
0.101600
 41
0.101600
 42
0.000000
  0
SEQEND
  0
POLYLINE
  8
PG_SILKSCREEN_TOP
 66
1
 70
0
 40
0.000000
 41
0.000000
 39
0.000000
  0
VERTEX
  8
PG_SILKSCREEN_TOP
 10
64.340105
 20
44.102579
 40
0.101600
 41
0.101600
 42
0.000000
  0
VERTEX
  8
PG_SILKSCREEN_TOP
 10
64.340105
 20
43.492979
 40
0.101600
 41
0.101600
 42
0.000000
  0
SEQEND
  0
POLYLINE
  8
PG_SILKSCREEN_TOP
 66
1
 70
0
 40
0.000000
 41
0.000000
 39
0.000000
  0
VERTEX
  8
PG_SILKSCREEN_TOP
 10
65.051305
 20
44.102579
 40
0.101600
 41
0.101600
 42
0.000000
  0
VERTEX
  8
PG_SILKSCREEN_TOP
 10
64.340105
 20
44.102579
 40
0.101600
 41
0.101600
 42
0.000000
  0
SEQEND
  0
POLYLINE
  8
PG_SILKSCREEN_TOP
 66
1
 70
0
 40
0.000000
 41
0.000000
 39
0.000000
  0
VERTEX
  8
PG_SILKSCREEN_TOP
 10
65.051305
 20
44.102579
 40
0.101600
 41
0.101600
 42
0.000000
  0
VERTEX
  8
PG_SILKSCREEN_TOP
 10
65.051305
 20
43.492979
 40
0.101600
 41
0.101600
 42
0.000000
  0
SEQEND
  0
POLYLINE
  8
PIN_TOP
 66
1
 70
1
 40
0.000000
 41
0.000000
 39
0.000000
  0
VERTEX
  8
PIN_TOP
 10
11.462741
 20
47.666783
 40
0.000000
 41
0.000000
 42
0.000000
  0
VERTEX
  8
PIN_TOP
 10
11.462741
 20
47.158783
 40
0.000000
 41
0.000000
 42
0.000000
  0
VERTEX
  8
PIN_TOP
 10
10.954741
 20
47.158783
 40
0.000000
 41
0.000000
 42
0.000000
  0
VERTEX
  8
PIN_TOP
 10
10.954741
 20
47.666783
 40
0.000000
 41
0.000000
 42
0.000000
  0
SEQEND
  0
POLYLINE
  8
PIN_TOP
 66
1
 70
1
 40
0.000000
 41
0.000000
 39
0.000000
  0
VERTEX
  8
PIN_TOP
 10
10.548341
 20
47.666783
 40
0.000000
 41
0.000000
 42
0.000000
  0
VERTEX
  8
PIN_TOP
 10
10.548341
 20
47.158783
 40
0.000000
 41
0.000000
 42
0.000000
  0
VERTEX
  8
PIN_TOP
 10
10.040341
 20
47.158783
 40
0.000000
 41
0.000000
 42
0.000000
  0
VERTEX
  8
PIN_TOP
 10
10.040341
 20
47.666783
 40
0.000000
 41
0.000000
 42
0.000000
  0
SEQEND
  0
POLYLINE
  8
PG_SILKSCREEN_TOP
 66
1
 70
0
 40
0.000000
 41
0.000000
 39
0.000000
  0
VERTEX
  8
PG_SILKSCREEN_TOP
 10
9.934321
 20
47.057183
 40
0.101600
 41
0.101600
 42
0.000000
  0
VERTEX
  8
PG_SILKSCREEN_TOP
 10
9.934321
 20
47.768383
 40
0.101600
 41
0.101600
 42
0.000000
  0
SEQEND
  0
POLYLINE
  8
PG_SILKSCREEN_TOP
 66
1
 70
0
 40
0.000000
 41
0.000000
 39
0.000000
  0
VERTEX
  8
PG_SILKSCREEN_TOP
 10
10.548341
 20
47.057183
 40
0.101600
 41
0.101600
 42
0.000000
  0
VERTEX
  8
PG_SILKSCREEN_TOP
 10
9.938741
 20
47.057183
 40
0.101600
 41
0.101600
 42
0.000000
  0
SEQEND
  0
POLYLINE
  8
PG_SILKSCREEN_TOP
 66
1
 70
0
 40
0.000000
 41
0.000000
 39
0.000000
  0
VERTEX
  8
PG_SILKSCREEN_TOP
 10
9.938741
 20
47.768383
 40
0.101600
 41
0.101600
 42
0.000000
  0
VERTEX
  8
PG_SILKSCREEN_TOP
 10
10.522941
 20
47.768383
 40
0.101600
 41
0.101600
 42
0.000000
  0
SEQEND
  0
POLYLINE
  8
PG_SILKSCREEN_TOP
 66
1
 70
0
 40
0.000000
 41
0.000000
 39
0.000000
  0
VERTEX
  8
PG_SILKSCREEN_TOP
 10
11.568735
 20
47.768383
 40
0.101600
 41
0.101600
 42
0.000000
  0
VERTEX
  8
PG_SILKSCREEN_TOP
 10
10.959135
 20
47.768383
 40
0.101600
 41
0.101600
 42
0.000000
  0
SEQEND
  0
POLYLINE
  8
PG_SILKSCREEN_TOP
 66
1
 70
0
 40
0.000000
 41
0.000000
 39
0.000000
  0
VERTEX
  8
PG_SILKSCREEN_TOP
 10
11.568735
 20
47.057183
 40
0.101600
 41
0.101600
 42
0.000000
  0
VERTEX
  8
PG_SILKSCREEN_TOP
 10
11.568735
 20
47.768383
 40
0.101600
 41
0.101600
 42
0.000000
  0
SEQEND
  0
POLYLINE
  8
PG_SILKSCREEN_TOP
 66
1
 70
0
 40
0.000000
 41
0.000000
 39
0.000000
  0
VERTEX
  8
PG_SILKSCREEN_TOP
 10
11.568735
 20
47.057183
 40
0.101600
 41
0.101600
 42
0.000000
  0
VERTEX
  8
PG_SILKSCREEN_TOP
 10
10.959135
 20
47.057183
 40
0.101600
 41
0.101600
 42
0.000000
  0
SEQEND
  0
POLYLINE
  8
PIN_TOP
 66
1
 70
1
 40
0.000000
 41
0.000000
 39
0.000000
  0
VERTEX
  8
PIN_TOP
 10
10.043617
 20
8.849614
 40
0.000000
 41
0.000000
 42
0.000000
  0
VERTEX
  8
PIN_TOP
 10
10.551617
 20
8.849614
 40
0.000000
 41
0.000000
 42
0.000000
  0
VERTEX
  8
PIN_TOP
 10
10.551617
 20
8.341614
 40
0.000000
 41
0.000000
 42
0.000000
  0
VERTEX
  8
PIN_TOP
 10
10.043617
 20
8.341614
 40
0.000000
 41
0.000000
 42
0.000000
  0
SEQEND
  0
POLYLINE
  8
PIN_TOP
 66
1
 70
1
 40
0.000000
 41
0.000000
 39
0.000000
  0
VERTEX
  8
PIN_TOP
 10
10.043617
 20
7.935214
 40
0.000000
 41
0.000000
 42
0.000000
  0
VERTEX
  8
PIN_TOP
 10
10.551617
 20
7.935214
 40
0.000000
 41
0.000000
 42
0.000000
  0
VERTEX
  8
PIN_TOP
 10
10.551617
 20
7.427214
 40
0.000000
 41
0.000000
 42
0.000000
  0
VERTEX
  8
PIN_TOP
 10
10.043617
 20
7.427214
 40
0.000000
 41
0.000000
 42
0.000000
  0
SEQEND
  0
POLYLINE
  8
PG_SILKSCREEN_TOP
 66
1
 70
0
 40
0.000000
 41
0.000000
 39
0.000000
  0
VERTEX
  8
PG_SILKSCREEN_TOP
 10
10.653217
 20
7.321194
 40
0.101600
 41
0.101600
 42
0.000000
  0
VERTEX
  8
PG_SILKSCREEN_TOP
 10
9.942017
 20
7.321194
 40
0.101600
 41
0.101600
 42
0.000000
  0
SEQEND
  0
POLYLINE
  8
PG_SILKSCREEN_TOP
 66
1
 70
0
 40
0.000000
 41
0.000000
 39
0.000000
  0
VERTEX
  8
PG_SILKSCREEN_TOP
 10
10.653217
 20
7.935214
 40
0.101600
 41
0.101600
 42
0.000000
  0
VERTEX
  8
PG_SILKSCREEN_TOP
 10
10.653217
 20
7.325614
 40
0.101600
 41
0.101600
 42
0.000000
  0
SEQEND
  0
POLYLINE
  8
PG_SILKSCREEN_TOP
 66
1
 70
0
 40
0.000000
 41
0.000000
 39
0.000000
  0
VERTEX
  8
PG_SILKSCREEN_TOP
 10
9.942017
 20
7.325614
 40
0.101600
 41
0.101600
 42
0.000000
  0
VERTEX
  8
PG_SILKSCREEN_TOP
 10
9.942017
 20
7.909814
 40
0.101600
 41
0.101600
 42
0.000000
  0
SEQEND
  0
POLYLINE
  8
PG_SILKSCREEN_TOP
 66
1
 70
0
 40
0.000000
 41
0.000000
 39
0.000000
  0
VERTEX
  8
PG_SILKSCREEN_TOP
 10
9.942017
 20
8.955608
 40
0.101600
 41
0.101600
 42
0.000000
  0
VERTEX
  8
PG_SILKSCREEN_TOP
 10
9.942017
 20
8.346008
 40
0.101600
 41
0.101600
 42
0.000000
  0
SEQEND
  0
POLYLINE
  8
PG_SILKSCREEN_TOP
 66
1
 70
0
 40
0.000000
 41
0.000000
 39
0.000000
  0
VERTEX
  8
PG_SILKSCREEN_TOP
 10
10.653217
 20
8.955608
 40
0.101600
 41
0.101600
 42
0.000000
  0
VERTEX
  8
PG_SILKSCREEN_TOP
 10
9.942017
 20
8.955608
 40
0.101600
 41
0.101600
 42
0.000000
  0
SEQEND
  0
POLYLINE
  8
PG_SILKSCREEN_TOP
 66
1
 70
0
 40
0.000000
 41
0.000000
 39
0.000000
  0
VERTEX
  8
PG_SILKSCREEN_TOP
 10
10.653217
 20
8.955608
 40
0.101600
 41
0.101600
 42
0.000000
  0
VERTEX
  8
PG_SILKSCREEN_TOP
 10
10.653217
 20
8.346008
 40
0.101600
 41
0.101600
 42
0.000000
  0
SEQEND
  0
POLYLINE
  8
PIN_TOP
 66
1
 70
1
 40
0.000000
 41
0.000000
 39
0.000000
  0
VERTEX
  8
PIN_TOP
 10
12.735052
 20
29.674769
 40
0.000000
 41
0.000000
 42
0.000000
  0
VERTEX
  8
PIN_TOP
 10
12.735052
 20
30.182769
 40
0.000000
 41
0.000000
 42
0.000000
  0
VERTEX
  8
PIN_TOP
 10
13.243052
 20
30.182769
 40
0.000000
 41
0.000000
 42
0.000000
  0
VERTEX
  8
PIN_TOP
 10
13.243052
 20
29.674769
 40
0.000000
 41
0.000000
 42
0.000000
  0
SEQEND
  0
POLYLINE
  8
PIN_TOP
 66
1
 70
1
 40
0.000000
 41
0.000000
 39
0.000000
  0
VERTEX
  8
PIN_TOP
 10
13.649452
 20
29.674769
 40
0.000000
 41
0.000000
 42
0.000000
  0
VERTEX
  8
PIN_TOP
 10
13.649452
 20
30.182769
 40
0.000000
 41
0.000000
 42
0.000000
  0
VERTEX
  8
PIN_TOP
 10
14.157452
 20
30.182769
 40
0.000000
 41
0.000000
 42
0.000000
  0
VERTEX
  8
PIN_TOP
 10
14.157452
 20
29.674769
 40
0.000000
 41
0.000000
 42
0.000000
  0
SEQEND
  0
POLYLINE
  8
PG_SILKSCREEN_TOP
 66
1
 70
0
 40
0.000000
 41
0.000000
 39
0.000000
  0
VERTEX
  8
PG_SILKSCREEN_TOP
 10
14.263472
 20
30.284369
 40
0.101600
 41
0.101600
 42
0.000000
  0
VERTEX
  8
PG_SILKSCREEN_TOP
 10
14.263472
 20
29.573169
 40
0.101600
 41
0.101600
 42
0.000000
  0
SEQEND
  0
POLYLINE
  8
PG_SILKSCREEN_TOP
 66
1
 70
0
 40
0.000000
 41
0.000000
 39
0.000000
  0
VERTEX
  8
PG_SILKSCREEN_TOP
 10
13.649452
 20
30.284369
 40
0.101600
 41
0.101600
 42
0.000000
  0
VERTEX
  8
PG_SILKSCREEN_TOP
 10
14.259052
 20
30.284369
 40
0.101600
 41
0.101600
 42
0.000000
  0
SEQEND
  0
POLYLINE
  8
PG_SILKSCREEN_TOP
 66
1
 70
0
 40
0.000000
 41
0.000000
 39
0.000000
  0
VERTEX
  8
PG_SILKSCREEN_TOP
 10
14.259052
 20
29.573169
 40
0.101600
 41
0.101600
 42
0.000000
  0
VERTEX
  8
PG_SILKSCREEN_TOP
 10
13.674852
 20
29.573169
 40
0.101600
 41
0.101600
 42
0.000000
  0
SEQEND
  0
POLYLINE
  8
PG_SILKSCREEN_TOP
 66
1
 70
0
 40
0.000000
 41
0.000000
 39
0.000000
  0
VERTEX
  8
PG_SILKSCREEN_TOP
 10
12.629058
 20
29.573169
 40
0.101600
 41
0.101600
 42
0.000000
  0
VERTEX
  8
PG_SILKSCREEN_TOP
 10
13.238658
 20
29.573169
 40
0.101600
 41
0.101600
 42
0.000000
  0
SEQEND
  0
POLYLINE
  8
PG_SILKSCREEN_TOP
 66
1
 70
0
 40
0.000000
 41
0.000000
 39
0.000000
  0
VERTEX
  8
PG_SILKSCREEN_TOP
 10
12.629058
 20
30.284369
 40
0.101600
 41
0.101600
 42
0.000000
  0
VERTEX
  8
PG_SILKSCREEN_TOP
 10
12.629058
 20
29.573169
 40
0.101600
 41
0.101600
 42
0.000000
  0
SEQEND
  0
POLYLINE
  8
PG_SILKSCREEN_TOP
 66
1
 70
0
 40
0.000000
 41
0.000000
 39
0.000000
  0
VERTEX
  8
PG_SILKSCREEN_TOP
 10
12.629058
 20
30.284369
 40
0.101600
 41
0.101600
 42
0.000000
  0
VERTEX
  8
PG_SILKSCREEN_TOP
 10
13.238658
 20
30.284369
 40
0.101600
 41
0.101600
 42
0.000000
  0
SEQEND
  0
POLYLINE
  8
PIN_TOP
 66
1
 70
1
 40
0.000000
 41
0.000000
 39
0.000000
  0
VERTEX
  8
PIN_TOP
 10
8.229854
 20
7.467549
 40
0.000000
 41
0.000000
 42
0.000000
  0
VERTEX
  8
PIN_TOP
 10
8.229854
 20
7.975549
 40
0.000000
 41
0.000000
 42
0.000000
  0
VERTEX
  8
PIN_TOP
 10
8.737854
 20
7.975549
 40
0.000000
 41
0.000000
 42
0.000000
  0
VERTEX
  8
PIN_TOP
 10
8.737854
 20
7.467549
 40
0.000000
 41
0.000000
 42
0.000000
  0
SEQEND
  0
POLYLINE
  8
PIN_TOP
 66
1
 70
1
 40
0.000000
 41
0.000000
 39
0.000000
  0
VERTEX
  8
PIN_TOP
 10
9.144254
 20
7.467549
 40
0.000000
 41
0.000000
 42
0.000000
  0
VERTEX
  8
PIN_TOP
 10
9.144254
 20
7.975549
 40
0.000000
 41
0.000000
 42
0.000000
  0
VERTEX
  8
PIN_TOP
 10
9.652254
 20
7.975549
 40
0.000000
 41
0.000000
 42
0.000000
  0
VERTEX
  8
PIN_TOP
 10
9.652254
 20
7.467549
 40
0.000000
 41
0.000000
 42
0.000000
  0
SEQEND
  0
POLYLINE
  8
PG_SILKSCREEN_TOP
 66
1
 70
0
 40
0.000000
 41
0.000000
 39
0.000000
  0
VERTEX
  8
PG_SILKSCREEN_TOP
 10
9.758274
 20
8.077149
 40
0.101600
 41
0.101600
 42
0.000000
  0
VERTEX
  8
PG_SILKSCREEN_TOP
 10
9.758274
 20
7.365949
 40
0.101600
 41
0.101600
 42
0.000000
  0
SEQEND
  0
POLYLINE
  8
PG_SILKSCREEN_TOP
 66
1
 70
0
 40
0.000000
 41
0.000000
 39
0.000000
  0
VERTEX
  8
PG_SILKSCREEN_TOP
 10
9.144254
 20
8.077149
 40
0.101600
 41
0.101600
 42
0.000000
  0
VERTEX
  8
PG_SILKSCREEN_TOP
 10
9.753854
 20
8.077149
 40
0.101600
 41
0.101600
 42
0.000000
  0
SEQEND
  0
POLYLINE
  8
PG_SILKSCREEN_TOP
 66
1
 70
0
 40
0.000000
 41
0.000000
 39
0.000000
  0
VERTEX
  8
PG_SILKSCREEN_TOP
 10
9.753854
 20
7.365949
 40
0.101600
 41
0.101600
 42
0.000000
  0
VERTEX
  8
PG_SILKSCREEN_TOP
 10
9.169654
 20
7.365949
 40
0.101600
 41
0.101600
 42
0.000000
  0
SEQEND
  0
POLYLINE
  8
PG_SILKSCREEN_TOP
 66
1
 70
0
 40
0.000000
 41
0.000000
 39
0.000000
  0
VERTEX
  8
PG_SILKSCREEN_TOP
 10
8.123860
 20
7.365949
 40
0.101600
 41
0.101600
 42
0.000000
  0
VERTEX
  8
PG_SILKSCREEN_TOP
 10
8.733460
 20
7.365949
 40
0.101600
 41
0.101600
 42
0.000000
  0
SEQEND
  0
POLYLINE
  8
PG_SILKSCREEN_TOP
 66
1
 70
0
 40
0.000000
 41
0.000000
 39
0.000000
  0
VERTEX
  8
PG_SILKSCREEN_TOP
 10
8.123860
 20
8.077149
 40
0.101600
 41
0.101600
 42
0.000000
  0
VERTEX
  8
PG_SILKSCREEN_TOP
 10
8.123860
 20
7.365949
 40
0.101600
 41
0.101600
 42
0.000000
  0
SEQEND
  0
POLYLINE
  8
PG_SILKSCREEN_TOP
 66
1
 70
0
 40
0.000000
 41
0.000000
 39
0.000000
  0
VERTEX
  8
PG_SILKSCREEN_TOP
 10
8.123860
 20
8.077149
 40
0.101600
 41
0.101600
 42
0.000000
  0
VERTEX
  8
PG_SILKSCREEN_TOP
 10
8.733460
 20
8.077149
 40
0.101600
 41
0.101600
 42
0.000000
  0
SEQEND
  0
POLYLINE
  8
PIN_TOP
 66
1
 70
1
 40
0.000000
 41
0.000000
 39
0.000000
  0
VERTEX
  8
PIN_TOP
 10
14.117117
 20
27.861006
 40
0.000000
 41
0.000000
 42
0.000000
  0
VERTEX
  8
PIN_TOP
 10
13.609117
 20
27.861006
 40
0.000000
 41
0.000000
 42
0.000000
  0
VERTEX
  8
PIN_TOP
 10
13.609117
 20
28.369006
 40
0.000000
 41
0.000000
 42
0.000000
  0
VERTEX
  8
PIN_TOP
 10
14.117117
 20
28.369006
 40
0.000000
 41
0.000000
 42
0.000000
  0
SEQEND
  0
POLYLINE
  8
PIN_TOP
 66
1
 70
1
 40
0.000000
 41
0.000000
 39
0.000000
  0
VERTEX
  8
PIN_TOP
 10
14.117117
 20
28.775406
 40
0.000000
 41
0.000000
 42
0.000000
  0
VERTEX
  8
PIN_TOP
 10
13.609117
 20
28.775406
 40
0.000000
 41
0.000000
 42
0.000000
  0
VERTEX
  8
PIN_TOP
 10
13.609117
 20
29.283406
 40
0.000000
 41
0.000000
 42
0.000000
  0
VERTEX
  8
PIN_TOP
 10
14.117117
 20
29.283406
 40
0.000000
 41
0.000000
 42
0.000000
  0
SEQEND
  0
POLYLINE
  8
PG_SILKSCREEN_TOP
 66
1
 70
0
 40
0.000000
 41
0.000000
 39
0.000000
  0
VERTEX
  8
PG_SILKSCREEN_TOP
 10
13.507517
 20
29.389426
 40
0.101600
 41
0.101600
 42
0.000000
  0
VERTEX
  8
PG_SILKSCREEN_TOP
 10
14.218717
 20
29.389426
 40
0.101600
 41
0.101600
 42
0.000000
  0
SEQEND
  0
POLYLINE
  8
PG_SILKSCREEN_TOP
 66
1
 70
0
 40
0.000000
 41
0.000000
 39
0.000000
  0
VERTEX
  8
PG_SILKSCREEN_TOP
 10
13.507517
 20
28.775406
 40
0.101600
 41
0.101600
 42
0.000000
  0
VERTEX
  8
PG_SILKSCREEN_TOP
 10
13.507517
 20
29.385006
 40
0.101600
 41
0.101600
 42
0.000000
  0
SEQEND
  0
POLYLINE
  8
PG_SILKSCREEN_TOP
 66
1
 70
0
 40
0.000000
 41
0.000000
 39
0.000000
  0
VERTEX
  8
PG_SILKSCREEN_TOP
 10
14.218717
 20
29.385006
 40
0.101600
 41
0.101600
 42
0.000000
  0
VERTEX
  8
PG_SILKSCREEN_TOP
 10
14.218717
 20
28.800806
 40
0.101600
 41
0.101600
 42
0.000000
  0
SEQEND
  0
POLYLINE
  8
PG_SILKSCREEN_TOP
 66
1
 70
0
 40
0.000000
 41
0.000000
 39
0.000000
  0
VERTEX
  8
PG_SILKSCREEN_TOP
 10
14.218717
 20
27.755012
 40
0.101600
 41
0.101600
 42
0.000000
  0
VERTEX
  8
PG_SILKSCREEN_TOP
 10
14.218717
 20
28.364612
 40
0.101600
 41
0.101600
 42
0.000000
  0
SEQEND
  0
POLYLINE
  8
PG_SILKSCREEN_TOP
 66
1
 70
0
 40
0.000000
 41
0.000000
 39
0.000000
  0
VERTEX
  8
PG_SILKSCREEN_TOP
 10
13.507517
 20
27.755012
 40
0.101600
 41
0.101600
 42
0.000000
  0
VERTEX
  8
PG_SILKSCREEN_TOP
 10
14.218717
 20
27.755012
 40
0.101600
 41
0.101600
 42
0.000000
  0
SEQEND
  0
POLYLINE
  8
PG_SILKSCREEN_TOP
 66
1
 70
0
 40
0.000000
 41
0.000000
 39
0.000000
  0
VERTEX
  8
PG_SILKSCREEN_TOP
 10
13.507517
 20
27.755012
 40
0.101600
 41
0.101600
 42
0.000000
  0
VERTEX
  8
PG_SILKSCREEN_TOP
 10
13.507517
 20
28.364612
 40
0.101600
 41
0.101600
 42
0.000000
  0
SEQEND
  0
POLYLINE
  8
PIN_TOP
 66
1
 70
1
 40
0.000000
 41
0.000000
 39
0.000000
  0
VERTEX
  8
PIN_TOP
 10
54.680536
 20
67.862806
 40
0.000000
 41
0.000000
 42
0.000000
  0
VERTEX
  8
PIN_TOP
 10
55.188536
 20
67.862806
 40
0.000000
 41
0.000000
 42
0.000000
  0
VERTEX
  8
PIN_TOP
 10
55.188536
 20
67.354806
 40
0.000000
 41
0.000000
 42
0.000000
  0
VERTEX
  8
PIN_TOP
 10
54.680536
 20
67.354806
 40
0.000000
 41
0.000000
 42
0.000000
  0
SEQEND
  0
POLYLINE
  8
PIN_TOP
 66
1
 70
1
 40
0.000000
 41
0.000000
 39
0.000000
  0
VERTEX
  8
PIN_TOP
 10
54.680536
 20
66.948406
 40
0.000000
 41
0.000000
 42
0.000000
  0
VERTEX
  8
PIN_TOP
 10
55.188536
 20
66.948406
 40
0.000000
 41
0.000000
 42
0.000000
  0
VERTEX
  8
PIN_TOP
 10
55.188536
 20
66.440406
 40
0.000000
 41
0.000000
 42
0.000000
  0
VERTEX
  8
PIN_TOP
 10
54.680536
 20
66.440406
 40
0.000000
 41
0.000000
 42
0.000000
  0
SEQEND
  0
POLYLINE
  8
PG_SILKSCREEN_TOP
 66
1
 70
0
 40
0.000000
 41
0.000000
 39
0.000000
  0
VERTEX
  8
PG_SILKSCREEN_TOP
 10
55.290136
 20
66.334386
 40
0.101600
 41
0.101600
 42
0.000000
  0
VERTEX
  8
PG_SILKSCREEN_TOP
 10
54.578936
 20
66.334386
 40
0.101600
 41
0.101600
 42
0.000000
  0
SEQEND
  0
POLYLINE
  8
PG_SILKSCREEN_TOP
 66
1
 70
0
 40
0.000000
 41
0.000000
 39
0.000000
  0
VERTEX
  8
PG_SILKSCREEN_TOP
 10
55.290136
 20
66.948406
 40
0.101600
 41
0.101600
 42
0.000000
  0
VERTEX
  8
PG_SILKSCREEN_TOP
 10
55.290136
 20
66.338806
 40
0.101600
 41
0.101600
 42
0.000000
  0
SEQEND
  0
POLYLINE
  8
PG_SILKSCREEN_TOP
 66
1
 70
0
 40
0.000000
 41
0.000000
 39
0.000000
  0
VERTEX
  8
PG_SILKSCREEN_TOP
 10
54.578936
 20
66.338806
 40
0.101600
 41
0.101600
 42
0.000000
  0
VERTEX
  8
PG_SILKSCREEN_TOP
 10
54.578936
 20
66.923006
 40
0.101600
 41
0.101600
 42
0.000000
  0
SEQEND
  0
POLYLINE
  8
PG_SILKSCREEN_TOP
 66
1
 70
0
 40
0.000000
 41
0.000000
 39
0.000000
  0
VERTEX
  8
PG_SILKSCREEN_TOP
 10
54.578936
 20
67.968800
 40
0.101600
 41
0.101600
 42
0.000000
  0
VERTEX
  8
PG_SILKSCREEN_TOP
 10
54.578936
 20
67.359200
 40
0.101600
 41
0.101600
 42
0.000000
  0
SEQEND
  0
POLYLINE
  8
PG_SILKSCREEN_TOP
 66
1
 70
0
 40
0.000000
 41
0.000000
 39
0.000000
  0
VERTEX
  8
PG_SILKSCREEN_TOP
 10
55.290136
 20
67.968800
 40
0.101600
 41
0.101600
 42
0.000000
  0
VERTEX
  8
PG_SILKSCREEN_TOP
 10
54.578936
 20
67.968800
 40
0.101600
 41
0.101600
 42
0.000000
  0
SEQEND
  0
POLYLINE
  8
PG_SILKSCREEN_TOP
 66
1
 70
0
 40
0.000000
 41
0.000000
 39
0.000000
  0
VERTEX
  8
PG_SILKSCREEN_TOP
 10
55.290136
 20
67.968800
 40
0.101600
 41
0.101600
 42
0.000000
  0
VERTEX
  8
PG_SILKSCREEN_TOP
 10
55.290136
 20
67.359200
 40
0.101600
 41
0.101600
 42
0.000000
  0
SEQEND
  0
POLYLINE
  8
PIN_TOP
 66
1
 70
1
 40
0.000000
 41
0.000000
 39
0.000000
  0
VERTEX
  8
PIN_TOP
 10
69.070398
 20
66.341600
 40
0.000000
 41
0.000000
 42
0.000000
  0
VERTEX
  8
PIN_TOP
 10
69.578398
 20
66.341600
 40
0.000000
 41
0.000000
 42
0.000000
  0
VERTEX
  8
PIN_TOP
 10
69.578398
 20
65.833600
 40
0.000000
 41
0.000000
 42
0.000000
  0
VERTEX
  8
PIN_TOP
 10
69.070398
 20
65.833600
 40
0.000000
 41
0.000000
 42
0.000000
  0
SEQEND
  0
POLYLINE
  8
PIN_TOP
 66
1
 70
1
 40
0.000000
 41
0.000000
 39
0.000000
  0
VERTEX
  8
PIN_TOP
 10
69.070398
 20
65.427200
 40
0.000000
 41
0.000000
 42
0.000000
  0
VERTEX
  8
PIN_TOP
 10
69.578398
 20
65.427200
 40
0.000000
 41
0.000000
 42
0.000000
  0
VERTEX
  8
PIN_TOP
 10
69.578398
 20
64.919200
 40
0.000000
 41
0.000000
 42
0.000000
  0
VERTEX
  8
PIN_TOP
 10
69.070398
 20
64.919200
 40
0.000000
 41
0.000000
 42
0.000000
  0
SEQEND
  0
POLYLINE
  8
PG_SILKSCREEN_TOP
 66
1
 70
0
 40
0.000000
 41
0.000000
 39
0.000000
  0
VERTEX
  8
PG_SILKSCREEN_TOP
 10
69.679998
 20
64.813180
 40
0.101600
 41
0.101600
 42
0.000000
  0
VERTEX
  8
PG_SILKSCREEN_TOP
 10
68.968798
 20
64.813180
 40
0.101600
 41
0.101600
 42
0.000000
  0
SEQEND
  0
POLYLINE
  8
PG_SILKSCREEN_TOP
 66
1
 70
0
 40
0.000000
 41
0.000000
 39
0.000000
  0
VERTEX
  8
PG_SILKSCREEN_TOP
 10
69.679998
 20
65.427200
 40
0.101600
 41
0.101600
 42
0.000000
  0
VERTEX
  8
PG_SILKSCREEN_TOP
 10
69.679998
 20
64.817600
 40
0.101600
 41
0.101600
 42
0.000000
  0
SEQEND
  0
POLYLINE
  8
PG_SILKSCREEN_TOP
 66
1
 70
0
 40
0.000000
 41
0.000000
 39
0.000000
  0
VERTEX
  8
PG_SILKSCREEN_TOP
 10
68.968798
 20
64.817600
 40
0.101600
 41
0.101600
 42
0.000000
  0
VERTEX
  8
PG_SILKSCREEN_TOP
 10
68.968798
 20
65.401800
 40
0.101600
 41
0.101600
 42
0.000000
  0
SEQEND
  0
POLYLINE
  8
PG_SILKSCREEN_TOP
 66
1
 70
0
 40
0.000000
 41
0.000000
 39
0.000000
  0
VERTEX
  8
PG_SILKSCREEN_TOP
 10
68.968798
 20
66.447594
 40
0.101600
 41
0.101600
 42
0.000000
  0
VERTEX
  8
PG_SILKSCREEN_TOP
 10
68.968798
 20
65.837994
 40
0.101600
 41
0.101600
 42
0.000000
  0
SEQEND
  0
POLYLINE
  8
PG_SILKSCREEN_TOP
 66
1
 70
0
 40
0.000000
 41
0.000000
 39
0.000000
  0
VERTEX
  8
PG_SILKSCREEN_TOP
 10
69.679998
 20
66.447594
 40
0.101600
 41
0.101600
 42
0.000000
  0
VERTEX
  8
PG_SILKSCREEN_TOP
 10
68.968798
 20
66.447594
 40
0.101600
 41
0.101600
 42
0.000000
  0
SEQEND
  0
POLYLINE
  8
PG_SILKSCREEN_TOP
 66
1
 70
0
 40
0.000000
 41
0.000000
 39
0.000000
  0
VERTEX
  8
PG_SILKSCREEN_TOP
 10
69.679998
 20
66.447594
 40
0.101600
 41
0.101600
 42
0.000000
  0
VERTEX
  8
PG_SILKSCREEN_TOP
 10
69.679998
 20
65.837994
 40
0.101600
 41
0.101600
 42
0.000000
  0
SEQEND
  0
POLYLINE
  8
PIN_TOP
 66
1
 70
1
 40
0.000000
 41
0.000000
 39
0.000000
  0
VERTEX
  8
PIN_TOP
 10
10.030968
 20
9.254693
 40
0.000000
 41
0.000000
 42
0.000000
  0
VERTEX
  8
PIN_TOP
 10
10.030968
 20
9.762693
 40
0.000000
 41
0.000000
 42
0.000000
  0
VERTEX
  8
PIN_TOP
 10
10.538968
 20
9.762693
 40
0.000000
 41
0.000000
 42
0.000000
  0
VERTEX
  8
PIN_TOP
 10
10.538968
 20
9.254693
 40
0.000000
 41
0.000000
 42
0.000000
  0
SEQEND
  0
POLYLINE
  8
PIN_TOP
 66
1
 70
1
 40
0.000000
 41
0.000000
 39
0.000000
  0
VERTEX
  8
PIN_TOP
 10
10.945368
 20
9.254693
 40
0.000000
 41
0.000000
 42
0.000000
  0
VERTEX
  8
PIN_TOP
 10
10.945368
 20
9.762693
 40
0.000000
 41
0.000000
 42
0.000000
  0
VERTEX
  8
PIN_TOP
 10
11.453368
 20
9.762693
 40
0.000000
 41
0.000000
 42
0.000000
  0
VERTEX
  8
PIN_TOP
 10
11.453368
 20
9.254693
 40
0.000000
 41
0.000000
 42
0.000000
  0
SEQEND
  0
POLYLINE
  8
PG_SILKSCREEN_TOP
 66
1
 70
0
 40
0.000000
 41
0.000000
 39
0.000000
  0
VERTEX
  8
PG_SILKSCREEN_TOP
 10
11.559388
 20
9.864293
 40
0.101600
 41
0.101600
 42
0.000000
  0
VERTEX
  8
PG_SILKSCREEN_TOP
 10
11.559388
 20
9.153093
 40
0.101600
 41
0.101600
 42
0.000000
  0
SEQEND
  0
POLYLINE
  8
PG_SILKSCREEN_TOP
 66
1
 70
0
 40
0.000000
 41
0.000000
 39
0.000000
  0
VERTEX
  8
PG_SILKSCREEN_TOP
 10
10.945368
 20
9.864293
 40
0.101600
 41
0.101600
 42
0.000000
  0
VERTEX
  8
PG_SILKSCREEN_TOP
 10
11.554968
 20
9.864293
 40
0.101600
 41
0.101600
 42
0.000000
  0
SEQEND
  0
POLYLINE
  8
PG_SILKSCREEN_TOP
 66
1
 70
0
 40
0.000000
 41
0.000000
 39
0.000000
  0
VERTEX
  8
PG_SILKSCREEN_TOP
 10
11.554968
 20
9.153093
 40
0.101600
 41
0.101600
 42
0.000000
  0
VERTEX
  8
PG_SILKSCREEN_TOP
 10
10.970768
 20
9.153093
 40
0.101600
 41
0.101600
 42
0.000000
  0
SEQEND
  0
POLYLINE
  8
PG_SILKSCREEN_TOP
 66
1
 70
0
 40
0.000000
 41
0.000000
 39
0.000000
  0
VERTEX
  8
PG_SILKSCREEN_TOP
 10
9.924974
 20
9.153093
 40
0.101600
 41
0.101600
 42
0.000000
  0
VERTEX
  8
PG_SILKSCREEN_TOP
 10
10.534574
 20
9.153093
 40
0.101600
 41
0.101600
 42
0.000000
  0
SEQEND
  0
POLYLINE
  8
PG_SILKSCREEN_TOP
 66
1
 70
0
 40
0.000000
 41
0.000000
 39
0.000000
  0
VERTEX
  8
PG_SILKSCREEN_TOP
 10
9.924974
 20
9.864293
 40
0.101600
 41
0.101600
 42
0.000000
  0
VERTEX
  8
PG_SILKSCREEN_TOP
 10
9.924974
 20
9.153093
 40
0.101600
 41
0.101600
 42
0.000000
  0
SEQEND
  0
POLYLINE
  8
PG_SILKSCREEN_TOP
 66
1
 70
0
 40
0.000000
 41
0.000000
 39
0.000000
  0
VERTEX
  8
PG_SILKSCREEN_TOP
 10
9.924974
 20
9.864293
 40
0.101600
 41
0.101600
 42
0.000000
  0
VERTEX
  8
PG_SILKSCREEN_TOP
 10
10.534574
 20
9.864293
 40
0.101600
 41
0.101600
 42
0.000000
  0
SEQEND
  0
POLYLINE
  8
PIN_TOP
 66
1
 70
1
 40
0.000000
 41
0.000000
 39
0.000000
  0
VERTEX
  8
PIN_TOP
 10
12.329973
 20
29.662120
 40
0.000000
 41
0.000000
 42
0.000000
  0
VERTEX
  8
PIN_TOP
 10
11.821973
 20
29.662120
 40
0.000000
 41
0.000000
 42
0.000000
  0
VERTEX
  8
PIN_TOP
 10
11.821973
 20
30.170120
 40
0.000000
 41
0.000000
 42
0.000000
  0
VERTEX
  8
PIN_TOP
 10
12.329973
 20
30.170120
 40
0.000000
 41
0.000000
 42
0.000000
  0
SEQEND
  0
POLYLINE
  8
PIN_TOP
 66
1
 70
1
 40
0.000000
 41
0.000000
 39
0.000000
  0
VERTEX
  8
PIN_TOP
 10
12.329973
 20
30.576520
 40
0.000000
 41
0.000000
 42
0.000000
  0
VERTEX
  8
PIN_TOP
 10
11.821973
 20
30.576520
 40
0.000000
 41
0.000000
 42
0.000000
  0
VERTEX
  8
PIN_TOP
 10
11.821973
 20
31.084520
 40
0.000000
 41
0.000000
 42
0.000000
  0
VERTEX
  8
PIN_TOP
 10
12.329973
 20
31.084520
 40
0.000000
 41
0.000000
 42
0.000000
  0
SEQEND
  0
POLYLINE
  8
PG_SILKSCREEN_TOP
 66
1
 70
0
 40
0.000000
 41
0.000000
 39
0.000000
  0
VERTEX
  8
PG_SILKSCREEN_TOP
 10
11.720373
 20
31.190540
 40
0.101600
 41
0.101600
 42
0.000000
  0
VERTEX
  8
PG_SILKSCREEN_TOP
 10
12.431573
 20
31.190540
 40
0.101600
 41
0.101600
 42
0.000000
  0
SEQEND
  0
POLYLINE
  8
PG_SILKSCREEN_TOP
 66
1
 70
0
 40
0.000000
 41
0.000000
 39
0.000000
  0
VERTEX
  8
PG_SILKSCREEN_TOP
 10
11.720373
 20
30.576520
 40
0.101600
 41
0.101600
 42
0.000000
  0
VERTEX
  8
PG_SILKSCREEN_TOP
 10
11.720373
 20
31.186120
 40
0.101600
 41
0.101600
 42
0.000000
  0
SEQEND
  0
POLYLINE
  8
PG_SILKSCREEN_TOP
 66
1
 70
0
 40
0.000000
 41
0.000000
 39
0.000000
  0
VERTEX
  8
PG_SILKSCREEN_TOP
 10
12.431573
 20
31.186120
 40
0.101600
 41
0.101600
 42
0.000000
  0
VERTEX
  8
PG_SILKSCREEN_TOP
 10
12.431573
 20
30.601920
 40
0.101600
 41
0.101600
 42
0.000000
  0
SEQEND
  0
POLYLINE
  8
PG_SILKSCREEN_TOP
 66
1
 70
0
 40
0.000000
 41
0.000000
 39
0.000000
  0
VERTEX
  8
PG_SILKSCREEN_TOP
 10
12.431573
 20
29.556126
 40
0.101600
 41
0.101600
 42
0.000000
  0
VERTEX
  8
PG_SILKSCREEN_TOP
 10
12.431573
 20
30.165726
 40
0.101600
 41
0.101600
 42
0.000000
  0
SEQEND
  0
POLYLINE
  8
PG_SILKSCREEN_TOP
 66
1
 70
0
 40
0.000000
 41
0.000000
 39
0.000000
  0
VERTEX
  8
PG_SILKSCREEN_TOP
 10
11.720373
 20
29.556126
 40
0.101600
 41
0.101600
 42
0.000000
  0
VERTEX
  8
PG_SILKSCREEN_TOP
 10
12.431573
 20
29.556126
 40
0.101600
 41
0.101600
 42
0.000000
  0
SEQEND
  0
POLYLINE
  8
PG_SILKSCREEN_TOP
 66
1
 70
0
 40
0.000000
 41
0.000000
 39
0.000000
  0
VERTEX
  8
PG_SILKSCREEN_TOP
 10
11.720373
 20
29.556126
 40
0.101600
 41
0.101600
 42
0.000000
  0
VERTEX
  8
PG_SILKSCREEN_TOP
 10
11.720373
 20
30.165726
 40
0.101600
 41
0.101600
 42
0.000000
  0
SEQEND
  0
POLYLINE
  8
PIN_TOP
 66
1
 70
1
 40
0.000000
 41
0.000000
 39
0.000000
  0
VERTEX
  8
PIN_TOP
 10
7.843774
 20
7.051091
 40
0.000000
 41
0.000000
 42
0.000000
  0
VERTEX
  8
PIN_TOP
 10
7.843774
 20
6.543091
 40
0.000000
 41
0.000000
 42
0.000000
  0
VERTEX
  8
PIN_TOP
 10
7.335774
 20
6.543091
 40
0.000000
 41
0.000000
 42
0.000000
  0
VERTEX
  8
PIN_TOP
 10
7.335774
 20
7.051091
 40
0.000000
 41
0.000000
 42
0.000000
  0
SEQEND
  0
POLYLINE
  8
PIN_TOP
 66
1
 70
1
 40
0.000000
 41
0.000000
 39
0.000000
  0
VERTEX
  8
PIN_TOP
 10
6.929374
 20
7.051091
 40
0.000000
 41
0.000000
 42
0.000000
  0
VERTEX
  8
PIN_TOP
 10
6.929374
 20
6.543091
 40
0.000000
 41
0.000000
 42
0.000000
  0
VERTEX
  8
PIN_TOP
 10
6.421374
 20
6.543091
 40
0.000000
 41
0.000000
 42
0.000000
  0
VERTEX
  8
PIN_TOP
 10
6.421374
 20
7.051091
 40
0.000000
 41
0.000000
 42
0.000000
  0
SEQEND
  0
POLYLINE
  8
PG_SILKSCREEN_TOP
 66
1
 70
0
 40
0.000000
 41
0.000000
 39
0.000000
  0
VERTEX
  8
PG_SILKSCREEN_TOP
 10
6.315354
 20
6.441491
 40
0.101600
 41
0.101600
 42
0.000000
  0
VERTEX
  8
PG_SILKSCREEN_TOP
 10
6.315354
 20
7.152691
 40
0.101600
 41
0.101600
 42
0.000000
  0
SEQEND
  0
POLYLINE
  8
PG_SILKSCREEN_TOP
 66
1
 70
0
 40
0.000000
 41
0.000000
 39
0.000000
  0
VERTEX
  8
PG_SILKSCREEN_TOP
 10
6.929374
 20
6.441491
 40
0.101600
 41
0.101600
 42
0.000000
  0
VERTEX
  8
PG_SILKSCREEN_TOP
 10
6.319774
 20
6.441491
 40
0.101600
 41
0.101600
 42
0.000000
  0
SEQEND
  0
POLYLINE
  8
PG_SILKSCREEN_TOP
 66
1
 70
0
 40
0.000000
 41
0.000000
 39
0.000000
  0
VERTEX
  8
PG_SILKSCREEN_TOP
 10
6.319774
 20
7.152691
 40
0.101600
 41
0.101600
 42
0.000000
  0
VERTEX
  8
PG_SILKSCREEN_TOP
 10
6.903974
 20
7.152691
 40
0.101600
 41
0.101600
 42
0.000000
  0
SEQEND
  0
POLYLINE
  8
PG_SILKSCREEN_TOP
 66
1
 70
0
 40
0.000000
 41
0.000000
 39
0.000000
  0
VERTEX
  8
PG_SILKSCREEN_TOP
 10
7.949768
 20
7.152691
 40
0.101600
 41
0.101600
 42
0.000000
  0
VERTEX
  8
PG_SILKSCREEN_TOP
 10
7.340168
 20
7.152691
 40
0.101600
 41
0.101600
 42
0.000000
  0
SEQEND
  0
POLYLINE
  8
PG_SILKSCREEN_TOP
 66
1
 70
0
 40
0.000000
 41
0.000000
 39
0.000000
  0
VERTEX
  8
PG_SILKSCREEN_TOP
 10
7.949768
 20
6.441491
 40
0.101600
 41
0.101600
 42
0.000000
  0
VERTEX
  8
PG_SILKSCREEN_TOP
 10
7.949768
 20
7.152691
 40
0.101600
 41
0.101600
 42
0.000000
  0
SEQEND
  0
POLYLINE
  8
PG_SILKSCREEN_TOP
 66
1
 70
0
 40
0.000000
 41
0.000000
 39
0.000000
  0
VERTEX
  8
PG_SILKSCREEN_TOP
 10
7.949768
 20
6.441491
 40
0.101600
 41
0.101600
 42
0.000000
  0
VERTEX
  8
PG_SILKSCREEN_TOP
 10
7.340168
 20
6.441491
 40
0.101600
 41
0.101600
 42
0.000000
  0
SEQEND
  0
POLYLINE
  8
PIN_TOP
 66
1
 70
1
 40
0.000000
 41
0.000000
 39
0.000000
  0
VERTEX
  8
PIN_TOP
 10
14.533575
 20
27.474926
 40
0.000000
 41
0.000000
 42
0.000000
  0
VERTEX
  8
PIN_TOP
 10
15.041575
 20
27.474926
 40
0.000000
 41
0.000000
 42
0.000000
  0
VERTEX
  8
PIN_TOP
 10
15.041575
 20
26.966926
 40
0.000000
 41
0.000000
 42
0.000000
  0
VERTEX
  8
PIN_TOP
 10
14.533575
 20
26.966926
 40
0.000000
 41
0.000000
 42
0.000000
  0
SEQEND
  0
POLYLINE
  8
PIN_TOP
 66
1
 70
1
 40
0.000000
 41
0.000000
 39
0.000000
  0
VERTEX
  8
PIN_TOP
 10
14.533575
 20
26.560526
 40
0.000000
 41
0.000000
 42
0.000000
  0
VERTEX
  8
PIN_TOP
 10
15.041575
 20
26.560526
 40
0.000000
 41
0.000000
 42
0.000000
  0
VERTEX
  8
PIN_TOP
 10
15.041575
 20
26.052526
 40
0.000000
 41
0.000000
 42
0.000000
  0
VERTEX
  8
PIN_TOP
 10
14.533575
 20
26.052526
 40
0.000000
 41
0.000000
 42
0.000000
  0
SEQEND
  0
POLYLINE
  8
PG_SILKSCREEN_TOP
 66
1
 70
0
 40
0.000000
 41
0.000000
 39
0.000000
  0
VERTEX
  8
PG_SILKSCREEN_TOP
 10
15.143175
 20
25.946506
 40
0.101600
 41
0.101600
 42
0.000000
  0
VERTEX
  8
PG_SILKSCREEN_TOP
 10
14.431975
 20
25.946506
 40
0.101600
 41
0.101600
 42
0.000000
  0
SEQEND
  0
POLYLINE
  8
PG_SILKSCREEN_TOP
 66
1
 70
0
 40
0.000000
 41
0.000000
 39
0.000000
  0
VERTEX
  8
PG_SILKSCREEN_TOP
 10
15.143175
 20
26.560526
 40
0.101600
 41
0.101600
 42
0.000000
  0
VERTEX
  8
PG_SILKSCREEN_TOP
 10
15.143175
 20
25.950926
 40
0.101600
 41
0.101600
 42
0.000000
  0
SEQEND
  0
POLYLINE
  8
PG_SILKSCREEN_TOP
 66
1
 70
0
 40
0.000000
 41
0.000000
 39
0.000000
  0
VERTEX
  8
PG_SILKSCREEN_TOP
 10
14.431975
 20
25.950926
 40
0.101600
 41
0.101600
 42
0.000000
  0
VERTEX
  8
PG_SILKSCREEN_TOP
 10
14.431975
 20
26.535126
 40
0.101600
 41
0.101600
 42
0.000000
  0
SEQEND
  0
POLYLINE
  8
PG_SILKSCREEN_TOP
 66
1
 70
0
 40
0.000000
 41
0.000000
 39
0.000000
  0
VERTEX
  8
PG_SILKSCREEN_TOP
 10
14.431975
 20
27.580920
 40
0.101600
 41
0.101600
 42
0.000000
  0
VERTEX
  8
PG_SILKSCREEN_TOP
 10
14.431975
 20
26.971320
 40
0.101600
 41
0.101600
 42
0.000000
  0
SEQEND
  0
POLYLINE
  8
PG_SILKSCREEN_TOP
 66
1
 70
0
 40
0.000000
 41
0.000000
 39
0.000000
  0
VERTEX
  8
PG_SILKSCREEN_TOP
 10
15.143175
 20
27.580920
 40
0.101600
 41
0.101600
 42
0.000000
  0
VERTEX
  8
PG_SILKSCREEN_TOP
 10
14.431975
 20
27.580920
 40
0.101600
 41
0.101600
 42
0.000000
  0
SEQEND
  0
POLYLINE
  8
PG_SILKSCREEN_TOP
 66
1
 70
0
 40
0.000000
 41
0.000000
 39
0.000000
  0
VERTEX
  8
PG_SILKSCREEN_TOP
 10
15.143175
 20
27.580920
 40
0.101600
 41
0.101600
 42
0.000000
  0
VERTEX
  8
PG_SILKSCREEN_TOP
 10
15.143175
 20
26.971320
 40
0.101600
 41
0.101600
 42
0.000000
  0
SEQEND
  0
POLYLINE
  8
PIN_TOP
 66
1
 70
1
 40
0.000000
 41
0.000000
 39
0.000000
  0
VERTEX
  8
PIN_TOP
 10
12.026849
 20
19.179286
 40
0.000000
 41
0.000000
 42
0.000000
  0
VERTEX
  8
PIN_TOP
 10
12.534849
 20
19.179286
 40
0.000000
 41
0.000000
 42
0.000000
  0
VERTEX
  8
PIN_TOP
 10
12.534849
 20
18.671286
 40
0.000000
 41
0.000000
 42
0.000000
  0
VERTEX
  8
PIN_TOP
 10
12.026849
 20
18.671286
 40
0.000000
 41
0.000000
 42
0.000000
  0
SEQEND
  0
POLYLINE
  8
PIN_TOP
 66
1
 70
1
 40
0.000000
 41
0.000000
 39
0.000000
  0
VERTEX
  8
PIN_TOP
 10
12.026849
 20
18.264886
 40
0.000000
 41
0.000000
 42
0.000000
  0
VERTEX
  8
PIN_TOP
 10
12.534849
 20
18.264886
 40
0.000000
 41
0.000000
 42
0.000000
  0
VERTEX
  8
PIN_TOP
 10
12.534849
 20
17.756886
 40
0.000000
 41
0.000000
 42
0.000000
  0
VERTEX
  8
PIN_TOP
 10
12.026849
 20
17.756886
 40
0.000000
 41
0.000000
 42
0.000000
  0
SEQEND
  0
POLYLINE
  8
PG_SILKSCREEN_TOP
 66
1
 70
0
 40
0.000000
 41
0.000000
 39
0.000000
  0
VERTEX
  8
PG_SILKSCREEN_TOP
 10
12.636449
 20
17.650892
 40
0.101600
 41
0.101600
 42
0.000000
  0
VERTEX
  8
PG_SILKSCREEN_TOP
 10
11.925249
 20
17.650892
 40
0.101600
 41
0.101600
 42
0.000000
  0
SEQEND
  0
POLYLINE
  8
PG_SILKSCREEN_TOP
 66
1
 70
0
 40
0.000000
 41
0.000000
 39
0.000000
  0
VERTEX
  8
PG_SILKSCREEN_TOP
 10
12.636449
 20
18.264886
 40
0.101600
 41
0.101600
 42
0.000000
  0
VERTEX
  8
PG_SILKSCREEN_TOP
 10
12.636449
 20
17.655286
 40
0.101600
 41
0.101600
 42
0.000000
  0
SEQEND
  0
POLYLINE
  8
PG_SILKSCREEN_TOP
 66
1
 70
0
 40
0.000000
 41
0.000000
 39
0.000000
  0
VERTEX
  8
PG_SILKSCREEN_TOP
 10
11.925249
 20
17.655286
 40
0.101600
 41
0.101600
 42
0.000000
  0
VERTEX
  8
PG_SILKSCREEN_TOP
 10
11.925249
 20
18.239486
 40
0.101600
 41
0.101600
 42
0.000000
  0
SEQEND
  0
POLYLINE
  8
PG_SILKSCREEN_TOP
 66
1
 70
0
 40
0.000000
 41
0.000000
 39
0.000000
  0
VERTEX
  8
PG_SILKSCREEN_TOP
 10
11.925249
 20
19.285280
 40
0.101600
 41
0.101600
 42
0.000000
  0
VERTEX
  8
PG_SILKSCREEN_TOP
 10
11.925249
 20
18.675680
 40
0.101600
 41
0.101600
 42
0.000000
  0
SEQEND
  0
POLYLINE
  8
PG_SILKSCREEN_TOP
 66
1
 70
0
 40
0.000000
 41
0.000000
 39
0.000000
  0
VERTEX
  8
PG_SILKSCREEN_TOP
 10
12.636449
 20
19.285280
 40
0.101600
 41
0.101600
 42
0.000000
  0
VERTEX
  8
PG_SILKSCREEN_TOP
 10
11.925249
 20
19.285280
 40
0.101600
 41
0.101600
 42
0.000000
  0
SEQEND
  0
POLYLINE
  8
PG_SILKSCREEN_TOP
 66
1
 70
0
 40
0.000000
 41
0.000000
 39
0.000000
  0
VERTEX
  8
PG_SILKSCREEN_TOP
 10
12.636449
 20
19.285280
 40
0.101600
 41
0.101600
 42
0.000000
  0
VERTEX
  8
PG_SILKSCREEN_TOP
 10
12.636449
 20
18.675680
 40
0.101600
 41
0.101600
 42
0.000000
  0
SEQEND
  0
POLYLINE
  8
PIN_TOP
 66
1
 70
1
 40
0.000000
 41
0.000000
 39
0.000000
  0
VERTEX
  8
PIN_TOP
 10
9.289085
 20
14.321790
 40
0.000000
 41
0.000000
 42
0.000000
  0
VERTEX
  8
PIN_TOP
 10
8.781085
 20
14.321790
 40
0.000000
 41
0.000000
 42
0.000000
  0
VERTEX
  8
PIN_TOP
 10
8.781085
 20
14.829790
 40
0.000000
 41
0.000000
 42
0.000000
  0
VERTEX
  8
PIN_TOP
 10
9.289085
 20
14.829790
 40
0.000000
 41
0.000000
 42
0.000000
  0
SEQEND
  0
POLYLINE
  8
PIN_TOP
 66
1
 70
1
 40
0.000000
 41
0.000000
 39
0.000000
  0
VERTEX
  8
PIN_TOP
 10
9.289085
 20
15.236190
 40
0.000000
 41
0.000000
 42
0.000000
  0
VERTEX
  8
PIN_TOP
 10
8.781085
 20
15.236190
 40
0.000000
 41
0.000000
 42
0.000000
  0
VERTEX
  8
PIN_TOP
 10
8.781085
 20
15.744190
 40
0.000000
 41
0.000000
 42
0.000000
  0
VERTEX
  8
PIN_TOP
 10
9.289085
 20
15.744190
 40
0.000000
 41
0.000000
 42
0.000000
  0
SEQEND
  0
POLYLINE
  8
PG_SILKSCREEN_TOP
 66
1
 70
0
 40
0.000000
 41
0.000000
 39
0.000000
  0
VERTEX
  8
PG_SILKSCREEN_TOP
 10
8.679485
 20
15.850184
 40
0.101600
 41
0.101600
 42
0.000000
  0
VERTEX
  8
PG_SILKSCREEN_TOP
 10
9.390685
 20
15.850184
 40
0.101600
 41
0.101600
 42
0.000000
  0
SEQEND
  0
POLYLINE
  8
PG_SILKSCREEN_TOP
 66
1
 70
0
 40
0.000000
 41
0.000000
 39
0.000000
  0
VERTEX
  8
PG_SILKSCREEN_TOP
 10
8.679485
 20
15.236190
 40
0.101600
 41
0.101600
 42
0.000000
  0
VERTEX
  8
PG_SILKSCREEN_TOP
 10
8.679485
 20
15.845790
 40
0.101600
 41
0.101600
 42
0.000000
  0
SEQEND
  0
POLYLINE
  8
PG_SILKSCREEN_TOP
 66
1
 70
0
 40
0.000000
 41
0.000000
 39
0.000000
  0
VERTEX
  8
PG_SILKSCREEN_TOP
 10
9.390685
 20
15.845790
 40
0.101600
 41
0.101600
 42
0.000000
  0
VERTEX
  8
PG_SILKSCREEN_TOP
 10
9.390685
 20
15.261590
 40
0.101600
 41
0.101600
 42
0.000000
  0
SEQEND
  0
POLYLINE
  8
PG_SILKSCREEN_TOP
 66
1
 70
0
 40
0.000000
 41
0.000000
 39
0.000000
  0
VERTEX
  8
PG_SILKSCREEN_TOP
 10
9.390685
 20
14.215796
 40
0.101600
 41
0.101600
 42
0.000000
  0
VERTEX
  8
PG_SILKSCREEN_TOP
 10
9.390685
 20
14.825396
 40
0.101600
 41
0.101600
 42
0.000000
  0
SEQEND
  0
POLYLINE
  8
PG_SILKSCREEN_TOP
 66
1
 70
0
 40
0.000000
 41
0.000000
 39
0.000000
  0
VERTEX
  8
PG_SILKSCREEN_TOP
 10
8.679485
 20
14.215796
 40
0.101600
 41
0.101600
 42
0.000000
  0
VERTEX
  8
PG_SILKSCREEN_TOP
 10
9.390685
 20
14.215796
 40
0.101600
 41
0.101600
 42
0.000000
  0
SEQEND
  0
POLYLINE
  8
PG_SILKSCREEN_TOP
 66
1
 70
0
 40
0.000000
 41
0.000000
 39
0.000000
  0
VERTEX
  8
PG_SILKSCREEN_TOP
 10
8.679485
 20
14.215796
 40
0.101600
 41
0.101600
 42
0.000000
  0
VERTEX
  8
PG_SILKSCREEN_TOP
 10
8.679485
 20
14.825396
 40
0.101600
 41
0.101600
 42
0.000000
  0
SEQEND
  0
POLYLINE
  8
PIN_TOP
 66
1
 70
1
 40
0.000000
 41
0.000000
 39
0.000000
  0
VERTEX
  8
PIN_TOP
 10
3.090215
 20
9.202420
 40
0.000000
 41
0.000000
 42
0.000000
  0
VERTEX
  8
PIN_TOP
 10
2.582215
 20
9.202420
 40
0.000000
 41
0.000000
 42
0.000000
  0
VERTEX
  8
PIN_TOP
 10
2.582215
 20
9.710420
 40
0.000000
 41
0.000000
 42
0.000000
  0
VERTEX
  8
PIN_TOP
 10
3.090215
 20
9.710420
 40
0.000000
 41
0.000000
 42
0.000000
  0
SEQEND
  0
POLYLINE
  8
PIN_TOP
 66
1
 70
1
 40
0.000000
 41
0.000000
 39
0.000000
  0
VERTEX
  8
PIN_TOP
 10
3.090215
 20
10.116820
 40
0.000000
 41
0.000000
 42
0.000000
  0
VERTEX
  8
PIN_TOP
 10
2.582215
 20
10.116820
 40
0.000000
 41
0.000000
 42
0.000000
  0
VERTEX
  8
PIN_TOP
 10
2.582215
 20
10.624820
 40
0.000000
 41
0.000000
 42
0.000000
  0
VERTEX
  8
PIN_TOP
 10
3.090215
 20
10.624820
 40
0.000000
 41
0.000000
 42
0.000000
  0
SEQEND
  0
POLYLINE
  8
PG_SILKSCREEN_TOP
 66
1
 70
0
 40
0.000000
 41
0.000000
 39
0.000000
  0
VERTEX
  8
PG_SILKSCREEN_TOP
 10
2.480615
 20
10.730814
 40
0.101600
 41
0.101600
 42
0.000000
  0
VERTEX
  8
PG_SILKSCREEN_TOP
 10
3.191815
 20
10.730814
 40
0.101600
 41
0.101600
 42
0.000000
  0
SEQEND
  0
POLYLINE
  8
PG_SILKSCREEN_TOP
 66
1
 70
0
 40
0.000000
 41
0.000000
 39
0.000000
  0
VERTEX
  8
PG_SILKSCREEN_TOP
 10
2.480615
 20
10.116820
 40
0.101600
 41
0.101600
 42
0.000000
  0
VERTEX
  8
PG_SILKSCREEN_TOP
 10
2.480615
 20
10.726420
 40
0.101600
 41
0.101600
 42
0.000000
  0
SEQEND
  0
POLYLINE
  8
PG_SILKSCREEN_TOP
 66
1
 70
0
 40
0.000000
 41
0.000000
 39
0.000000
  0
VERTEX
  8
PG_SILKSCREEN_TOP
 10
3.191815
 20
10.726420
 40
0.101600
 41
0.101600
 42
0.000000
  0
VERTEX
  8
PG_SILKSCREEN_TOP
 10
3.191815
 20
10.142220
 40
0.101600
 41
0.101600
 42
0.000000
  0
SEQEND
  0
POLYLINE
  8
PG_SILKSCREEN_TOP
 66
1
 70
0
 40
0.000000
 41
0.000000
 39
0.000000
  0
VERTEX
  8
PG_SILKSCREEN_TOP
 10
3.191815
 20
9.096426
 40
0.101600
 41
0.101600
 42
0.000000
  0
VERTEX
  8
PG_SILKSCREEN_TOP
 10
3.191815
 20
9.706026
 40
0.101600
 41
0.101600
 42
0.000000
  0
SEQEND
  0
POLYLINE
  8
PG_SILKSCREEN_TOP
 66
1
 70
0
 40
0.000000
 41
0.000000
 39
0.000000
  0
VERTEX
  8
PG_SILKSCREEN_TOP
 10
2.480615
 20
9.096426
 40
0.101600
 41
0.101600
 42
0.000000
  0
VERTEX
  8
PG_SILKSCREEN_TOP
 10
3.191815
 20
9.096426
 40
0.101600
 41
0.101600
 42
0.000000
  0
SEQEND
  0
POLYLINE
  8
PG_SILKSCREEN_TOP
 66
1
 70
0
 40
0.000000
 41
0.000000
 39
0.000000
  0
VERTEX
  8
PG_SILKSCREEN_TOP
 10
2.480615
 20
9.096426
 40
0.101600
 41
0.101600
 42
0.000000
  0
VERTEX
  8
PG_SILKSCREEN_TOP
 10
2.480615
 20
9.706026
 40
0.101600
 41
0.101600
 42
0.000000
  0
SEQEND
  0
POLYLINE
  8
PIN_TOP
 66
1
 70
1
 40
0.000000
 41
0.000000
 39
0.000000
  0
VERTEX
  8
PIN_TOP
 10
13.774928
 20
34.639250
 40
0.000000
 41
0.000000
 42
0.000000
  0
VERTEX
  8
PIN_TOP
 10
13.774928
 20
34.131250
 40
0.000000
 41
0.000000
 42
0.000000
  0
VERTEX
  8
PIN_TOP
 10
13.266928
 20
34.131250
 40
0.000000
 41
0.000000
 42
0.000000
  0
VERTEX
  8
PIN_TOP
 10
13.266928
 20
34.639250
 40
0.000000
 41
0.000000
 42
0.000000
  0
SEQEND
  0
POLYLINE
  8
PIN_TOP
 66
1
 70
1
 40
0.000000
 41
0.000000
 39
0.000000
  0
VERTEX
  8
PIN_TOP
 10
12.860528
 20
34.639250
 40
0.000000
 41
0.000000
 42
0.000000
  0
VERTEX
  8
PIN_TOP
 10
12.860528
 20
34.131250
 40
0.000000
 41
0.000000
 42
0.000000
  0
VERTEX
  8
PIN_TOP
 10
12.352528
 20
34.131250
 40
0.000000
 41
0.000000
 42
0.000000
  0
VERTEX
  8
PIN_TOP
 10
12.352528
 20
34.639250
 40
0.000000
 41
0.000000
 42
0.000000
  0
SEQEND
  0
POLYLINE
  8
PG_SILKSCREEN_TOP
 66
1
 70
0
 40
0.000000
 41
0.000000
 39
0.000000
  0
VERTEX
  8
PG_SILKSCREEN_TOP
 10
12.246534
 20
34.029650
 40
0.101600
 41
0.101600
 42
0.000000
  0
VERTEX
  8
PG_SILKSCREEN_TOP
 10
12.246534
 20
34.740850
 40
0.101600
 41
0.101600
 42
0.000000
  0
SEQEND
  0
POLYLINE
  8
PG_SILKSCREEN_TOP
 66
1
 70
0
 40
0.000000
 41
0.000000
 39
0.000000
  0
VERTEX
  8
PG_SILKSCREEN_TOP
 10
12.860528
 20
34.029650
 40
0.101600
 41
0.101600
 42
0.000000
  0
VERTEX
  8
PG_SILKSCREEN_TOP
 10
12.250928
 20
34.029650
 40
0.101600
 41
0.101600
 42
0.000000
  0
SEQEND
  0
POLYLINE
  8
PG_SILKSCREEN_TOP
 66
1
 70
0
 40
0.000000
 41
0.000000
 39
0.000000
  0
VERTEX
  8
PG_SILKSCREEN_TOP
 10
12.250928
 20
34.740850
 40
0.101600
 41
0.101600
 42
0.000000
  0
VERTEX
  8
PG_SILKSCREEN_TOP
 10
12.835128
 20
34.740850
 40
0.101600
 41
0.101600
 42
0.000000
  0
SEQEND
  0
POLYLINE
  8
PG_SILKSCREEN_TOP
 66
1
 70
0
 40
0.000000
 41
0.000000
 39
0.000000
  0
VERTEX
  8
PG_SILKSCREEN_TOP
 10
13.880922
 20
34.740850
 40
0.101600
 41
0.101600
 42
0.000000
  0
VERTEX
  8
PG_SILKSCREEN_TOP
 10
13.271322
 20
34.740850
 40
0.101600
 41
0.101600
 42
0.000000
  0
SEQEND
  0
POLYLINE
  8
PG_SILKSCREEN_TOP
 66
1
 70
0
 40
0.000000
 41
0.000000
 39
0.000000
  0
VERTEX
  8
PG_SILKSCREEN_TOP
 10
13.880922
 20
34.029650
 40
0.101600
 41
0.101600
 42
0.000000
  0
VERTEX
  8
PG_SILKSCREEN_TOP
 10
13.880922
 20
34.740850
 40
0.101600
 41
0.101600
 42
0.000000
  0
SEQEND
  0
POLYLINE
  8
PG_SILKSCREEN_TOP
 66
1
 70
0
 40
0.000000
 41
0.000000
 39
0.000000
  0
VERTEX
  8
PG_SILKSCREEN_TOP
 10
13.880922
 20
34.029650
 40
0.101600
 41
0.101600
 42
0.000000
  0
VERTEX
  8
PG_SILKSCREEN_TOP
 10
13.271322
 20
34.029650
 40
0.101600
 41
0.101600
 42
0.000000
  0
SEQEND
  0
POLYLINE
  8
PIN_TOP
 66
1
 70
1
 40
0.000000
 41
0.000000
 39
0.000000
  0
VERTEX
  8
PIN_TOP
 10
7.262876
 20
28.920237
 40
0.000000
 41
0.000000
 42
0.000000
  0
VERTEX
  8
PIN_TOP
 10
7.262876
 20
28.412237
 40
0.000000
 41
0.000000
 42
0.000000
  0
VERTEX
  8
PIN_TOP
 10
6.754876
 20
28.412237
 40
0.000000
 41
0.000000
 42
0.000000
  0
VERTEX
  8
PIN_TOP
 10
6.754876
 20
28.920237
 40
0.000000
 41
0.000000
 42
0.000000
  0
SEQEND
  0
POLYLINE
  8
PIN_TOP
 66
1
 70
1
 40
0.000000
 41
0.000000
 39
0.000000
  0
VERTEX
  8
PIN_TOP
 10
6.348476
 20
28.920237
 40
0.000000
 41
0.000000
 42
0.000000
  0
VERTEX
  8
PIN_TOP
 10
6.348476
 20
28.412237
 40
0.000000
 41
0.000000
 42
0.000000
  0
VERTEX
  8
PIN_TOP
 10
5.840476
 20
28.412237
 40
0.000000
 41
0.000000
 42
0.000000
  0
VERTEX
  8
PIN_TOP
 10
5.840476
 20
28.920237
 40
0.000000
 41
0.000000
 42
0.000000
  0
SEQEND
  0
POLYLINE
  8
PG_SILKSCREEN_TOP
 66
1
 70
0
 40
0.000000
 41
0.000000
 39
0.000000
  0
VERTEX
  8
PG_SILKSCREEN_TOP
 10
5.734482
 20
28.310637
 40
0.101600
 41
0.101600
 42
0.000000
  0
VERTEX
  8
PG_SILKSCREEN_TOP
 10
5.734482
 20
29.021837
 40
0.101600
 41
0.101600
 42
0.000000
  0
SEQEND
  0
POLYLINE
  8
PG_SILKSCREEN_TOP
 66
1
 70
0
 40
0.000000
 41
0.000000
 39
0.000000
  0
VERTEX
  8
PG_SILKSCREEN_TOP
 10
6.348476
 20
28.310637
 40
0.101600
 41
0.101600
 42
0.000000
  0
VERTEX
  8
PG_SILKSCREEN_TOP
 10
5.738876
 20
28.310637
 40
0.101600
 41
0.101600
 42
0.000000
  0
SEQEND
  0
POLYLINE
  8
PG_SILKSCREEN_TOP
 66
1
 70
0
 40
0.000000
 41
0.000000
 39
0.000000
  0
VERTEX
  8
PG_SILKSCREEN_TOP
 10
5.738876
 20
29.021837
 40
0.101600
 41
0.101600
 42
0.000000
  0
VERTEX
  8
PG_SILKSCREEN_TOP
 10
6.323076
 20
29.021837
 40
0.101600
 41
0.101600
 42
0.000000
  0
SEQEND
  0
POLYLINE
  8
PG_SILKSCREEN_TOP
 66
1
 70
0
 40
0.000000
 41
0.000000
 39
0.000000
  0
VERTEX
  8
PG_SILKSCREEN_TOP
 10
7.368870
 20
29.021837
 40
0.101600
 41
0.101600
 42
0.000000
  0
VERTEX
  8
PG_SILKSCREEN_TOP
 10
6.759270
 20
29.021837
 40
0.101600
 41
0.101600
 42
0.000000
  0
SEQEND
  0
POLYLINE
  8
PG_SILKSCREEN_TOP
 66
1
 70
0
 40
0.000000
 41
0.000000
 39
0.000000
  0
VERTEX
  8
PG_SILKSCREEN_TOP
 10
7.368870
 20
28.310637
 40
0.101600
 41
0.101600
 42
0.000000
  0
VERTEX
  8
PG_SILKSCREEN_TOP
 10
7.368870
 20
29.021837
 40
0.101600
 41
0.101600
 42
0.000000
  0
SEQEND
  0
POLYLINE
  8
PG_SILKSCREEN_TOP
 66
1
 70
0
 40
0.000000
 41
0.000000
 39
0.000000
  0
VERTEX
  8
PG_SILKSCREEN_TOP
 10
7.368870
 20
28.310637
 40
0.101600
 41
0.101600
 42
0.000000
  0
VERTEX
  8
PG_SILKSCREEN_TOP
 10
6.759270
 20
28.310637
 40
0.101600
 41
0.101600
 42
0.000000
  0
SEQEND
  0
POLYLINE
  8
PIN_TOP
 66
1
 70
1
 40
0.000000
 41
0.000000
 39
0.000000
  0
VERTEX
  8
PIN_TOP
 10
12.379960
 20
23.744733
 40
0.000000
 41
0.000000
 42
0.000000
  0
VERTEX
  8
PIN_TOP
 10
12.379960
 20
23.236733
 40
0.000000
 41
0.000000
 42
0.000000
  0
VERTEX
  8
PIN_TOP
 10
11.871960
 20
23.236733
 40
0.000000
 41
0.000000
 42
0.000000
  0
VERTEX
  8
PIN_TOP
 10
11.871960
 20
23.744733
 40
0.000000
 41
0.000000
 42
0.000000
  0
SEQEND
  0
POLYLINE
  8
PIN_TOP
 66
1
 70
1
 40
0.000000
 41
0.000000
 39
0.000000
  0
VERTEX
  8
PIN_TOP
 10
11.465560
 20
23.744733
 40
0.000000
 41
0.000000
 42
0.000000
  0
VERTEX
  8
PIN_TOP
 10
11.465560
 20
23.236733
 40
0.000000
 41
0.000000
 42
0.000000
  0
VERTEX
  8
PIN_TOP
 10
10.957560
 20
23.236733
 40
0.000000
 41
0.000000
 42
0.000000
  0
VERTEX
  8
PIN_TOP
 10
10.957560
 20
23.744733
 40
0.000000
 41
0.000000
 42
0.000000
  0
SEQEND
  0
POLYLINE
  8
PG_SILKSCREEN_TOP
 66
1
 70
0
 40
0.000000
 41
0.000000
 39
0.000000
  0
VERTEX
  8
PG_SILKSCREEN_TOP
 10
10.851566
 20
23.135133
 40
0.101600
 41
0.101600
 42
0.000000
  0
VERTEX
  8
PG_SILKSCREEN_TOP
 10
10.851566
 20
23.846333
 40
0.101600
 41
0.101600
 42
0.000000
  0
SEQEND
  0
POLYLINE
  8
PG_SILKSCREEN_TOP
 66
1
 70
0
 40
0.000000
 41
0.000000
 39
0.000000
  0
VERTEX
  8
PG_SILKSCREEN_TOP
 10
11.465560
 20
23.135133
 40
0.101600
 41
0.101600
 42
0.000000
  0
VERTEX
  8
PG_SILKSCREEN_TOP
 10
10.855960
 20
23.135133
 40
0.101600
 41
0.101600
 42
0.000000
  0
SEQEND
  0
POLYLINE
  8
PG_SILKSCREEN_TOP
 66
1
 70
0
 40
0.000000
 41
0.000000
 39
0.000000
  0
VERTEX
  8
PG_SILKSCREEN_TOP
 10
10.855960
 20
23.846333
 40
0.101600
 41
0.101600
 42
0.000000
  0
VERTEX
  8
PG_SILKSCREEN_TOP
 10
11.440160
 20
23.846333
 40
0.101600
 41
0.101600
 42
0.000000
  0
SEQEND
  0
POLYLINE
  8
PG_SILKSCREEN_TOP
 66
1
 70
0
 40
0.000000
 41
0.000000
 39
0.000000
  0
VERTEX
  8
PG_SILKSCREEN_TOP
 10
12.485954
 20
23.846333
 40
0.101600
 41
0.101600
 42
0.000000
  0
VERTEX
  8
PG_SILKSCREEN_TOP
 10
11.876354
 20
23.846333
 40
0.101600
 41
0.101600
 42
0.000000
  0
SEQEND
  0
POLYLINE
  8
PG_SILKSCREEN_TOP
 66
1
 70
0
 40
0.000000
 41
0.000000
 39
0.000000
  0
VERTEX
  8
PG_SILKSCREEN_TOP
 10
12.485954
 20
23.135133
 40
0.101600
 41
0.101600
 42
0.000000
  0
VERTEX
  8
PG_SILKSCREEN_TOP
 10
12.485954
 20
23.846333
 40
0.101600
 41
0.101600
 42
0.000000
  0
SEQEND
  0
POLYLINE
  8
PG_SILKSCREEN_TOP
 66
1
 70
0
 40
0.000000
 41
0.000000
 39
0.000000
  0
VERTEX
  8
PG_SILKSCREEN_TOP
 10
12.485954
 20
23.135133
 40
0.101600
 41
0.101600
 42
0.000000
  0
VERTEX
  8
PG_SILKSCREEN_TOP
 10
11.876354
 20
23.135133
 40
0.101600
 41
0.101600
 42
0.000000
  0
SEQEND
  0
POLYLINE
  8
PIN_TOP
 66
1
 70
1
 40
0.000000
 41
0.000000
 39
0.000000
  0
VERTEX
  8
PIN_TOP
 10
5.329682
 20
8.914130
 40
0.000000
 41
0.000000
 42
0.000000
  0
VERTEX
  8
PIN_TOP
 10
5.837682
 20
8.914130
 40
0.000000
 41
0.000000
 42
0.000000
  0
VERTEX
  8
PIN_TOP
 10
5.837682
 20
8.406130
 40
0.000000
 41
0.000000
 42
0.000000
  0
VERTEX
  8
PIN_TOP
 10
5.329682
 20
8.406130
 40
0.000000
 41
0.000000
 42
0.000000
  0
SEQEND
  0
POLYLINE
  8
PIN_TOP
 66
1
 70
1
 40
0.000000
 41
0.000000
 39
0.000000
  0
VERTEX
  8
PIN_TOP
 10
5.329682
 20
7.999730
 40
0.000000
 41
0.000000
 42
0.000000
  0
VERTEX
  8
PIN_TOP
 10
5.837682
 20
7.999730
 40
0.000000
 41
0.000000
 42
0.000000
  0
VERTEX
  8
PIN_TOP
 10
5.837682
 20
7.491730
 40
0.000000
 41
0.000000
 42
0.000000
  0
VERTEX
  8
PIN_TOP
 10
5.329682
 20
7.491730
 40
0.000000
 41
0.000000
 42
0.000000
  0
SEQEND
  0
POLYLINE
  8
PG_SILKSCREEN_TOP
 66
1
 70
0
 40
0.000000
 41
0.000000
 39
0.000000
  0
VERTEX
  8
PG_SILKSCREEN_TOP
 10
5.939282
 20
7.385736
 40
0.101600
 41
0.101600
 42
0.000000
  0
VERTEX
  8
PG_SILKSCREEN_TOP
 10
5.228082
 20
7.385736
 40
0.101600
 41
0.101600
 42
0.000000
  0
SEQEND
  0
POLYLINE
  8
PG_SILKSCREEN_TOP
 66
1
 70
0
 40
0.000000
 41
0.000000
 39
0.000000
  0
VERTEX
  8
PG_SILKSCREEN_TOP
 10
5.939282
 20
7.999730
 40
0.101600
 41
0.101600
 42
0.000000
  0
VERTEX
  8
PG_SILKSCREEN_TOP
 10
5.939282
 20
7.390130
 40
0.101600
 41
0.101600
 42
0.000000
  0
SEQEND
  0
POLYLINE
  8
PG_SILKSCREEN_TOP
 66
1
 70
0
 40
0.000000
 41
0.000000
 39
0.000000
  0
VERTEX
  8
PG_SILKSCREEN_TOP
 10
5.228082
 20
7.390130
 40
0.101600
 41
0.101600
 42
0.000000
  0
VERTEX
  8
PG_SILKSCREEN_TOP
 10
5.228082
 20
7.974330
 40
0.101600
 41
0.101600
 42
0.000000
  0
SEQEND
  0
POLYLINE
  8
PG_SILKSCREEN_TOP
 66
1
 70
0
 40
0.000000
 41
0.000000
 39
0.000000
  0
VERTEX
  8
PG_SILKSCREEN_TOP
 10
5.228082
 20
9.020124
 40
0.101600
 41
0.101600
 42
0.000000
  0
VERTEX
  8
PG_SILKSCREEN_TOP
 10
5.228082
 20
8.410524
 40
0.101600
 41
0.101600
 42
0.000000
  0
SEQEND
  0
POLYLINE
  8
PG_SILKSCREEN_TOP
 66
1
 70
0
 40
0.000000
 41
0.000000
 39
0.000000
  0
VERTEX
  8
PG_SILKSCREEN_TOP
 10
5.939282
 20
9.020124
 40
0.101600
 41
0.101600
 42
0.000000
  0
VERTEX
  8
PG_SILKSCREEN_TOP
 10
5.228082
 20
9.020124
 40
0.101600
 41
0.101600
 42
0.000000
  0
SEQEND
  0
POLYLINE
  8
PG_SILKSCREEN_TOP
 66
1
 70
0
 40
0.000000
 41
0.000000
 39
0.000000
  0
VERTEX
  8
PG_SILKSCREEN_TOP
 10
5.939282
 20
9.020124
 40
0.101600
 41
0.101600
 42
0.000000
  0
VERTEX
  8
PG_SILKSCREEN_TOP
 10
5.939282
 20
8.410524
 40
0.101600
 41
0.101600
 42
0.000000
  0
SEQEND
  0
POLYLINE
  8
PIN_TOP
 66
1
 70
1
 40
0.000000
 41
0.000000
 39
0.000000
  0
VERTEX
  8
PIN_TOP
 10
12.670536
 20
24.960834
 40
0.000000
 41
0.000000
 42
0.000000
  0
VERTEX
  8
PIN_TOP
 10
12.670536
 20
25.468834
 40
0.000000
 41
0.000000
 42
0.000000
  0
VERTEX
  8
PIN_TOP
 10
13.178536
 20
25.468834
 40
0.000000
 41
0.000000
 42
0.000000
  0
VERTEX
  8
PIN_TOP
 10
13.178536
 20
24.960834
 40
0.000000
 41
0.000000
 42
0.000000
  0
SEQEND
  0
POLYLINE
  8
PIN_TOP
 66
1
 70
1
 40
0.000000
 41
0.000000
 39
0.000000
  0
VERTEX
  8
PIN_TOP
 10
13.584936
 20
24.960834
 40
0.000000
 41
0.000000
 42
0.000000
  0
VERTEX
  8
PIN_TOP
 10
13.584936
 20
25.468834
 40
0.000000
 41
0.000000
 42
0.000000
  0
VERTEX
  8
PIN_TOP
 10
14.092936
 20
25.468834
 40
0.000000
 41
0.000000
 42
0.000000
  0
VERTEX
  8
PIN_TOP
 10
14.092936
 20
24.960834
 40
0.000000
 41
0.000000
 42
0.000000
  0
SEQEND
  0
POLYLINE
  8
PG_SILKSCREEN_TOP
 66
1
 70
0
 40
0.000000
 41
0.000000
 39
0.000000
  0
VERTEX
  8
PG_SILKSCREEN_TOP
 10
14.198930
 20
25.570434
 40
0.101600
 41
0.101600
 42
0.000000
  0
VERTEX
  8
PG_SILKSCREEN_TOP
 10
14.198930
 20
24.859234
 40
0.101600
 41
0.101600
 42
0.000000
  0
SEQEND
  0
POLYLINE
  8
PG_SILKSCREEN_TOP
 66
1
 70
0
 40
0.000000
 41
0.000000
 39
0.000000
  0
VERTEX
  8
PG_SILKSCREEN_TOP
 10
13.584936
 20
25.570434
 40
0.101600
 41
0.101600
 42
0.000000
  0
VERTEX
  8
PG_SILKSCREEN_TOP
 10
14.194536
 20
25.570434
 40
0.101600
 41
0.101600
 42
0.000000
  0
SEQEND
  0
POLYLINE
  8
PG_SILKSCREEN_TOP
 66
1
 70
0
 40
0.000000
 41
0.000000
 39
0.000000
  0
VERTEX
  8
PG_SILKSCREEN_TOP
 10
14.194536
 20
24.859234
 40
0.101600
 41
0.101600
 42
0.000000
  0
VERTEX
  8
PG_SILKSCREEN_TOP
 10
13.610336
 20
24.859234
 40
0.101600
 41
0.101600
 42
0.000000
  0
SEQEND
  0
POLYLINE
  8
PG_SILKSCREEN_TOP
 66
1
 70
0
 40
0.000000
 41
0.000000
 39
0.000000
  0
VERTEX
  8
PG_SILKSCREEN_TOP
 10
12.564542
 20
24.859234
 40
0.101600
 41
0.101600
 42
0.000000
  0
VERTEX
  8
PG_SILKSCREEN_TOP
 10
13.174142
 20
24.859234
 40
0.101600
 41
0.101600
 42
0.000000
  0
SEQEND
  0
POLYLINE
  8
PG_SILKSCREEN_TOP
 66
1
 70
0
 40
0.000000
 41
0.000000
 39
0.000000
  0
VERTEX
  8
PG_SILKSCREEN_TOP
 10
12.564542
 20
25.570434
 40
0.101600
 41
0.101600
 42
0.000000
  0
VERTEX
  8
PG_SILKSCREEN_TOP
 10
12.564542
 20
24.859234
 40
0.101600
 41
0.101600
 42
0.000000
  0
SEQEND
  0
POLYLINE
  8
PG_SILKSCREEN_TOP
 66
1
 70
0
 40
0.000000
 41
0.000000
 39
0.000000
  0
VERTEX
  8
PG_SILKSCREEN_TOP
 10
12.564542
 20
25.570434
 40
0.101600
 41
0.101600
 42
0.000000
  0
VERTEX
  8
PG_SILKSCREEN_TOP
 10
13.174142
 20
25.570434
 40
0.101600
 41
0.101600
 42
0.000000
  0
SEQEND
  0
POLYLINE
  8
PIN_TOP
 66
1
 70
1
 40
0.000000
 41
0.000000
 39
0.000000
  0
VERTEX
  8
PIN_TOP
 10
10.127971
 20
67.929633
 40
0.000000
 41
0.000000
 42
0.000000
  0
VERTEX
  8
PIN_TOP
 10
10.127971
 20
68.437633
 40
0.000000
 41
0.000000
 42
0.000000
  0
VERTEX
  8
PIN_TOP
 10
10.635971
 20
68.437633
 40
0.000000
 41
0.000000
 42
0.000000
  0
VERTEX
  8
PIN_TOP
 10
10.635971
 20
67.929633
 40
0.000000
 41
0.000000
 42
0.000000
  0
SEQEND
  0
POLYLINE
  8
PIN_TOP
 66
1
 70
1
 40
0.000000
 41
0.000000
 39
0.000000
  0
VERTEX
  8
PIN_TOP
 10
11.042371
 20
67.929633
 40
0.000000
 41
0.000000
 42
0.000000
  0
VERTEX
  8
PIN_TOP
 10
11.042371
 20
68.437633
 40
0.000000
 41
0.000000
 42
0.000000
  0
VERTEX
  8
PIN_TOP
 10
11.550371
 20
68.437633
 40
0.000000
 41
0.000000
 42
0.000000
  0
VERTEX
  8
PIN_TOP
 10
11.550371
 20
67.929633
 40
0.000000
 41
0.000000
 42
0.000000
  0
SEQEND
  0
POLYLINE
  8
PG_SILKSCREEN_TOP
 66
1
 70
0
 40
0.000000
 41
0.000000
 39
0.000000
  0
VERTEX
  8
PG_SILKSCREEN_TOP
 10
11.656365
 20
68.539233
 40
0.101600
 41
0.101600
 42
0.000000
  0
VERTEX
  8
PG_SILKSCREEN_TOP
 10
11.656365
 20
67.828033
 40
0.101600
 41
0.101600
 42
0.000000
  0
SEQEND
  0
POLYLINE
  8
PG_SILKSCREEN_TOP
 66
1
 70
0
 40
0.000000
 41
0.000000
 39
0.000000
  0
VERTEX
  8
PG_SILKSCREEN_TOP
 10
11.042371
 20
68.539233
 40
0.101600
 41
0.101600
 42
0.000000
  0
VERTEX
  8
PG_SILKSCREEN_TOP
 10
11.651971
 20
68.539233
 40
0.101600
 41
0.101600
 42
0.000000
  0
SEQEND
  0
POLYLINE
  8
PG_SILKSCREEN_TOP
 66
1
 70
0
 40
0.000000
 41
0.000000
 39
0.000000
  0
VERTEX
  8
PG_SILKSCREEN_TOP
 10
11.651971
 20
67.828033
 40
0.101600
 41
0.101600
 42
0.000000
  0
VERTEX
  8
PG_SILKSCREEN_TOP
 10
11.067771
 20
67.828033
 40
0.101600
 41
0.101600
 42
0.000000
  0
SEQEND
  0
POLYLINE
  8
PG_SILKSCREEN_TOP
 66
1
 70
0
 40
0.000000
 41
0.000000
 39
0.000000
  0
VERTEX
  8
PG_SILKSCREEN_TOP
 10
10.021976
 20
67.828033
 40
0.101600
 41
0.101600
 42
0.000000
  0
VERTEX
  8
PG_SILKSCREEN_TOP
 10
10.631576
 20
67.828033
 40
0.101600
 41
0.101600
 42
0.000000
  0
SEQEND
  0
POLYLINE
  8
PG_SILKSCREEN_TOP
 66
1
 70
0
 40
0.000000
 41
0.000000
 39
0.000000
  0
VERTEX
  8
PG_SILKSCREEN_TOP
 10
10.021976
 20
68.539233
 40
0.101600
 41
0.101600
 42
0.000000
  0
VERTEX
  8
PG_SILKSCREEN_TOP
 10
10.021976
 20
67.828033
 40
0.101600
 41
0.101600
 42
0.000000
  0
SEQEND
  0
POLYLINE
  8
PG_SILKSCREEN_TOP
 66
1
 70
0
 40
0.000000
 41
0.000000
 39
0.000000
  0
VERTEX
  8
PG_SILKSCREEN_TOP
 10
10.021976
 20
68.539233
 40
0.101600
 41
0.101600
 42
0.000000
  0
VERTEX
  8
PG_SILKSCREEN_TOP
 10
10.631576
 20
68.539233
 40
0.101600
 41
0.101600
 42
0.000000
  0
SEQEND
  0
POLYLINE
  8
PIN_TOP
 66
1
 70
1
 40
0.000000
 41
0.000000
 39
0.000000
  0
VERTEX
  8
PIN_TOP
 10
69.081929
 20
27.396542
 40
0.000000
 41
0.000000
 42
0.000000
  0
VERTEX
  8
PIN_TOP
 10
69.081929
 20
26.888542
 40
0.000000
 41
0.000000
 42
0.000000
  0
VERTEX
  8
PIN_TOP
 10
68.573929
 20
26.888542
 40
0.000000
 41
0.000000
 42
0.000000
  0
VERTEX
  8
PIN_TOP
 10
68.573929
 20
27.396542
 40
0.000000
 41
0.000000
 42
0.000000
  0
SEQEND
  0
POLYLINE
  8
PIN_TOP
 66
1
 70
1
 40
0.000000
 41
0.000000
 39
0.000000
  0
VERTEX
  8
PIN_TOP
 10
68.167529
 20
27.396542
 40
0.000000
 41
0.000000
 42
0.000000
  0
VERTEX
  8
PIN_TOP
 10
68.167529
 20
26.888542
 40
0.000000
 41
0.000000
 42
0.000000
  0
VERTEX
  8
PIN_TOP
 10
67.659529
 20
26.888542
 40
0.000000
 41
0.000000
 42
0.000000
  0
VERTEX
  8
PIN_TOP
 10
67.659529
 20
27.396542
 40
0.000000
 41
0.000000
 42
0.000000
  0
SEQEND
  0
POLYLINE
  8
PG_SILKSCREEN_TOP
 66
1
 70
0
 40
0.000000
 41
0.000000
 39
0.000000
  0
VERTEX
  8
PG_SILKSCREEN_TOP
 10
67.553535
 20
26.786942
 40
0.101600
 41
0.101600
 42
0.000000
  0
VERTEX
  8
PG_SILKSCREEN_TOP
 10
67.553535
 20
27.498142
 40
0.101600
 41
0.101600
 42
0.000000
  0
SEQEND
  0
POLYLINE
  8
PG_SILKSCREEN_TOP
 66
1
 70
0
 40
0.000000
 41
0.000000
 39
0.000000
  0
VERTEX
  8
PG_SILKSCREEN_TOP
 10
68.167529
 20
26.786942
 40
0.101600
 41
0.101600
 42
0.000000
  0
VERTEX
  8
PG_SILKSCREEN_TOP
 10
67.557929
 20
26.786942
 40
0.101600
 41
0.101600
 42
0.000000
  0
SEQEND
  0
POLYLINE
  8
PG_SILKSCREEN_TOP
 66
1
 70
0
 40
0.000000
 41
0.000000
 39
0.000000
  0
VERTEX
  8
PG_SILKSCREEN_TOP
 10
67.557929
 20
27.498142
 40
0.101600
 41
0.101600
 42
0.000000
  0
VERTEX
  8
PG_SILKSCREEN_TOP
 10
68.142129
 20
27.498142
 40
0.101600
 41
0.101600
 42
0.000000
  0
SEQEND
  0
POLYLINE
  8
PG_SILKSCREEN_TOP
 66
1
 70
0
 40
0.000000
 41
0.000000
 39
0.000000
  0
VERTEX
  8
PG_SILKSCREEN_TOP
 10
69.187924
 20
27.498142
 40
0.101600
 41
0.101600
 42
0.000000
  0
VERTEX
  8
PG_SILKSCREEN_TOP
 10
68.578324
 20
27.498142
 40
0.101600
 41
0.101600
 42
0.000000
  0
SEQEND
  0
POLYLINE
  8
PG_SILKSCREEN_TOP
 66
1
 70
0
 40
0.000000
 41
0.000000
 39
0.000000
  0
VERTEX
  8
PG_SILKSCREEN_TOP
 10
69.187924
 20
26.786942
 40
0.101600
 41
0.101600
 42
0.000000
  0
VERTEX
  8
PG_SILKSCREEN_TOP
 10
69.187924
 20
27.498142
 40
0.101600
 41
0.101600
 42
0.000000
  0
SEQEND
  0
POLYLINE
  8
PG_SILKSCREEN_TOP
 66
1
 70
0
 40
0.000000
 41
0.000000
 39
0.000000
  0
VERTEX
  8
PG_SILKSCREEN_TOP
 10
69.187924
 20
26.786942
 40
0.101600
 41
0.101600
 42
0.000000
  0
VERTEX
  8
PG_SILKSCREEN_TOP
 10
68.578324
 20
26.786942
 40
0.101600
 41
0.101600
 42
0.000000
  0
SEQEND
  0
POLYLINE
  8
PIN_TOP
 66
1
 70
1
 40
0.000000
 41
0.000000
 39
0.000000
  0
VERTEX
  8
PIN_TOP
 10
20.995615
 20
11.827942
 40
0.000000
 41
0.000000
 42
0.000000
  0
VERTEX
  8
PIN_TOP
 10
20.995615
 20
11.319942
 40
0.000000
 41
0.000000
 42
0.000000
  0
VERTEX
  8
PIN_TOP
 10
20.487615
 20
11.319942
 40
0.000000
 41
0.000000
 42
0.000000
  0
VERTEX
  8
PIN_TOP
 10
20.487615
 20
11.827942
 40
0.000000
 41
0.000000
 42
0.000000
  0
SEQEND
  0
POLYLINE
  8
PIN_TOP
 66
1
 70
1
 40
0.000000
 41
0.000000
 39
0.000000
  0
VERTEX
  8
PIN_TOP
 10
20.081215
 20
11.827942
 40
0.000000
 41
0.000000
 42
0.000000
  0
VERTEX
  8
PIN_TOP
 10
20.081215
 20
11.319942
 40
0.000000
 41
0.000000
 42
0.000000
  0
VERTEX
  8
PIN_TOP
 10
19.573215
 20
11.319942
 40
0.000000
 41
0.000000
 42
0.000000
  0
VERTEX
  8
PIN_TOP
 10
19.573215
 20
11.827942
 40
0.000000
 41
0.000000
 42
0.000000
  0
SEQEND
  0
POLYLINE
  8
PG_SILKSCREEN_TOP
 66
1
 70
0
 40
0.000000
 41
0.000000
 39
0.000000
  0
VERTEX
  8
PG_SILKSCREEN_TOP
 10
19.467220
 20
11.218342
 40
0.101600
 41
0.101600
 42
0.000000
  0
VERTEX
  8
PG_SILKSCREEN_TOP
 10
19.467220
 20
11.929542
 40
0.101600
 41
0.101600
 42
0.000000
  0
SEQEND
  0
POLYLINE
  8
PG_SILKSCREEN_TOP
 66
1
 70
0
 40
0.000000
 41
0.000000
 39
0.000000
  0
VERTEX
  8
PG_SILKSCREEN_TOP
 10
20.081215
 20
11.218342
 40
0.101600
 41
0.101600
 42
0.000000
  0
VERTEX
  8
PG_SILKSCREEN_TOP
 10
19.471615
 20
11.218342
 40
0.101600
 41
0.101600
 42
0.000000
  0
SEQEND
  0
POLYLINE
  8
PG_SILKSCREEN_TOP
 66
1
 70
0
 40
0.000000
 41
0.000000
 39
0.000000
  0
VERTEX
  8
PG_SILKSCREEN_TOP
 10
19.471615
 20
11.929542
 40
0.101600
 41
0.101600
 42
0.000000
  0
VERTEX
  8
PG_SILKSCREEN_TOP
 10
20.055815
 20
11.929542
 40
0.101600
 41
0.101600
 42
0.000000
  0
SEQEND
  0
POLYLINE
  8
PG_SILKSCREEN_TOP
 66
1
 70
0
 40
0.000000
 41
0.000000
 39
0.000000
  0
VERTEX
  8
PG_SILKSCREEN_TOP
 10
21.101609
 20
11.929542
 40
0.101600
 41
0.101600
 42
0.000000
  0
VERTEX
  8
PG_SILKSCREEN_TOP
 10
20.492009
 20
11.929542
 40
0.101600
 41
0.101600
 42
0.000000
  0
SEQEND
  0
POLYLINE
  8
PG_SILKSCREEN_TOP
 66
1
 70
0
 40
0.000000
 41
0.000000
 39
0.000000
  0
VERTEX
  8
PG_SILKSCREEN_TOP
 10
21.101609
 20
11.218342
 40
0.101600
 41
0.101600
 42
0.000000
  0
VERTEX
  8
PG_SILKSCREEN_TOP
 10
21.101609
 20
11.929542
 40
0.101600
 41
0.101600
 42
0.000000
  0
SEQEND
  0
POLYLINE
  8
PG_SILKSCREEN_TOP
 66
1
 70
0
 40
0.000000
 41
0.000000
 39
0.000000
  0
VERTEX
  8
PG_SILKSCREEN_TOP
 10
21.101609
 20
11.218342
 40
0.101600
 41
0.101600
 42
0.000000
  0
VERTEX
  8
PG_SILKSCREEN_TOP
 10
20.492009
 20
11.218342
 40
0.101600
 41
0.101600
 42
0.000000
  0
SEQEND
  0
POLYLINE
  8
PIN_TOP
 66
1
 70
1
 40
0.000000
 41
0.000000
 39
0.000000
  0
VERTEX
  8
PIN_TOP
 10
74.802060
 20
59.047126
 40
0.000000
 41
0.000000
 42
0.000000
  0
VERTEX
  8
PIN_TOP
 10
74.802060
 20
58.539126
 40
0.000000
 41
0.000000
 42
0.000000
  0
VERTEX
  8
PIN_TOP
 10
74.294060
 20
58.539126
 40
0.000000
 41
0.000000
 42
0.000000
  0
VERTEX
  8
PIN_TOP
 10
74.294060
 20
59.047126
 40
0.000000
 41
0.000000
 42
0.000000
  0
SEQEND
  0
POLYLINE
  8
PIN_TOP
 66
1
 70
1
 40
0.000000
 41
0.000000
 39
0.000000
  0
VERTEX
  8
PIN_TOP
 10
73.887660
 20
59.047126
 40
0.000000
 41
0.000000
 42
0.000000
  0
VERTEX
  8
PIN_TOP
 10
73.887660
 20
58.539126
 40
0.000000
 41
0.000000
 42
0.000000
  0
VERTEX
  8
PIN_TOP
 10
73.379660
 20
58.539126
 40
0.000000
 41
0.000000
 42
0.000000
  0
VERTEX
  8
PIN_TOP
 10
73.379660
 20
59.047126
 40
0.000000
 41
0.000000
 42
0.000000
  0
SEQEND
  0
POLYLINE
  8
PG_SILKSCREEN_TOP
 66
1
 70
0
 40
0.000000
 41
0.000000
 39
0.000000
  0
VERTEX
  8
PG_SILKSCREEN_TOP
 10
73.273666
 20
58.437501
 40
0.101600
 41
0.101600
 42
0.000000
  0
VERTEX
  8
PG_SILKSCREEN_TOP
 10
73.273666
 20
59.148701
 40
0.101600
 41
0.101600
 42
0.000000
  0
SEQEND
  0
POLYLINE
  8
PG_SILKSCREEN_TOP
 66
1
 70
0
 40
0.000000
 41
0.000000
 39
0.000000
  0
VERTEX
  8
PG_SILKSCREEN_TOP
 10
73.887660
 20
58.437501
 40
0.101600
 41
0.101600
 42
0.000000
  0
VERTEX
  8
PG_SILKSCREEN_TOP
 10
73.278060
 20
58.437526
 40
0.101600
 41
0.101600
 42
0.000000
  0
SEQEND
  0
POLYLINE
  8
PG_SILKSCREEN_TOP
 66
1
 70
0
 40
0.000000
 41
0.000000
 39
0.000000
  0
VERTEX
  8
PG_SILKSCREEN_TOP
 10
73.278060
 20
59.148726
 40
0.101600
 41
0.101600
 42
0.000000
  0
VERTEX
  8
PG_SILKSCREEN_TOP
 10
73.862260
 20
59.148701
 40
0.101600
 41
0.101600
 42
0.000000
  0
SEQEND
  0
POLYLINE
  8
PG_SILKSCREEN_TOP
 66
1
 70
0
 40
0.000000
 41
0.000000
 39
0.000000
  0
VERTEX
  8
PG_SILKSCREEN_TOP
 10
74.908054
 20
59.148701
 40
0.101600
 41
0.101600
 42
0.000000
  0
VERTEX
  8
PG_SILKSCREEN_TOP
 10
74.298454
 20
59.148701
 40
0.101600
 41
0.101600
 42
0.000000
  0
SEQEND
  0
POLYLINE
  8
PG_SILKSCREEN_TOP
 66
1
 70
0
 40
0.000000
 41
0.000000
 39
0.000000
  0
VERTEX
  8
PG_SILKSCREEN_TOP
 10
74.908054
 20
58.437501
 40
0.101600
 41
0.101600
 42
0.000000
  0
VERTEX
  8
PG_SILKSCREEN_TOP
 10
74.908054
 20
59.148701
 40
0.101600
 41
0.101600
 42
0.000000
  0
SEQEND
  0
POLYLINE
  8
PG_SILKSCREEN_TOP
 66
1
 70
0
 40
0.000000
 41
0.000000
 39
0.000000
  0
VERTEX
  8
PG_SILKSCREEN_TOP
 10
74.908054
 20
58.437501
 40
0.101600
 41
0.101600
 42
0.000000
  0
VERTEX
  8
PG_SILKSCREEN_TOP
 10
74.298454
 20
58.437501
 40
0.101600
 41
0.101600
 42
0.000000
  0
SEQEND
  0
POLYLINE
  8
PIN_TOP
 66
1
 70
1
 40
0.000000
 41
0.000000
 39
0.000000
  0
VERTEX
  8
PIN_TOP
 10
52.926463
 20
73.160001
 40
0.000000
 41
0.000000
 42
0.000000
  0
VERTEX
  8
PIN_TOP
 10
52.926463
 20
73.668001
 40
0.000000
 41
0.000000
 42
0.000000
  0
VERTEX
  8
PIN_TOP
 10
53.434463
 20
73.668001
 40
0.000000
 41
0.000000
 42
0.000000
  0
VERTEX
  8
PIN_TOP
 10
53.434463
 20
73.160001
 40
0.000000
 41
0.000000
 42
0.000000
  0
SEQEND
  0
POLYLINE
  8
PIN_TOP
 66
1
 70
1
 40
0.000000
 41
0.000000
 39
0.000000
  0
VERTEX
  8
PIN_TOP
 10
53.840863
 20
73.160001
 40
0.000000
 41
0.000000
 42
0.000000
  0
VERTEX
  8
PIN_TOP
 10
53.840863
 20
73.668001
 40
0.000000
 41
0.000000
 42
0.000000
  0
VERTEX
  8
PIN_TOP
 10
54.348863
 20
73.668001
 40
0.000000
 41
0.000000
 42
0.000000
  0
VERTEX
  8
PIN_TOP
 10
54.348863
 20
73.160001
 40
0.000000
 41
0.000000
 42
0.000000
  0
SEQEND
  0
POLYLINE
  8
PG_SILKSCREEN_TOP
 66
1
 70
0
 40
0.000000
 41
0.000000
 39
0.000000
  0
VERTEX
  8
PG_SILKSCREEN_TOP
 10
54.454857
 20
73.769601
 40
0.101600
 41
0.101600
 42
0.000000
  0
VERTEX
  8
PG_SILKSCREEN_TOP
 10
54.454857
 20
73.058401
 40
0.101600
 41
0.101600
 42
0.000000
  0
SEQEND
  0
POLYLINE
  8
PG_SILKSCREEN_TOP
 66
1
 70
0
 40
0.000000
 41
0.000000
 39
0.000000
  0
VERTEX
  8
PG_SILKSCREEN_TOP
 10
53.840863
 20
73.769601
 40
0.101600
 41
0.101600
 42
0.000000
  0
VERTEX
  8
PG_SILKSCREEN_TOP
 10
54.450463
 20
73.769601
 40
0.101600
 41
0.101600
 42
0.000000
  0
SEQEND
  0
POLYLINE
  8
PG_SILKSCREEN_TOP
 66
1
 70
0
 40
0.000000
 41
0.000000
 39
0.000000
  0
VERTEX
  8
PG_SILKSCREEN_TOP
 10
54.450463
 20
73.058401
 40
0.101600
 41
0.101600
 42
0.000000
  0
VERTEX
  8
PG_SILKSCREEN_TOP
 10
53.866263
 20
73.058401
 40
0.101600
 41
0.101600
 42
0.000000
  0
SEQEND
  0
POLYLINE
  8
PG_SILKSCREEN_TOP
 66
1
 70
0
 40
0.000000
 41
0.000000
 39
0.000000
  0
VERTEX
  8
PG_SILKSCREEN_TOP
 10
52.820468
 20
73.058401
 40
0.101600
 41
0.101600
 42
0.000000
  0
VERTEX
  8
PG_SILKSCREEN_TOP
 10
53.430068
 20
73.058401
 40
0.101600
 41
0.101600
 42
0.000000
  0
SEQEND
  0
POLYLINE
  8
PG_SILKSCREEN_TOP
 66
1
 70
0
 40
0.000000
 41
0.000000
 39
0.000000
  0
VERTEX
  8
PG_SILKSCREEN_TOP
 10
52.820468
 20
73.769601
 40
0.101600
 41
0.101600
 42
0.000000
  0
VERTEX
  8
PG_SILKSCREEN_TOP
 10
52.820468
 20
73.058401
 40
0.101600
 41
0.101600
 42
0.000000
  0
SEQEND
  0
POLYLINE
  8
PG_SILKSCREEN_TOP
 66
1
 70
0
 40
0.000000
 41
0.000000
 39
0.000000
  0
VERTEX
  8
PG_SILKSCREEN_TOP
 10
52.820468
 20
73.769601
 40
0.101600
 41
0.101600
 42
0.000000
  0
VERTEX
  8
PG_SILKSCREEN_TOP
 10
53.430068
 20
73.769601
 40
0.101600
 41
0.101600
 42
0.000000
  0
SEQEND
  0
POLYLINE
  8
PIN_TOP
 66
1
 70
1
 40
0.000000
 41
0.000000
 39
0.000000
  0
VERTEX
  8
PIN_TOP
 10
67.316325
 20
71.638795
 40
0.000000
 41
0.000000
 42
0.000000
  0
VERTEX
  8
PIN_TOP
 10
67.316325
 20
72.146795
 40
0.000000
 41
0.000000
 42
0.000000
  0
VERTEX
  8
PIN_TOP
 10
67.824325
 20
72.146795
 40
0.000000
 41
0.000000
 42
0.000000
  0
VERTEX
  8
PIN_TOP
 10
67.824325
 20
71.638795
 40
0.000000
 41
0.000000
 42
0.000000
  0
SEQEND
  0
POLYLINE
  8
PIN_TOP
 66
1
 70
1
 40
0.000000
 41
0.000000
 39
0.000000
  0
VERTEX
  8
PIN_TOP
 10
68.230725
 20
71.638795
 40
0.000000
 41
0.000000
 42
0.000000
  0
VERTEX
  8
PIN_TOP
 10
68.230725
 20
72.146795
 40
0.000000
 41
0.000000
 42
0.000000
  0
VERTEX
  8
PIN_TOP
 10
68.738725
 20
72.146795
 40
0.000000
 41
0.000000
 42
0.000000
  0
VERTEX
  8
PIN_TOP
 10
68.738725
 20
71.638795
 40
0.000000
 41
0.000000
 42
0.000000
  0
SEQEND
  0
POLYLINE
  8
PG_SILKSCREEN_TOP
 66
1
 70
0
 40
0.000000
 41
0.000000
 39
0.000000
  0
VERTEX
  8
PG_SILKSCREEN_TOP
 10
68.844719
 20
72.248395
 40
0.101600
 41
0.101600
 42
0.000000
  0
VERTEX
  8
PG_SILKSCREEN_TOP
 10
68.844719
 20
71.537195
 40
0.101600
 41
0.101600
 42
0.000000
  0
SEQEND
  0
POLYLINE
  8
PG_SILKSCREEN_TOP
 66
1
 70
0
 40
0.000000
 41
0.000000
 39
0.000000
  0
VERTEX
  8
PG_SILKSCREEN_TOP
 10
68.230725
 20
72.248395
 40
0.101600
 41
0.101600
 42
0.000000
  0
VERTEX
  8
PG_SILKSCREEN_TOP
 10
68.840325
 20
72.248395
 40
0.101600
 41
0.101600
 42
0.000000
  0
SEQEND
  0
POLYLINE
  8
PG_SILKSCREEN_TOP
 66
1
 70
0
 40
0.000000
 41
0.000000
 39
0.000000
  0
VERTEX
  8
PG_SILKSCREEN_TOP
 10
68.840325
 20
71.537195
 40
0.101600
 41
0.101600
 42
0.000000
  0
VERTEX
  8
PG_SILKSCREEN_TOP
 10
68.256125
 20
71.537195
 40
0.101600
 41
0.101600
 42
0.000000
  0
SEQEND
  0
POLYLINE
  8
PG_SILKSCREEN_TOP
 66
1
 70
0
 40
0.000000
 41
0.000000
 39
0.000000
  0
VERTEX
  8
PG_SILKSCREEN_TOP
 10
67.210330
 20
71.537195
 40
0.101600
 41
0.101600
 42
0.000000
  0
VERTEX
  8
PG_SILKSCREEN_TOP
 10
67.819930
 20
71.537195
 40
0.101600
 41
0.101600
 42
0.000000
  0
SEQEND
  0
POLYLINE
  8
PG_SILKSCREEN_TOP
 66
1
 70
0
 40
0.000000
 41
0.000000
 39
0.000000
  0
VERTEX
  8
PG_SILKSCREEN_TOP
 10
67.210330
 20
72.248395
 40
0.101600
 41
0.101600
 42
0.000000
  0
VERTEX
  8
PG_SILKSCREEN_TOP
 10
67.210330
 20
71.537195
 40
0.101600
 41
0.101600
 42
0.000000
  0
SEQEND
  0
POLYLINE
  8
PG_SILKSCREEN_TOP
 66
1
 70
0
 40
0.000000
 41
0.000000
 39
0.000000
  0
VERTEX
  8
PG_SILKSCREEN_TOP
 10
67.210330
 20
72.248395
 40
0.101600
 41
0.101600
 42
0.000000
  0
VERTEX
  8
PG_SILKSCREEN_TOP
 10
67.819930
 20
72.248395
 40
0.101600
 41
0.101600
 42
0.000000
  0
SEQEND
  0
POLYLINE
  8
PIN_TOP
 66
1
 70
1
 40
0.000000
 41
0.000000
 39
0.000000
  0
VERTEX
  8
PIN_TOP
 10
15.348483
 20
65.082547
 40
0.000000
 41
0.000000
 42
0.000000
  0
VERTEX
  8
PIN_TOP
 10
15.348483
 20
64.574547
 40
0.000000
 41
0.000000
 42
0.000000
  0
VERTEX
  8
PIN_TOP
 10
14.840483
 20
64.574547
 40
0.000000
 41
0.000000
 42
0.000000
  0
VERTEX
  8
PIN_TOP
 10
14.840483
 20
65.082547
 40
0.000000
 41
0.000000
 42
0.000000
  0
SEQEND
  0
POLYLINE
  8
PIN_TOP
 66
1
 70
1
 40
0.000000
 41
0.000000
 39
0.000000
  0
VERTEX
  8
PIN_TOP
 10
14.434083
 20
65.082547
 40
0.000000
 41
0.000000
 42
0.000000
  0
VERTEX
  8
PIN_TOP
 10
14.434083
 20
64.574547
 40
0.000000
 41
0.000000
 42
0.000000
  0
VERTEX
  8
PIN_TOP
 10
13.926083
 20
64.574547
 40
0.000000
 41
0.000000
 42
0.000000
  0
VERTEX
  8
PIN_TOP
 10
13.926083
 20
65.082547
 40
0.000000
 41
0.000000
 42
0.000000
  0
SEQEND
  0
POLYLINE
  8
PG_SILKSCREEN_TOP
 66
1
 70
0
 40
0.000000
 41
0.000000
 39
0.000000
  0
VERTEX
  8
PG_SILKSCREEN_TOP
 10
13.820089
 20
64.472947
 40
0.101600
 41
0.101600
 42
0.000000
  0
VERTEX
  8
PG_SILKSCREEN_TOP
 10
13.820089
 20
65.184147
 40
0.101600
 41
0.101600
 42
0.000000
  0
SEQEND
  0
POLYLINE
  8
PG_SILKSCREEN_TOP
 66
1
 70
0
 40
0.000000
 41
0.000000
 39
0.000000
  0
VERTEX
  8
PG_SILKSCREEN_TOP
 10
14.434083
 20
64.472947
 40
0.101600
 41
0.101600
 42
0.000000
  0
VERTEX
  8
PG_SILKSCREEN_TOP
 10
13.824483
 20
64.472947
 40
0.101600
 41
0.101600
 42
0.000000
  0
SEQEND
  0
POLYLINE
  8
PG_SILKSCREEN_TOP
 66
1
 70
0
 40
0.000000
 41
0.000000
 39
0.000000
  0
VERTEX
  8
PG_SILKSCREEN_TOP
 10
13.824483
 20
65.184147
 40
0.101600
 41
0.101600
 42
0.000000
  0
VERTEX
  8
PG_SILKSCREEN_TOP
 10
14.408683
 20
65.184147
 40
0.101600
 41
0.101600
 42
0.000000
  0
SEQEND
  0
POLYLINE
  8
PG_SILKSCREEN_TOP
 66
1
 70
0
 40
0.000000
 41
0.000000
 39
0.000000
  0
VERTEX
  8
PG_SILKSCREEN_TOP
 10
15.454478
 20
65.184147
 40
0.101600
 41
0.101600
 42
0.000000
  0
VERTEX
  8
PG_SILKSCREEN_TOP
 10
14.844878
 20
65.184147
 40
0.101600
 41
0.101600
 42
0.000000
  0
SEQEND
  0
POLYLINE
  8
PG_SILKSCREEN_TOP
 66
1
 70
0
 40
0.000000
 41
0.000000
 39
0.000000
  0
VERTEX
  8
PG_SILKSCREEN_TOP
 10
15.454478
 20
64.472947
 40
0.101600
 41
0.101600
 42
0.000000
  0
VERTEX
  8
PG_SILKSCREEN_TOP
 10
15.454478
 20
65.184147
 40
0.101600
 41
0.101600
 42
0.000000
  0
SEQEND
  0
POLYLINE
  8
PG_SILKSCREEN_TOP
 66
1
 70
0
 40
0.000000
 41
0.000000
 39
0.000000
  0
VERTEX
  8
PG_SILKSCREEN_TOP
 10
15.454478
 20
64.472947
 40
0.101600
 41
0.101600
 42
0.000000
  0
VERTEX
  8
PG_SILKSCREEN_TOP
 10
14.844878
 20
64.472947
 40
0.101600
 41
0.101600
 42
0.000000
  0
SEQEND
  0
POLYLINE
  8
PIN_TOP
 66
1
 70
1
 40
0.000000
 41
0.000000
 39
0.000000
  0
VERTEX
  8
PIN_TOP
 10
5.804891
 20
71.297165
 40
0.000000
 41
0.000000
 42
0.000000
  0
VERTEX
  8
PIN_TOP
 10
5.804891
 20
71.805165
 40
0.000000
 41
0.000000
 42
0.000000
  0
VERTEX
  8
PIN_TOP
 10
6.312891
 20
71.805165
 40
0.000000
 41
0.000000
 42
0.000000
  0
VERTEX
  8
PIN_TOP
 10
6.312891
 20
71.297165
 40
0.000000
 41
0.000000
 42
0.000000
  0
SEQEND
  0
POLYLINE
  8
PIN_TOP
 66
1
 70
1
 40
0.000000
 41
0.000000
 39
0.000000
  0
VERTEX
  8
PIN_TOP
 10
6.719291
 20
71.297165
 40
0.000000
 41
0.000000
 42
0.000000
  0
VERTEX
  8
PIN_TOP
 10
6.719291
 20
71.805165
 40
0.000000
 41
0.000000
 42
0.000000
  0
VERTEX
  8
PIN_TOP
 10
7.227291
 20
71.805165
 40
0.000000
 41
0.000000
 42
0.000000
  0
VERTEX
  8
PIN_TOP
 10
7.227291
 20
71.297165
 40
0.000000
 41
0.000000
 42
0.000000
  0
SEQEND
  0
POLYLINE
  8
PG_SILKSCREEN_TOP
 66
1
 70
0
 40
0.000000
 41
0.000000
 39
0.000000
  0
VERTEX
  8
PG_SILKSCREEN_TOP
 10
7.333285
 20
71.906765
 40
0.101600
 41
0.101600
 42
0.000000
  0
VERTEX
  8
PG_SILKSCREEN_TOP
 10
7.333285
 20
71.195565
 40
0.101600
 41
0.101600
 42
0.000000
  0
SEQEND
  0
POLYLINE
  8
PG_SILKSCREEN_TOP
 66
1
 70
0
 40
0.000000
 41
0.000000
 39
0.000000
  0
VERTEX
  8
PG_SILKSCREEN_TOP
 10
6.719291
 20
71.906765
 40
0.101600
 41
0.101600
 42
0.000000
  0
VERTEX
  8
PG_SILKSCREEN_TOP
 10
7.328891
 20
71.906765
 40
0.101600
 41
0.101600
 42
0.000000
  0
SEQEND
  0
POLYLINE
  8
PG_SILKSCREEN_TOP
 66
1
 70
0
 40
0.000000
 41
0.000000
 39
0.000000
  0
VERTEX
  8
PG_SILKSCREEN_TOP
 10
7.328891
 20
71.195565
 40
0.101600
 41
0.101600
 42
0.000000
  0
VERTEX
  8
PG_SILKSCREEN_TOP
 10
6.744691
 20
71.195565
 40
0.101600
 41
0.101600
 42
0.000000
  0
SEQEND
  0
POLYLINE
  8
PG_SILKSCREEN_TOP
 66
1
 70
0
 40
0.000000
 41
0.000000
 39
0.000000
  0
VERTEX
  8
PG_SILKSCREEN_TOP
 10
5.698896
 20
71.195565
 40
0.101600
 41
0.101600
 42
0.000000
  0
VERTEX
  8
PG_SILKSCREEN_TOP
 10
6.308496
 20
71.195565
 40
0.101600
 41
0.101600
 42
0.000000
  0
SEQEND
  0
POLYLINE
  8
PG_SILKSCREEN_TOP
 66
1
 70
0
 40
0.000000
 41
0.000000
 39
0.000000
  0
VERTEX
  8
PG_SILKSCREEN_TOP
 10
5.698896
 20
71.906765
 40
0.101600
 41
0.101600
 42
0.000000
  0
VERTEX
  8
PG_SILKSCREEN_TOP
 10
5.698896
 20
71.195565
 40
0.101600
 41
0.101600
 42
0.000000
  0
SEQEND
  0
POLYLINE
  8
PG_SILKSCREEN_TOP
 66
1
 70
0
 40
0.000000
 41
0.000000
 39
0.000000
  0
VERTEX
  8
PG_SILKSCREEN_TOP
 10
5.698896
 20
71.906765
 40
0.101600
 41
0.101600
 42
0.000000
  0
VERTEX
  8
PG_SILKSCREEN_TOP
 10
6.308496
 20
71.906765
 40
0.101600
 41
0.101600
 42
0.000000
  0
SEQEND
  0
POLYLINE
  8
PIN_TOP
 66
1
 70
1
 40
0.000000
 41
0.000000
 39
0.000000
  0
VERTEX
  8
PIN_TOP
 10
4.765573
 20
64.949705
 40
0.000000
 41
0.000000
 42
0.000000
  0
VERTEX
  8
PIN_TOP
 10
4.765573
 20
64.441705
 40
0.000000
 41
0.000000
 42
0.000000
  0
VERTEX
  8
PIN_TOP
 10
4.257573
 20
64.441705
 40
0.000000
 41
0.000000
 42
0.000000
  0
VERTEX
  8
PIN_TOP
 10
4.257573
 20
64.949705
 40
0.000000
 41
0.000000
 42
0.000000
  0
SEQEND
  0
POLYLINE
  8
PIN_TOP
 66
1
 70
1
 40
0.000000
 41
0.000000
 39
0.000000
  0
VERTEX
  8
PIN_TOP
 10
3.851173
 20
64.949705
 40
0.000000
 41
0.000000
 42
0.000000
  0
VERTEX
  8
PIN_TOP
 10
3.851173
 20
64.441705
 40
0.000000
 41
0.000000
 42
0.000000
  0
VERTEX
  8
PIN_TOP
 10
3.343173
 20
64.441705
 40
0.000000
 41
0.000000
 42
0.000000
  0
VERTEX
  8
PIN_TOP
 10
3.343173
 20
64.949705
 40
0.000000
 41
0.000000
 42
0.000000
  0
SEQEND
  0
POLYLINE
  8
PG_SILKSCREEN_TOP
 66
1
 70
0
 40
0.000000
 41
0.000000
 39
0.000000
  0
VERTEX
  8
PG_SILKSCREEN_TOP
 10
3.237179
 20
64.340105
 40
0.101600
 41
0.101600
 42
0.000000
  0
VERTEX
  8
PG_SILKSCREEN_TOP
 10
3.237179
 20
65.051305
 40
0.101600
 41
0.101600
 42
0.000000
  0
SEQEND
  0
POLYLINE
  8
PG_SILKSCREEN_TOP
 66
1
 70
0
 40
0.000000
 41
0.000000
 39
0.000000
  0
VERTEX
  8
PG_SILKSCREEN_TOP
 10
3.851173
 20
64.340105
 40
0.101600
 41
0.101600
 42
0.000000
  0
VERTEX
  8
PG_SILKSCREEN_TOP
 10
3.241573
 20
64.340105
 40
0.101600
 41
0.101600
 42
0.000000
  0
SEQEND
  0
POLYLINE
  8
PG_SILKSCREEN_TOP
 66
1
 70
0
 40
0.000000
 41
0.000000
 39
0.000000
  0
VERTEX
  8
PG_SILKSCREEN_TOP
 10
3.241573
 20
65.051305
 40
0.101600
 41
0.101600
 42
0.000000
  0
VERTEX
  8
PG_SILKSCREEN_TOP
 10
3.825773
 20
65.051305
 40
0.101600
 41
0.101600
 42
0.000000
  0
SEQEND
  0
POLYLINE
  8
PG_SILKSCREEN_TOP
 66
1
 70
0
 40
0.000000
 41
0.000000
 39
0.000000
  0
VERTEX
  8
PG_SILKSCREEN_TOP
 10
4.871568
 20
65.051305
 40
0.101600
 41
0.101600
 42
0.000000
  0
VERTEX
  8
PG_SILKSCREEN_TOP
 10
4.261968
 20
65.051305
 40
0.101600
 41
0.101600
 42
0.000000
  0
SEQEND
  0
POLYLINE
  8
PG_SILKSCREEN_TOP
 66
1
 70
0
 40
0.000000
 41
0.000000
 39
0.000000
  0
VERTEX
  8
PG_SILKSCREEN_TOP
 10
4.871568
 20
64.340105
 40
0.101600
 41
0.101600
 42
0.000000
  0
VERTEX
  8
PG_SILKSCREEN_TOP
 10
4.871568
 20
65.051305
 40
0.101600
 41
0.101600
 42
0.000000
  0
SEQEND
  0
POLYLINE
  8
PG_SILKSCREEN_TOP
 66
1
 70
0
 40
0.000000
 41
0.000000
 39
0.000000
  0
VERTEX
  8
PG_SILKSCREEN_TOP
 10
4.871568
 20
64.340105
 40
0.101600
 41
0.101600
 42
0.000000
  0
VERTEX
  8
PG_SILKSCREEN_TOP
 10
4.261968
 20
64.340105
 40
0.101600
 41
0.101600
 42
0.000000
  0
SEQEND
  0
POLYLINE
  8
PIN_TOP
 66
1
 70
1
 40
0.000000
 41
0.000000
 39
0.000000
  0
VERTEX
  8
PIN_TOP
 10
16.185159
 20
71.570545
 40
0.000000
 41
0.000000
 42
0.000000
  0
VERTEX
  8
PIN_TOP
 10
16.185159
 20
72.078545
 40
0.000000
 41
0.000000
 42
0.000000
  0
VERTEX
  8
PIN_TOP
 10
16.693159
 20
72.078545
 40
0.000000
 41
0.000000
 42
0.000000
  0
VERTEX
  8
PIN_TOP
 10
16.693159
 20
71.570545
 40
0.000000
 41
0.000000
 42
0.000000
  0
SEQEND
  0
POLYLINE
  8
PIN_TOP
 66
1
 70
1
 40
0.000000
 41
0.000000
 39
0.000000
  0
VERTEX
  8
PIN_TOP
 10
17.099559
 20
71.570545
 40
0.000000
 41
0.000000
 42
0.000000
  0
VERTEX
  8
PIN_TOP
 10
17.099559
 20
72.078545
 40
0.000000
 41
0.000000
 42
0.000000
  0
VERTEX
  8
PIN_TOP
 10
17.607559
 20
72.078545
 40
0.000000
 41
0.000000
 42
0.000000
  0
VERTEX
  8
PIN_TOP
 10
17.607559
 20
71.570545
 40
0.000000
 41
0.000000
 42
0.000000
  0
SEQEND
  0
POLYLINE
  8
PG_SILKSCREEN_TOP
 66
1
 70
0
 40
0.000000
 41
0.000000
 39
0.000000
  0
VERTEX
  8
PG_SILKSCREEN_TOP
 10
17.713554
 20
72.180145
 40
0.101600
 41
0.101600
 42
0.000000
  0
VERTEX
  8
PG_SILKSCREEN_TOP
 10
17.713554
 20
71.468945
 40
0.101600
 41
0.101600
 42
0.000000
  0
SEQEND
  0
POLYLINE
  8
PG_SILKSCREEN_TOP
 66
1
 70
0
 40
0.000000
 41
0.000000
 39
0.000000
  0
VERTEX
  8
PG_SILKSCREEN_TOP
 10
17.099559
 20
72.180145
 40
0.101600
 41
0.101600
 42
0.000000
  0
VERTEX
  8
PG_SILKSCREEN_TOP
 10
17.709159
 20
72.180145
 40
0.101600
 41
0.101600
 42
0.000000
  0
SEQEND
  0
POLYLINE
  8
PG_SILKSCREEN_TOP
 66
1
 70
0
 40
0.000000
 41
0.000000
 39
0.000000
  0
VERTEX
  8
PG_SILKSCREEN_TOP
 10
17.709159
 20
71.468945
 40
0.101600
 41
0.101600
 42
0.000000
  0
VERTEX
  8
PG_SILKSCREEN_TOP
 10
17.124959
 20
71.468945
 40
0.101600
 41
0.101600
 42
0.000000
  0
SEQEND
  0
POLYLINE
  8
PG_SILKSCREEN_TOP
 66
1
 70
0
 40
0.000000
 41
0.000000
 39
0.000000
  0
VERTEX
  8
PG_SILKSCREEN_TOP
 10
16.079165
 20
71.468945
 40
0.101600
 41
0.101600
 42
0.000000
  0
VERTEX
  8
PG_SILKSCREEN_TOP
 10
16.688765
 20
71.468945
 40
0.101600
 41
0.101600
 42
0.000000
  0
SEQEND
  0
POLYLINE
  8
PG_SILKSCREEN_TOP
 66
1
 70
0
 40
0.000000
 41
0.000000
 39
0.000000
  0
VERTEX
  8
PG_SILKSCREEN_TOP
 10
16.079165
 20
72.180145
 40
0.101600
 41
0.101600
 42
0.000000
  0
VERTEX
  8
PG_SILKSCREEN_TOP
 10
16.079165
 20
71.468945
 40
0.101600
 41
0.101600
 42
0.000000
  0
SEQEND
  0
POLYLINE
  8
PG_SILKSCREEN_TOP
 66
1
 70
0
 40
0.000000
 41
0.000000
 39
0.000000
  0
VERTEX
  8
PG_SILKSCREEN_TOP
 10
16.079165
 20
72.180145
 40
0.101600
 41
0.101600
 42
0.000000
  0
VERTEX
  8
PG_SILKSCREEN_TOP
 10
16.688765
 20
72.180145
 40
0.101600
 41
0.101600
 42
0.000000
  0
SEQEND
  0
POLYLINE
  8
PIN_TOP
 66
1
 70
1
 40
0.000000
 41
0.000000
 39
0.000000
  0
VERTEX
  8
PIN_TOP
 10
67.046069
 20
23.526166
 40
0.000000
 41
0.000000
 42
0.000000
  0
VERTEX
  8
PIN_TOP
 10
67.046069
 20
24.034166
 40
0.000000
 41
0.000000
 42
0.000000
  0
VERTEX
  8
PIN_TOP
 10
67.554069
 20
24.034166
 40
0.000000
 41
0.000000
 42
0.000000
  0
VERTEX
  8
PIN_TOP
 10
67.554069
 20
23.526166
 40
0.000000
 41
0.000000
 42
0.000000
  0
SEQEND
  0
POLYLINE
  8
PIN_TOP
 66
1
 70
1
 40
0.000000
 41
0.000000
 39
0.000000
  0
VERTEX
  8
PIN_TOP
 10
67.960469
 20
23.526166
 40
0.000000
 41
0.000000
 42
0.000000
  0
VERTEX
  8
PIN_TOP
 10
67.960469
 20
24.034166
 40
0.000000
 41
0.000000
 42
0.000000
  0
VERTEX
  8
PIN_TOP
 10
68.468469
 20
24.034166
 40
0.000000
 41
0.000000
 42
0.000000
  0
VERTEX
  8
PIN_TOP
 10
68.468469
 20
23.526166
 40
0.000000
 41
0.000000
 42
0.000000
  0
SEQEND
  0
POLYLINE
  8
PG_SILKSCREEN_TOP
 66
1
 70
0
 40
0.000000
 41
0.000000
 39
0.000000
  0
VERTEX
  8
PG_SILKSCREEN_TOP
 10
68.574488
 20
24.135766
 40
0.101600
 41
0.101600
 42
0.000000
  0
VERTEX
  8
PG_SILKSCREEN_TOP
 10
68.574488
 20
23.424566
 40
0.101600
 41
0.101600
 42
0.000000
  0
SEQEND
  0
POLYLINE
  8
PG_SILKSCREEN_TOP
 66
1
 70
0
 40
0.000000
 41
0.000000
 39
0.000000
  0
VERTEX
  8
PG_SILKSCREEN_TOP
 10
67.960469
 20
24.135766
 40
0.101600
 41
0.101600
 42
0.000000
  0
VERTEX
  8
PG_SILKSCREEN_TOP
 10
68.570069
 20
24.135766
 40
0.101600
 41
0.101600
 42
0.000000
  0
SEQEND
  0
POLYLINE
  8
PG_SILKSCREEN_TOP
 66
1
 70
0
 40
0.000000
 41
0.000000
 39
0.000000
  0
VERTEX
  8
PG_SILKSCREEN_TOP
 10
68.570069
 20
23.424566
 40
0.101600
 41
0.101600
 42
0.000000
  0
VERTEX
  8
PG_SILKSCREEN_TOP
 10
67.985869
 20
23.424566
 40
0.101600
 41
0.101600
 42
0.000000
  0
SEQEND
  0
POLYLINE
  8
PG_SILKSCREEN_TOP
 66
1
 70
0
 40
0.000000
 41
0.000000
 39
0.000000
  0
VERTEX
  8
PG_SILKSCREEN_TOP
 10
66.940074
 20
23.424566
 40
0.101600
 41
0.101600
 42
0.000000
  0
VERTEX
  8
PG_SILKSCREEN_TOP
 10
67.549674
 20
23.424566
 40
0.101600
 41
0.101600
 42
0.000000
  0
SEQEND
  0
POLYLINE
  8
PG_SILKSCREEN_TOP
 66
1
 70
0
 40
0.000000
 41
0.000000
 39
0.000000
  0
VERTEX
  8
PG_SILKSCREEN_TOP
 10
66.940074
 20
24.135766
 40
0.101600
 41
0.101600
 42
0.000000
  0
VERTEX
  8
PG_SILKSCREEN_TOP
 10
66.940074
 20
23.424566
 40
0.101600
 41
0.101600
 42
0.000000
  0
SEQEND
  0
POLYLINE
  8
PG_SILKSCREEN_TOP
 66
1
 70
0
 40
0.000000
 41
0.000000
 39
0.000000
  0
VERTEX
  8
PG_SILKSCREEN_TOP
 10
66.940074
 20
24.135766
 40
0.101600
 41
0.101600
 42
0.000000
  0
VERTEX
  8
PG_SILKSCREEN_TOP
 10
67.549674
 20
24.135766
 40
0.101600
 41
0.101600
 42
0.000000
  0
SEQEND
  0
POLYLINE
  8
PIN_TOP
 66
1
 70
1
 40
0.000000
 41
0.000000
 39
0.000000
  0
VERTEX
  8
PIN_TOP
 10
20.693913
 20
44.727749
 40
0.000000
 41
0.000000
 42
0.000000
  0
VERTEX
  8
PIN_TOP
 10
20.693913
 20
44.219749
 40
0.000000
 41
0.000000
 42
0.000000
  0
VERTEX
  8
PIN_TOP
 10
20.185913
 20
44.219749
 40
0.000000
 41
0.000000
 42
0.000000
  0
VERTEX
  8
PIN_TOP
 10
20.185913
 20
44.727749
 40
0.000000
 41
0.000000
 42
0.000000
  0
SEQEND
  0
POLYLINE
  8
PIN_TOP
 66
1
 70
1
 40
0.000000
 41
0.000000
 39
0.000000
  0
VERTEX
  8
PIN_TOP
 10
19.779513
 20
44.727749
 40
0.000000
 41
0.000000
 42
0.000000
  0
VERTEX
  8
PIN_TOP
 10
19.779513
 20
44.219749
 40
0.000000
 41
0.000000
 42
0.000000
  0
VERTEX
  8
PIN_TOP
 10
19.271513
 20
44.219749
 40
0.000000
 41
0.000000
 42
0.000000
  0
VERTEX
  8
PIN_TOP
 10
19.271513
 20
44.727749
 40
0.000000
 41
0.000000
 42
0.000000
  0
SEQEND
  0
POLYLINE
  8
PG_SILKSCREEN_TOP
 66
1
 70
0
 40
0.000000
 41
0.000000
 39
0.000000
  0
VERTEX
  8
PG_SILKSCREEN_TOP
 10
19.165519
 20
44.118149
 40
0.101600
 41
0.101600
 42
0.000000
  0
VERTEX
  8
PG_SILKSCREEN_TOP
 10
19.165519
 20
44.829349
 40
0.101600
 41
0.101600
 42
0.000000
  0
SEQEND
  0
POLYLINE
  8
PG_SILKSCREEN_TOP
 66
1
 70
0
 40
0.000000
 41
0.000000
 39
0.000000
  0
VERTEX
  8
PG_SILKSCREEN_TOP
 10
19.779513
 20
44.118149
 40
0.101600
 41
0.101600
 42
0.000000
  0
VERTEX
  8
PG_SILKSCREEN_TOP
 10
19.169913
 20
44.118149
 40
0.101600
 41
0.101600
 42
0.000000
  0
SEQEND
  0
POLYLINE
  8
PG_SILKSCREEN_TOP
 66
1
 70
0
 40
0.000000
 41
0.000000
 39
0.000000
  0
VERTEX
  8
PG_SILKSCREEN_TOP
 10
19.169913
 20
44.829349
 40
0.101600
 41
0.101600
 42
0.000000
  0
VERTEX
  8
PG_SILKSCREEN_TOP
 10
19.754113
 20
44.829349
 40
0.101600
 41
0.101600
 42
0.000000
  0
SEQEND
  0
POLYLINE
  8
PG_SILKSCREEN_TOP
 66
1
 70
0
 40
0.000000
 41
0.000000
 39
0.000000
  0
VERTEX
  8
PG_SILKSCREEN_TOP
 10
20.799908
 20
44.829349
 40
0.101600
 41
0.101600
 42
0.000000
  0
VERTEX
  8
PG_SILKSCREEN_TOP
 10
20.190308
 20
44.829349
 40
0.101600
 41
0.101600
 42
0.000000
  0
SEQEND
  0
POLYLINE
  8
PG_SILKSCREEN_TOP
 66
1
 70
0
 40
0.000000
 41
0.000000
 39
0.000000
  0
VERTEX
  8
PG_SILKSCREEN_TOP
 10
20.799908
 20
44.118149
 40
0.101600
 41
0.101600
 42
0.000000
  0
VERTEX
  8
PG_SILKSCREEN_TOP
 10
20.799908
 20
44.829349
 40
0.101600
 41
0.101600
 42
0.000000
  0
SEQEND
  0
POLYLINE
  8
PG_SILKSCREEN_TOP
 66
1
 70
0
 40
0.000000
 41
0.000000
 39
0.000000
  0
VERTEX
  8
PG_SILKSCREEN_TOP
 10
20.799908
 20
44.118149
 40
0.101600
 41
0.101600
 42
0.000000
  0
VERTEX
  8
PG_SILKSCREEN_TOP
 10
20.190308
 20
44.118149
 40
0.101600
 41
0.101600
 42
0.000000
  0
SEQEND
  0
POLYLINE
  8
PIN_TOP
 66
1
 70
1
 40
0.000000
 41
0.000000
 39
0.000000
  0
VERTEX
  8
PIN_TOP
 10
20.388555
 20
49.616995
 40
0.000000
 41
0.000000
 42
0.000000
  0
VERTEX
  8
PIN_TOP
 10
20.388555
 20
50.124995
 40
0.000000
 41
0.000000
 42
0.000000
  0
VERTEX
  8
PIN_TOP
 10
20.896555
 20
50.124995
 40
0.000000
 41
0.000000
 42
0.000000
  0
VERTEX
  8
PIN_TOP
 10
20.896555
 20
49.616995
 40
0.000000
 41
0.000000
 42
0.000000
  0
SEQEND
  0
POLYLINE
  8
PIN_TOP
 66
1
 70
1
 40
0.000000
 41
0.000000
 39
0.000000
  0
VERTEX
  8
PIN_TOP
 10
21.302955
 20
49.616995
 40
0.000000
 41
0.000000
 42
0.000000
  0
VERTEX
  8
PIN_TOP
 10
21.302955
 20
50.124995
 40
0.000000
 41
0.000000
 42
0.000000
  0
VERTEX
  8
PIN_TOP
 10
21.810955
 20
50.124995
 40
0.000000
 41
0.000000
 42
0.000000
  0
VERTEX
  8
PIN_TOP
 10
21.810955
 20
49.616995
 40
0.000000
 41
0.000000
 42
0.000000
  0
SEQEND
  0
POLYLINE
  8
PG_SILKSCREEN_TOP
 66
1
 70
0
 40
0.000000
 41
0.000000
 39
0.000000
  0
VERTEX
  8
PG_SILKSCREEN_TOP
 10
21.916949
 20
50.226595
 40
0.101600
 41
0.101600
 42
0.000000
  0
VERTEX
  8
PG_SILKSCREEN_TOP
 10
21.916949
 20
49.515395
 40
0.101600
 41
0.101600
 42
0.000000
  0
SEQEND
  0
POLYLINE
  8
PG_SILKSCREEN_TOP
 66
1
 70
0
 40
0.000000
 41
0.000000
 39
0.000000
  0
VERTEX
  8
PG_SILKSCREEN_TOP
 10
21.302955
 20
50.226595
 40
0.101600
 41
0.101600
 42
0.000000
  0
VERTEX
  8
PG_SILKSCREEN_TOP
 10
21.912555
 20
50.226595
 40
0.101600
 41
0.101600
 42
0.000000
  0
SEQEND
  0
POLYLINE
  8
PG_SILKSCREEN_TOP
 66
1
 70
0
 40
0.000000
 41
0.000000
 39
0.000000
  0
VERTEX
  8
PG_SILKSCREEN_TOP
 10
21.912555
 20
49.515395
 40
0.101600
 41
0.101600
 42
0.000000
  0
VERTEX
  8
PG_SILKSCREEN_TOP
 10
21.328355
 20
49.515395
 40
0.101600
 41
0.101600
 42
0.000000
  0
SEQEND
  0
POLYLINE
  8
PG_SILKSCREEN_TOP
 66
1
 70
0
 40
0.000000
 41
0.000000
 39
0.000000
  0
VERTEX
  8
PG_SILKSCREEN_TOP
 10
20.282560
 20
49.515395
 40
0.101600
 41
0.101600
 42
0.000000
  0
VERTEX
  8
PG_SILKSCREEN_TOP
 10
20.892160
 20
49.515395
 40
0.101600
 41
0.101600
 42
0.000000
  0
SEQEND
  0
POLYLINE
  8
PG_SILKSCREEN_TOP
 66
1
 70
0
 40
0.000000
 41
0.000000
 39
0.000000
  0
VERTEX
  8
PG_SILKSCREEN_TOP
 10
20.282560
 20
50.226595
 40
0.101600
 41
0.101600
 42
0.000000
  0
VERTEX
  8
PG_SILKSCREEN_TOP
 10
20.282560
 20
49.515395
 40
0.101600
 41
0.101600
 42
0.000000
  0
SEQEND
  0
POLYLINE
  8
PG_SILKSCREEN_TOP
 66
1
 70
0
 40
0.000000
 41
0.000000
 39
0.000000
  0
VERTEX
  8
PG_SILKSCREEN_TOP
 10
20.282560
 20
50.226595
 40
0.101600
 41
0.101600
 42
0.000000
  0
VERTEX
  8
PG_SILKSCREEN_TOP
 10
20.892160
 20
50.226595
 40
0.101600
 41
0.101600
 42
0.000000
  0
SEQEND
  0
POLYLINE
  8
PIN_TOP
 66
1
 70
1
 40
0.000000
 41
0.000000
 39
0.000000
  0
VERTEX
  8
PIN_TOP
 10
68.500981
 20
61.784357
 40
0.000000
 41
0.000000
 42
0.000000
  0
VERTEX
  8
PIN_TOP
 10
68.500981
 20
62.292357
 40
0.000000
 41
0.000000
 42
0.000000
  0
VERTEX
  8
PIN_TOP
 10
69.008981
 20
62.292357
 40
0.000000
 41
0.000000
 42
0.000000
  0
VERTEX
  8
PIN_TOP
 10
69.008981
 20
61.784357
 40
0.000000
 41
0.000000
 42
0.000000
  0
SEQEND
  0
POLYLINE
  8
PIN_TOP
 66
1
 70
1
 40
0.000000
 41
0.000000
 39
0.000000
  0
VERTEX
  8
PIN_TOP
 10
69.415381
 20
61.784357
 40
0.000000
 41
0.000000
 42
0.000000
  0
VERTEX
  8
PIN_TOP
 10
69.415381
 20
62.292357
 40
0.000000
 41
0.000000
 42
0.000000
  0
VERTEX
  8
PIN_TOP
 10
69.923381
 20
62.292357
 40
0.000000
 41
0.000000
 42
0.000000
  0
VERTEX
  8
PIN_TOP
 10
69.923381
 20
61.784357
 40
0.000000
 41
0.000000
 42
0.000000
  0
SEQEND
  0
POLYLINE
  8
PG_SILKSCREEN_TOP
 66
1
 70
0
 40
0.000000
 41
0.000000
 39
0.000000
  0
VERTEX
  8
PG_SILKSCREEN_TOP
 10
70.029375
 20
62.393957
 40
0.101600
 41
0.101600
 42
0.000000
  0
VERTEX
  8
PG_SILKSCREEN_TOP
 10
70.029375
 20
61.682757
 40
0.101600
 41
0.101600
 42
0.000000
  0
SEQEND
  0
POLYLINE
  8
PG_SILKSCREEN_TOP
 66
1
 70
0
 40
0.000000
 41
0.000000
 39
0.000000
  0
VERTEX
  8
PG_SILKSCREEN_TOP
 10
69.415381
 20
62.393957
 40
0.101600
 41
0.101600
 42
0.000000
  0
VERTEX
  8
PG_SILKSCREEN_TOP
 10
70.024981
 20
62.393957
 40
0.101600
 41
0.101600
 42
0.000000
  0
SEQEND
  0
POLYLINE
  8
PG_SILKSCREEN_TOP
 66
1
 70
0
 40
0.000000
 41
0.000000
 39
0.000000
  0
VERTEX
  8
PG_SILKSCREEN_TOP
 10
70.024981
 20
61.682757
 40
0.101600
 41
0.101600
 42
0.000000
  0
VERTEX
  8
PG_SILKSCREEN_TOP
 10
69.440781
 20
61.682757
 40
0.101600
 41
0.101600
 42
0.000000
  0
SEQEND
  0
POLYLINE
  8
PG_SILKSCREEN_TOP
 66
1
 70
0
 40
0.000000
 41
0.000000
 39
0.000000
  0
VERTEX
  8
PG_SILKSCREEN_TOP
 10
68.394986
 20
61.682757
 40
0.101600
 41
0.101600
 42
0.000000
  0
VERTEX
  8
PG_SILKSCREEN_TOP
 10
69.004586
 20
61.682757
 40
0.101600
 41
0.101600
 42
0.000000
  0
SEQEND
  0
POLYLINE
  8
PG_SILKSCREEN_TOP
 66
1
 70
0
 40
0.000000
 41
0.000000
 39
0.000000
  0
VERTEX
  8
PG_SILKSCREEN_TOP
 10
68.394986
 20
62.393957
 40
0.101600
 41
0.101600
 42
0.000000
  0
VERTEX
  8
PG_SILKSCREEN_TOP
 10
68.394986
 20
61.682757
 40
0.101600
 41
0.101600
 42
0.000000
  0
SEQEND
  0
POLYLINE
  8
PG_SILKSCREEN_TOP
 66
1
 70
0
 40
0.000000
 41
0.000000
 39
0.000000
  0
VERTEX
  8
PG_SILKSCREEN_TOP
 10
68.394986
 20
62.393957
 40
0.101600
 41
0.101600
 42
0.000000
  0
VERTEX
  8
PG_SILKSCREEN_TOP
 10
69.004586
 20
62.393957
 40
0.101600
 41
0.101600
 42
0.000000
  0
SEQEND
  0
POLYLINE
  8
PIN_TOP
 66
1
 70
1
 40
0.000000
 41
0.000000
 39
0.000000
  0
VERTEX
  8
PIN_TOP
 10
65.671319
 20
53.052497
 40
0.000000
 41
0.000000
 42
0.000000
  0
VERTEX
  8
PIN_TOP
 10
66.179319
 20
53.052497
 40
0.000000
 41
0.000000
 42
0.000000
  0
VERTEX
  8
PIN_TOP
 10
66.179319
 20
52.544497
 40
0.000000
 41
0.000000
 42
0.000000
  0
VERTEX
  8
PIN_TOP
 10
65.671319
 20
52.544497
 40
0.000000
 41
0.000000
 42
0.000000
  0
SEQEND
  0
POLYLINE
  8
PIN_TOP
 66
1
 70
1
 40
0.000000
 41
0.000000
 39
0.000000
  0
VERTEX
  8
PIN_TOP
 10
65.671319
 20
52.138097
 40
0.000000
 41
0.000000
 42
0.000000
  0
VERTEX
  8
PIN_TOP
 10
66.179319
 20
52.138097
 40
0.000000
 41
0.000000
 42
0.000000
  0
VERTEX
  8
PIN_TOP
 10
66.179319
 20
51.630097
 40
0.000000
 41
0.000000
 42
0.000000
  0
VERTEX
  8
PIN_TOP
 10
65.671319
 20
51.630097
 40
0.000000
 41
0.000000
 42
0.000000
  0
SEQEND
  0
POLYLINE
  8
PG_SILKSCREEN_TOP
 66
1
 70
0
 40
0.000000
 41
0.000000
 39
0.000000
  0
VERTEX
  8
PG_SILKSCREEN_TOP
 10
66.280919
 20
51.524103
 40
0.101600
 41
0.101600
 42
0.000000
  0
VERTEX
  8
PG_SILKSCREEN_TOP
 10
65.569719
 20
51.524103
 40
0.101600
 41
0.101600
 42
0.000000
  0
SEQEND
  0
POLYLINE
  8
PG_SILKSCREEN_TOP
 66
1
 70
0
 40
0.000000
 41
0.000000
 39
0.000000
  0
VERTEX
  8
PG_SILKSCREEN_TOP
 10
66.280919
 20
52.138097
 40
0.101600
 41
0.101600
 42
0.000000
  0
VERTEX
  8
PG_SILKSCREEN_TOP
 10
66.280919
 20
51.528497
 40
0.101600
 41
0.101600
 42
0.000000
  0
SEQEND
  0
POLYLINE
  8
PG_SILKSCREEN_TOP
 66
1
 70
0
 40
0.000000
 41
0.000000
 39
0.000000
  0
VERTEX
  8
PG_SILKSCREEN_TOP
 10
65.569719
 20
51.528497
 40
0.101600
 41
0.101600
 42
0.000000
  0
VERTEX
  8
PG_SILKSCREEN_TOP
 10
65.569719
 20
52.112697
 40
0.101600
 41
0.101600
 42
0.000000
  0
SEQEND
  0
POLYLINE
  8
PG_SILKSCREEN_TOP
 66
1
 70
0
 40
0.000000
 41
0.000000
 39
0.000000
  0
VERTEX
  8
PG_SILKSCREEN_TOP
 10
65.569719
 20
53.158492
 40
0.101600
 41
0.101600
 42
0.000000
  0
VERTEX
  8
PG_SILKSCREEN_TOP
 10
65.569719
 20
52.548892
 40
0.101600
 41
0.101600
 42
0.000000
  0
SEQEND
  0
POLYLINE
  8
PG_SILKSCREEN_TOP
 66
1
 70
0
 40
0.000000
 41
0.000000
 39
0.000000
  0
VERTEX
  8
PG_SILKSCREEN_TOP
 10
66.280919
 20
53.158492
 40
0.101600
 41
0.101600
 42
0.000000
  0
VERTEX
  8
PG_SILKSCREEN_TOP
 10
65.569719
 20
53.158492
 40
0.101600
 41
0.101600
 42
0.000000
  0
SEQEND
  0
POLYLINE
  8
PG_SILKSCREEN_TOP
 66
1
 70
0
 40
0.000000
 41
0.000000
 39
0.000000
  0
VERTEX
  8
PG_SILKSCREEN_TOP
 10
66.280919
 20
53.158492
 40
0.101600
 41
0.101600
 42
0.000000
  0
VERTEX
  8
PG_SILKSCREEN_TOP
 10
66.280919
 20
52.548892
 40
0.101600
 41
0.101600
 42
0.000000
  0
SEQEND
  0
POLYLINE
  8
PIN_TOP
 66
1
 70
1
 40
0.000000
 41
0.000000
 39
0.000000
  0
VERTEX
  8
PIN_TOP
 10
71.606537
 20
53.049703
 40
0.000000
 41
0.000000
 42
0.000000
  0
VERTEX
  8
PIN_TOP
 10
72.114537
 20
53.049703
 40
0.000000
 41
0.000000
 42
0.000000
  0
VERTEX
  8
PIN_TOP
 10
72.114537
 20
52.541703
 40
0.000000
 41
0.000000
 42
0.000000
  0
VERTEX
  8
PIN_TOP
 10
71.606537
 20
52.541703
 40
0.000000
 41
0.000000
 42
0.000000
  0
SEQEND
  0
POLYLINE
  8
PIN_TOP
 66
1
 70
1
 40
0.000000
 41
0.000000
 39
0.000000
  0
VERTEX
  8
PIN_TOP
 10
71.606537
 20
52.135303
 40
0.000000
 41
0.000000
 42
0.000000
  0
VERTEX
  8
PIN_TOP
 10
72.114537
 20
52.135303
 40
0.000000
 41
0.000000
 42
0.000000
  0
VERTEX
  8
PIN_TOP
 10
72.114537
 20
51.627303
 40
0.000000
 41
0.000000
 42
0.000000
  0
VERTEX
  8
PIN_TOP
 10
71.606537
 20
51.627303
 40
0.000000
 41
0.000000
 42
0.000000
  0
SEQEND
  0
POLYLINE
  8
PG_SILKSCREEN_TOP
 66
1
 70
0
 40
0.000000
 41
0.000000
 39
0.000000
  0
VERTEX
  8
PG_SILKSCREEN_TOP
 10
72.216137
 20
51.521309
 40
0.101600
 41
0.101600
 42
0.000000
  0
VERTEX
  8
PG_SILKSCREEN_TOP
 10
71.504937
 20
51.521309
 40
0.101600
 41
0.101600
 42
0.000000
  0
SEQEND
  0
POLYLINE
  8
PG_SILKSCREEN_TOP
 66
1
 70
0
 40
0.000000
 41
0.000000
 39
0.000000
  0
VERTEX
  8
PG_SILKSCREEN_TOP
 10
72.216137
 20
52.135303
 40
0.101600
 41
0.101600
 42
0.000000
  0
VERTEX
  8
PG_SILKSCREEN_TOP
 10
72.216137
 20
51.525703
 40
0.101600
 41
0.101600
 42
0.000000
  0
SEQEND
  0
POLYLINE
  8
PG_SILKSCREEN_TOP
 66
1
 70
0
 40
0.000000
 41
0.000000
 39
0.000000
  0
VERTEX
  8
PG_SILKSCREEN_TOP
 10
71.504937
 20
51.525703
 40
0.101600
 41
0.101600
 42
0.000000
  0
VERTEX
  8
PG_SILKSCREEN_TOP
 10
71.504937
 20
52.109903
 40
0.101600
 41
0.101600
 42
0.000000
  0
SEQEND
  0
POLYLINE
  8
PG_SILKSCREEN_TOP
 66
1
 70
0
 40
0.000000
 41
0.000000
 39
0.000000
  0
VERTEX
  8
PG_SILKSCREEN_TOP
 10
71.504937
 20
53.155698
 40
0.101600
 41
0.101600
 42
0.000000
  0
VERTEX
  8
PG_SILKSCREEN_TOP
 10
71.504937
 20
52.546098
 40
0.101600
 41
0.101600
 42
0.000000
  0
SEQEND
  0
POLYLINE
  8
PG_SILKSCREEN_TOP
 66
1
 70
0
 40
0.000000
 41
0.000000
 39
0.000000
  0
VERTEX
  8
PG_SILKSCREEN_TOP
 10
72.216137
 20
53.155698
 40
0.101600
 41
0.101600
 42
0.000000
  0
VERTEX
  8
PG_SILKSCREEN_TOP
 10
71.504937
 20
53.155698
 40
0.101600
 41
0.101600
 42
0.000000
  0
SEQEND
  0
POLYLINE
  8
PG_SILKSCREEN_TOP
 66
1
 70
0
 40
0.000000
 41
0.000000
 39
0.000000
  0
VERTEX
  8
PG_SILKSCREEN_TOP
 10
72.216137
 20
53.155698
 40
0.101600
 41
0.101600
 42
0.000000
  0
VERTEX
  8
PG_SILKSCREEN_TOP
 10
72.216137
 20
52.546098
 40
0.101600
 41
0.101600
 42
0.000000
  0
SEQEND
  0
POLYLINE
  8
PIN_TOP
 66
1
 70
1
 40
0.000000
 41
0.000000
 39
0.000000
  0
VERTEX
  8
PIN_TOP
 10
68.367935
 20
56.922797
 40
0.000000
 41
0.000000
 42
0.000000
  0
VERTEX
  8
PIN_TOP
 10
68.367935
 20
56.414797
 40
0.000000
 41
0.000000
 42
0.000000
  0
VERTEX
  8
PIN_TOP
 10
67.859935
 20
56.414797
 40
0.000000
 41
0.000000
 42
0.000000
  0
VERTEX
  8
PIN_TOP
 10
67.859935
 20
56.922797
 40
0.000000
 41
0.000000
 42
0.000000
  0
SEQEND
  0
POLYLINE
  8
PIN_TOP
 66
1
 70
1
 40
0.000000
 41
0.000000
 39
0.000000
  0
VERTEX
  8
PIN_TOP
 10
67.453535
 20
56.922797
 40
0.000000
 41
0.000000
 42
0.000000
  0
VERTEX
  8
PIN_TOP
 10
67.453535
 20
56.414797
 40
0.000000
 41
0.000000
 42
0.000000
  0
VERTEX
  8
PIN_TOP
 10
66.945535
 20
56.414797
 40
0.000000
 41
0.000000
 42
0.000000
  0
VERTEX
  8
PIN_TOP
 10
66.945535
 20
56.922797
 40
0.000000
 41
0.000000
 42
0.000000
  0
SEQEND
  0
POLYLINE
  8
PG_SILKSCREEN_TOP
 66
1
 70
0
 40
0.000000
 41
0.000000
 39
0.000000
  0
VERTEX
  8
PG_SILKSCREEN_TOP
 10
66.839541
 20
56.313197
 40
0.101600
 41
0.101600
 42
0.000000
  0
VERTEX
  8
PG_SILKSCREEN_TOP
 10
66.839541
 20
57.024397
 40
0.101600
 41
0.101600
 42
0.000000
  0
SEQEND
  0
POLYLINE
  8
PG_SILKSCREEN_TOP
 66
1
 70
0
 40
0.000000
 41
0.000000
 39
0.000000
  0
VERTEX
  8
PG_SILKSCREEN_TOP
 10
67.453535
 20
56.313197
 40
0.101600
 41
0.101600
 42
0.000000
  0
VERTEX
  8
PG_SILKSCREEN_TOP
 10
66.843935
 20
56.313197
 40
0.101600
 41
0.101600
 42
0.000000
  0
SEQEND
  0
POLYLINE
  8
PG_SILKSCREEN_TOP
 66
1
 70
0
 40
0.000000
 41
0.000000
 39
0.000000
  0
VERTEX
  8
PG_SILKSCREEN_TOP
 10
66.843935
 20
57.024397
 40
0.101600
 41
0.101600
 42
0.000000
  0
VERTEX
  8
PG_SILKSCREEN_TOP
 10
67.428135
 20
57.024397
 40
0.101600
 41
0.101600
 42
0.000000
  0
SEQEND
  0
POLYLINE
  8
PG_SILKSCREEN_TOP
 66
1
 70
0
 40
0.000000
 41
0.000000
 39
0.000000
  0
VERTEX
  8
PG_SILKSCREEN_TOP
 10
68.473930
 20
57.024397
 40
0.101600
 41
0.101600
 42
0.000000
  0
VERTEX
  8
PG_SILKSCREEN_TOP
 10
67.864330
 20
57.024397
 40
0.101600
 41
0.101600
 42
0.000000
  0
SEQEND
  0
POLYLINE
  8
PG_SILKSCREEN_TOP
 66
1
 70
0
 40
0.000000
 41
0.000000
 39
0.000000
  0
VERTEX
  8
PG_SILKSCREEN_TOP
 10
68.473930
 20
56.313197
 40
0.101600
 41
0.101600
 42
0.000000
  0
VERTEX
  8
PG_SILKSCREEN_TOP
 10
68.473930
 20
57.024397
 40
0.101600
 41
0.101600
 42
0.000000
  0
SEQEND
  0
POLYLINE
  8
PG_SILKSCREEN_TOP
 66
1
 70
0
 40
0.000000
 41
0.000000
 39
0.000000
  0
VERTEX
  8
PG_SILKSCREEN_TOP
 10
68.473930
 20
56.313197
 40
0.101600
 41
0.101600
 42
0.000000
  0
VERTEX
  8
PG_SILKSCREEN_TOP
 10
67.864330
 20
56.313197
 40
0.101600
 41
0.101600
 42
0.000000
  0
SEQEND
  0
POLYLINE
  8
PIN_TOP
 66
1
 70
1
 40
0.000000
 41
0.000000
 39
0.000000
  0
VERTEX
  8
PIN_TOP
 10
69.091581
 20
29.268522
 40
0.000000
 41
0.000000
 42
0.000000
  0
VERTEX
  8
PIN_TOP
 10
69.091581
 20
28.760522
 40
0.000000
 41
0.000000
 42
0.000000
  0
VERTEX
  8
PIN_TOP
 10
68.583581
 20
28.760522
 40
0.000000
 41
0.000000
 42
0.000000
  0
VERTEX
  8
PIN_TOP
 10
68.583581
 20
29.268522
 40
0.000000
 41
0.000000
 42
0.000000
  0
SEQEND
  0
POLYLINE
  8
PIN_TOP
 66
1
 70
1
 40
0.000000
 41
0.000000
 39
0.000000
  0
VERTEX
  8
PIN_TOP
 10
68.177181
 20
29.268522
 40
0.000000
 41
0.000000
 42
0.000000
  0
VERTEX
  8
PIN_TOP
 10
68.177181
 20
28.760522
 40
0.000000
 41
0.000000
 42
0.000000
  0
VERTEX
  8
PIN_TOP
 10
67.669181
 20
28.760522
 40
0.000000
 41
0.000000
 42
0.000000
  0
VERTEX
  8
PIN_TOP
 10
67.669181
 20
29.268522
 40
0.000000
 41
0.000000
 42
0.000000
  0
SEQEND
  0
POLYLINE
  8
PG_SILKSCREEN_TOP
 66
1
 70
0
 40
0.000000
 41
0.000000
 39
0.000000
  0
VERTEX
  8
PG_SILKSCREEN_TOP
 10
67.563187
 20
28.658922
 40
0.101600
 41
0.101600
 42
0.000000
  0
VERTEX
  8
PG_SILKSCREEN_TOP
 10
67.563187
 20
29.370122
 40
0.101600
 41
0.101600
 42
0.000000
  0
SEQEND
  0
POLYLINE
  8
PG_SILKSCREEN_TOP
 66
1
 70
0
 40
0.000000
 41
0.000000
 39
0.000000
  0
VERTEX
  8
PG_SILKSCREEN_TOP
 10
68.177181
 20
28.658922
 40
0.101600
 41
0.101600
 42
0.000000
  0
VERTEX
  8
PG_SILKSCREEN_TOP
 10
67.567581
 20
28.658922
 40
0.101600
 41
0.101600
 42
0.000000
  0
SEQEND
  0
POLYLINE
  8
PG_SILKSCREEN_TOP
 66
1
 70
0
 40
0.000000
 41
0.000000
 39
0.000000
  0
VERTEX
  8
PG_SILKSCREEN_TOP
 10
67.567581
 20
29.370122
 40
0.101600
 41
0.101600
 42
0.000000
  0
VERTEX
  8
PG_SILKSCREEN_TOP
 10
68.151781
 20
29.370122
 40
0.101600
 41
0.101600
 42
0.000000
  0
SEQEND
  0
POLYLINE
  8
PG_SILKSCREEN_TOP
 66
1
 70
0
 40
0.000000
 41
0.000000
 39
0.000000
  0
VERTEX
  8
PG_SILKSCREEN_TOP
 10
69.197576
 20
29.370122
 40
0.101600
 41
0.101600
 42
0.000000
  0
VERTEX
  8
PG_SILKSCREEN_TOP
 10
68.587976
 20
29.370122
 40
0.101600
 41
0.101600
 42
0.000000
  0
SEQEND
  0
POLYLINE
  8
PG_SILKSCREEN_TOP
 66
1
 70
0
 40
0.000000
 41
0.000000
 39
0.000000
  0
VERTEX
  8
PG_SILKSCREEN_TOP
 10
69.197576
 20
28.658922
 40
0.101600
 41
0.101600
 42
0.000000
  0
VERTEX
  8
PG_SILKSCREEN_TOP
 10
69.197576
 20
29.370122
 40
0.101600
 41
0.101600
 42
0.000000
  0
SEQEND
  0
POLYLINE
  8
PG_SILKSCREEN_TOP
 66
1
 70
0
 40
0.000000
 41
0.000000
 39
0.000000
  0
VERTEX
  8
PG_SILKSCREEN_TOP
 10
69.197576
 20
28.658922
 40
0.101600
 41
0.101600
 42
0.000000
  0
VERTEX
  8
PG_SILKSCREEN_TOP
 10
68.587976
 20
28.658922
 40
0.101600
 41
0.101600
 42
0.000000
  0
SEQEND
  0
POLYLINE
  8
PIN_TOP
 66
1
 70
1
 40
0.000000
 41
0.000000
 39
0.000000
  0
VERTEX
  8
PIN_TOP
 10
69.091581
 20
28.383586
 40
0.000000
 41
0.000000
 42
0.000000
  0
VERTEX
  8
PIN_TOP
 10
69.091581
 20
27.875586
 40
0.000000
 41
0.000000
 42
0.000000
  0
VERTEX
  8
PIN_TOP
 10
68.583581
 20
27.875586
 40
0.000000
 41
0.000000
 42
0.000000
  0
VERTEX
  8
PIN_TOP
 10
68.583581
 20
28.383586
 40
0.000000
 41
0.000000
 42
0.000000
  0
SEQEND
  0
POLYLINE
  8
PIN_TOP
 66
1
 70
1
 40
0.000000
 41
0.000000
 39
0.000000
  0
VERTEX
  8
PIN_TOP
 10
68.177181
 20
28.383586
 40
0.000000
 41
0.000000
 42
0.000000
  0
VERTEX
  8
PIN_TOP
 10
68.177181
 20
27.875586
 40
0.000000
 41
0.000000
 42
0.000000
  0
VERTEX
  8
PIN_TOP
 10
67.669181
 20
27.875586
 40
0.000000
 41
0.000000
 42
0.000000
  0
VERTEX
  8
PIN_TOP
 10
67.669181
 20
28.383586
 40
0.000000
 41
0.000000
 42
0.000000
  0
SEQEND
  0
POLYLINE
  8
PG_SILKSCREEN_TOP
 66
1
 70
0
 40
0.000000
 41
0.000000
 39
0.000000
  0
VERTEX
  8
PG_SILKSCREEN_TOP
 10
67.563187
 20
27.773986
 40
0.101600
 41
0.101600
 42
0.000000
  0
VERTEX
  8
PG_SILKSCREEN_TOP
 10
67.563187
 20
28.485186
 40
0.101600
 41
0.101600
 42
0.000000
  0
SEQEND
  0
POLYLINE
  8
PG_SILKSCREEN_TOP
 66
1
 70
0
 40
0.000000
 41
0.000000
 39
0.000000
  0
VERTEX
  8
PG_SILKSCREEN_TOP
 10
68.177181
 20
27.773986
 40
0.101600
 41
0.101600
 42
0.000000
  0
VERTEX
  8
PG_SILKSCREEN_TOP
 10
67.567581
 20
27.773986
 40
0.101600
 41
0.101600
 42
0.000000
  0
SEQEND
  0
POLYLINE
  8
PG_SILKSCREEN_TOP
 66
1
 70
0
 40
0.000000
 41
0.000000
 39
0.000000
  0
VERTEX
  8
PG_SILKSCREEN_TOP
 10
67.567581
 20
28.485186
 40
0.101600
 41
0.101600
 42
0.000000
  0
VERTEX
  8
PG_SILKSCREEN_TOP
 10
68.151781
 20
28.485186
 40
0.101600
 41
0.101600
 42
0.000000
  0
SEQEND
  0
POLYLINE
  8
PG_SILKSCREEN_TOP
 66
1
 70
0
 40
0.000000
 41
0.000000
 39
0.000000
  0
VERTEX
  8
PG_SILKSCREEN_TOP
 10
69.197576
 20
28.485186
 40
0.101600
 41
0.101600
 42
0.000000
  0
VERTEX
  8
PG_SILKSCREEN_TOP
 10
68.587976
 20
28.485186
 40
0.101600
 41
0.101600
 42
0.000000
  0
SEQEND
  0
POLYLINE
  8
PG_SILKSCREEN_TOP
 66
1
 70
0
 40
0.000000
 41
0.000000
 39
0.000000
  0
VERTEX
  8
PG_SILKSCREEN_TOP
 10
69.197576
 20
27.773986
 40
0.101600
 41
0.101600
 42
0.000000
  0
VERTEX
  8
PG_SILKSCREEN_TOP
 10
69.197576
 20
28.485186
 40
0.101600
 41
0.101600
 42
0.000000
  0
SEQEND
  0
POLYLINE
  8
PG_SILKSCREEN_TOP
 66
1
 70
0
 40
0.000000
 41
0.000000
 39
0.000000
  0
VERTEX
  8
PG_SILKSCREEN_TOP
 10
69.197576
 20
27.773986
 40
0.101600
 41
0.101600
 42
0.000000
  0
VERTEX
  8
PG_SILKSCREEN_TOP
 10
68.587976
 20
27.773986
 40
0.101600
 41
0.101600
 42
0.000000
  0
SEQEND
  0
POLYLINE
  8
PIN_TOP
 66
1
 70
1
 40
0.000000
 41
0.000000
 39
0.000000
  0
VERTEX
  8
PIN_TOP
 10
67.046069
 20
24.382324
 40
0.000000
 41
0.000000
 42
0.000000
  0
VERTEX
  8
PIN_TOP
 10
67.046069
 20
24.890324
 40
0.000000
 41
0.000000
 42
0.000000
  0
VERTEX
  8
PIN_TOP
 10
67.554069
 20
24.890324
 40
0.000000
 41
0.000000
 42
0.000000
  0
VERTEX
  8
PIN_TOP
 10
67.554069
 20
24.382324
 40
0.000000
 41
0.000000
 42
0.000000
  0
SEQEND
  0
POLYLINE
  8
PIN_TOP
 66
1
 70
1
 40
0.000000
 41
0.000000
 39
0.000000
  0
VERTEX
  8
PIN_TOP
 10
67.960469
 20
24.382324
 40
0.000000
 41
0.000000
 42
0.000000
  0
VERTEX
  8
PIN_TOP
 10
67.960469
 20
24.890324
 40
0.000000
 41
0.000000
 42
0.000000
  0
VERTEX
  8
PIN_TOP
 10
68.468469
 20
24.890324
 40
0.000000
 41
0.000000
 42
0.000000
  0
VERTEX
  8
PIN_TOP
 10
68.468469
 20
24.382324
 40
0.000000
 41
0.000000
 42
0.000000
  0
SEQEND
  0
POLYLINE
  8
PG_SILKSCREEN_TOP
 66
1
 70
0
 40
0.000000
 41
0.000000
 39
0.000000
  0
VERTEX
  8
PG_SILKSCREEN_TOP
 10
68.574463
 20
24.991924
 40
0.101600
 41
0.101600
 42
0.000000
  0
VERTEX
  8
PG_SILKSCREEN_TOP
 10
68.574463
 20
24.280724
 40
0.101600
 41
0.101600
 42
0.000000
  0
SEQEND
  0
POLYLINE
  8
PG_SILKSCREEN_TOP
 66
1
 70
0
 40
0.000000
 41
0.000000
 39
0.000000
  0
VERTEX
  8
PG_SILKSCREEN_TOP
 10
67.960469
 20
24.991924
 40
0.101600
 41
0.101600
 42
0.000000
  0
VERTEX
  8
PG_SILKSCREEN_TOP
 10
68.570069
 20
24.991924
 40
0.101600
 41
0.101600
 42
0.000000
  0
SEQEND
  0
POLYLINE
  8
PG_SILKSCREEN_TOP
 66
1
 70
0
 40
0.000000
 41
0.000000
 39
0.000000
  0
VERTEX
  8
PG_SILKSCREEN_TOP
 10
68.570069
 20
24.280724
 40
0.101600
 41
0.101600
 42
0.000000
  0
VERTEX
  8
PG_SILKSCREEN_TOP
 10
67.985869
 20
24.280724
 40
0.101600
 41
0.101600
 42
0.000000
  0
SEQEND
  0
POLYLINE
  8
PG_SILKSCREEN_TOP
 66
1
 70
0
 40
0.000000
 41
0.000000
 39
0.000000
  0
VERTEX
  8
PG_SILKSCREEN_TOP
 10
66.940074
 20
24.280724
 40
0.101600
 41
0.101600
 42
0.000000
  0
VERTEX
  8
PG_SILKSCREEN_TOP
 10
67.549674
 20
24.280724
 40
0.101600
 41
0.101600
 42
0.000000
  0
SEQEND
  0
POLYLINE
  8
PG_SILKSCREEN_TOP
 66
1
 70
0
 40
0.000000
 41
0.000000
 39
0.000000
  0
VERTEX
  8
PG_SILKSCREEN_TOP
 10
66.940074
 20
24.991924
 40
0.101600
 41
0.101600
 42
0.000000
  0
VERTEX
  8
PG_SILKSCREEN_TOP
 10
66.940074
 20
24.280724
 40
0.101600
 41
0.101600
 42
0.000000
  0
SEQEND
  0
POLYLINE
  8
PG_SILKSCREEN_TOP
 66
1
 70
0
 40
0.000000
 41
0.000000
 39
0.000000
  0
VERTEX
  8
PG_SILKSCREEN_TOP
 10
66.940074
 20
24.991924
 40
0.101600
 41
0.101600
 42
0.000000
  0
VERTEX
  8
PG_SILKSCREEN_TOP
 10
67.549674
 20
24.991924
 40
0.101600
 41
0.101600
 42
0.000000
  0
SEQEND
  0
POLYLINE
  8
PIN_TOP
 66
1
 70
1
 40
0.000000
 41
0.000000
 39
0.000000
  0
VERTEX
  8
PIN_TOP
 10
21.449513
 20
64.657275
 40
0.000000
 41
0.000000
 42
0.000000
  0
VERTEX
  8
PIN_TOP
 10
21.449513
 20
64.149275
 40
0.000000
 41
0.000000
 42
0.000000
  0
VERTEX
  8
PIN_TOP
 10
20.941513
 20
64.149275
 40
0.000000
 41
0.000000
 42
0.000000
  0
VERTEX
  8
PIN_TOP
 10
20.941513
 20
64.657275
 40
0.000000
 41
0.000000
 42
0.000000
  0
SEQEND
  0
POLYLINE
  8
PIN_TOP
 66
1
 70
1
 40
0.000000
 41
0.000000
 39
0.000000
  0
VERTEX
  8
PIN_TOP
 10
20.535113
 20
64.657275
 40
0.000000
 41
0.000000
 42
0.000000
  0
VERTEX
  8
PIN_TOP
 10
20.535113
 20
64.149275
 40
0.000000
 41
0.000000
 42
0.000000
  0
VERTEX
  8
PIN_TOP
 10
20.027113
 20
64.149275
 40
0.000000
 41
0.000000
 42
0.000000
  0
VERTEX
  8
PIN_TOP
 10
20.027113
 20
64.657275
 40
0.000000
 41
0.000000
 42
0.000000
  0
SEQEND
  0
POLYLINE
  8
PG_SILKSCREEN_TOP
 66
1
 70
0
 40
0.000000
 41
0.000000
 39
0.000000
  0
VERTEX
  8
PG_SILKSCREEN_TOP
 10
19.921093
 20
64.047675
 40
0.101600
 41
0.101600
 42
0.000000
  0
VERTEX
  8
PG_SILKSCREEN_TOP
 10
19.921093
 20
64.758875
 40
0.101600
 41
0.101600
 42
0.000000
  0
SEQEND
  0
POLYLINE
  8
PG_SILKSCREEN_TOP
 66
1
 70
0
 40
0.000000
 41
0.000000
 39
0.000000
  0
VERTEX
  8
PG_SILKSCREEN_TOP
 10
20.535113
 20
64.047675
 40
0.101600
 41
0.101600
 42
0.000000
  0
VERTEX
  8
PG_SILKSCREEN_TOP
 10
19.925513
 20
64.047675
 40
0.101600
 41
0.101600
 42
0.000000
  0
SEQEND
  0
POLYLINE
  8
PG_SILKSCREEN_TOP
 66
1
 70
0
 40
0.000000
 41
0.000000
 39
0.000000
  0
VERTEX
  8
PG_SILKSCREEN_TOP
 10
19.925513
 20
64.758875
 40
0.101600
 41
0.101600
 42
0.000000
  0
VERTEX
  8
PG_SILKSCREEN_TOP
 10
20.509713
 20
64.758875
 40
0.101600
 41
0.101600
 42
0.000000
  0
SEQEND
  0
POLYLINE
  8
PG_SILKSCREEN_TOP
 66
1
 70
0
 40
0.000000
 41
0.000000
 39
0.000000
  0
VERTEX
  8
PG_SILKSCREEN_TOP
 10
21.555507
 20
64.758875
 40
0.101600
 41
0.101600
 42
0.000000
  0
VERTEX
  8
PG_SILKSCREEN_TOP
 10
20.945907
 20
64.758875
 40
0.101600
 41
0.101600
 42
0.000000
  0
SEQEND
  0
POLYLINE
  8
PG_SILKSCREEN_TOP
 66
1
 70
0
 40
0.000000
 41
0.000000
 39
0.000000
  0
VERTEX
  8
PG_SILKSCREEN_TOP
 10
21.555507
 20
64.047675
 40
0.101600
 41
0.101600
 42
0.000000
  0
VERTEX
  8
PG_SILKSCREEN_TOP
 10
21.555507
 20
64.758875
 40
0.101600
 41
0.101600
 42
0.000000
  0
SEQEND
  0
POLYLINE
  8
PG_SILKSCREEN_TOP
 66
1
 70
0
 40
0.000000
 41
0.000000
 39
0.000000
  0
VERTEX
  8
PG_SILKSCREEN_TOP
 10
21.555507
 20
64.047675
 40
0.101600
 41
0.101600
 42
0.000000
  0
VERTEX
  8
PG_SILKSCREEN_TOP
 10
20.945907
 20
64.047675
 40
0.101600
 41
0.101600
 42
0.000000
  0
SEQEND
  0
POLYLINE
  8
PIN_TOP
 66
1
 70
1
 40
0.000000
 41
0.000000
 39
0.000000
  0
VERTEX
  8
PIN_TOP
 10
10.120859
 20
68.839842
 40
0.000000
 41
0.000000
 42
0.000000
  0
VERTEX
  8
PIN_TOP
 10
10.120859
 20
69.347842
 40
0.000000
 41
0.000000
 42
0.000000
  0
VERTEX
  8
PIN_TOP
 10
10.628859
 20
69.347842
 40
0.000000
 41
0.000000
 42
0.000000
  0
VERTEX
  8
PIN_TOP
 10
10.628859
 20
68.839842
 40
0.000000
 41
0.000000
 42
0.000000
  0
SEQEND
  0
POLYLINE
  8
PIN_TOP
 66
1
 70
1
 40
0.000000
 41
0.000000
 39
0.000000
  0
VERTEX
  8
PIN_TOP
 10
11.035259
 20
68.839842
 40
0.000000
 41
0.000000
 42
0.000000
  0
VERTEX
  8
PIN_TOP
 10
11.035259
 20
69.347842
 40
0.000000
 41
0.000000
 42
0.000000
  0
VERTEX
  8
PIN_TOP
 10
11.543259
 20
69.347842
 40
0.000000
 41
0.000000
 42
0.000000
  0
VERTEX
  8
PIN_TOP
 10
11.543259
 20
68.839842
 40
0.000000
 41
0.000000
 42
0.000000
  0
SEQEND
  0
POLYLINE
  8
PG_SILKSCREEN_TOP
 66
1
 70
0
 40
0.000000
 41
0.000000
 39
0.000000
  0
VERTEX
  8
PG_SILKSCREEN_TOP
 10
11.649278
 20
69.449442
 40
0.101600
 41
0.101600
 42
0.000000
  0
VERTEX
  8
PG_SILKSCREEN_TOP
 10
11.649278
 20
68.738242
 40
0.101600
 41
0.101600
 42
0.000000
  0
SEQEND
  0
POLYLINE
  8
PG_SILKSCREEN_TOP
 66
1
 70
0
 40
0.000000
 41
0.000000
 39
0.000000
  0
VERTEX
  8
PG_SILKSCREEN_TOP
 10
11.035259
 20
69.449442
 40
0.101600
 41
0.101600
 42
0.000000
  0
VERTEX
  8
PG_SILKSCREEN_TOP
 10
11.644859
 20
69.449442
 40
0.101600
 41
0.101600
 42
0.000000
  0
SEQEND
  0
POLYLINE
  8
PG_SILKSCREEN_TOP
 66
1
 70
0
 40
0.000000
 41
0.000000
 39
0.000000
  0
VERTEX
  8
PG_SILKSCREEN_TOP
 10
11.644859
 20
68.738242
 40
0.101600
 41
0.101600
 42
0.000000
  0
VERTEX
  8
PG_SILKSCREEN_TOP
 10
11.060659
 20
68.738242
 40
0.101600
 41
0.101600
 42
0.000000
  0
SEQEND
  0
POLYLINE
  8
PG_SILKSCREEN_TOP
 66
1
 70
0
 40
0.000000
 41
0.000000
 39
0.000000
  0
VERTEX
  8
PG_SILKSCREEN_TOP
 10
10.014864
 20
68.738242
 40
0.101600
 41
0.101600
 42
0.000000
  0
VERTEX
  8
PG_SILKSCREEN_TOP
 10
10.624464
 20
68.738242
 40
0.101600
 41
0.101600
 42
0.000000
  0
SEQEND
  0
POLYLINE
  8
PG_SILKSCREEN_TOP
 66
1
 70
0
 40
0.000000
 41
0.000000
 39
0.000000
  0
VERTEX
  8
PG_SILKSCREEN_TOP
 10
10.014864
 20
69.449442
 40
0.101600
 41
0.101600
 42
0.000000
  0
VERTEX
  8
PG_SILKSCREEN_TOP
 10
10.014864
 20
68.738242
 40
0.101600
 41
0.101600
 42
0.000000
  0
SEQEND
  0
POLYLINE
  8
PG_SILKSCREEN_TOP
 66
1
 70
0
 40
0.000000
 41
0.000000
 39
0.000000
  0
VERTEX
  8
PG_SILKSCREEN_TOP
 10
10.014864
 20
69.449442
 40
0.101600
 41
0.101600
 42
0.000000
  0
VERTEX
  8
PG_SILKSCREEN_TOP
 10
10.624464
 20
69.449442
 40
0.101600
 41
0.101600
 42
0.000000
  0
SEQEND
  0
POLYLINE
  8
PIN_TOP
 66
1
 70
1
 40
0.000000
 41
0.000000
 39
0.000000
  0
VERTEX
  8
PIN_TOP
 10
11.653266
 20
64.737945
 40
0.000000
 41
0.000000
 42
0.000000
  0
VERTEX
  8
PIN_TOP
 10
11.653266
 20
64.229945
 40
0.000000
 41
0.000000
 42
0.000000
  0
VERTEX
  8
PIN_TOP
 10
11.145266
 20
64.229945
 40
0.000000
 41
0.000000
 42
0.000000
  0
VERTEX
  8
PIN_TOP
 10
11.145266
 20
64.737945
 40
0.000000
 41
0.000000
 42
0.000000
  0
SEQEND
  0
POLYLINE
  8
PIN_TOP
 66
1
 70
1
 40
0.000000
 41
0.000000
 39
0.000000
  0
VERTEX
  8
PIN_TOP
 10
10.738866
 20
64.737945
 40
0.000000
 41
0.000000
 42
0.000000
  0
VERTEX
  8
PIN_TOP
 10
10.738866
 20
64.229945
 40
0.000000
 41
0.000000
 42
0.000000
  0
VERTEX
  8
PIN_TOP
 10
10.230866
 20
64.229945
 40
0.000000
 41
0.000000
 42
0.000000
  0
VERTEX
  8
PIN_TOP
 10
10.230866
 20
64.737945
 40
0.000000
 41
0.000000
 42
0.000000
  0
SEQEND
  0
POLYLINE
  8
PG_SILKSCREEN_TOP
 66
1
 70
0
 40
0.000000
 41
0.000000
 39
0.000000
  0
VERTEX
  8
PG_SILKSCREEN_TOP
 10
10.124846
 20
64.128345
 40
0.101600
 41
0.101600
 42
0.000000
  0
VERTEX
  8
PG_SILKSCREEN_TOP
 10
10.124846
 20
64.839545
 40
0.101600
 41
0.101600
 42
0.000000
  0
SEQEND
  0
POLYLINE
  8
PG_SILKSCREEN_TOP
 66
1
 70
0
 40
0.000000
 41
0.000000
 39
0.000000
  0
VERTEX
  8
PG_SILKSCREEN_TOP
 10
10.738866
 20
64.128345
 40
0.101600
 41
0.101600
 42
0.000000
  0
VERTEX
  8
PG_SILKSCREEN_TOP
 10
10.129266
 20
64.128345
 40
0.101600
 41
0.101600
 42
0.000000
  0
SEQEND
  0
POLYLINE
  8
PG_SILKSCREEN_TOP
 66
1
 70
0
 40
0.000000
 41
0.000000
 39
0.000000
  0
VERTEX
  8
PG_SILKSCREEN_TOP
 10
10.129266
 20
64.839545
 40
0.101600
 41
0.101600
 42
0.000000
  0
VERTEX
  8
PG_SILKSCREEN_TOP
 10
10.713466
 20
64.839545
 40
0.101600
 41
0.101600
 42
0.000000
  0
SEQEND
  0
POLYLINE
  8
PG_SILKSCREEN_TOP
 66
1
 70
0
 40
0.000000
 41
0.000000
 39
0.000000
  0
VERTEX
  8
PG_SILKSCREEN_TOP
 10
11.759260
 20
64.839545
 40
0.101600
 41
0.101600
 42
0.000000
  0
VERTEX
  8
PG_SILKSCREEN_TOP
 10
11.149660
 20
64.839545
 40
0.101600
 41
0.101600
 42
0.000000
  0
SEQEND
  0
POLYLINE
  8
PG_SILKSCREEN_TOP
 66
1
 70
0
 40
0.000000
 41
0.000000
 39
0.000000
  0
VERTEX
  8
PG_SILKSCREEN_TOP
 10
11.759260
 20
64.128345
 40
0.101600
 41
0.101600
 42
0.000000
  0
VERTEX
  8
PG_SILKSCREEN_TOP
 10
11.759260
 20
64.839545
 40
0.101600
 41
0.101600
 42
0.000000
  0
SEQEND
  0
POLYLINE
  8
PG_SILKSCREEN_TOP
 66
1
 70
0
 40
0.000000
 41
0.000000
 39
0.000000
  0
VERTEX
  8
PG_SILKSCREEN_TOP
 10
11.759260
 20
64.128345
 40
0.101600
 41
0.101600
 42
0.000000
  0
VERTEX
  8
PG_SILKSCREEN_TOP
 10
11.149660
 20
64.128345
 40
0.101600
 41
0.101600
 42
0.000000
  0
SEQEND
  0
POLYLINE
  8
PIN_TOP
 66
1
 70
1
 40
0.000000
 41
0.000000
 39
0.000000
  0
VERTEX
  8
PIN_TOP
 10
12.095124
 20
64.576427
 40
0.000000
 41
0.000000
 42
0.000000
  0
VERTEX
  8
PIN_TOP
 10
12.095124
 20
65.084427
 40
0.000000
 41
0.000000
 42
0.000000
  0
VERTEX
  8
PIN_TOP
 10
12.603124
 20
65.084427
 40
0.000000
 41
0.000000
 42
0.000000
  0
VERTEX
  8
PIN_TOP
 10
12.603124
 20
64.576427
 40
0.000000
 41
0.000000
 42
0.000000
  0
SEQEND
  0
POLYLINE
  8
PIN_TOP
 66
1
 70
1
 40
0.000000
 41
0.000000
 39
0.000000
  0
VERTEX
  8
PIN_TOP
 10
13.009524
 20
64.576427
 40
0.000000
 41
0.000000
 42
0.000000
  0
VERTEX
  8
PIN_TOP
 10
13.009524
 20
65.084427
 40
0.000000
 41
0.000000
 42
0.000000
  0
VERTEX
  8
PIN_TOP
 10
13.517524
 20
65.084427
 40
0.000000
 41
0.000000
 42
0.000000
  0
VERTEX
  8
PIN_TOP
 10
13.517524
 20
64.576427
 40
0.000000
 41
0.000000
 42
0.000000
  0
SEQEND
  0
POLYLINE
  8
PG_SILKSCREEN_TOP
 66
1
 70
0
 40
0.000000
 41
0.000000
 39
0.000000
  0
VERTEX
  8
PG_SILKSCREEN_TOP
 10
13.623544
 20
65.186027
 40
0.101600
 41
0.101600
 42
0.000000
  0
VERTEX
  8
PG_SILKSCREEN_TOP
 10
13.623544
 20
64.474827
 40
0.101600
 41
0.101600
 42
0.000000
  0
SEQEND
  0
POLYLINE
  8
PG_SILKSCREEN_TOP
 66
1
 70
0
 40
0.000000
 41
0.000000
 39
0.000000
  0
VERTEX
  8
PG_SILKSCREEN_TOP
 10
13.009524
 20
65.186027
 40
0.101600
 41
0.101600
 42
0.000000
  0
VERTEX
  8
PG_SILKSCREEN_TOP
 10
13.619124
 20
65.186027
 40
0.101600
 41
0.101600
 42
0.000000
  0
SEQEND
  0
POLYLINE
  8
PG_SILKSCREEN_TOP
 66
1
 70
0
 40
0.000000
 41
0.000000
 39
0.000000
  0
VERTEX
  8
PG_SILKSCREEN_TOP
 10
13.619124
 20
64.474827
 40
0.101600
 41
0.101600
 42
0.000000
  0
VERTEX
  8
PG_SILKSCREEN_TOP
 10
13.034924
 20
64.474827
 40
0.101600
 41
0.101600
 42
0.000000
  0
SEQEND
  0
POLYLINE
  8
PG_SILKSCREEN_TOP
 66
1
 70
0
 40
0.000000
 41
0.000000
 39
0.000000
  0
VERTEX
  8
PG_SILKSCREEN_TOP
 10
11.989130
 20
64.474827
 40
0.101600
 41
0.101600
 42
0.000000
  0
VERTEX
  8
PG_SILKSCREEN_TOP
 10
12.598730
 20
64.474827
 40
0.101600
 41
0.101600
 42
0.000000
  0
SEQEND
  0
POLYLINE
  8
PG_SILKSCREEN_TOP
 66
1
 70
0
 40
0.000000
 41
0.000000
 39
0.000000
  0
VERTEX
  8
PG_SILKSCREEN_TOP
 10
11.989130
 20
65.186027
 40
0.101600
 41
0.101600
 42
0.000000
  0
VERTEX
  8
PG_SILKSCREEN_TOP
 10
11.989130
 20
64.474827
 40
0.101600
 41
0.101600
 42
0.000000
  0
SEQEND
  0
POLYLINE
  8
PG_SILKSCREEN_TOP
 66
1
 70
0
 40
0.000000
 41
0.000000
 39
0.000000
  0
VERTEX
  8
PG_SILKSCREEN_TOP
 10
11.989130
 20
65.186027
 40
0.101600
 41
0.101600
 42
0.000000
  0
VERTEX
  8
PG_SILKSCREEN_TOP
 10
12.598730
 20
65.186027
 40
0.101600
 41
0.101600
 42
0.000000
  0
SEQEND
  0
POLYLINE
  8
PIN_TOP
 66
1
 70
1
 40
0.000000
 41
0.000000
 39
0.000000
  0
VERTEX
  8
PIN_TOP
 10
1.491386
 20
64.066369
 40
0.000000
 41
0.000000
 42
0.000000
  0
VERTEX
  8
PIN_TOP
 10
1.491386
 20
64.574369
 40
0.000000
 41
0.000000
 42
0.000000
  0
VERTEX
  8
PIN_TOP
 10
1.999386
 20
64.574369
 40
0.000000
 41
0.000000
 42
0.000000
  0
VERTEX
  8
PIN_TOP
 10
1.999386
 20
64.066369
 40
0.000000
 41
0.000000
 42
0.000000
  0
SEQEND
  0
POLYLINE
  8
PIN_TOP
 66
1
 70
1
 40
0.000000
 41
0.000000
 39
0.000000
  0
VERTEX
  8
PIN_TOP
 10
2.405786
 20
64.066369
 40
0.000000
 41
0.000000
 42
0.000000
  0
VERTEX
  8
PIN_TOP
 10
2.405786
 20
64.574369
 40
0.000000
 41
0.000000
 42
0.000000
  0
VERTEX
  8
PIN_TOP
 10
2.913786
 20
64.574369
 40
0.000000
 41
0.000000
 42
0.000000
  0
VERTEX
  8
PIN_TOP
 10
2.913786
 20
64.066369
 40
0.000000
 41
0.000000
 42
0.000000
  0
SEQEND
  0
POLYLINE
  8
PG_SILKSCREEN_TOP
 66
1
 70
0
 40
0.000000
 41
0.000000
 39
0.000000
  0
VERTEX
  8
PG_SILKSCREEN_TOP
 10
3.019806
 20
64.675969
 40
0.101600
 41
0.101600
 42
0.000000
  0
VERTEX
  8
PG_SILKSCREEN_TOP
 10
3.019806
 20
63.964769
 40
0.101600
 41
0.101600
 42
0.000000
  0
SEQEND
  0
POLYLINE
  8
PG_SILKSCREEN_TOP
 66
1
 70
0
 40
0.000000
 41
0.000000
 39
0.000000
  0
VERTEX
  8
PG_SILKSCREEN_TOP
 10
2.405786
 20
64.675969
 40
0.101600
 41
0.101600
 42
0.000000
  0
VERTEX
  8
PG_SILKSCREEN_TOP
 10
3.015386
 20
64.675969
 40
0.101600
 41
0.101600
 42
0.000000
  0
SEQEND
  0
POLYLINE
  8
PG_SILKSCREEN_TOP
 66
1
 70
0
 40
0.000000
 41
0.000000
 39
0.000000
  0
VERTEX
  8
PG_SILKSCREEN_TOP
 10
3.015386
 20
63.964769
 40
0.101600
 41
0.101600
 42
0.000000
  0
VERTEX
  8
PG_SILKSCREEN_TOP
 10
2.431186
 20
63.964769
 40
0.101600
 41
0.101600
 42
0.000000
  0
SEQEND
  0
POLYLINE
  8
PG_SILKSCREEN_TOP
 66
1
 70
0
 40
0.000000
 41
0.000000
 39
0.000000
  0
VERTEX
  8
PG_SILKSCREEN_TOP
 10
1.385392
 20
63.964769
 40
0.101600
 41
0.101600
 42
0.000000
  0
VERTEX
  8
PG_SILKSCREEN_TOP
 10
1.994992
 20
63.964769
 40
0.101600
 41
0.101600
 42
0.000000
  0
SEQEND
  0
POLYLINE
  8
PG_SILKSCREEN_TOP
 66
1
 70
0
 40
0.000000
 41
0.000000
 39
0.000000
  0
VERTEX
  8
PG_SILKSCREEN_TOP
 10
1.385392
 20
64.675969
 40
0.101600
 41
0.101600
 42
0.000000
  0
VERTEX
  8
PG_SILKSCREEN_TOP
 10
1.385392
 20
63.964769
 40
0.101600
 41
0.101600
 42
0.000000
  0
SEQEND
  0
POLYLINE
  8
PG_SILKSCREEN_TOP
 66
1
 70
0
 40
0.000000
 41
0.000000
 39
0.000000
  0
VERTEX
  8
PG_SILKSCREEN_TOP
 10
1.385392
 20
64.675969
 40
0.101600
 41
0.101600
 42
0.000000
  0
VERTEX
  8
PG_SILKSCREEN_TOP
 10
1.994992
 20
64.675969
 40
0.101600
 41
0.101600
 42
0.000000
  0
SEQEND
  0
POLYLINE
  8
PIN_TOP
 66
1
 70
1
 40
0.000000
 41
0.000000
 39
0.000000
  0
VERTEX
  8
PIN_TOP
 10
9.884435
 20
5.290947
 40
0.000000
 41
0.000000
 42
0.000000
  0
VERTEX
  8
PIN_TOP
 10
9.884435
 20
4.782947
 40
0.000000
 41
0.000000
 42
0.000000
  0
VERTEX
  8
PIN_TOP
 10
9.376435
 20
4.782947
 40
0.000000
 41
0.000000
 42
0.000000
  0
VERTEX
  8
PIN_TOP
 10
9.376435
 20
5.290947
 40
0.000000
 41
0.000000
 42
0.000000
  0
SEQEND
  0
POLYLINE
  8
PIN_TOP
 66
1
 70
1
 40
0.000000
 41
0.000000
 39
0.000000
  0
VERTEX
  8
PIN_TOP
 10
8.970035
 20
5.290947
 40
0.000000
 41
0.000000
 42
0.000000
  0
VERTEX
  8
PIN_TOP
 10
8.970035
 20
4.782947
 40
0.000000
 41
0.000000
 42
0.000000
  0
VERTEX
  8
PIN_TOP
 10
8.462035
 20
4.782947
 40
0.000000
 41
0.000000
 42
0.000000
  0
VERTEX
  8
PIN_TOP
 10
8.462035
 20
5.290947
 40
0.000000
 41
0.000000
 42
0.000000
  0
SEQEND
  0
POLYLINE
  8
PG_SILKSCREEN_TOP
 66
1
 70
0
 40
0.000000
 41
0.000000
 39
0.000000
  0
VERTEX
  8
PG_SILKSCREEN_TOP
 10
8.356041
 20
4.681347
 40
0.101600
 41
0.101600
 42
0.000000
  0
VERTEX
  8
PG_SILKSCREEN_TOP
 10
8.356041
 20
5.392547
 40
0.101600
 41
0.101600
 42
0.000000
  0
SEQEND
  0
POLYLINE
  8
PG_SILKSCREEN_TOP
 66
1
 70
0
 40
0.000000
 41
0.000000
 39
0.000000
  0
VERTEX
  8
PG_SILKSCREEN_TOP
 10
8.970035
 20
4.681347
 40
0.101600
 41
0.101600
 42
0.000000
  0
VERTEX
  8
PG_SILKSCREEN_TOP
 10
8.360435
 20
4.681347
 40
0.101600
 41
0.101600
 42
0.000000
  0
SEQEND
  0
POLYLINE
  8
PG_SILKSCREEN_TOP
 66
1
 70
0
 40
0.000000
 41
0.000000
 39
0.000000
  0
VERTEX
  8
PG_SILKSCREEN_TOP
 10
8.360435
 20
5.392547
 40
0.101600
 41
0.101600
 42
0.000000
  0
VERTEX
  8
PG_SILKSCREEN_TOP
 10
8.944635
 20
5.392547
 40
0.101600
 41
0.101600
 42
0.000000
  0
SEQEND
  0
POLYLINE
  8
PG_SILKSCREEN_TOP
 66
1
 70
0
 40
0.000000
 41
0.000000
 39
0.000000
  0
VERTEX
  8
PG_SILKSCREEN_TOP
 10
9.990430
 20
5.392547
 40
0.101600
 41
0.101600
 42
0.000000
  0
VERTEX
  8
PG_SILKSCREEN_TOP
 10
9.380830
 20
5.392547
 40
0.101600
 41
0.101600
 42
0.000000
  0
SEQEND
  0
POLYLINE
  8
PG_SILKSCREEN_TOP
 66
1
 70
0
 40
0.000000
 41
0.000000
 39
0.000000
  0
VERTEX
  8
PG_SILKSCREEN_TOP
 10
9.990430
 20
4.681347
 40
0.101600
 41
0.101600
 42
0.000000
  0
VERTEX
  8
PG_SILKSCREEN_TOP
 10
9.990430
 20
5.392547
 40
0.101600
 41
0.101600
 42
0.000000
  0
SEQEND
  0
POLYLINE
  8
PG_SILKSCREEN_TOP
 66
1
 70
0
 40
0.000000
 41
0.000000
 39
0.000000
  0
VERTEX
  8
PG_SILKSCREEN_TOP
 10
9.990430
 20
4.681347
 40
0.101600
 41
0.101600
 42
0.000000
  0
VERTEX
  8
PG_SILKSCREEN_TOP
 10
9.380830
 20
4.681347
 40
0.101600
 41
0.101600
 42
0.000000
  0
SEQEND
  0
POLYLINE
  8
PIN_TOP
 66
1
 70
1
 40
0.000000
 41
0.000000
 39
0.000000
  0
VERTEX
  8
PIN_TOP
 10
69.854801
 20
3.491357
 40
0.000000
 41
0.000000
 42
0.000000
  0
VERTEX
  8
PIN_TOP
 10
69.854801
 20
3.999357
 40
0.000000
 41
0.000000
 42
0.000000
  0
VERTEX
  8
PIN_TOP
 10
70.362801
 20
3.999357
 40
0.000000
 41
0.000000
 42
0.000000
  0
VERTEX
  8
PIN_TOP
 10
70.362801
 20
3.491357
 40
0.000000
 41
0.000000
 42
0.000000
  0
SEQEND
  0
POLYLINE
  8
PIN_TOP
 66
1
 70
1
 40
0.000000
 41
0.000000
 39
0.000000
  0
VERTEX
  8
PIN_TOP
 10
70.769201
 20
3.491357
 40
0.000000
 41
0.000000
 42
0.000000
  0
VERTEX
  8
PIN_TOP
 10
70.769201
 20
3.999357
 40
0.000000
 41
0.000000
 42
0.000000
  0
VERTEX
  8
PIN_TOP
 10
71.277201
 20
3.999357
 40
0.000000
 41
0.000000
 42
0.000000
  0
VERTEX
  8
PIN_TOP
 10
71.277201
 20
3.491357
 40
0.000000
 41
0.000000
 42
0.000000
  0
SEQEND
  0
POLYLINE
  8
PG_SILKSCREEN_TOP
 66
1
 70
0
 40
0.000000
 41
0.000000
 39
0.000000
  0
VERTEX
  8
PG_SILKSCREEN_TOP
 10
71.383195
 20
4.100957
 40
0.101600
 41
0.101600
 42
0.000000
  0
VERTEX
  8
PG_SILKSCREEN_TOP
 10
71.383195
 20
3.389757
 40
0.101600
 41
0.101600
 42
0.000000
  0
SEQEND
  0
POLYLINE
  8
PG_SILKSCREEN_TOP
 66
1
 70
0
 40
0.000000
 41
0.000000
 39
0.000000
  0
VERTEX
  8
PG_SILKSCREEN_TOP
 10
70.769201
 20
4.100957
 40
0.101600
 41
0.101600
 42
0.000000
  0
VERTEX
  8
PG_SILKSCREEN_TOP
 10
71.378801
 20
4.100957
 40
0.101600
 41
0.101600
 42
0.000000
  0
SEQEND
  0
POLYLINE
  8
PG_SILKSCREEN_TOP
 66
1
 70
0
 40
0.000000
 41
0.000000
 39
0.000000
  0
VERTEX
  8
PG_SILKSCREEN_TOP
 10
71.378801
 20
3.389757
 40
0.101600
 41
0.101600
 42
0.000000
  0
VERTEX
  8
PG_SILKSCREEN_TOP
 10
70.794601
 20
3.389757
 40
0.101600
 41
0.101600
 42
0.000000
  0
SEQEND
  0
POLYLINE
  8
PG_SILKSCREEN_TOP
 66
1
 70
0
 40
0.000000
 41
0.000000
 39
0.000000
  0
VERTEX
  8
PG_SILKSCREEN_TOP
 10
69.748806
 20
3.389757
 40
0.101600
 41
0.101600
 42
0.000000
  0
VERTEX
  8
PG_SILKSCREEN_TOP
 10
70.358406
 20
3.389757
 40
0.101600
 41
0.101600
 42
0.000000
  0
SEQEND
  0
POLYLINE
  8
PG_SILKSCREEN_TOP
 66
1
 70
0
 40
0.000000
 41
0.000000
 39
0.000000
  0
VERTEX
  8
PG_SILKSCREEN_TOP
 10
69.748806
 20
4.100957
 40
0.101600
 41
0.101600
 42
0.000000
  0
VERTEX
  8
PG_SILKSCREEN_TOP
 10
69.748806
 20
3.389757
 40
0.101600
 41
0.101600
 42
0.000000
  0
SEQEND
  0
POLYLINE
  8
PG_SILKSCREEN_TOP
 66
1
 70
0
 40
0.000000
 41
0.000000
 39
0.000000
  0
VERTEX
  8
PG_SILKSCREEN_TOP
 10
69.748806
 20
4.100957
 40
0.101600
 41
0.101600
 42
0.000000
  0
VERTEX
  8
PG_SILKSCREEN_TOP
 10
70.358406
 20
4.100957
 40
0.101600
 41
0.101600
 42
0.000000
  0
SEQEND
  0
POLYLINE
  8
PIN_TOP
 66
1
 70
1
 40
0.000000
 41
0.000000
 39
0.000000
  0
VERTEX
  8
PIN_TOP
 10
62.414277
 20
4.053103
 40
0.000000
 41
0.000000
 42
0.000000
  0
VERTEX
  8
PIN_TOP
 10
62.922277
 20
4.053103
 40
0.000000
 41
0.000000
 42
0.000000
  0
VERTEX
  8
PIN_TOP
 10
62.922277
 20
3.545103
 40
0.000000
 41
0.000000
 42
0.000000
  0
VERTEX
  8
PIN_TOP
 10
62.414277
 20
3.545103
 40
0.000000
 41
0.000000
 42
0.000000
  0
SEQEND
  0
POLYLINE
  8
PIN_TOP
 66
1
 70
1
 40
0.000000
 41
0.000000
 39
0.000000
  0
VERTEX
  8
PIN_TOP
 10
62.414277
 20
3.138703
 40
0.000000
 41
0.000000
 42
0.000000
  0
VERTEX
  8
PIN_TOP
 10
62.922277
 20
3.138703
 40
0.000000
 41
0.000000
 42
0.000000
  0
VERTEX
  8
PIN_TOP
 10
62.922277
 20
2.630703
 40
0.000000
 41
0.000000
 42
0.000000
  0
VERTEX
  8
PIN_TOP
 10
62.414277
 20
2.630703
 40
0.000000
 41
0.000000
 42
0.000000
  0
SEQEND
  0
POLYLINE
  8
PG_SILKSCREEN_TOP
 66
1
 70
0
 40
0.000000
 41
0.000000
 39
0.000000
  0
VERTEX
  8
PG_SILKSCREEN_TOP
 10
63.023877
 20
2.524709
 40
0.101600
 41
0.101600
 42
0.000000
  0
VERTEX
  8
PG_SILKSCREEN_TOP
 10
62.312677
 20
2.524709
 40
0.101600
 41
0.101600
 42
0.000000
  0
SEQEND
  0
POLYLINE
  8
PG_SILKSCREEN_TOP
 66
1
 70
0
 40
0.000000
 41
0.000000
 39
0.000000
  0
VERTEX
  8
PG_SILKSCREEN_TOP
 10
63.023877
 20
3.138703
 40
0.101600
 41
0.101600
 42
0.000000
  0
VERTEX
  8
PG_SILKSCREEN_TOP
 10
63.023877
 20
2.529103
 40
0.101600
 41
0.101600
 42
0.000000
  0
SEQEND
  0
POLYLINE
  8
PG_SILKSCREEN_TOP
 66
1
 70
0
 40
0.000000
 41
0.000000
 39
0.000000
  0
VERTEX
  8
PG_SILKSCREEN_TOP
 10
62.312677
 20
2.529103
 40
0.101600
 41
0.101600
 42
0.000000
  0
VERTEX
  8
PG_SILKSCREEN_TOP
 10
62.312677
 20
3.113303
 40
0.101600
 41
0.101600
 42
0.000000
  0
SEQEND
  0
POLYLINE
  8
PG_SILKSCREEN_TOP
 66
1
 70
0
 40
0.000000
 41
0.000000
 39
0.000000
  0
VERTEX
  8
PG_SILKSCREEN_TOP
 10
62.312677
 20
4.159098
 40
0.101600
 41
0.101600
 42
0.000000
  0
VERTEX
  8
PG_SILKSCREEN_TOP
 10
62.312677
 20
3.549498
 40
0.101600
 41
0.101600
 42
0.000000
  0
SEQEND
  0
POLYLINE
  8
PG_SILKSCREEN_TOP
 66
1
 70
0
 40
0.000000
 41
0.000000
 39
0.000000
  0
VERTEX
  8
PG_SILKSCREEN_TOP
 10
63.023877
 20
4.159098
 40
0.101600
 41
0.101600
 42
0.000000
  0
VERTEX
  8
PG_SILKSCREEN_TOP
 10
62.312677
 20
4.159098
 40
0.101600
 41
0.101600
 42
0.000000
  0
SEQEND
  0
POLYLINE
  8
PG_SILKSCREEN_TOP
 66
1
 70
0
 40
0.000000
 41
0.000000
 39
0.000000
  0
VERTEX
  8
PG_SILKSCREEN_TOP
 10
63.023877
 20
4.159098
 40
0.101600
 41
0.101600
 42
0.000000
  0
VERTEX
  8
PG_SILKSCREEN_TOP
 10
63.023877
 20
3.549498
 40
0.101600
 41
0.101600
 42
0.000000
  0
SEQEND
  0
POLYLINE
  8
PIN_TOP
 66
1
 70
1
 40
0.000000
 41
0.000000
 39
0.000000
  0
VERTEX
  8
PIN_TOP
 10
19.573215
 20
14.001877
 40
0.000000
 41
0.000000
 42
0.000000
  0
VERTEX
  8
PIN_TOP
 10
19.573215
 20
14.509877
 40
0.000000
 41
0.000000
 42
0.000000
  0
VERTEX
  8
PIN_TOP
 10
20.081215
 20
14.509877
 40
0.000000
 41
0.000000
 42
0.000000
  0
VERTEX
  8
PIN_TOP
 10
20.081215
 20
14.001877
 40
0.000000
 41
0.000000
 42
0.000000
  0
SEQEND
  0
POLYLINE
  8
PIN_TOP
 66
1
 70
1
 40
0.000000
 41
0.000000
 39
0.000000
  0
VERTEX
  8
PIN_TOP
 10
20.487615
 20
14.001877
 40
0.000000
 41
0.000000
 42
0.000000
  0
VERTEX
  8
PIN_TOP
 10
20.487615
 20
14.509877
 40
0.000000
 41
0.000000
 42
0.000000
  0
VERTEX
  8
PIN_TOP
 10
20.995615
 20
14.509877
 40
0.000000
 41
0.000000
 42
0.000000
  0
VERTEX
  8
PIN_TOP
 10
20.995615
 20
14.001877
 40
0.000000
 41
0.000000
 42
0.000000
  0
SEQEND
  0
POLYLINE
  8
PG_SILKSCREEN_TOP
 66
1
 70
0
 40
0.000000
 41
0.000000
 39
0.000000
  0
VERTEX
  8
PG_SILKSCREEN_TOP
 10
21.101609
 20
14.611477
 40
0.101600
 41
0.101600
 42
0.000000
  0
VERTEX
  8
PG_SILKSCREEN_TOP
 10
21.101609
 20
13.900277
 40
0.101600
 41
0.101600
 42
0.000000
  0
SEQEND
  0
POLYLINE
  8
PG_SILKSCREEN_TOP
 66
1
 70
0
 40
0.000000
 41
0.000000
 39
0.000000
  0
VERTEX
  8
PG_SILKSCREEN_TOP
 10
20.487615
 20
14.611477
 40
0.101600
 41
0.101600
 42
0.000000
  0
VERTEX
  8
PG_SILKSCREEN_TOP
 10
21.097215
 20
14.611477
 40
0.101600
 41
0.101600
 42
0.000000
  0
SEQEND
  0
POLYLINE
  8
PG_SILKSCREEN_TOP
 66
1
 70
0
 40
0.000000
 41
0.000000
 39
0.000000
  0
VERTEX
  8
PG_SILKSCREEN_TOP
 10
21.097215
 20
13.900277
 40
0.101600
 41
0.101600
 42
0.000000
  0
VERTEX
  8
PG_SILKSCREEN_TOP
 10
20.513015
 20
13.900277
 40
0.101600
 41
0.101600
 42
0.000000
  0
SEQEND
  0
POLYLINE
  8
PG_SILKSCREEN_TOP
 66
1
 70
0
 40
0.000000
 41
0.000000
 39
0.000000
  0
VERTEX
  8
PG_SILKSCREEN_TOP
 10
19.467220
 20
13.900277
 40
0.101600
 41
0.101600
 42
0.000000
  0
VERTEX
  8
PG_SILKSCREEN_TOP
 10
20.076820
 20
13.900277
 40
0.101600
 41
0.101600
 42
0.000000
  0
SEQEND
  0
POLYLINE
  8
PG_SILKSCREEN_TOP
 66
1
 70
0
 40
0.000000
 41
0.000000
 39
0.000000
  0
VERTEX
  8
PG_SILKSCREEN_TOP
 10
19.467220
 20
14.611477
 40
0.101600
 41
0.101600
 42
0.000000
  0
VERTEX
  8
PG_SILKSCREEN_TOP
 10
19.467220
 20
13.900277
 40
0.101600
 41
0.101600
 42
0.000000
  0
SEQEND
  0
POLYLINE
  8
PG_SILKSCREEN_TOP
 66
1
 70
0
 40
0.000000
 41
0.000000
 39
0.000000
  0
VERTEX
  8
PG_SILKSCREEN_TOP
 10
19.467220
 20
14.611477
 40
0.101600
 41
0.101600
 42
0.000000
  0
VERTEX
  8
PG_SILKSCREEN_TOP
 10
20.076820
 20
14.611477
 40
0.101600
 41
0.101600
 42
0.000000
  0
SEQEND
  0
POLYLINE
  8
PIN_TOP
 66
1
 70
1
 40
0.000000
 41
0.000000
 39
0.000000
  0
VERTEX
  8
PIN_TOP
 10
20.869935
 20
65.933523
 40
0.000000
 41
0.000000
 42
0.000000
  0
VERTEX
  8
PIN_TOP
 10
20.869935
 20
66.441523
 40
0.000000
 41
0.000000
 42
0.000000
  0
VERTEX
  8
PIN_TOP
 10
21.377935
 20
66.441523
 40
0.000000
 41
0.000000
 42
0.000000
  0
VERTEX
  8
PIN_TOP
 10
21.377935
 20
65.933523
 40
0.000000
 41
0.000000
 42
0.000000
  0
SEQEND
  0
POLYLINE
  8
PIN_TOP
 66
1
 70
1
 40
0.000000
 41
0.000000
 39
0.000000
  0
VERTEX
  8
PIN_TOP
 10
21.784335
 20
65.933523
 40
0.000000
 41
0.000000
 42
0.000000
  0
VERTEX
  8
PIN_TOP
 10
21.784335
 20
66.441523
 40
0.000000
 41
0.000000
 42
0.000000
  0
VERTEX
  8
PIN_TOP
 10
22.292335
 20
66.441523
 40
0.000000
 41
0.000000
 42
0.000000
  0
VERTEX
  8
PIN_TOP
 10
22.292335
 20
65.933523
 40
0.000000
 41
0.000000
 42
0.000000
  0
SEQEND
  0
POLYLINE
  8
PG_SILKSCREEN_TOP
 66
1
 70
0
 40
0.000000
 41
0.000000
 39
0.000000
  0
VERTEX
  8
PG_SILKSCREEN_TOP
 10
22.398355
 20
66.543123
 40
0.101600
 41
0.101600
 42
0.000000
  0
VERTEX
  8
PG_SILKSCREEN_TOP
 10
22.398355
 20
65.831923
 40
0.101600
 41
0.101600
 42
0.000000
  0
SEQEND
  0
POLYLINE
  8
PG_SILKSCREEN_TOP
 66
1
 70
0
 40
0.000000
 41
0.000000
 39
0.000000
  0
VERTEX
  8
PG_SILKSCREEN_TOP
 10
21.784335
 20
66.543123
 40
0.101600
 41
0.101600
 42
0.000000
  0
VERTEX
  8
PG_SILKSCREEN_TOP
 10
22.393935
 20
66.543123
 40
0.101600
 41
0.101600
 42
0.000000
  0
SEQEND
  0
POLYLINE
  8
PG_SILKSCREEN_TOP
 66
1
 70
0
 40
0.000000
 41
0.000000
 39
0.000000
  0
VERTEX
  8
PG_SILKSCREEN_TOP
 10
22.393935
 20
65.831923
 40
0.101600
 41
0.101600
 42
0.000000
  0
VERTEX
  8
PG_SILKSCREEN_TOP
 10
21.809735
 20
65.831923
 40
0.101600
 41
0.101600
 42
0.000000
  0
SEQEND
  0
POLYLINE
  8
PG_SILKSCREEN_TOP
 66
1
 70
0
 40
0.000000
 41
0.000000
 39
0.000000
  0
VERTEX
  8
PG_SILKSCREEN_TOP
 10
20.763941
 20
65.831923
 40
0.101600
 41
0.101600
 42
0.000000
  0
VERTEX
  8
PG_SILKSCREEN_TOP
 10
21.373541
 20
65.831923
 40
0.101600
 41
0.101600
 42
0.000000
  0
SEQEND
  0
POLYLINE
  8
PG_SILKSCREEN_TOP
 66
1
 70
0
 40
0.000000
 41
0.000000
 39
0.000000
  0
VERTEX
  8
PG_SILKSCREEN_TOP
 10
20.763941
 20
66.543123
 40
0.101600
 41
0.101600
 42
0.000000
  0
VERTEX
  8
PG_SILKSCREEN_TOP
 10
20.763941
 20
65.831923
 40
0.101600
 41
0.101600
 42
0.000000
  0
SEQEND
  0
POLYLINE
  8
PG_SILKSCREEN_TOP
 66
1
 70
0
 40
0.000000
 41
0.000000
 39
0.000000
  0
VERTEX
  8
PG_SILKSCREEN_TOP
 10
20.763941
 20
66.543123
 40
0.101600
 41
0.101600
 42
0.000000
  0
VERTEX
  8
PG_SILKSCREEN_TOP
 10
21.373541
 20
66.543123
 40
0.101600
 41
0.101600
 42
0.000000
  0
SEQEND
  0
POLYLINE
  8
PIN_TOP
 66
1
 70
1
 40
0.000000
 41
0.000000
 39
0.000000
  0
VERTEX
  8
PIN_TOP
 10
9.951872
 20
66.057450
 40
0.000000
 41
0.000000
 42
0.000000
  0
VERTEX
  8
PIN_TOP
 10
9.951872
 20
66.565450
 40
0.000000
 41
0.000000
 42
0.000000
  0
VERTEX
  8
PIN_TOP
 10
10.459872
 20
66.565450
 40
0.000000
 41
0.000000
 42
0.000000
  0
VERTEX
  8
PIN_TOP
 10
10.459872
 20
66.057450
 40
0.000000
 41
0.000000
 42
0.000000
  0
SEQEND
  0
POLYLINE
  8
PIN_TOP
 66
1
 70
1
 40
0.000000
 41
0.000000
 39
0.000000
  0
VERTEX
  8
PIN_TOP
 10
10.866272
 20
66.057450
 40
0.000000
 41
0.000000
 42
0.000000
  0
VERTEX
  8
PIN_TOP
 10
10.866272
 20
66.565450
 40
0.000000
 41
0.000000
 42
0.000000
  0
VERTEX
  8
PIN_TOP
 10
11.374272
 20
66.565450
 40
0.000000
 41
0.000000
 42
0.000000
  0
VERTEX
  8
PIN_TOP
 10
11.374272
 20
66.057450
 40
0.000000
 41
0.000000
 42
0.000000
  0
SEQEND
  0
POLYLINE
  8
PG_SILKSCREEN_TOP
 66
1
 70
0
 40
0.000000
 41
0.000000
 39
0.000000
  0
VERTEX
  8
PG_SILKSCREEN_TOP
 10
11.480267
 20
66.667050
 40
0.101600
 41
0.101600
 42
0.000000
  0
VERTEX
  8
PG_SILKSCREEN_TOP
 10
11.480267
 20
65.955850
 40
0.101600
 41
0.101600
 42
0.000000
  0
SEQEND
  0
POLYLINE
  8
PG_SILKSCREEN_TOP
 66
1
 70
0
 40
0.000000
 41
0.000000
 39
0.000000
  0
VERTEX
  8
PG_SILKSCREEN_TOP
 10
10.866272
 20
66.667050
 40
0.101600
 41
0.101600
 42
0.000000
  0
VERTEX
  8
PG_SILKSCREEN_TOP
 10
11.475872
 20
66.667050
 40
0.101600
 41
0.101600
 42
0.000000
  0
SEQEND
  0
POLYLINE
  8
PG_SILKSCREEN_TOP
 66
1
 70
0
 40
0.000000
 41
0.000000
 39
0.000000
  0
VERTEX
  8
PG_SILKSCREEN_TOP
 10
11.475872
 20
65.955850
 40
0.101600
 41
0.101600
 42
0.000000
  0
VERTEX
  8
PG_SILKSCREEN_TOP
 10
10.891672
 20
65.955850
 40
0.101600
 41
0.101600
 42
0.000000
  0
SEQEND
  0
POLYLINE
  8
PG_SILKSCREEN_TOP
 66
1
 70
0
 40
0.000000
 41
0.000000
 39
0.000000
  0
VERTEX
  8
PG_SILKSCREEN_TOP
 10
9.845853
 20
65.955850
 40
0.101600
 41
0.101600
 42
0.000000
  0
VERTEX
  8
PG_SILKSCREEN_TOP
 10
10.455453
 20
65.955850
 40
0.101600
 41
0.101600
 42
0.000000
  0
SEQEND
  0
POLYLINE
  8
PG_SILKSCREEN_TOP
 66
1
 70
0
 40
0.000000
 41
0.000000
 39
0.000000
  0
VERTEX
  8
PG_SILKSCREEN_TOP
 10
9.845853
 20
66.667050
 40
0.101600
 41
0.101600
 42
0.000000
  0
VERTEX
  8
PG_SILKSCREEN_TOP
 10
9.845853
 20
65.955850
 40
0.101600
 41
0.101600
 42
0.000000
  0
SEQEND
  0
POLYLINE
  8
PG_SILKSCREEN_TOP
 66
1
 70
0
 40
0.000000
 41
0.000000
 39
0.000000
  0
VERTEX
  8
PG_SILKSCREEN_TOP
 10
9.845853
 20
66.667050
 40
0.101600
 41
0.101600
 42
0.000000
  0
VERTEX
  8
PG_SILKSCREEN_TOP
 10
10.455453
 20
66.667050
 40
0.101600
 41
0.101600
 42
0.000000
  0
SEQEND
  0
POLYLINE
  8
PIN_TOP
 66
1
 70
1
 40
0.000000
 41
0.000000
 39
0.000000
  0
VERTEX
  8
PIN_TOP
 10
13.517524
 20
66.862528
 40
0.000000
 41
0.000000
 42
0.000000
  0
VERTEX
  8
PIN_TOP
 10
13.517524
 20
66.354528
 40
0.000000
 41
0.000000
 42
0.000000
  0
VERTEX
  8
PIN_TOP
 10
13.009524
 20
66.354528
 40
0.000000
 41
0.000000
 42
0.000000
  0
VERTEX
  8
PIN_TOP
 10
13.009524
 20
66.862528
 40
0.000000
 41
0.000000
 42
0.000000
  0
SEQEND
  0
POLYLINE
  8
PIN_TOP
 66
1
 70
1
 40
0.000000
 41
0.000000
 39
0.000000
  0
VERTEX
  8
PIN_TOP
 10
12.603124
 20
66.862528
 40
0.000000
 41
0.000000
 42
0.000000
  0
VERTEX
  8
PIN_TOP
 10
12.603124
 20
66.354528
 40
0.000000
 41
0.000000
 42
0.000000
  0
VERTEX
  8
PIN_TOP
 10
12.095124
 20
66.354528
 40
0.000000
 41
0.000000
 42
0.000000
  0
VERTEX
  8
PIN_TOP
 10
12.095124
 20
66.862528
 40
0.000000
 41
0.000000
 42
0.000000
  0
SEQEND
  0
POLYLINE
  8
PG_SILKSCREEN_TOP
 66
1
 70
0
 40
0.000000
 41
0.000000
 39
0.000000
  0
VERTEX
  8
PG_SILKSCREEN_TOP
 10
11.989130
 20
66.252928
 40
0.101600
 41
0.101600
 42
0.000000
  0
VERTEX
  8
PG_SILKSCREEN_TOP
 10
11.989130
 20
66.964128
 40
0.101600
 41
0.101600
 42
0.000000
  0
SEQEND
  0
POLYLINE
  8
PG_SILKSCREEN_TOP
 66
1
 70
0
 40
0.000000
 41
0.000000
 39
0.000000
  0
VERTEX
  8
PG_SILKSCREEN_TOP
 10
12.603124
 20
66.252928
 40
0.101600
 41
0.101600
 42
0.000000
  0
VERTEX
  8
PG_SILKSCREEN_TOP
 10
11.993524
 20
66.252928
 40
0.101600
 41
0.101600
 42
0.000000
  0
SEQEND
  0
POLYLINE
  8
PG_SILKSCREEN_TOP
 66
1
 70
0
 40
0.000000
 41
0.000000
 39
0.000000
  0
VERTEX
  8
PG_SILKSCREEN_TOP
 10
11.993524
 20
66.964128
 40
0.101600
 41
0.101600
 42
0.000000
  0
VERTEX
  8
PG_SILKSCREEN_TOP
 10
12.577724
 20
66.964128
 40
0.101600
 41
0.101600
 42
0.000000
  0
SEQEND
  0
POLYLINE
  8
PG_SILKSCREEN_TOP
 66
1
 70
0
 40
0.000000
 41
0.000000
 39
0.000000
  0
VERTEX
  8
PG_SILKSCREEN_TOP
 10
13.623544
 20
66.964128
 40
0.101600
 41
0.101600
 42
0.000000
  0
VERTEX
  8
PG_SILKSCREEN_TOP
 10
13.013944
 20
66.964128
 40
0.101600
 41
0.101600
 42
0.000000
  0
SEQEND
  0
POLYLINE
  8
PG_SILKSCREEN_TOP
 66
1
 70
0
 40
0.000000
 41
0.000000
 39
0.000000
  0
VERTEX
  8
PG_SILKSCREEN_TOP
 10
13.623544
 20
66.252928
 40
0.101600
 41
0.101600
 42
0.000000
  0
VERTEX
  8
PG_SILKSCREEN_TOP
 10
13.623544
 20
66.964128
 40
0.101600
 41
0.101600
 42
0.000000
  0
SEQEND
  0
POLYLINE
  8
PG_SILKSCREEN_TOP
 66
1
 70
0
 40
0.000000
 41
0.000000
 39
0.000000
  0
VERTEX
  8
PG_SILKSCREEN_TOP
 10
13.623544
 20
66.252928
 40
0.101600
 41
0.101600
 42
0.000000
  0
VERTEX
  8
PG_SILKSCREEN_TOP
 10
13.013944
 20
66.252928
 40
0.101600
 41
0.101600
 42
0.000000
  0
SEQEND
  0
POLYLINE
  8
PIN_TOP
 66
1
 70
1
 40
0.000000
 41
0.000000
 39
0.000000
  0
VERTEX
  8
PIN_TOP
 10
2.614752
 20
65.853996
 40
0.000000
 41
0.000000
 42
0.000000
  0
VERTEX
  8
PIN_TOP
 10
2.106752
 20
65.853996
 40
0.000000
 41
0.000000
 42
0.000000
  0
VERTEX
  8
PIN_TOP
 10
2.106752
 20
66.361996
 40
0.000000
 41
0.000000
 42
0.000000
  0
VERTEX
  8
PIN_TOP
 10
2.614752
 20
66.361996
 40
0.000000
 41
0.000000
 42
0.000000
  0
SEQEND
  0
POLYLINE
  8
PIN_TOP
 66
1
 70
1
 40
0.000000
 41
0.000000
 39
0.000000
  0
VERTEX
  8
PIN_TOP
 10
2.614752
 20
66.768396
 40
0.000000
 41
0.000000
 42
0.000000
  0
VERTEX
  8
PIN_TOP
 10
2.106752
 20
66.768396
 40
0.000000
 41
0.000000
 42
0.000000
  0
VERTEX
  8
PIN_TOP
 10
2.106752
 20
67.276396
 40
0.000000
 41
0.000000
 42
0.000000
  0
VERTEX
  8
PIN_TOP
 10
2.614752
 20
67.276396
 40
0.000000
 41
0.000000
 42
0.000000
  0
SEQEND
  0
POLYLINE
  8
PG_SILKSCREEN_TOP
 66
1
 70
0
 40
0.000000
 41
0.000000
 39
0.000000
  0
VERTEX
  8
PG_SILKSCREEN_TOP
 10
2.005152
 20
67.382390
 40
0.101600
 41
0.101600
 42
0.000000
  0
VERTEX
  8
PG_SILKSCREEN_TOP
 10
2.716352
 20
67.382390
 40
0.101600
 41
0.101600
 42
0.000000
  0
SEQEND
  0
POLYLINE
  8
PG_SILKSCREEN_TOP
 66
1
 70
0
 40
0.000000
 41
0.000000
 39
0.000000
  0
VERTEX
  8
PG_SILKSCREEN_TOP
 10
2.005152
 20
66.768396
 40
0.101600
 41
0.101600
 42
0.000000
  0
VERTEX
  8
PG_SILKSCREEN_TOP
 10
2.005152
 20
67.377996
 40
0.101600
 41
0.101600
 42
0.000000
  0
SEQEND
  0
POLYLINE
  8
PG_SILKSCREEN_TOP
 66
1
 70
0
 40
0.000000
 41
0.000000
 39
0.000000
  0
VERTEX
  8
PG_SILKSCREEN_TOP
 10
2.716352
 20
67.377996
 40
0.101600
 41
0.101600
 42
0.000000
  0
VERTEX
  8
PG_SILKSCREEN_TOP
 10
2.716352
 20
66.793796
 40
0.101600
 41
0.101600
 42
0.000000
  0
SEQEND
  0
POLYLINE
  8
PG_SILKSCREEN_TOP
 66
1
 70
0
 40
0.000000
 41
0.000000
 39
0.000000
  0
VERTEX
  8
PG_SILKSCREEN_TOP
 10
2.716352
 20
65.747976
 40
0.101600
 41
0.101600
 42
0.000000
  0
VERTEX
  8
PG_SILKSCREEN_TOP
 10
2.716352
 20
66.357576
 40
0.101600
 41
0.101600
 42
0.000000
  0
SEQEND
  0
POLYLINE
  8
PG_SILKSCREEN_TOP
 66
1
 70
0
 40
0.000000
 41
0.000000
 39
0.000000
  0
VERTEX
  8
PG_SILKSCREEN_TOP
 10
2.005152
 20
65.747976
 40
0.101600
 41
0.101600
 42
0.000000
  0
VERTEX
  8
PG_SILKSCREEN_TOP
 10
2.716352
 20
65.747976
 40
0.101600
 41
0.101600
 42
0.000000
  0
SEQEND
  0
POLYLINE
  8
PG_SILKSCREEN_TOP
 66
1
 70
0
 40
0.000000
 41
0.000000
 39
0.000000
  0
VERTEX
  8
PG_SILKSCREEN_TOP
 10
2.005152
 20
65.747976
 40
0.101600
 41
0.101600
 42
0.000000
  0
VERTEX
  8
PG_SILKSCREEN_TOP
 10
2.005152
 20
66.357576
 40
0.101600
 41
0.101600
 42
0.000000
  0
SEQEND
  0
POLYLINE
  8
PIN_TOP
 66
1
 70
1
 40
0.000000
 41
0.000000
 39
0.000000
  0
VERTEX
  8
PIN_TOP
 10
9.898202
 20
4.407992
 40
0.000000
 41
0.000000
 42
0.000000
  0
VERTEX
  8
PIN_TOP
 10
9.898202
 20
3.899992
 40
0.000000
 41
0.000000
 42
0.000000
  0
VERTEX
  8
PIN_TOP
 10
9.390202
 20
3.899992
 40
0.000000
 41
0.000000
 42
0.000000
  0
VERTEX
  8
PIN_TOP
 10
9.390202
 20
4.407992
 40
0.000000
 41
0.000000
 42
0.000000
  0
SEQEND
  0
POLYLINE
  8
PIN_TOP
 66
1
 70
1
 40
0.000000
 41
0.000000
 39
0.000000
  0
VERTEX
  8
PIN_TOP
 10
8.983802
 20
4.407992
 40
0.000000
 41
0.000000
 42
0.000000
  0
VERTEX
  8
PIN_TOP
 10
8.983802
 20
3.899992
 40
0.000000
 41
0.000000
 42
0.000000
  0
VERTEX
  8
PIN_TOP
 10
8.475802
 20
3.899992
 40
0.000000
 41
0.000000
 42
0.000000
  0
VERTEX
  8
PIN_TOP
 10
8.475802
 20
4.407992
 40
0.000000
 41
0.000000
 42
0.000000
  0
SEQEND
  0
POLYLINE
  8
PG_SILKSCREEN_TOP
 66
1
 70
0
 40
0.000000
 41
0.000000
 39
0.000000
  0
VERTEX
  8
PG_SILKSCREEN_TOP
 10
8.369808
 20
3.798392
 40
0.101600
 41
0.101600
 42
0.000000
  0
VERTEX
  8
PG_SILKSCREEN_TOP
 10
8.369808
 20
4.509592
 40
0.101600
 41
0.101600
 42
0.000000
  0
SEQEND
  0
POLYLINE
  8
PG_SILKSCREEN_TOP
 66
1
 70
0
 40
0.000000
 41
0.000000
 39
0.000000
  0
VERTEX
  8
PG_SILKSCREEN_TOP
 10
8.983802
 20
3.798392
 40
0.101600
 41
0.101600
 42
0.000000
  0
VERTEX
  8
PG_SILKSCREEN_TOP
 10
8.374202
 20
3.798392
 40
0.101600
 41
0.101600
 42
0.000000
  0
SEQEND
  0
POLYLINE
  8
PG_SILKSCREEN_TOP
 66
1
 70
0
 40
0.000000
 41
0.000000
 39
0.000000
  0
VERTEX
  8
PG_SILKSCREEN_TOP
 10
8.374202
 20
4.509592
 40
0.101600
 41
0.101600
 42
0.000000
  0
VERTEX
  8
PG_SILKSCREEN_TOP
 10
8.958402
 20
4.509592
 40
0.101600
 41
0.101600
 42
0.000000
  0
SEQEND
  0
POLYLINE
  8
PG_SILKSCREEN_TOP
 66
1
 70
0
 40
0.000000
 41
0.000000
 39
0.000000
  0
VERTEX
  8
PG_SILKSCREEN_TOP
 10
10.004222
 20
4.509592
 40
0.101600
 41
0.101600
 42
0.000000
  0
VERTEX
  8
PG_SILKSCREEN_TOP
 10
9.394622
 20
4.509592
 40
0.101600
 41
0.101600
 42
0.000000
  0
SEQEND
  0
POLYLINE
  8
PG_SILKSCREEN_TOP
 66
1
 70
0
 40
0.000000
 41
0.000000
 39
0.000000
  0
VERTEX
  8
PG_SILKSCREEN_TOP
 10
10.004222
 20
3.798392
 40
0.101600
 41
0.101600
 42
0.000000
  0
VERTEX
  8
PG_SILKSCREEN_TOP
 10
10.004222
 20
4.509592
 40
0.101600
 41
0.101600
 42
0.000000
  0
SEQEND
  0
POLYLINE
  8
PG_SILKSCREEN_TOP
 66
1
 70
0
 40
0.000000
 41
0.000000
 39
0.000000
  0
VERTEX
  8
PG_SILKSCREEN_TOP
 10
10.004222
 20
3.798392
 40
0.101600
 41
0.101600
 42
0.000000
  0
VERTEX
  8
PG_SILKSCREEN_TOP
 10
9.394622
 20
3.798392
 40
0.101600
 41
0.101600
 42
0.000000
  0
SEQEND
  0
POLYLINE
  8
PIN_TOP
 66
1
 70
1
 40
0.000000
 41
0.000000
 39
0.000000
  0
VERTEX
  8
PIN_TOP
 10
9.884435
 20
6.172530
 40
0.000000
 41
0.000000
 42
0.000000
  0
VERTEX
  8
PIN_TOP
 10
9.884435
 20
5.664530
 40
0.000000
 41
0.000000
 42
0.000000
  0
VERTEX
  8
PIN_TOP
 10
9.376435
 20
5.664530
 40
0.000000
 41
0.000000
 42
0.000000
  0
VERTEX
  8
PIN_TOP
 10
9.376435
 20
6.172530
 40
0.000000
 41
0.000000
 42
0.000000
  0
SEQEND
  0
POLYLINE
  8
PIN_TOP
 66
1
 70
1
 40
0.000000
 41
0.000000
 39
0.000000
  0
VERTEX
  8
PIN_TOP
 10
8.970035
 20
6.172530
 40
0.000000
 41
0.000000
 42
0.000000
  0
VERTEX
  8
PIN_TOP
 10
8.970035
 20
5.664530
 40
0.000000
 41
0.000000
 42
0.000000
  0
VERTEX
  8
PIN_TOP
 10
8.462035
 20
5.664530
 40
0.000000
 41
0.000000
 42
0.000000
  0
VERTEX
  8
PIN_TOP
 10
8.462035
 20
6.172530
 40
0.000000
 41
0.000000
 42
0.000000
  0
SEQEND
  0
POLYLINE
  8
PG_SILKSCREEN_TOP
 66
1
 70
0
 40
0.000000
 41
0.000000
 39
0.000000
  0
VERTEX
  8
PG_SILKSCREEN_TOP
 10
8.356041
 20
5.562930
 40
0.101600
 41
0.101600
 42
0.000000
  0
VERTEX
  8
PG_SILKSCREEN_TOP
 10
8.356041
 20
6.274130
 40
0.101600
 41
0.101600
 42
0.000000
  0
SEQEND
  0
POLYLINE
  8
PG_SILKSCREEN_TOP
 66
1
 70
0
 40
0.000000
 41
0.000000
 39
0.000000
  0
VERTEX
  8
PG_SILKSCREEN_TOP
 10
8.970035
 20
5.562930
 40
0.101600
 41
0.101600
 42
0.000000
  0
VERTEX
  8
PG_SILKSCREEN_TOP
 10
8.360435
 20
5.562930
 40
0.101600
 41
0.101600
 42
0.000000
  0
SEQEND
  0
POLYLINE
  8
PG_SILKSCREEN_TOP
 66
1
 70
0
 40
0.000000
 41
0.000000
 39
0.000000
  0
VERTEX
  8
PG_SILKSCREEN_TOP
 10
8.360435
 20
6.274130
 40
0.101600
 41
0.101600
 42
0.000000
  0
VERTEX
  8
PG_SILKSCREEN_TOP
 10
8.944635
 20
6.274130
 40
0.101600
 41
0.101600
 42
0.000000
  0
SEQEND
  0
POLYLINE
  8
PG_SILKSCREEN_TOP
 66
1
 70
0
 40
0.000000
 41
0.000000
 39
0.000000
  0
VERTEX
  8
PG_SILKSCREEN_TOP
 10
9.990455
 20
6.274130
 40
0.101600
 41
0.101600
 42
0.000000
  0
VERTEX
  8
PG_SILKSCREEN_TOP
 10
9.380855
 20
6.274130
 40
0.101600
 41
0.101600
 42
0.000000
  0
SEQEND
  0
POLYLINE
  8
PG_SILKSCREEN_TOP
 66
1
 70
0
 40
0.000000
 41
0.000000
 39
0.000000
  0
VERTEX
  8
PG_SILKSCREEN_TOP
 10
9.990455
 20
5.562930
 40
0.101600
 41
0.101600
 42
0.000000
  0
VERTEX
  8
PG_SILKSCREEN_TOP
 10
9.990455
 20
6.274130
 40
0.101600
 41
0.101600
 42
0.000000
  0
SEQEND
  0
POLYLINE
  8
PG_SILKSCREEN_TOP
 66
1
 70
0
 40
0.000000
 41
0.000000
 39
0.000000
  0
VERTEX
  8
PG_SILKSCREEN_TOP
 10
9.990455
 20
5.562930
 40
0.101600
 41
0.101600
 42
0.000000
  0
VERTEX
  8
PG_SILKSCREEN_TOP
 10
9.380855
 20
5.562930
 40
0.101600
 41
0.101600
 42
0.000000
  0
SEQEND
  0
POLYLINE
  8
PIN_TOP
 66
1
 70
1
 40
0.000000
 41
0.000000
 39
0.000000
  0
VERTEX
  8
PIN_TOP
 10
9.906584
 20
2.534996
 40
0.000000
 41
0.000000
 42
0.000000
  0
VERTEX
  8
PIN_TOP
 10
9.906584
 20
2.026996
 40
0.000000
 41
0.000000
 42
0.000000
  0
VERTEX
  8
PIN_TOP
 10
9.398584
 20
2.026996
 40
0.000000
 41
0.000000
 42
0.000000
  0
VERTEX
  8
PIN_TOP
 10
9.398584
 20
2.534996
 40
0.000000
 41
0.000000
 42
0.000000
  0
SEQEND
  0
POLYLINE
  8
PIN_TOP
 66
1
 70
1
 40
0.000000
 41
0.000000
 39
0.000000
  0
VERTEX
  8
PIN_TOP
 10
8.992184
 20
2.534996
 40
0.000000
 41
0.000000
 42
0.000000
  0
VERTEX
  8
PIN_TOP
 10
8.992184
 20
2.026996
 40
0.000000
 41
0.000000
 42
0.000000
  0
VERTEX
  8
PIN_TOP
 10
8.484184
 20
2.026996
 40
0.000000
 41
0.000000
 42
0.000000
  0
VERTEX
  8
PIN_TOP
 10
8.484184
 20
2.534996
 40
0.000000
 41
0.000000
 42
0.000000
  0
SEQEND
  0
POLYLINE
  8
PG_SILKSCREEN_TOP
 66
1
 70
0
 40
0.000000
 41
0.000000
 39
0.000000
  0
VERTEX
  8
PG_SILKSCREEN_TOP
 10
8.378190
 20
1.925396
 40
0.101600
 41
0.101600
 42
0.000000
  0
VERTEX
  8
PG_SILKSCREEN_TOP
 10
8.378190
 20
2.636596
 40
0.101600
 41
0.101600
 42
0.000000
  0
SEQEND
  0
POLYLINE
  8
PG_SILKSCREEN_TOP
 66
1
 70
0
 40
0.000000
 41
0.000000
 39
0.000000
  0
VERTEX
  8
PG_SILKSCREEN_TOP
 10
8.992184
 20
1.925396
 40
0.101600
 41
0.101600
 42
0.000000
  0
VERTEX
  8
PG_SILKSCREEN_TOP
 10
8.382584
 20
1.925396
 40
0.101600
 41
0.101600
 42
0.000000
  0
SEQEND
  0
POLYLINE
  8
PG_SILKSCREEN_TOP
 66
1
 70
0
 40
0.000000
 41
0.000000
 39
0.000000
  0
VERTEX
  8
PG_SILKSCREEN_TOP
 10
8.382584
 20
2.636596
 40
0.101600
 41
0.101600
 42
0.000000
  0
VERTEX
  8
PG_SILKSCREEN_TOP
 10
8.966784
 20
2.636596
 40
0.101600
 41
0.101600
 42
0.000000
  0
SEQEND
  0
POLYLINE
  8
PG_SILKSCREEN_TOP
 66
1
 70
0
 40
0.000000
 41
0.000000
 39
0.000000
  0
VERTEX
  8
PG_SILKSCREEN_TOP
 10
10.012604
 20
2.636596
 40
0.101600
 41
0.101600
 42
0.000000
  0
VERTEX
  8
PG_SILKSCREEN_TOP
 10
9.403004
 20
2.636596
 40
0.101600
 41
0.101600
 42
0.000000
  0
SEQEND
  0
POLYLINE
  8
PG_SILKSCREEN_TOP
 66
1
 70
0
 40
0.000000
 41
0.000000
 39
0.000000
  0
VERTEX
  8
PG_SILKSCREEN_TOP
 10
10.012604
 20
1.925396
 40
0.101600
 41
0.101600
 42
0.000000
  0
VERTEX
  8
PG_SILKSCREEN_TOP
 10
10.012604
 20
2.636596
 40
0.101600
 41
0.101600
 42
0.000000
  0
SEQEND
  0
POLYLINE
  8
PG_SILKSCREEN_TOP
 66
1
 70
0
 40
0.000000
 41
0.000000
 39
0.000000
  0
VERTEX
  8
PG_SILKSCREEN_TOP
 10
10.012604
 20
1.925396
 40
0.101600
 41
0.101600
 42
0.000000
  0
VERTEX
  8
PG_SILKSCREEN_TOP
 10
9.403004
 20
1.925396
 40
0.101600
 41
0.101600
 42
0.000000
  0
SEQEND
  0
POLYLINE
  8
PIN_TOP
 66
1
 70
1
 40
0.000000
 41
0.000000
 39
0.000000
  0
VERTEX
  8
PIN_TOP
 10
22.838994
 20
5.293284
 40
0.000000
 41
0.000000
 42
0.000000
  0
VERTEX
  8
PIN_TOP
 10
22.330994
 20
5.293284
 40
0.000000
 41
0.000000
 42
0.000000
  0
VERTEX
  8
PIN_TOP
 10
22.330994
 20
5.801284
 40
0.000000
 41
0.000000
 42
0.000000
  0
VERTEX
  8
PIN_TOP
 10
22.838994
 20
5.801284
 40
0.000000
 41
0.000000
 42
0.000000
  0
SEQEND
  0
POLYLINE
  8
PIN_TOP
 66
1
 70
1
 40
0.000000
 41
0.000000
 39
0.000000
  0
VERTEX
  8
PIN_TOP
 10
22.838994
 20
6.207684
 40
0.000000
 41
0.000000
 42
0.000000
  0
VERTEX
  8
PIN_TOP
 10
22.330994
 20
6.207684
 40
0.000000
 41
0.000000
 42
0.000000
  0
VERTEX
  8
PIN_TOP
 10
22.330994
 20
6.715684
 40
0.000000
 41
0.000000
 42
0.000000
  0
VERTEX
  8
PIN_TOP
 10
22.838994
 20
6.715684
 40
0.000000
 41
0.000000
 42
0.000000
  0
SEQEND
  0
POLYLINE
  8
PG_SILKSCREEN_TOP
 66
1
 70
0
 40
0.000000
 41
0.000000
 39
0.000000
  0
VERTEX
  8
PG_SILKSCREEN_TOP
 10
22.229394
 20
6.821678
 40
0.101600
 41
0.101600
 42
0.000000
  0
VERTEX
  8
PG_SILKSCREEN_TOP
 10
22.940594
 20
6.821678
 40
0.101600
 41
0.101600
 42
0.000000
  0
SEQEND
  0
POLYLINE
  8
PG_SILKSCREEN_TOP
 66
1
 70
0
 40
0.000000
 41
0.000000
 39
0.000000
  0
VERTEX
  8
PG_SILKSCREEN_TOP
 10
22.229394
 20
6.207684
 40
0.101600
 41
0.101600
 42
0.000000
  0
VERTEX
  8
PG_SILKSCREEN_TOP
 10
22.229394
 20
6.817284
 40
0.101600
 41
0.101600
 42
0.000000
  0
SEQEND
  0
POLYLINE
  8
PG_SILKSCREEN_TOP
 66
1
 70
0
 40
0.000000
 41
0.000000
 39
0.000000
  0
VERTEX
  8
PG_SILKSCREEN_TOP
 10
22.940594
 20
6.817284
 40
0.101600
 41
0.101600
 42
0.000000
  0
VERTEX
  8
PG_SILKSCREEN_TOP
 10
22.940594
 20
6.233084
 40
0.101600
 41
0.101600
 42
0.000000
  0
SEQEND
  0
POLYLINE
  8
PG_SILKSCREEN_TOP
 66
1
 70
0
 40
0.000000
 41
0.000000
 39
0.000000
  0
VERTEX
  8
PG_SILKSCREEN_TOP
 10
22.940594
 20
5.187264
 40
0.101600
 41
0.101600
 42
0.000000
  0
VERTEX
  8
PG_SILKSCREEN_TOP
 10
22.940594
 20
5.796864
 40
0.101600
 41
0.101600
 42
0.000000
  0
SEQEND
  0
POLYLINE
  8
PG_SILKSCREEN_TOP
 66
1
 70
0
 40
0.000000
 41
0.000000
 39
0.000000
  0
VERTEX
  8
PG_SILKSCREEN_TOP
 10
22.229394
 20
5.187264
 40
0.101600
 41
0.101600
 42
0.000000
  0
VERTEX
  8
PG_SILKSCREEN_TOP
 10
22.940594
 20
5.187264
 40
0.101600
 41
0.101600
 42
0.000000
  0
SEQEND
  0
POLYLINE
  8
PG_SILKSCREEN_TOP
 66
1
 70
0
 40
0.000000
 41
0.000000
 39
0.000000
  0
VERTEX
  8
PG_SILKSCREEN_TOP
 10
22.229394
 20
5.187264
 40
0.101600
 41
0.101600
 42
0.000000
  0
VERTEX
  8
PG_SILKSCREEN_TOP
 10
22.229394
 20
5.796864
 40
0.101600
 41
0.101600
 42
0.000000
  0
SEQEND
  0
POLYLINE
  8
PIN_TOP
 66
1
 70
1
 40
0.000000
 41
0.000000
 39
0.000000
  0
VERTEX
  8
PIN_TOP
 10
29.456710
 20
5.345608
 40
0.000000
 41
0.000000
 42
0.000000
  0
VERTEX
  8
PIN_TOP
 10
28.948710
 20
5.345608
 40
0.000000
 41
0.000000
 42
0.000000
  0
VERTEX
  8
PIN_TOP
 10
28.948710
 20
5.853608
 40
0.000000
 41
0.000000
 42
0.000000
  0
VERTEX
  8
PIN_TOP
 10
29.456710
 20
5.853608
 40
0.000000
 41
0.000000
 42
0.000000
  0
SEQEND
  0
POLYLINE
  8
PIN_TOP
 66
1
 70
1
 40
0.000000
 41
0.000000
 39
0.000000
  0
VERTEX
  8
PIN_TOP
 10
29.456710
 20
6.260008
 40
0.000000
 41
0.000000
 42
0.000000
  0
VERTEX
  8
PIN_TOP
 10
28.948710
 20
6.260008
 40
0.000000
 41
0.000000
 42
0.000000
  0
VERTEX
  8
PIN_TOP
 10
28.948710
 20
6.768008
 40
0.000000
 41
0.000000
 42
0.000000
  0
VERTEX
  8
PIN_TOP
 10
29.456710
 20
6.768008
 40
0.000000
 41
0.000000
 42
0.000000
  0
SEQEND
  0
POLYLINE
  8
PG_SILKSCREEN_TOP
 66
1
 70
0
 40
0.000000
 41
0.000000
 39
0.000000
  0
VERTEX
  8
PG_SILKSCREEN_TOP
 10
28.847110
 20
6.874002
 40
0.101600
 41
0.101600
 42
0.000000
  0
VERTEX
  8
PG_SILKSCREEN_TOP
 10
29.558310
 20
6.874002
 40
0.101600
 41
0.101600
 42
0.000000
  0
SEQEND
  0
POLYLINE
  8
PG_SILKSCREEN_TOP
 66
1
 70
0
 40
0.000000
 41
0.000000
 39
0.000000
  0
VERTEX
  8
PG_SILKSCREEN_TOP
 10
28.847110
 20
6.260008
 40
0.101600
 41
0.101600
 42
0.000000
  0
VERTEX
  8
PG_SILKSCREEN_TOP
 10
28.847110
 20
6.869608
 40
0.101600
 41
0.101600
 42
0.000000
  0
SEQEND
  0
POLYLINE
  8
PG_SILKSCREEN_TOP
 66
1
 70
0
 40
0.000000
 41
0.000000
 39
0.000000
  0
VERTEX
  8
PG_SILKSCREEN_TOP
 10
29.558310
 20
6.869608
 40
0.101600
 41
0.101600
 42
0.000000
  0
VERTEX
  8
PG_SILKSCREEN_TOP
 10
29.558310
 20
6.285408
 40
0.101600
 41
0.101600
 42
0.000000
  0
SEQEND
  0
POLYLINE
  8
PG_SILKSCREEN_TOP
 66
1
 70
0
 40
0.000000
 41
0.000000
 39
0.000000
  0
VERTEX
  8
PG_SILKSCREEN_TOP
 10
29.558310
 20
5.239588
 40
0.101600
 41
0.101600
 42
0.000000
  0
VERTEX
  8
PG_SILKSCREEN_TOP
 10
29.558310
 20
5.849188
 40
0.101600
 41
0.101600
 42
0.000000
  0
SEQEND
  0
POLYLINE
  8
PG_SILKSCREEN_TOP
 66
1
 70
0
 40
0.000000
 41
0.000000
 39
0.000000
  0
VERTEX
  8
PG_SILKSCREEN_TOP
 10
28.847110
 20
5.239588
 40
0.101600
 41
0.101600
 42
0.000000
  0
VERTEX
  8
PG_SILKSCREEN_TOP
 10
29.558310
 20
5.239588
 40
0.101600
 41
0.101600
 42
0.000000
  0
SEQEND
  0
POLYLINE
  8
PG_SILKSCREEN_TOP
 66
1
 70
0
 40
0.000000
 41
0.000000
 39
0.000000
  0
VERTEX
  8
PG_SILKSCREEN_TOP
 10
28.847110
 20
5.239588
 40
0.101600
 41
0.101600
 42
0.000000
  0
VERTEX
  8
PG_SILKSCREEN_TOP
 10
28.847110
 20
5.849188
 40
0.101600
 41
0.101600
 42
0.000000
  0
SEQEND
  0
POLYLINE
  8
PIN_TOP
 66
1
 70
1
 40
0.000000
 41
0.000000
 39
0.000000
  0
VERTEX
  8
PIN_TOP
 10
69.579287
 20
32.793356
 40
0.000000
 41
0.000000
 42
0.000000
  0
VERTEX
  8
PIN_TOP
 10
70.087287
 20
32.793356
 40
0.000000
 41
0.000000
 42
0.000000
  0
VERTEX
  8
PIN_TOP
 10
70.087287
 20
32.285356
 40
0.000000
 41
0.000000
 42
0.000000
  0
VERTEX
  8
PIN_TOP
 10
69.579287
 20
32.285356
 40
0.000000
 41
0.000000
 42
0.000000
  0
SEQEND
  0
POLYLINE
  8
PIN_TOP
 66
1
 70
1
 40
0.000000
 41
0.000000
 39
0.000000
  0
VERTEX
  8
PIN_TOP
 10
69.579287
 20
31.878956
 40
0.000000
 41
0.000000
 42
0.000000
  0
VERTEX
  8
PIN_TOP
 10
70.087287
 20
31.878956
 40
0.000000
 41
0.000000
 42
0.000000
  0
VERTEX
  8
PIN_TOP
 10
70.087287
 20
31.370956
 40
0.000000
 41
0.000000
 42
0.000000
  0
VERTEX
  8
PIN_TOP
 10
69.579287
 20
31.370956
 40
0.000000
 41
0.000000
 42
0.000000
  0
SEQEND
  0
POLYLINE
  8
PG_SILKSCREEN_TOP
 66
1
 70
0
 40
0.000000
 41
0.000000
 39
0.000000
  0
VERTEX
  8
PG_SILKSCREEN_TOP
 10
70.188887
 20
31.264962
 40
0.101600
 41
0.101600
 42
0.000000
  0
VERTEX
  8
PG_SILKSCREEN_TOP
 10
69.477687
 20
31.264962
 40
0.101600
 41
0.101600
 42
0.000000
  0
SEQEND
  0
POLYLINE
  8
PG_SILKSCREEN_TOP
 66
1
 70
0
 40
0.000000
 41
0.000000
 39
0.000000
  0
VERTEX
  8
PG_SILKSCREEN_TOP
 10
70.188887
 20
31.878956
 40
0.101600
 41
0.101600
 42
0.000000
  0
VERTEX
  8
PG_SILKSCREEN_TOP
 10
70.188887
 20
31.269356
 40
0.101600
 41
0.101600
 42
0.000000
  0
SEQEND
  0
POLYLINE
  8
PG_SILKSCREEN_TOP
 66
1
 70
0
 40
0.000000
 41
0.000000
 39
0.000000
  0
VERTEX
  8
PG_SILKSCREEN_TOP
 10
69.477687
 20
31.269356
 40
0.101600
 41
0.101600
 42
0.000000
  0
VERTEX
  8
PG_SILKSCREEN_TOP
 10
69.477687
 20
31.853556
 40
0.101600
 41
0.101600
 42
0.000000
  0
SEQEND
  0
POLYLINE
  8
PG_SILKSCREEN_TOP
 66
1
 70
0
 40
0.000000
 41
0.000000
 39
0.000000
  0
VERTEX
  8
PG_SILKSCREEN_TOP
 10
69.477687
 20
32.899350
 40
0.101600
 41
0.101600
 42
0.000000
  0
VERTEX
  8
PG_SILKSCREEN_TOP
 10
69.477687
 20
32.289750
 40
0.101600
 41
0.101600
 42
0.000000
  0
SEQEND
  0
POLYLINE
  8
PG_SILKSCREEN_TOP
 66
1
 70
0
 40
0.000000
 41
0.000000
 39
0.000000
  0
VERTEX
  8
PG_SILKSCREEN_TOP
 10
70.188887
 20
32.899350
 40
0.101600
 41
0.101600
 42
0.000000
  0
VERTEX
  8
PG_SILKSCREEN_TOP
 10
69.477687
 20
32.899350
 40
0.101600
 41
0.101600
 42
0.000000
  0
SEQEND
  0
POLYLINE
  8
PG_SILKSCREEN_TOP
 66
1
 70
0
 40
0.000000
 41
0.000000
 39
0.000000
  0
VERTEX
  8
PG_SILKSCREEN_TOP
 10
70.188887
 20
32.899350
 40
0.101600
 41
0.101600
 42
0.000000
  0
VERTEX
  8
PG_SILKSCREEN_TOP
 10
70.188887
 20
32.289750
 40
0.101600
 41
0.101600
 42
0.000000
  0
SEQEND
  0
POLYLINE
  8
PIN_TOP
 66
1
 70
1
 40
0.000000
 41
0.000000
 39
0.000000
  0
VERTEX
  8
PIN_TOP
 10
70.087287
 20
33.232674
 40
0.000000
 41
0.000000
 42
0.000000
  0
VERTEX
  8
PIN_TOP
 10
69.579287
 20
33.232674
 40
0.000000
 41
0.000000
 42
0.000000
  0
VERTEX
  8
PIN_TOP
 10
69.579287
 20
33.740674
 40
0.000000
 41
0.000000
 42
0.000000
  0
VERTEX
  8
PIN_TOP
 10
70.087287
 20
33.740674
 40
0.000000
 41
0.000000
 42
0.000000
  0
SEQEND
  0
POLYLINE
  8
PIN_TOP
 66
1
 70
1
 40
0.000000
 41
0.000000
 39
0.000000
  0
VERTEX
  8
PIN_TOP
 10
70.087287
 20
34.147074
 40
0.000000
 41
0.000000
 42
0.000000
  0
VERTEX
  8
PIN_TOP
 10
69.579287
 20
34.147074
 40
0.000000
 41
0.000000
 42
0.000000
  0
VERTEX
  8
PIN_TOP
 10
69.579287
 20
34.655074
 40
0.000000
 41
0.000000
 42
0.000000
  0
VERTEX
  8
PIN_TOP
 10
70.087287
 20
34.655074
 40
0.000000
 41
0.000000
 42
0.000000
  0
SEQEND
  0
POLYLINE
  8
PG_SILKSCREEN_TOP
 66
1
 70
0
 40
0.000000
 41
0.000000
 39
0.000000
  0
VERTEX
  8
PG_SILKSCREEN_TOP
 10
69.477687
 20
34.761068
 40
0.101600
 41
0.101600
 42
0.000000
  0
VERTEX
  8
PG_SILKSCREEN_TOP
 10
70.188887
 20
34.761068
 40
0.101600
 41
0.101600
 42
0.000000
  0
SEQEND
  0
POLYLINE
  8
PG_SILKSCREEN_TOP
 66
1
 70
0
 40
0.000000
 41
0.000000
 39
0.000000
  0
VERTEX
  8
PG_SILKSCREEN_TOP
 10
69.477687
 20
34.147074
 40
0.101600
 41
0.101600
 42
0.000000
  0
VERTEX
  8
PG_SILKSCREEN_TOP
 10
69.477687
 20
34.756674
 40
0.101600
 41
0.101600
 42
0.000000
  0
SEQEND
  0
POLYLINE
  8
PG_SILKSCREEN_TOP
 66
1
 70
0
 40
0.000000
 41
0.000000
 39
0.000000
  0
VERTEX
  8
PG_SILKSCREEN_TOP
 10
70.188887
 20
34.756674
 40
0.101600
 41
0.101600
 42
0.000000
  0
VERTEX
  8
PG_SILKSCREEN_TOP
 10
70.188887
 20
34.172474
 40
0.101600
 41
0.101600
 42
0.000000
  0
SEQEND
  0
POLYLINE
  8
PG_SILKSCREEN_TOP
 66
1
 70
0
 40
0.000000
 41
0.000000
 39
0.000000
  0
VERTEX
  8
PG_SILKSCREEN_TOP
 10
70.188887
 20
33.126680
 40
0.101600
 41
0.101600
 42
0.000000
  0
VERTEX
  8
PG_SILKSCREEN_TOP
 10
70.188887
 20
33.736280
 40
0.101600
 41
0.101600
 42
0.000000
  0
SEQEND
  0
POLYLINE
  8
PG_SILKSCREEN_TOP
 66
1
 70
0
 40
0.000000
 41
0.000000
 39
0.000000
  0
VERTEX
  8
PG_SILKSCREEN_TOP
 10
69.477687
 20
33.126680
 40
0.101600
 41
0.101600
 42
0.000000
  0
VERTEX
  8
PG_SILKSCREEN_TOP
 10
70.188887
 20
33.126680
 40
0.101600
 41
0.101600
 42
0.000000
  0
SEQEND
  0
POLYLINE
  8
PG_SILKSCREEN_TOP
 66
1
 70
0
 40
0.000000
 41
0.000000
 39
0.000000
  0
VERTEX
  8
PG_SILKSCREEN_TOP
 10
69.477687
 20
33.126680
 40
0.101600
 41
0.101600
 42
0.000000
  0
VERTEX
  8
PG_SILKSCREEN_TOP
 10
69.477687
 20
33.736280
 40
0.101600
 41
0.101600
 42
0.000000
  0
SEQEND
  0
POLYLINE
  8
PIN_TOP
 66
1
 70
1
 40
0.000000
 41
0.000000
 39
0.000000
  0
VERTEX
  8
PIN_TOP
 10
68.538763
 20
51.587502
 40
0.000000
 41
0.000000
 42
0.000000
  0
VERTEX
  8
PIN_TOP
 10
68.538763
 20
50.317502
 40
0.000000
 41
0.000000
 42
0.000000
  0
VERTEX
  8
PIN_TOP
 10
67.628656
 20
50.317502
 40
0.000000
 41
0.000000
 42
0.000000
  0
VERTEX
  8
PIN_TOP
 10
67.628656
 20
51.587502
 40
0.000000
 41
0.000000
 42
0.000000
  0
SEQEND
  0
POLYLINE
  8
PIN_TOP
 66
1
 70
1
 40
0.000000
 41
0.000000
 39
0.000000
  0
VERTEX
  8
PIN_TOP
 10
67.608869
 20
53.437549
 40
0.000000
 41
0.000000
 42
0.000000
  0
VERTEX
  8
PIN_TOP
 10
67.608869
 20
52.527441
 40
0.000000
 41
0.000000
 42
0.000000
  0
VERTEX
  8
PIN_TOP
 10
66.698762
 20
52.527441
 40
0.000000
 41
0.000000
 42
0.000000
  0
VERTEX
  8
PIN_TOP
 10
66.698762
 20
53.437549
 40
0.000000
 41
0.000000
 42
0.000000
  0
SEQEND
  0
POLYLINE
  8
PIN_TOP
 66
1
 70
1
 40
0.000000
 41
0.000000
 39
0.000000
  0
VERTEX
  8
PIN_TOP
 10
69.508764
 20
53.437549
 40
0.000000
 41
0.000000
 42
0.000000
  0
VERTEX
  8
PIN_TOP
 10
69.508764
 20
52.527441
 40
0.000000
 41
0.000000
 42
0.000000
  0
VERTEX
  8
PIN_TOP
 10
68.598656
 20
52.527441
 40
0.000000
 41
0.000000
 42
0.000000
  0
VERTEX
  8
PIN_TOP
 10
68.598656
 20
53.437549
 40
0.000000
 41
0.000000
 42
0.000000
  0
SEQEND
  0
POLYLINE
  8
PG_SILKSCREEN_TOP
 66
1
 70
0
 40
0.000000
 41
0.000000
 39
0.000000
  0
VERTEX
  8
PG_SILKSCREEN_TOP
 10
68.850510
 20
50.848895
 40
0.152400
 41
0.152400
 42
0.000000
  0
VERTEX
  8
PG_SILKSCREEN_TOP
 10
69.536310
 20
50.848895
 40
0.152400
 41
0.152400
 42
0.000000
  0
VERTEX
  8
PG_SILKSCREEN_TOP
 10
69.536310
 20
52.296695
 40
0.152400
 41
0.152400
 42
0.000000
  0
SEQEND
  0
POLYLINE
  8
PG_SILKSCREEN_TOP
 66
1
 70
0
 40
0.000000
 41
0.000000
 39
0.000000
  0
VERTEX
  8
PG_SILKSCREEN_TOP
 10
67.351910
 20
50.848895
 40
0.152400
 41
0.152400
 42
0.000000
  0
VERTEX
  8
PG_SILKSCREEN_TOP
 10
66.716910
 20
50.848895
 40
0.152400
 41
0.152400
 42
0.000000
  0
VERTEX
  8
PG_SILKSCREEN_TOP
 10
66.716910
 20
52.271295
 40
0.152400
 41
0.152400
 42
0.000000
  0
SEQEND
  0
POLYLINE
  8
PIN_TOP
 66
1
 70
1
 40
0.000000
 41
0.000000
 39
0.000000
  0
VERTEX
  8
PIN_TOP
 10
77.363930
 20
9.683331
 40
0.000000
 41
0.000000
 42
0.000000
  0
VERTEX
  8
PIN_TOP
 10
76.093930
 20
9.683331
 40
0.000000
 41
0.000000
 42
0.000000
  0
VERTEX
  8
PIN_TOP
 10
76.093930
 20
10.593438
 40
0.000000
 41
0.000000
 42
0.000000
  0
VERTEX
  8
PIN_TOP
 10
77.363930
 20
10.593438
 40
0.000000
 41
0.000000
 42
0.000000
  0
SEQEND
  0
POLYLINE
  8
PIN_TOP
 66
1
 70
1
 40
0.000000
 41
0.000000
 39
0.000000
  0
VERTEX
  8
PIN_TOP
 10
79.213977
 20
10.613225
 40
0.000000
 41
0.000000
 42
0.000000
  0
VERTEX
  8
PIN_TOP
 10
78.303869
 20
10.613225
 40
0.000000
 41
0.000000
 42
0.000000
  0
VERTEX
  8
PIN_TOP
 10
78.303869
 20
11.523332
 40
0.000000
 41
0.000000
 42
0.000000
  0
VERTEX
  8
PIN_TOP
 10
79.213977
 20
11.523332
 40
0.000000
 41
0.000000
 42
0.000000
  0
SEQEND
  0
POLYLINE
  8
PIN_TOP
 66
1
 70
1
 40
0.000000
 41
0.000000
 39
0.000000
  0
VERTEX
  8
PIN_TOP
 10
79.213977
 20
8.713330
 40
0.000000
 41
0.000000
 42
0.000000
  0
VERTEX
  8
PIN_TOP
 10
78.303869
 20
8.713330
 40
0.000000
 41
0.000000
 42
0.000000
  0
VERTEX
  8
PIN_TOP
 10
78.303869
 20
9.623438
 40
0.000000
 41
0.000000
 42
0.000000
  0
VERTEX
  8
PIN_TOP
 10
79.213977
 20
9.623438
 40
0.000000
 41
0.000000
 42
0.000000
  0
SEQEND
  0
POLYLINE
  8
PG_SILKSCREEN_TOP
 66
1
 70
0
 40
0.000000
 41
0.000000
 39
0.000000
  0
VERTEX
  8
PG_SILKSCREEN_TOP
 10
76.625323
 20
9.371584
 40
0.152400
 41
0.152400
 42
0.000000
  0
VERTEX
  8
PG_SILKSCREEN_TOP
 10
76.625323
 20
8.685784
 40
0.152400
 41
0.152400
 42
0.000000
  0
VERTEX
  8
PG_SILKSCREEN_TOP
 10
78.073123
 20
8.685784
 40
0.152400
 41
0.152400
 42
0.000000
  0
SEQEND
  0
POLYLINE
  8
PG_SILKSCREEN_TOP
 66
1
 70
0
 40
0.000000
 41
0.000000
 39
0.000000
  0
VERTEX
  8
PG_SILKSCREEN_TOP
 10
76.625323
 20
10.870184
 40
0.152400
 41
0.152400
 42
0.000000
  0
VERTEX
  8
PG_SILKSCREEN_TOP
 10
76.625323
 20
11.505184
 40
0.152400
 41
0.152400
 42
0.000000
  0
VERTEX
  8
PG_SILKSCREEN_TOP
 10
78.047723
 20
11.505184
 40
0.152400
 41
0.152400
 42
0.000000
  0
SEQEND
  0
POLYLINE
  8
PIN_TOP
 66
1
 70
1
 40
0.000000
 41
0.000000
 39
0.000000
  0
VERTEX
  8
PIN_TOP
 10
65.059725
 20
4.143172
 40
0.000000
 41
0.000000
 42
0.000000
  0
VERTEX
  8
PIN_TOP
 10
66.159723
 20
4.143172
 40
0.000000
 41
0.000000
 42
0.000000
  0
VERTEX
  8
PIN_TOP
 10
66.159723
 20
3.543173
 40
0.000000
 41
0.000000
 42
0.000000
  0
VERTEX
  8
PIN_TOP
 10
65.059725
 20
3.543173
 40
0.000000
 41
0.000000
 42
0.000000
  0
SEQEND
  0
POLYLINE
  8
PIN_TOP
 66
1
 70
1
 40
0.000000
 41
0.000000
 39
0.000000
  0
VERTEX
  8
PIN_TOP
 10
65.059725
 20
3.193161
 40
0.000000
 41
0.000000
 42
0.000000
  0
VERTEX
  8
PIN_TOP
 10
66.159723
 20
3.193161
 40
0.000000
 41
0.000000
 42
0.000000
  0
VERTEX
  8
PIN_TOP
 10
66.159723
 20
2.593162
 40
0.000000
 41
0.000000
 42
0.000000
  0
VERTEX
  8
PIN_TOP
 10
65.059725
 20
2.593162
 40
0.000000
 41
0.000000
 42
0.000000
  0
SEQEND
  0
POLYLINE
  8
PIN_TOP
 66
1
 70
1
 40
0.000000
 41
0.000000
 39
0.000000
  0
VERTEX
  8
PIN_TOP
 10
65.059725
 20
2.243150
 40
0.000000
 41
0.000000
 42
0.000000
  0
VERTEX
  8
PIN_TOP
 10
66.159723
 20
2.243150
 40
0.000000
 41
0.000000
 42
0.000000
  0
VERTEX
  8
PIN_TOP
 10
66.159723
 20
1.643151
 40
0.000000
 41
0.000000
 42
0.000000
  0
VERTEX
  8
PIN_TOP
 10
65.059725
 20
1.643151
 40
0.000000
 41
0.000000
 42
0.000000
  0
SEQEND
  0
POLYLINE
  8
PIN_TOP
 66
1
 70
1
 40
0.000000
 41
0.000000
 39
0.000000
  0
VERTEX
  8
PIN_TOP
 10
67.559745
 20
2.243150
 40
0.000000
 41
0.000000
 42
0.000000
  0
VERTEX
  8
PIN_TOP
 10
68.659743
 20
2.243150
 40
0.000000
 41
0.000000
 42
0.000000
  0
VERTEX
  8
PIN_TOP
 10
68.659743
 20
1.643151
 40
0.000000
 41
0.000000
 42
0.000000
  0
VERTEX
  8
PIN_TOP
 10
67.559745
 20
1.643151
 40
0.000000
 41
0.000000
 42
0.000000
  0
SEQEND
  0
POLYLINE
  8
PIN_TOP
 66
1
 70
1
 40
0.000000
 41
0.000000
 39
0.000000
  0
VERTEX
  8
PIN_TOP
 10
67.559745
 20
4.143172
 40
0.000000
 41
0.000000
 42
0.000000
  0
VERTEX
  8
PIN_TOP
 10
68.659743
 20
4.143172
 40
0.000000
 41
0.000000
 42
0.000000
  0
VERTEX
  8
PIN_TOP
 10
68.659743
 20
3.543173
 40
0.000000
 41
0.000000
 42
0.000000
  0
VERTEX
  8
PIN_TOP
 10
67.559745
 20
3.543173
 40
0.000000
 41
0.000000
 42
0.000000
  0
SEQEND
  0
POLYLINE
  8
PG_SILKSCREEN_TOP
 66
1
 70
0
 40
0.000000
 41
0.000000
 39
0.000000
  0
VERTEX
  8
PG_SILKSCREEN_TOP
 10
67.659733
 20
4.343146
 40
0.124993
 41
0.124993
 42
0.000000
  0
VERTEX
  8
PG_SILKSCREEN_TOP
 10
67.659733
 20
1.443152
 40
0.124993
 41
0.124993
 42
0.000000
  0
VERTEX
  8
PG_SILKSCREEN_TOP
 10
66.059736
 20
1.443152
 40
0.124993
 41
0.124993
 42
0.000000
  0
VERTEX
  8
PG_SILKSCREEN_TOP
 10
66.059736
 20
4.343146
 40
0.124993
 41
0.124993
 42
0.000000
  0
VERTEX
  8
PG_SILKSCREEN_TOP
 10
67.659733
 20
4.343146
 40
0.124993
 41
0.124993
 42
0.000000
  0
SEQEND
  0
POLYLINE
  8
PG_SILKSCREEN_TOP
 66
1
 70
1
 40
0.000000
 41
0.000000
 39
0.000000
  0
VERTEX
  8
PG_SILKSCREEN_TOP
 10
65.729028
 20
4.544162
 40
0.000000
 41
0.000000
 42
1.000000
  0
VERTEX
  8
PG_SILKSCREEN_TOP
 10
65.298020
 20
4.544138
 40
0.000000
 41
0.000000
 42
1.000000
  0
SEQEND
  0
POLYLINE
  8
PIN_TOP
 66
1
 70
1
 40
0.000000
 41
0.000000
 39
0.000000
  0
VERTEX
  8
PIN_TOP
 10
12.361012
 20
43.732602
 40
0.000000
 41
0.000000
 42
0.000000
  0
VERTEX
  8
PIN_TOP
 10
12.361012
 20
44.832600
 40
0.000000
 41
0.000000
 42
0.000000
  0
VERTEX
  8
PIN_TOP
 10
12.961010
 20
44.832600
 40
0.000000
 41
0.000000
 42
0.000000
  0
VERTEX
  8
PIN_TOP
 10
12.961010
 20
43.732602
 40
0.000000
 41
0.000000
 42
0.000000
  0
SEQEND
  0
POLYLINE
  8
PIN_TOP
 66
1
 70
1
 40
0.000000
 41
0.000000
 39
0.000000
  0
VERTEX
  8
PIN_TOP
 10
13.311022
 20
43.732602
 40
0.000000
 41
0.000000
 42
0.000000
  0
VERTEX
  8
PIN_TOP
 10
13.311022
 20
44.832600
 40
0.000000
 41
0.000000
 42
0.000000
  0
VERTEX
  8
PIN_TOP
 10
13.911021
 20
44.832600
 40
0.000000
 41
0.000000
 42
0.000000
  0
VERTEX
  8
PIN_TOP
 10
13.911021
 20
43.732602
 40
0.000000
 41
0.000000
 42
0.000000
  0
SEQEND
  0
POLYLINE
  8
PIN_TOP
 66
1
 70
1
 40
0.000000
 41
0.000000
 39
0.000000
  0
VERTEX
  8
PIN_TOP
 10
14.261033
 20
43.732602
 40
0.000000
 41
0.000000
 42
0.000000
  0
VERTEX
  8
PIN_TOP
 10
14.261033
 20
44.832600
 40
0.000000
 41
0.000000
 42
0.000000
  0
VERTEX
  8
PIN_TOP
 10
14.861032
 20
44.832600
 40
0.000000
 41
0.000000
 42
0.000000
  0
VERTEX
  8
PIN_TOP
 10
14.861032
 20
43.732602
 40
0.000000
 41
0.000000
 42
0.000000
  0
SEQEND
  0
POLYLINE
  8
PIN_TOP
 66
1
 70
1
 40
0.000000
 41
0.000000
 39
0.000000
  0
VERTEX
  8
PIN_TOP
 10
14.261033
 20
46.232623
 40
0.000000
 41
0.000000
 42
0.000000
  0
VERTEX
  8
PIN_TOP
 10
14.261033
 20
47.332621
 40
0.000000
 41
0.000000
 42
0.000000
  0
VERTEX
  8
PIN_TOP
 10
14.861032
 20
47.332621
 40
0.000000
 41
0.000000
 42
0.000000
  0
VERTEX
  8
PIN_TOP
 10
14.861032
 20
46.232623
 40
0.000000
 41
0.000000
 42
0.000000
  0
SEQEND
  0
POLYLINE
  8
PIN_TOP
 66
1
 70
1
 40
0.000000
 41
0.000000
 39
0.000000
  0
VERTEX
  8
PIN_TOP
 10
13.311022
 20
46.232623
 40
0.000000
 41
0.000000
 42
0.000000
  0
VERTEX
  8
PIN_TOP
 10
13.311022
 20
47.332621
 40
0.000000
 41
0.000000
 42
0.000000
  0
VERTEX
  8
PIN_TOP
 10
13.911021
 20
47.332621
 40
0.000000
 41
0.000000
 42
0.000000
  0
VERTEX
  8
PIN_TOP
 10
13.911021
 20
46.232623
 40
0.000000
 41
0.000000
 42
0.000000
  0
SEQEND
  0
POLYLINE
  8
PIN_TOP
 66
1
 70
1
 40
0.000000
 41
0.000000
 39
0.000000
  0
VERTEX
  8
PIN_TOP
 10
12.361012
 20
46.232623
 40
0.000000
 41
0.000000
 42
0.000000
  0
VERTEX
  8
PIN_TOP
 10
12.361012
 20
47.332621
 40
0.000000
 41
0.000000
 42
0.000000
  0
VERTEX
  8
PIN_TOP
 10
12.961010
 20
47.332621
 40
0.000000
 41
0.000000
 42
0.000000
  0
VERTEX
  8
PIN_TOP
 10
12.961010
 20
46.232623
 40
0.000000
 41
0.000000
 42
0.000000
  0
SEQEND
  0
POLYLINE
  8
PG_SILKSCREEN_TOP
 66
1
 70
0
 40
0.000000
 41
0.000000
 39
0.000000
  0
VERTEX
  8
PG_SILKSCREEN_TOP
 10
12.161037
 20
46.332623
 40
0.124993
 41
0.124993
 42
0.000000
  0
VERTEX
  8
PG_SILKSCREEN_TOP
 10
15.061032
 20
46.332623
 40
0.124993
 41
0.124993
 42
0.000000
  0
VERTEX
  8
PG_SILKSCREEN_TOP
 10
15.061032
 20
44.732626
 40
0.124993
 41
0.124993
 42
0.000000
  0
VERTEX
  8
PG_SILKSCREEN_TOP
 10
12.161037
 20
44.732626
 40
0.124993
 41
0.124993
 42
0.000000
  0
VERTEX
  8
PG_SILKSCREEN_TOP
 10
12.161037
 20
46.332623
 40
0.124993
 41
0.124993
 42
0.000000
  0
SEQEND
  0
POLYLINE
  8
PG_SILKSCREEN_TOP
 66
1
 70
1
 40
0.000000
 41
0.000000
 39
0.000000
  0
VERTEX
  8
PG_SILKSCREEN_TOP
 10
12.194235
 20
44.237224
 40
0.000000
 41
0.000000
 42
1.000000
  0
VERTEX
  8
PG_SILKSCREEN_TOP
 10
11.725820
 20
44.237204
 40
0.000000
 41
0.000000
 42
1.000000
  0
SEQEND
  0
POLYLINE
  8
PIN_TOP
 66
1
 70
1
 40
0.000000
 41
0.000000
 39
0.000000
  0
VERTEX
  8
PIN_TOP
 10
71.061250
 20
31.257900
 40
0.000000
 41
0.000000
 42
0.000000
  0
VERTEX
  8
PIN_TOP
 10
71.061250
 20
32.357898
 40
0.000000
 41
0.000000
 42
0.000000
  0
VERTEX
  8
PIN_TOP
 10
71.661249
 20
32.357898
 40
0.000000
 41
0.000000
 42
0.000000
  0
VERTEX
  8
PIN_TOP
 10
71.661249
 20
31.257900
 40
0.000000
 41
0.000000
 42
0.000000
  0
SEQEND
  0
POLYLINE
  8
PIN_TOP
 66
1
 70
1
 40
0.000000
 41
0.000000
 39
0.000000
  0
VERTEX
  8
PIN_TOP
 10
72.011261
 20
31.257900
 40
0.000000
 41
0.000000
 42
0.000000
  0
VERTEX
  8
PIN_TOP
 10
72.011261
 20
32.357898
 40
0.000000
 41
0.000000
 42
0.000000
  0
VERTEX
  8
PIN_TOP
 10
72.611259
 20
32.357898
 40
0.000000
 41
0.000000
 42
0.000000
  0
VERTEX
  8
PIN_TOP
 10
72.611259
 20
31.257900
 40
0.000000
 41
0.000000
 42
0.000000
  0
SEQEND
  0
POLYLINE
  8
PIN_TOP
 66
1
 70
1
 40
0.000000
 41
0.000000
 39
0.000000
  0
VERTEX
  8
PIN_TOP
 10
72.961271
 20
31.257900
 40
0.000000
 41
0.000000
 42
0.000000
  0
VERTEX
  8
PIN_TOP
 10
72.961271
 20
32.357898
 40
0.000000
 41
0.000000
 42
0.000000
  0
VERTEX
  8
PIN_TOP
 10
73.561270
 20
32.357898
 40
0.000000
 41
0.000000
 42
0.000000
  0
VERTEX
  8
PIN_TOP
 10
73.561270
 20
31.257900
 40
0.000000
 41
0.000000
 42
0.000000
  0
SEQEND
  0
POLYLINE
  8
PIN_TOP
 66
1
 70
1
 40
0.000000
 41
0.000000
 39
0.000000
  0
VERTEX
  8
PIN_TOP
 10
72.961271
 20
33.757921
 40
0.000000
 41
0.000000
 42
0.000000
  0
VERTEX
  8
PIN_TOP
 10
72.961271
 20
34.857919
 40
0.000000
 41
0.000000
 42
0.000000
  0
VERTEX
  8
PIN_TOP
 10
73.561270
 20
34.857919
 40
0.000000
 41
0.000000
 42
0.000000
  0
VERTEX
  8
PIN_TOP
 10
73.561270
 20
33.757921
 40
0.000000
 41
0.000000
 42
0.000000
  0
SEQEND
  0
POLYLINE
  8
PIN_TOP
 66
1
 70
1
 40
0.000000
 41
0.000000
 39
0.000000
  0
VERTEX
  8
PIN_TOP
 10
72.011261
 20
33.757921
 40
0.000000
 41
0.000000
 42
0.000000
  0
VERTEX
  8
PIN_TOP
 10
72.011261
 20
34.857919
 40
0.000000
 41
0.000000
 42
0.000000
  0
VERTEX
  8
PIN_TOP
 10
72.611259
 20
34.857919
 40
0.000000
 41
0.000000
 42
0.000000
  0
VERTEX
  8
PIN_TOP
 10
72.611259
 20
33.757921
 40
0.000000
 41
0.000000
 42
0.000000
  0
SEQEND
  0
POLYLINE
  8
PIN_TOP
 66
1
 70
1
 40
0.000000
 41
0.000000
 39
0.000000
  0
VERTEX
  8
PIN_TOP
 10
71.061250
 20
33.757921
 40
0.000000
 41
0.000000
 42
0.000000
  0
VERTEX
  8
PIN_TOP
 10
71.061250
 20
34.857919
 40
0.000000
 41
0.000000
 42
0.000000
  0
VERTEX
  8
PIN_TOP
 10
71.661249
 20
34.857919
 40
0.000000
 41
0.000000
 42
0.000000
  0
VERTEX
  8
PIN_TOP
 10
71.661249
 20
33.757921
 40
0.000000
 41
0.000000
 42
0.000000
  0
SEQEND
  0
POLYLINE
  8
PG_SILKSCREEN_TOP
 66
1
 70
0
 40
0.000000
 41
0.000000
 39
0.000000
  0
VERTEX
  8
PG_SILKSCREEN_TOP
 10
70.861250
 20
33.857921
 40
0.124993
 41
0.124993
 42
0.000000
  0
VERTEX
  8
PG_SILKSCREEN_TOP
 10
73.761270
 20
33.857921
 40
0.124993
 41
0.124993
 42
0.000000
  0
VERTEX
  8
PG_SILKSCREEN_TOP
 10
73.761270
 20
32.257924
 40
0.124993
 41
0.124993
 42
0.000000
  0
VERTEX
  8
PG_SILKSCREEN_TOP
 10
70.861250
 20
32.257924
 40
0.124993
 41
0.124993
 42
0.000000
  0
VERTEX
  8
PG_SILKSCREEN_TOP
 10
70.861250
 20
33.857921
 40
0.124993
 41
0.124993
 42
0.000000
  0
SEQEND
  0
POLYLINE
  8
PG_SILKSCREEN_TOP
 66
1
 70
1
 40
0.000000
 41
0.000000
 39
0.000000
  0
VERTEX
  8
PG_SILKSCREEN_TOP
 10
70.894448
 20
31.762522
 40
0.000000
 41
0.000000
 42
1.000000
  0
VERTEX
  8
PG_SILKSCREEN_TOP
 10
70.426072
 20
31.762502
 40
0.000000
 41
0.000000
 42
1.000000
  0
SEQEND
  0
POLYLINE
  8
PIN_TOP
 66
1
 70
1
 40
0.000000
 41
0.000000
 39
0.000000
  0
VERTEX
  8
PIN_TOP
 10
68.317707
 20
44.721120
 40
0.000000
 41
0.000000
 42
0.000000
  0
VERTEX
  8
PIN_TOP
 10
67.217709
 20
44.721120
 40
0.000000
 41
0.000000
 42
0.000000
  0
VERTEX
  8
PIN_TOP
 10
67.217709
 20
45.321118
 40
0.000000
 41
0.000000
 42
0.000000
  0
VERTEX
  8
PIN_TOP
 10
68.317707
 20
45.321118
 40
0.000000
 41
0.000000
 42
0.000000
  0
SEQEND
  0
POLYLINE
  8
PIN_TOP
 66
1
 70
1
 40
0.000000
 41
0.000000
 39
0.000000
  0
VERTEX
  8
PIN_TOP
 10
68.317707
 20
45.671130
 40
0.000000
 41
0.000000
 42
0.000000
  0
VERTEX
  8
PIN_TOP
 10
67.217709
 20
45.671130
 40
0.000000
 41
0.000000
 42
0.000000
  0
VERTEX
  8
PIN_TOP
 10
67.217709
 20
46.271129
 40
0.000000
 41
0.000000
 42
0.000000
  0
VERTEX
  8
PIN_TOP
 10
68.317707
 20
46.271129
 40
0.000000
 41
0.000000
 42
0.000000
  0
SEQEND
  0
POLYLINE
  8
PIN_TOP
 66
1
 70
1
 40
0.000000
 41
0.000000
 39
0.000000
  0
VERTEX
  8
PIN_TOP
 10
68.317707
 20
46.621141
 40
0.000000
 41
0.000000
 42
0.000000
  0
VERTEX
  8
PIN_TOP
 10
67.217709
 20
46.621141
 40
0.000000
 41
0.000000
 42
0.000000
  0
VERTEX
  8
PIN_TOP
 10
67.217709
 20
47.221140
 40
0.000000
 41
0.000000
 42
0.000000
  0
VERTEX
  8
PIN_TOP
 10
68.317707
 20
47.221140
 40
0.000000
 41
0.000000
 42
0.000000
  0
SEQEND
  0
POLYLINE
  8
PIN_TOP
 66
1
 70
1
 40
0.000000
 41
0.000000
 39
0.000000
  0
VERTEX
  8
PIN_TOP
 10
65.817686
 20
46.621141
 40
0.000000
 41
0.000000
 42
0.000000
  0
VERTEX
  8
PIN_TOP
 10
64.717689
 20
46.621141
 40
0.000000
 41
0.000000
 42
0.000000
  0
VERTEX
  8
PIN_TOP
 10
64.717689
 20
47.221140
 40
0.000000
 41
0.000000
 42
0.000000
  0
VERTEX
  8
PIN_TOP
 10
65.817686
 20
47.221140
 40
0.000000
 41
0.000000
 42
0.000000
  0
SEQEND
  0
POLYLINE
  8
PIN_TOP
 66
1
 70
1
 40
0.000000
 41
0.000000
 39
0.000000
  0
VERTEX
  8
PIN_TOP
 10
65.817686
 20
45.671130
 40
0.000000
 41
0.000000
 42
0.000000
  0
VERTEX
  8
PIN_TOP
 10
64.717689
 20
45.671130
 40
0.000000
 41
0.000000
 42
0.000000
  0
VERTEX
  8
PIN_TOP
 10
64.717689
 20
46.271129
 40
0.000000
 41
0.000000
 42
0.000000
  0
VERTEX
  8
PIN_TOP
 10
65.817686
 20
46.271129
 40
0.000000
 41
0.000000
 42
0.000000
  0
SEQEND
  0
POLYLINE
  8
PIN_TOP
 66
1
 70
1
 40
0.000000
 41
0.000000
 39
0.000000
  0
VERTEX
  8
PIN_TOP
 10
65.817686
 20
44.721120
 40
0.000000
 41
0.000000
 42
0.000000
  0
VERTEX
  8
PIN_TOP
 10
64.717689
 20
44.721120
 40
0.000000
 41
0.000000
 42
0.000000
  0
VERTEX
  8
PIN_TOP
 10
64.717689
 20
45.321118
 40
0.000000
 41
0.000000
 42
0.000000
  0
VERTEX
  8
PIN_TOP
 10
65.817686
 20
45.321118
 40
0.000000
 41
0.000000
 42
0.000000
  0
SEQEND
  0
POLYLINE
  8
PG_SILKSCREEN_TOP
 66
1
 70
0
 40
0.000000
 41
0.000000
 39
0.000000
  0
VERTEX
  8
PG_SILKSCREEN_TOP
 10
65.717699
 20
44.521120
 40
0.124993
 41
0.124993
 42
0.000000
  0
VERTEX
  8
PG_SILKSCREEN_TOP
 10
65.717699
 20
47.421114
 40
0.124993
 41
0.124993
 42
0.000000
  0
VERTEX
  8
PG_SILKSCREEN_TOP
 10
67.317696
 20
47.421114
 40
0.124993
 41
0.124993
 42
0.000000
  0
VERTEX
  8
PG_SILKSCREEN_TOP
 10
67.317696
 20
44.521120
 40
0.124993
 41
0.124993
 42
0.000000
  0
VERTEX
  8
PG_SILKSCREEN_TOP
 10
65.717699
 20
44.521120
 40
0.124993
 41
0.124993
 42
0.000000
  0
SEQEND
  0
POLYLINE
  8
PG_SILKSCREEN_TOP
 66
1
 70
1
 40
0.000000
 41
0.000000
 39
0.000000
  0
VERTEX
  8
PG_SILKSCREEN_TOP
 10
68.047311
 20
44.320130
 40
0.000000
 41
0.000000
 42
1.000000
  0
VERTEX
  8
PG_SILKSCREEN_TOP
 10
67.578905
 20
44.320118
 40
0.000000
 41
0.000000
 42
1.000000
  0
SEQEND
  0
POLYLINE
  8
PIN_TOP
 66
1
 70
1
 40
0.000000
 41
0.000000
 39
0.000000
  0
VERTEX
  8
PIN_TOP
 10
70.878344
 20
28.603207
 40
0.000000
 41
0.000000
 42
0.000000
  0
VERTEX
  8
PIN_TOP
 10
69.878346
 20
28.603207
 40
0.000000
 41
0.000000
 42
0.000000
  0
VERTEX
  8
PIN_TOP
 10
69.878346
 20
29.653217
 40
0.000000
 41
0.000000
 42
0.000000
  0
VERTEX
  8
PIN_TOP
 10
70.878344
 20
29.653217
 40
0.000000
 41
0.000000
 42
0.000000
  0
SEQEND
  0
POLYLINE
  8
PIN_TOP
 66
1
 70
1
 40
0.000000
 41
0.000000
 39
0.000000
  0
VERTEX
  8
PIN_TOP
 10
70.878344
 20
27.678215
 40
0.000000
 41
0.000000
 42
0.000000
  0
VERTEX
  8
PIN_TOP
 10
69.878346
 20
27.678215
 40
0.000000
 41
0.000000
 42
0.000000
  0
VERTEX
  8
PIN_TOP
 10
69.878346
 20
28.328226
 40
0.000000
 41
0.000000
 42
0.000000
  0
VERTEX
  8
PIN_TOP
 10
70.878344
 20
28.328226
 40
0.000000
 41
0.000000
 42
0.000000
  0
SEQEND
  0
POLYLINE
  8
PIN_TOP
 66
1
 70
1
 40
0.000000
 41
0.000000
 39
0.000000
  0
VERTEX
  8
PIN_TOP
 10
70.878344
 20
26.353224
 40
0.000000
 41
0.000000
 42
0.000000
  0
VERTEX
  8
PIN_TOP
 10
69.878346
 20
26.353224
 40
0.000000
 41
0.000000
 42
0.000000
  0
VERTEX
  8
PIN_TOP
 10
69.878346
 20
27.403235
 40
0.000000
 41
0.000000
 42
0.000000
  0
VERTEX
  8
PIN_TOP
 10
70.878344
 20
27.403235
 40
0.000000
 41
0.000000
 42
0.000000
  0
SEQEND
  0
POLYLINE
  8
PIN_TOP
 66
1
 70
1
 40
0.000000
 41
0.000000
 39
0.000000
  0
VERTEX
  8
PIN_TOP
 10
72.478544
 20
28.603207
 40
0.000000
 41
0.000000
 42
0.000000
  0
VERTEX
  8
PIN_TOP
 10
71.478546
 20
28.603207
 40
0.000000
 41
0.000000
 42
0.000000
  0
VERTEX
  8
PIN_TOP
 10
71.478546
 20
29.653217
 40
0.000000
 41
0.000000
 42
0.000000
  0
VERTEX
  8
PIN_TOP
 10
72.478544
 20
29.653217
 40
0.000000
 41
0.000000
 42
0.000000
  0
SEQEND
  0
POLYLINE
  8
PIN_TOP
 66
1
 70
1
 40
0.000000
 41
0.000000
 39
0.000000
  0
VERTEX
  8
PIN_TOP
 10
72.478544
 20
27.678215
 40
0.000000
 41
0.000000
 42
0.000000
  0
VERTEX
  8
PIN_TOP
 10
71.478546
 20
27.678215
 40
0.000000
 41
0.000000
 42
0.000000
  0
VERTEX
  8
PIN_TOP
 10
71.478546
 20
28.328226
 40
0.000000
 41
0.000000
 42
0.000000
  0
VERTEX
  8
PIN_TOP
 10
72.478544
 20
28.328226
 40
0.000000
 41
0.000000
 42
0.000000
  0
SEQEND
  0
POLYLINE
  8
PIN_TOP
 66
1
 70
1
 40
0.000000
 41
0.000000
 39
0.000000
  0
VERTEX
  8
PIN_TOP
 10
72.478544
 20
26.353224
 40
0.000000
 41
0.000000
 42
0.000000
  0
VERTEX
  8
PIN_TOP
 10
71.478546
 20
26.353224
 40
0.000000
 41
0.000000
 42
0.000000
  0
VERTEX
  8
PIN_TOP
 10
71.478546
 20
27.403235
 40
0.000000
 41
0.000000
 42
0.000000
  0
VERTEX
  8
PIN_TOP
 10
72.478544
 20
27.403235
 40
0.000000
 41
0.000000
 42
0.000000
  0
SEQEND
  0
POLYLINE
  8
PG_SILKSCREEN_TOP
 66
1
 70
0
 40
0.000000
 41
0.000000
 39
0.000000
  0
VERTEX
  8
PG_SILKSCREEN_TOP
 10
70.416445
 20
30.035221
 40
0.254000
 41
0.254000
 42
0.000000
  0
VERTEX
  8
PG_SILKSCREEN_TOP
 10
71.813445
 20
30.035221
 40
0.254000
 41
0.254000
 42
0.000000
  0
SEQEND
  0
POLYLINE
  8
PG_SILKSCREEN_TOP
 66
1
 70
0
 40
0.000000
 41
0.000000
 39
0.000000
  0
VERTEX
  8
PG_SILKSCREEN_TOP
 10
70.479945
 20
25.971221
 40
0.254000
 41
0.254000
 42
0.000000
  0
VERTEX
  8
PG_SILKSCREEN_TOP
 10
71.876945
 20
25.971221
 40
0.254000
 41
0.254000
 42
0.000000
  0
SEQEND
  0
POLYLINE
  8
PG_SILKSCREEN_TOP
 66
1
 70
0
 40
0.000000
 41
0.000000
 39
0.000000
  0
VERTEX
  8
PG_SILKSCREEN_TOP
 10
73.083445
 20
26.733221
 40
0.254000
 41
0.254000
 42
1.000006
  0
VERTEX
  8
PG_SILKSCREEN_TOP
 10
72.829445
 20
26.733195
 40
0.254000
 41
0.254000
 42
0.999994
  0
VERTEX
  8
PG_SILKSCREEN_TOP
 10
73.083445
 20
26.733221
 40
0.254000
 41
0.254000
 42
0.000000
  0
SEQEND
  0
POLYLINE
  8
PIN_TOP
 66
1
 70
1
 40
0.000000
 41
0.000000
 39
0.000000
  0
VERTEX
  8
PIN_TOP
 10
17.901222
 20
32.001346
 40
0.000000
 41
0.000000
 42
0.000000
  0
VERTEX
  8
PIN_TOP
 10
17.401324
 20
32.001346
 40
0.000000
 41
0.000000
 42
0.000000
  0
VERTEX
  8
PIN_TOP
 10
17.401324
 20
33.101445
 40
0.000000
 41
0.000000
 42
0.000000
  0
VERTEX
  8
PIN_TOP
 10
17.901222
 20
33.101445
 40
0.000000
 41
0.000000
 42
0.000000
  0
SEQEND
  0
POLYLINE
  8
PIN_TOP
 66
1
 70
1
 40
0.000000
 41
0.000000
 39
0.000000
  0
VERTEX
  8
PIN_TOP
 10
19.171222
 20
32.001346
 40
0.000000
 41
0.000000
 42
0.000000
  0
VERTEX
  8
PIN_TOP
 10
18.671324
 20
32.001346
 40
0.000000
 41
0.000000
 42
0.000000
  0
VERTEX
  8
PIN_TOP
 10
18.671324
 20
33.101445
 40
0.000000
 41
0.000000
 42
0.000000
  0
VERTEX
  8
PIN_TOP
 10
19.171222
 20
33.101445
 40
0.000000
 41
0.000000
 42
0.000000
  0
SEQEND
  0
POLYLINE
  8
PIN_TOP
 66
1
 70
1
 40
0.000000
 41
0.000000
 39
0.000000
  0
VERTEX
  8
PIN_TOP
 10
20.441222
 20
32.001346
 40
0.000000
 41
0.000000
 42
0.000000
  0
VERTEX
  8
PIN_TOP
 10
19.941324
 20
32.001346
 40
0.000000
 41
0.000000
 42
0.000000
  0
VERTEX
  8
PIN_TOP
 10
19.941324
 20
33.101445
 40
0.000000
 41
0.000000
 42
0.000000
  0
VERTEX
  8
PIN_TOP
 10
20.441222
 20
33.101445
 40
0.000000
 41
0.000000
 42
0.000000
  0
SEQEND
  0
POLYLINE
  8
PIN_TOP
 66
1
 70
1
 40
0.000000
 41
0.000000
 39
0.000000
  0
VERTEX
  8
PIN_TOP
 10
21.711222
 20
32.001346
 40
0.000000
 41
0.000000
 42
0.000000
  0
VERTEX
  8
PIN_TOP
 10
21.211324
 20
32.001346
 40
0.000000
 41
0.000000
 42
0.000000
  0
VERTEX
  8
PIN_TOP
 10
21.211324
 20
33.101445
 40
0.000000
 41
0.000000
 42
0.000000
  0
VERTEX
  8
PIN_TOP
 10
21.711222
 20
33.101445
 40
0.000000
 41
0.000000
 42
0.000000
  0
SEQEND
  0
POLYLINE
  8
PIN_TOP
 66
1
 70
1
 40
0.000000
 41
0.000000
 39
0.000000
  0
VERTEX
  8
PIN_TOP
 10
21.711222
 20
24.001362
 40
0.000000
 41
0.000000
 42
0.000000
  0
VERTEX
  8
PIN_TOP
 10
21.211324
 20
24.001362
 40
0.000000
 41
0.000000
 42
0.000000
  0
VERTEX
  8
PIN_TOP
 10
21.211324
 20
25.101461
 40
0.000000
 41
0.000000
 42
0.000000
  0
VERTEX
  8
PIN_TOP
 10
21.711222
 20
25.101461
 40
0.000000
 41
0.000000
 42
0.000000
  0
SEQEND
  0
POLYLINE
  8
PIN_TOP
 66
1
 70
1
 40
0.000000
 41
0.000000
 39
0.000000
  0
VERTEX
  8
PIN_TOP
 10
20.441222
 20
24.001362
 40
0.000000
 41
0.000000
 42
0.000000
  0
VERTEX
  8
PIN_TOP
 10
19.941324
 20
24.001362
 40
0.000000
 41
0.000000
 42
0.000000
  0
VERTEX
  8
PIN_TOP
 10
19.941324
 20
25.101461
 40
0.000000
 41
0.000000
 42
0.000000
  0
VERTEX
  8
PIN_TOP
 10
20.441222
 20
25.101461
 40
0.000000
 41
0.000000
 42
0.000000
  0
SEQEND
  0
POLYLINE
  8
PIN_TOP
 66
1
 70
1
 40
0.000000
 41
0.000000
 39
0.000000
  0
VERTEX
  8
PIN_TOP
 10
19.171222
 20
24.001362
 40
0.000000
 41
0.000000
 42
0.000000
  0
VERTEX
  8
PIN_TOP
 10
18.671324
 20
24.001362
 40
0.000000
 41
0.000000
 42
0.000000
  0
VERTEX
  8
PIN_TOP
 10
18.671324
 20
25.101461
 40
0.000000
 41
0.000000
 42
0.000000
  0
VERTEX
  8
PIN_TOP
 10
19.171222
 20
25.101461
 40
0.000000
 41
0.000000
 42
0.000000
  0
SEQEND
  0
POLYLINE
  8
PIN_TOP
 66
1
 70
1
 40
0.000000
 41
0.000000
 39
0.000000
  0
VERTEX
  8
PIN_TOP
 10
17.901222
 20
24.001362
 40
0.000000
 41
0.000000
 42
0.000000
  0
VERTEX
  8
PIN_TOP
 10
17.401324
 20
24.001362
 40
0.000000
 41
0.000000
 42
0.000000
  0
VERTEX
  8
PIN_TOP
 10
17.401324
 20
25.101461
 40
0.000000
 41
0.000000
 42
0.000000
  0
VERTEX
  8
PIN_TOP
 10
17.901222
 20
25.101461
 40
0.000000
 41
0.000000
 42
0.000000
  0
SEQEND
  0
POLYLINE
  8
PIN_TOP
 66
1
 70
1
 40
0.000000
 41
0.000000
 39
0.000000
  0
VERTEX
  8
PIN_TOP
 10
21.706269
 20
26.851407
 40
0.000000
 41
0.000000
 42
0.000000
  0
VERTEX
  8
PIN_TOP
 10
17.406277
 20
26.851407
 40
0.000000
 41
0.000000
 42
0.000000
  0
VERTEX
  8
PIN_TOP
 10
17.406277
 20
30.251400
 40
0.000000
 41
0.000000
 42
0.000000
  0
VERTEX
  8
PIN_TOP
 10
21.706269
 20
30.251400
 40
0.000000
 41
0.000000
 42
0.000000
  0
SEQEND
  0
POLYLINE
  8
PG_SILKSCREEN_TOP
 66
1
 70
0
 40
0.000000
 41
0.000000
 39
0.000000
  0
VERTEX
  8
PG_SILKSCREEN_TOP
 10
22.556267
 20
24.551411
 40
0.152400
 41
0.152400
 42
0.000000
  0
VERTEX
  8
PG_SILKSCREEN_TOP
 10
22.556267
 20
32.551421
 40
0.152400
 41
0.152400
 42
0.000000
  0
VERTEX
  8
PG_SILKSCREEN_TOP
 10
16.556279
 20
32.551421
 40
0.152400
 41
0.152400
 42
0.000000
  0
VERTEX
  8
PG_SILKSCREEN_TOP
 10
16.556279
 20
24.551411
 40
0.152400
 41
0.152400
 42
0.000000
  0
VERTEX
  8
PG_SILKSCREEN_TOP
 10
22.556267
 20
24.551411
 40
0.152400
 41
0.152400
 42
0.000000
  0
SEQEND
  0
POLYLINE
  8
PG_SILKSCREEN_TOP
 66
1
 70
0
 40
0.000000
 41
0.000000
 39
0.000000
  0
VERTEX
  8
PG_SILKSCREEN_TOP
 10
16.813073
 20
24.563603
 40
0.152400
 41
0.152400
 42
0.000000
  0
VERTEX
  8
PG_SILKSCREEN_TOP
 10
16.559073
 20
24.817603
 40
0.152400
 41
0.152400
 42
0.000000
  0
SEQEND
  0
POLYLINE
  8
PG_SILKSCREEN_TOP
 66
1
 70
0
 40
0.000000
 41
0.000000
 39
0.000000
  0
VERTEX
  8
PG_SILKSCREEN_TOP
 10
16.990873
 20
24.614403
 40
0.152400
 41
0.152400
 42
0.000000
  0
VERTEX
  8
PG_SILKSCREEN_TOP
 10
16.584473
 20
25.020803
 40
0.152400
 41
0.152400
 42
0.000000
  0
SEQEND
  0
POLYLINE
  8
PG_SILKSCREEN_TOP
 66
1
 70
1
 40
0.000000
 41
0.000000
 39
0.000000
  0
VERTEX
  8
PG_SILKSCREEN_TOP
 10
17.144263
 20
24.004803
 40
0.000000
 41
0.000000
 42
1.000000
  0
VERTEX
  8
PG_SILKSCREEN_TOP
 10
16.481873
 20
24.004829
 40
0.000000
 41
0.000000
 42
1.000000
  0
SEQEND
  0
POLYLINE
  8
PIN_TOP
 66
1
 70
1
 40
0.000000
 41
0.000000
 39
0.000000
  0
VERTEX
  8
PIN_TOP
 10
17.901222
 20
42.016058
 40
0.000000
 41
0.000000
 42
0.000000
  0
VERTEX
  8
PIN_TOP
 10
17.401324
 20
42.016058
 40
0.000000
 41
0.000000
 42
0.000000
  0
VERTEX
  8
PIN_TOP
 10
17.401324
 20
43.116157
 40
0.000000
 41
0.000000
 42
0.000000
  0
VERTEX
  8
PIN_TOP
 10
17.901222
 20
43.116157
 40
0.000000
 41
0.000000
 42
0.000000
  0
SEQEND
  0
POLYLINE
  8
PIN_TOP
 66
1
 70
1
 40
0.000000
 41
0.000000
 39
0.000000
  0
VERTEX
  8
PIN_TOP
 10
19.171222
 20
42.016058
 40
0.000000
 41
0.000000
 42
0.000000
  0
VERTEX
  8
PIN_TOP
 10
18.671324
 20
42.016058
 40
0.000000
 41
0.000000
 42
0.000000
  0
VERTEX
  8
PIN_TOP
 10
18.671324
 20
43.116157
 40
0.000000
 41
0.000000
 42
0.000000
  0
VERTEX
  8
PIN_TOP
 10
19.171222
 20
43.116157
 40
0.000000
 41
0.000000
 42
0.000000
  0
SEQEND
  0
POLYLINE
  8
PIN_TOP
 66
1
 70
1
 40
0.000000
 41
0.000000
 39
0.000000
  0
VERTEX
  8
PIN_TOP
 10
20.441222
 20
42.016058
 40
0.000000
 41
0.000000
 42
0.000000
  0
VERTEX
  8
PIN_TOP
 10
19.941324
 20
42.016058
 40
0.000000
 41
0.000000
 42
0.000000
  0
VERTEX
  8
PIN_TOP
 10
19.941324
 20
43.116157
 40
0.000000
 41
0.000000
 42
0.000000
  0
VERTEX
  8
PIN_TOP
 10
20.441222
 20
43.116157
 40
0.000000
 41
0.000000
 42
0.000000
  0
SEQEND
  0
POLYLINE
  8
PIN_TOP
 66
1
 70
1
 40
0.000000
 41
0.000000
 39
0.000000
  0
VERTEX
  8
PIN_TOP
 10
21.711222
 20
42.016058
 40
0.000000
 41
0.000000
 42
0.000000
  0
VERTEX
  8
PIN_TOP
 10
21.211324
 20
42.016058
 40
0.000000
 41
0.000000
 42
0.000000
  0
VERTEX
  8
PIN_TOP
 10
21.211324
 20
43.116157
 40
0.000000
 41
0.000000
 42
0.000000
  0
VERTEX
  8
PIN_TOP
 10
21.711222
 20
43.116157
 40
0.000000
 41
0.000000
 42
0.000000
  0
SEQEND
  0
POLYLINE
  8
PIN_TOP
 66
1
 70
1
 40
0.000000
 41
0.000000
 39
0.000000
  0
VERTEX
  8
PIN_TOP
 10
21.711222
 20
34.016074
 40
0.000000
 41
0.000000
 42
0.000000
  0
VERTEX
  8
PIN_TOP
 10
21.211324
 20
34.016074
 40
0.000000
 41
0.000000
 42
0.000000
  0
VERTEX
  8
PIN_TOP
 10
21.211324
 20
35.116173
 40
0.000000
 41
0.000000
 42
0.000000
  0
VERTEX
  8
PIN_TOP
 10
21.711222
 20
35.116173
 40
0.000000
 41
0.000000
 42
0.000000
  0
SEQEND
  0
POLYLINE
  8
PIN_TOP
 66
1
 70
1
 40
0.000000
 41
0.000000
 39
0.000000
  0
VERTEX
  8
PIN_TOP
 10
20.441222
 20
34.016074
 40
0.000000
 41
0.000000
 42
0.000000
  0
VERTEX
  8
PIN_TOP
 10
19.941324
 20
34.016074
 40
0.000000
 41
0.000000
 42
0.000000
  0
VERTEX
  8
PIN_TOP
 10
19.941324
 20
35.116173
 40
0.000000
 41
0.000000
 42
0.000000
  0
VERTEX
  8
PIN_TOP
 10
20.441222
 20
35.116173
 40
0.000000
 41
0.000000
 42
0.000000
  0
SEQEND
  0
POLYLINE
  8
PIN_TOP
 66
1
 70
1
 40
0.000000
 41
0.000000
 39
0.000000
  0
VERTEX
  8
PIN_TOP
 10
19.171222
 20
34.016074
 40
0.000000
 41
0.000000
 42
0.000000
  0
VERTEX
  8
PIN_TOP
 10
18.671324
 20
34.016074
 40
0.000000
 41
0.000000
 42
0.000000
  0
VERTEX
  8
PIN_TOP
 10
18.671324
 20
35.116173
 40
0.000000
 41
0.000000
 42
0.000000
  0
VERTEX
  8
PIN_TOP
 10
19.171222
 20
35.116173
 40
0.000000
 41
0.000000
 42
0.000000
  0
SEQEND
  0
POLYLINE
  8
PIN_TOP
 66
1
 70
1
 40
0.000000
 41
0.000000
 39
0.000000
  0
VERTEX
  8
PIN_TOP
 10
17.901222
 20
34.016074
 40
0.000000
 41
0.000000
 42
0.000000
  0
VERTEX
  8
PIN_TOP
 10
17.401324
 20
34.016074
 40
0.000000
 41
0.000000
 42
0.000000
  0
VERTEX
  8
PIN_TOP
 10
17.401324
 20
35.116173
 40
0.000000
 41
0.000000
 42
0.000000
  0
VERTEX
  8
PIN_TOP
 10
17.901222
 20
35.116173
 40
0.000000
 41
0.000000
 42
0.000000
  0
SEQEND
  0
POLYLINE
  8
PIN_TOP
 66
1
 70
1
 40
0.000000
 41
0.000000
 39
0.000000
  0
VERTEX
  8
PIN_TOP
 10
21.706269
 20
36.866119
 40
0.000000
 41
0.000000
 42
0.000000
  0
VERTEX
  8
PIN_TOP
 10
17.406277
 20
36.866119
 40
0.000000
 41
0.000000
 42
0.000000
  0
VERTEX
  8
PIN_TOP
 10
17.406277
 20
40.266112
 40
0.000000
 41
0.000000
 42
0.000000
  0
VERTEX
  8
PIN_TOP
 10
21.706269
 20
40.266112
 40
0.000000
 41
0.000000
 42
0.000000
  0
SEQEND
  0
POLYLINE
  8
PG_SILKSCREEN_TOP
 66
1
 70
0
 40
0.000000
 41
0.000000
 39
0.000000
  0
VERTEX
  8
PG_SILKSCREEN_TOP
 10
22.556267
 20
34.566098
 40
0.152400
 41
0.152400
 42
0.000000
  0
VERTEX
  8
PG_SILKSCREEN_TOP
 10
22.556267
 20
42.566107
 40
0.152400
 41
0.152400
 42
0.000000
  0
VERTEX
  8
PG_SILKSCREEN_TOP
 10
16.556279
 20
42.566107
 40
0.152400
 41
0.152400
 42
0.000000
  0
VERTEX
  8
PG_SILKSCREEN_TOP
 10
16.556279
 20
34.566098
 40
0.152400
 41
0.152400
 42
0.000000
  0
VERTEX
  8
PG_SILKSCREEN_TOP
 10
22.556267
 20
34.566098
 40
0.152400
 41
0.152400
 42
0.000000
  0
SEQEND
  0
POLYLINE
  8
PG_SILKSCREEN_TOP
 66
1
 70
0
 40
0.000000
 41
0.000000
 39
0.000000
  0
VERTEX
  8
PG_SILKSCREEN_TOP
 10
16.813073
 20
34.578315
 40
0.152400
 41
0.152400
 42
0.000000
  0
VERTEX
  8
PG_SILKSCREEN_TOP
 10
16.559073
 20
34.832315
 40
0.152400
 41
0.152400
 42
0.000000
  0
SEQEND
  0
POLYLINE
  8
PG_SILKSCREEN_TOP
 66
1
 70
0
 40
0.000000
 41
0.000000
 39
0.000000
  0
VERTEX
  8
PG_SILKSCREEN_TOP
 10
16.990873
 20
34.629115
 40
0.152400
 41
0.152400
 42
0.000000
  0
VERTEX
  8
PG_SILKSCREEN_TOP
 10
16.584473
 20
35.035515
 40
0.152400
 41
0.152400
 42
0.000000
  0
SEQEND
  0
POLYLINE
  8
PG_SILKSCREEN_TOP
 66
1
 70
1
 40
0.000000
 41
0.000000
 39
0.000000
  0
VERTEX
  8
PG_SILKSCREEN_TOP
 10
17.144263
 20
34.019515
 40
0.000000
 41
0.000000
 42
1.000000
  0
VERTEX
  8
PG_SILKSCREEN_TOP
 10
16.481887
 20
34.019505
 40
0.000000
 41
0.000000
 42
1.000000
  0
SEQEND
  0
POLYLINE
  8
PIN_TOP
 66
1
 70
1
 40
0.000000
 41
0.000000
 39
0.000000
  0
VERTEX
  8
PIN_TOP
 10
19.388112
 20
49.065675
 40
0.000000
 41
0.000000
 42
0.000000
  0
VERTEX
  8
PIN_TOP
 10
19.618109
 20
49.065675
 40
0.000000
 41
0.000000
 42
0.000000
  0
VERTEX
  8
PIN_TOP
 10
19.618109
 20
48.565676
 40
0.000000
 41
0.000000
 42
0.000000
  0
VERTEX
  8
PIN_TOP
 10
19.388112
 20
48.565676
 40
0.000000
 41
0.000000
 42
0.000000
  0
SEQEND
  0
POLYLINE
  8
PIN_TOP
 66
1
 70
1
 40
0.000000
 41
0.000000
 39
0.000000
  0
VERTEX
  8
PIN_TOP
 10
19.388112
 20
47.865678
 40
0.000000
 41
0.000000
 42
0.000000
  0
VERTEX
  8
PIN_TOP
 10
19.618109
 20
47.865678
 40
0.000000
 41
0.000000
 42
0.000000
  0
VERTEX
  8
PIN_TOP
 10
19.618109
 20
47.365679
 40
0.000000
 41
0.000000
 42
0.000000
  0
VERTEX
  8
PIN_TOP
 10
19.388112
 20
47.365679
 40
0.000000
 41
0.000000
 42
0.000000
  0
SEQEND
  0
POLYLINE
  8
PIN_TOP
 66
1
 70
1
 40
0.000000
 41
0.000000
 39
0.000000
  0
VERTEX
  8
PIN_TOP
 10
19.788111
 20
49.065675
 40
0.000000
 41
0.000000
 42
0.000000
  0
VERTEX
  8
PIN_TOP
 10
20.018108
 20
49.065675
 40
0.000000
 41
0.000000
 42
0.000000
  0
VERTEX
  8
PIN_TOP
 10
20.018108
 20
48.565676
 40
0.000000
 41
0.000000
 42
0.000000
  0
VERTEX
  8
PIN_TOP
 10
19.788111
 20
48.565676
 40
0.000000
 41
0.000000
 42
0.000000
  0
SEQEND
  0
POLYLINE
  8
PIN_TOP
 66
1
 70
1
 40
0.000000
 41
0.000000
 39
0.000000
  0
VERTEX
  8
PIN_TOP
 10
19.788111
 20
47.865678
 40
0.000000
 41
0.000000
 42
0.000000
  0
VERTEX
  8
PIN_TOP
 10
20.018108
 20
47.865678
 40
0.000000
 41
0.000000
 42
0.000000
  0
VERTEX
  8
PIN_TOP
 10
20.018108
 20
47.365679
 40
0.000000
 41
0.000000
 42
0.000000
  0
VERTEX
  8
PIN_TOP
 10
19.788111
 20
47.365679
 40
0.000000
 41
0.000000
 42
0.000000
  0
SEQEND
  0
POLYLINE
  8
PIN_TOP
 66
1
 70
1
 40
0.000000
 41
0.000000
 39
0.000000
  0
VERTEX
  8
PIN_TOP
 10
20.188111
 20
49.065675
 40
0.000000
 41
0.000000
 42
0.000000
  0
VERTEX
  8
PIN_TOP
 10
20.418107
 20
49.065675
 40
0.000000
 41
0.000000
 42
0.000000
  0
VERTEX
  8
PIN_TOP
 10
20.418107
 20
48.565676
 40
0.000000
 41
0.000000
 42
0.000000
  0
VERTEX
  8
PIN_TOP
 10
20.188111
 20
48.565676
 40
0.000000
 41
0.000000
 42
0.000000
  0
SEQEND
  0
POLYLINE
  8
PIN_TOP
 66
1
 70
1
 40
0.000000
 41
0.000000
 39
0.000000
  0
VERTEX
  8
PIN_TOP
 10
20.188111
 20
47.865678
 40
0.000000
 41
0.000000
 42
0.000000
  0
VERTEX
  8
PIN_TOP
 10
20.418107
 20
47.865678
 40
0.000000
 41
0.000000
 42
0.000000
  0
VERTEX
  8
PIN_TOP
 10
20.418107
 20
47.365679
 40
0.000000
 41
0.000000
 42
0.000000
  0
VERTEX
  8
PIN_TOP
 10
20.188111
 20
47.365679
 40
0.000000
 41
0.000000
 42
0.000000
  0
SEQEND
  0
POLYLINE
  8
PIN_TOP
 66
1
 70
1
 40
0.000000
 41
0.000000
 39
0.000000
  0
VERTEX
  8
PIN_TOP
 10
20.588110
 20
49.065675
 40
0.000000
 41
0.000000
 42
0.000000
  0
VERTEX
  8
PIN_TOP
 10
20.818107
 20
49.065675
 40
0.000000
 41
0.000000
 42
0.000000
  0
VERTEX
  8
PIN_TOP
 10
20.818107
 20
48.565676
 40
0.000000
 41
0.000000
 42
0.000000
  0
VERTEX
  8
PIN_TOP
 10
20.588110
 20
48.565676
 40
0.000000
 41
0.000000
 42
0.000000
  0
SEQEND
  0
POLYLINE
  8
PIN_TOP
 66
1
 70
1
 40
0.000000
 41
0.000000
 39
0.000000
  0
VERTEX
  8
PIN_TOP
 10
20.588110
 20
47.865678
 40
0.000000
 41
0.000000
 42
0.000000
  0
VERTEX
  8
PIN_TOP
 10
20.818107
 20
47.865678
 40
0.000000
 41
0.000000
 42
0.000000
  0
VERTEX
  8
PIN_TOP
 10
20.818107
 20
47.365679
 40
0.000000
 41
0.000000
 42
0.000000
  0
VERTEX
  8
PIN_TOP
 10
20.588110
 20
47.365679
 40
0.000000
 41
0.000000
 42
0.000000
  0
SEQEND
  0
POLYLINE
  8
PIN_TOP
 66
1
 70
1
 40
0.000000
 41
0.000000
 39
0.000000
  0
VERTEX
  8
PIN_TOP
 10
19.453111
 20
48.365677
 40
0.000000
 41
0.000000
 42
0.000000
  0
VERTEX
  8
PIN_TOP
 10
20.753108
 20
48.365677
 40
0.000000
 41
0.000000
 42
0.000000
  0
VERTEX
  8
PIN_TOP
 10
20.753108
 20
48.065677
 40
0.000000
 41
0.000000
 42
0.000000
  0
VERTEX
  8
PIN_TOP
 10
19.453111
 20
48.065677
 40
0.000000
 41
0.000000
 42
0.000000
  0
SEQEND
  0
POLYLINE
  8
PG_SILKSCREEN_TOP
 66
1
 70
0
 40
0.000000
 41
0.000000
 39
0.000000
  0
VERTEX
  8
PG_SILKSCREEN_TOP
 10
19.203111
 20
48.815676
 40
0.100000
 41
0.100000
 42
0.000000
  0
VERTEX
  8
PG_SILKSCREEN_TOP
 10
19.203111
 20
47.615678
 40
0.100000
 41
0.100000
 42
0.000000
  0
SEQEND
  0
POLYLINE
  8
PG_SILKSCREEN_TOP
 66
1
 70
0
 40
0.000000
 41
0.000000
 39
0.000000
  0
VERTEX
  8
PG_SILKSCREEN_TOP
 10
21.003108
 20
48.815676
 40
0.100000
 41
0.100000
 42
0.000000
  0
VERTEX
  8
PG_SILKSCREEN_TOP
 10
21.003108
 20
47.615678
 40
0.100000
 41
0.100000
 42
0.000000
  0
SEQEND
  0
POLYLINE
  8
PG_SILKSCREEN_TOP
 66
1
 70
1
 40
0.000000
 41
0.000000
 39
0.000000
  0
VERTEX
  8
PG_SILKSCREEN_TOP
 10
21.313115
 20
49.215700
 40
0.000000
 41
0.000000
 42
1.000000
  0
VERTEX
  8
PG_SILKSCREEN_TOP
 10
20.933105
 20
49.215676
 40
0.000000
 41
0.000000
 42
1.000000
  0
SEQEND
  0
POLYLINE
  8
PIN_TOP
 66
1
 70
1
 40
0.000000
 41
0.000000
 39
0.000000
  0
VERTEX
  8
PIN_TOP
 10
69.808560
 20
57.491643
 40
0.000000
 41
0.000000
 42
0.000000
  0
VERTEX
  8
PIN_TOP
 10
69.578563
 20
57.491643
 40
0.000000
 41
0.000000
 42
0.000000
  0
VERTEX
  8
PIN_TOP
 10
69.578563
 20
57.991642
 40
0.000000
 41
0.000000
 42
0.000000
  0
VERTEX
  8
PIN_TOP
 10
69.808560
 20
57.991642
 40
0.000000
 41
0.000000
 42
0.000000
  0
SEQEND
  0
POLYLINE
  8
PIN_TOP
 66
1
 70
1
 40
0.000000
 41
0.000000
 39
0.000000
  0
VERTEX
  8
PIN_TOP
 10
69.808560
 20
58.691640
 40
0.000000
 41
0.000000
 42
0.000000
  0
VERTEX
  8
PIN_TOP
 10
69.578563
 20
58.691640
 40
0.000000
 41
0.000000
 42
0.000000
  0
VERTEX
  8
PIN_TOP
 10
69.578563
 20
59.191639
 40
0.000000
 41
0.000000
 42
0.000000
  0
VERTEX
  8
PIN_TOP
 10
69.808560
 20
59.191639
 40
0.000000
 41
0.000000
 42
0.000000
  0
SEQEND
  0
POLYLINE
  8
PIN_TOP
 66
1
 70
1
 40
0.000000
 41
0.000000
 39
0.000000
  0
VERTEX
  8
PIN_TOP
 10
69.408561
 20
57.491643
 40
0.000000
 41
0.000000
 42
0.000000
  0
VERTEX
  8
PIN_TOP
 10
69.178564
 20
57.491643
 40
0.000000
 41
0.000000
 42
0.000000
  0
VERTEX
  8
PIN_TOP
 10
69.178564
 20
57.991642
 40
0.000000
 41
0.000000
 42
0.000000
  0
VERTEX
  8
PIN_TOP
 10
69.408561
 20
57.991642
 40
0.000000
 41
0.000000
 42
0.000000
  0
SEQEND
  0
POLYLINE
  8
PIN_TOP
 66
1
 70
1
 40
0.000000
 41
0.000000
 39
0.000000
  0
VERTEX
  8
PIN_TOP
 10
69.408561
 20
58.691640
 40
0.000000
 41
0.000000
 42
0.000000
  0
VERTEX
  8
PIN_TOP
 10
69.178564
 20
58.691640
 40
0.000000
 41
0.000000
 42
0.000000
  0
VERTEX
  8
PIN_TOP
 10
69.178564
 20
59.191639
 40
0.000000
 41
0.000000
 42
0.000000
  0
VERTEX
  8
PIN_TOP
 10
69.408561
 20
59.191639
 40
0.000000
 41
0.000000
 42
0.000000
  0
SEQEND
  0
POLYLINE
  8
PIN_TOP
 66
1
 70
1
 40
0.000000
 41
0.000000
 39
0.000000
  0
VERTEX
  8
PIN_TOP
 10
69.008561
 20
57.491643
 40
0.000000
 41
0.000000
 42
0.000000
  0
VERTEX
  8
PIN_TOP
 10
68.778565
 20
57.491643
 40
0.000000
 41
0.000000
 42
0.000000
  0
VERTEX
  8
PIN_TOP
 10
68.778565
 20
57.991642
 40
0.000000
 41
0.000000
 42
0.000000
  0
VERTEX
  8
PIN_TOP
 10
69.008561
 20
57.991642
 40
0.000000
 41
0.000000
 42
0.000000
  0
SEQEND
  0
POLYLINE
  8
PIN_TOP
 66
1
 70
1
 40
0.000000
 41
0.000000
 39
0.000000
  0
VERTEX
  8
PIN_TOP
 10
69.008561
 20
58.691640
 40
0.000000
 41
0.000000
 42
0.000000
  0
VERTEX
  8
PIN_TOP
 10
68.778565
 20
58.691640
 40
0.000000
 41
0.000000
 42
0.000000
  0
VERTEX
  8
PIN_TOP
 10
68.778565
 20
59.191639
 40
0.000000
 41
0.000000
 42
0.000000
  0
VERTEX
  8
PIN_TOP
 10
69.008561
 20
59.191639
 40
0.000000
 41
0.000000
 42
0.000000
  0
SEQEND
  0
POLYLINE
  8
PIN_TOP
 66
1
 70
1
 40
0.000000
 41
0.000000
 39
0.000000
  0
VERTEX
  8
PIN_TOP
 10
68.608562
 20
57.491643
 40
0.000000
 41
0.000000
 42
0.000000
  0
VERTEX
  8
PIN_TOP
 10
68.378565
 20
57.491643
 40
0.000000
 41
0.000000
 42
0.000000
  0
VERTEX
  8
PIN_TOP
 10
68.378565
 20
57.991642
 40
0.000000
 41
0.000000
 42
0.000000
  0
VERTEX
  8
PIN_TOP
 10
68.608562
 20
57.991642
 40
0.000000
 41
0.000000
 42
0.000000
  0
SEQEND
  0
POLYLINE
  8
PIN_TOP
 66
1
 70
1
 40
0.000000
 41
0.000000
 39
0.000000
  0
VERTEX
  8
PIN_TOP
 10
68.608562
 20
58.691640
 40
0.000000
 41
0.000000
 42
0.000000
  0
VERTEX
  8
PIN_TOP
 10
68.378565
 20
58.691640
 40
0.000000
 41
0.000000
 42
0.000000
  0
VERTEX
  8
PIN_TOP
 10
68.378565
 20
59.191639
 40
0.000000
 41
0.000000
 42
0.000000
  0
VERTEX
  8
PIN_TOP
 10
68.608562
 20
59.191639
 40
0.000000
 41
0.000000
 42
0.000000
  0
SEQEND
  0
POLYLINE
  8
PIN_TOP
 66
1
 70
1
 40
0.000000
 41
0.000000
 39
0.000000
  0
VERTEX
  8
PIN_TOP
 10
69.743561
 20
58.191641
 40
0.000000
 41
0.000000
 42
0.000000
  0
VERTEX
  8
PIN_TOP
 10
68.443564
 20
58.191641
 40
0.000000
 41
0.000000
 42
0.000000
  0
VERTEX
  8
PIN_TOP
 10
68.443564
 20
58.491641
 40
0.000000
 41
0.000000
 42
0.000000
  0
VERTEX
  8
PIN_TOP
 10
69.743561
 20
58.491641
 40
0.000000
 41
0.000000
 42
0.000000
  0
SEQEND
  0
POLYLINE
  8
PG_SILKSCREEN_TOP
 66
1
 70
0
 40
0.000000
 41
0.000000
 39
0.000000
  0
VERTEX
  8
PG_SILKSCREEN_TOP
 10
69.993561
 20
57.741642
 40
0.100000
 41
0.100000
 42
0.000000
  0
VERTEX
  8
PG_SILKSCREEN_TOP
 10
69.993561
 20
58.941640
 40
0.100000
 41
0.100000
 42
0.000000
  0
SEQEND
  0
POLYLINE
  8
PG_SILKSCREEN_TOP
 66
1
 70
0
 40
0.000000
 41
0.000000
 39
0.000000
  0
VERTEX
  8
PG_SILKSCREEN_TOP
 10
68.193564
 20
57.741642
 40
0.100000
 41
0.100000
 42
0.000000
  0
VERTEX
  8
PG_SILKSCREEN_TOP
 10
68.193564
 20
58.941640
 40
0.100000
 41
0.100000
 42
0.000000
  0
SEQEND
  0
POLYLINE
  8
PG_SILKSCREEN_TOP
 66
1
 70
1
 40
0.000000
 41
0.000000
 39
0.000000
  0
VERTEX
  8
PG_SILKSCREEN_TOP
 10
68.263567
 20
57.341643
 40
0.000000
 41
0.000000
 42
1.000000
  0
VERTEX
  8
PG_SILKSCREEN_TOP
 10
67.883555
 20
57.341641
 40
0.000000
 41
0.000000
 42
1.000000
  0
SEQEND
  0
POLYLINE
  8
PIN_TOP
 66
1
 70
1
 40
0.000000
 41
0.000000
 39
0.000000
  0
VERTEX
  8
PIN_TOP
 10
11.712143
 20
2.456510
 40
0.000000
 41
0.000000
 42
0.000000
  0
VERTEX
  8
PIN_TOP
 10
12.147245
 20
2.456510
 40
0.000000
 41
0.000000
 42
0.000000
  0
VERTEX
  8
PIN_TOP
 10
12.147245
 20
1.756512
 40
0.000000
 41
0.000000
 42
0.000000
  0
VERTEX
  8
PIN_TOP
 10
12.427128
 20
1.756512
 40
0.000000
 41
0.000000
 42
0.000000
  0
VERTEX
  8
PIN_TOP
 10
12.427128
 20
2.456510
 40
0.000000
 41
0.000000
 42
0.000000
  0
VERTEX
  8
PIN_TOP
 10
12.647143
 20
2.456510
 40
0.000000
 41
0.000000
 42
0.000000
  0
VERTEX
  8
PIN_TOP
 10
12.647143
 20
1.756512
 40
0.000000
 41
0.000000
 42
0.000000
  0
VERTEX
  8
PIN_TOP
 10
12.927025
 20
1.756512
 40
0.000000
 41
0.000000
 42
0.000000
  0
VERTEX
  8
PIN_TOP
 10
12.927025
 20
2.456510
 40
0.000000
 41
0.000000
 42
0.000000
  0
VERTEX
  8
PIN_TOP
 10
13.362127
 20
2.456510
 40
0.000000
 41
0.000000
 42
0.000000
  0
VERTEX
  8
PIN_TOP
 10
13.362127
 20
4.856302
 40
0.000000
 41
0.000000
 42
0.000000
  0
VERTEX
  8
PIN_TOP
 10
12.927025
 20
4.856302
 40
0.000000
 41
0.000000
 42
0.000000
  0
VERTEX
  8
PIN_TOP
 10
12.927025
 20
5.556301
 40
0.000000
 41
0.000000
 42
0.000000
  0
VERTEX
  8
PIN_TOP
 10
12.647143
 20
5.556301
 40
0.000000
 41
0.000000
 42
0.000000
  0
VERTEX
  8
PIN_TOP
 10
12.647143
 20
4.856302
 40
0.000000
 41
0.000000
 42
0.000000
  0
VERTEX
  8
PIN_TOP
 10
12.427128
 20
4.856302
 40
0.000000
 41
0.000000
 42
0.000000
  0
VERTEX
  8
PIN_TOP
 10
12.427128
 20
5.556301
 40
0.000000
 41
0.000000
 42
0.000000
  0
VERTEX
  8
PIN_TOP
 10
12.147245
 20
5.556301
 40
0.000000
 41
0.000000
 42
0.000000
  0
VERTEX
  8
PIN_TOP
 10
12.147245
 20
4.856302
 40
0.000000
 41
0.000000
 42
0.000000
  0
VERTEX
  8
PIN_TOP
 10
11.712143
 20
4.856302
 40
0.000000
 41
0.000000
 42
0.000000
  0
SEQEND
  0
POLYLINE
  8
PIN_TOP
 66
1
 70
1
 40
0.000000
 41
0.000000
 39
0.000000
  0
VERTEX
  8
PIN_TOP
 10
10.777169
 20
2.796502
 40
0.000000
 41
0.000000
 42
0.000000
  0
VERTEX
  8
PIN_TOP
 10
11.347094
 20
2.796502
 40
0.000000
 41
0.000000
 42
-1.000000
  0
VERTEX
  8
PIN_TOP
 10
11.347094
 20
2.516314
 40
0.000000
 41
0.000000
 42
0.000000
  0
VERTEX
  8
PIN_TOP
 10
10.777169
 20
2.516314
 40
0.000000
 41
0.000000
 42
-1.000000
  0
SEQEND
  0
POLYLINE
  8
PIN_TOP
 66
1
 70
1
 40
0.000000
 41
0.000000
 39
0.000000
  0
VERTEX
  8
PIN_TOP
 10
10.777169
 20
3.296399
 40
0.000000
 41
0.000000
 42
0.000000
  0
VERTEX
  8
PIN_TOP
 10
11.347094
 20
3.296399
 40
0.000000
 41
0.000000
 42
-1.000000
  0
VERTEX
  8
PIN_TOP
 10
11.347094
 20
3.016212
 40
0.000000
 41
0.000000
 42
0.000000
  0
VERTEX
  8
PIN_TOP
 10
10.777169
 20
3.016212
 40
0.000000
 41
0.000000
 42
-1.000000
  0
SEQEND
  0
POLYLINE
  8
PIN_TOP
 66
1
 70
1
 40
0.000000
 41
0.000000
 39
0.000000
  0
VERTEX
  8
PIN_TOP
 10
10.777169
 20
3.796500
 40
0.000000
 41
0.000000
 42
0.000000
  0
VERTEX
  8
PIN_TOP
 10
11.347094
 20
3.796500
 40
0.000000
 41
0.000000
 42
-1.000000
  0
VERTEX
  8
PIN_TOP
 10
11.347094
 20
3.516312
 40
0.000000
 41
0.000000
 42
0.000000
  0
VERTEX
  8
PIN_TOP
 10
10.777169
 20
3.516312
 40
0.000000
 41
0.000000
 42
-1.000000
  0
SEQEND
  0
POLYLINE
  8
PIN_TOP
 66
1
 70
1
 40
0.000000
 41
0.000000
 39
0.000000
  0
VERTEX
  8
PIN_TOP
 10
10.777169
 20
4.296600
 40
0.000000
 41
0.000000
 42
0.000000
  0
VERTEX
  8
PIN_TOP
 10
11.347094
 20
4.296600
 40
0.000000
 41
0.000000
 42
-1.000000
  0
VERTEX
  8
PIN_TOP
 10
11.347094
 20
4.016413
 40
0.000000
 41
0.000000
 42
0.000000
  0
VERTEX
  8
PIN_TOP
 10
10.777169
 20
4.016413
 40
0.000000
 41
0.000000
 42
-1.000000
  0
SEQEND
  0
POLYLINE
  8
PIN_TOP
 66
1
 70
1
 40
0.000000
 41
0.000000
 39
0.000000
  0
VERTEX
  8
PIN_TOP
 10
10.777169
 20
4.796498
 40
0.000000
 41
0.000000
 42
0.000000
  0
VERTEX
  8
PIN_TOP
 10
11.347094
 20
4.796498
 40
0.000000
 41
0.000000
 42
-1.000000
  0
VERTEX
  8
PIN_TOP
 10
11.347094
 20
4.516311
 40
0.000000
 41
0.000000
 42
0.000000
  0
VERTEX
  8
PIN_TOP
 10
10.777169
 20
4.516311
 40
0.000000
 41
0.000000
 42
-1.000000
  0
SEQEND
  0
POLYLINE
  8
PIN_TOP
 66
1
 70
1
 40
0.000000
 41
0.000000
 39
0.000000
  0
VERTEX
  8
PIN_TOP
 10
13.727176
 20
4.796498
 40
0.000000
 41
0.000000
 42
0.000000
  0
VERTEX
  8
PIN_TOP
 10
14.297101
 20
4.796498
 40
0.000000
 41
0.000000
 42
-1.000000
  0
VERTEX
  8
PIN_TOP
 10
14.297101
 20
4.516311
 40
0.000000
 41
0.000000
 42
0.000000
  0
VERTEX
  8
PIN_TOP
 10
13.727176
 20
4.516311
 40
0.000000
 41
0.000000
 42
-1.000000
  0
SEQEND
  0
POLYLINE
  8
PIN_TOP
 66
1
 70
1
 40
0.000000
 41
0.000000
 39
0.000000
  0
VERTEX
  8
PIN_TOP
 10
13.727176
 20
4.296600
 40
0.000000
 41
0.000000
 42
0.000000
  0
VERTEX
  8
PIN_TOP
 10
14.297101
 20
4.296600
 40
0.000000
 41
0.000000
 42
-1.000000
  0
VERTEX
  8
PIN_TOP
 10
14.297101
 20
4.016413
 40
0.000000
 41
0.000000
 42
0.000000
  0
VERTEX
  8
PIN_TOP
 10
13.727176
 20
4.016413
 40
0.000000
 41
0.000000
 42
-1.000000
  0
SEQEND
  0
POLYLINE
  8
PIN_TOP
 66
1
 70
1
 40
0.000000
 41
0.000000
 39
0.000000
  0
VERTEX
  8
PIN_TOP
 10
13.727176
 20
3.796500
 40
0.000000
 41
0.000000
 42
0.000000
  0
VERTEX
  8
PIN_TOP
 10
14.297101
 20
3.796500
 40
0.000000
 41
0.000000
 42
-1.000000
  0
VERTEX
  8
PIN_TOP
 10
14.297101
 20
3.516312
 40
0.000000
 41
0.000000
 42
0.000000
  0
VERTEX
  8
PIN_TOP
 10
13.727176
 20
3.516312
 40
0.000000
 41
0.000000
 42
-1.000000
  0
SEQEND
  0
POLYLINE
  8
PIN_TOP
 66
1
 70
1
 40
0.000000
 41
0.000000
 39
0.000000
  0
VERTEX
  8
PIN_TOP
 10
13.727176
 20
3.296399
 40
0.000000
 41
0.000000
 42
0.000000
  0
VERTEX
  8
PIN_TOP
 10
14.297101
 20
3.296399
 40
0.000000
 41
0.000000
 42
-1.000000
  0
VERTEX
  8
PIN_TOP
 10
14.297101
 20
3.016212
 40
0.000000
 41
0.000000
 42
0.000000
  0
VERTEX
  8
PIN_TOP
 10
13.727176
 20
3.016212
 40
0.000000
 41
0.000000
 42
-1.000000
  0
SEQEND
  0
POLYLINE
  8
PIN_TOP
 66
1
 70
1
 40
0.000000
 41
0.000000
 39
0.000000
  0
VERTEX
  8
PIN_TOP
 10
13.727176
 20
2.796502
 40
0.000000
 41
0.000000
 42
0.000000
  0
VERTEX
  8
PIN_TOP
 10
14.297101
 20
2.796502
 40
0.000000
 41
0.000000
 42
-1.000000
  0
VERTEX
  8
PIN_TOP
 10
14.297101
 20
2.516314
 40
0.000000
 41
0.000000
 42
0.000000
  0
VERTEX
  8
PIN_TOP
 10
13.727176
 20
2.516314
 40
0.000000
 41
0.000000
 42
-1.000000
  0
SEQEND
  0
POLYLINE
  8
PG_SILKSCREEN_TOP
 66
1
 70
0
 40
0.000000
 41
0.000000
 39
0.000000
  0
VERTEX
  8
PG_SILKSCREEN_TOP
 10
14.684451
 20
2.021662
 40
0.254000
 41
0.254000
 42
0.999993
  0
VERTEX
  8
PG_SILKSCREEN_TOP
 10
14.427403
 20
2.021688
 40
0.254000
 41
0.254000
 42
1.000007
  0
VERTEX
  8
PG_SILKSCREEN_TOP
 10
14.684451
 20
2.021662
 40
0.254000
 41
0.254000
 42
0.000000
  0
SEQEND
  0
POLYLINE
  8
PG_SILKSCREEN_TOP
 66
1
 70
0
 40
0.000000
 41
0.000000
 39
0.000000
  0
VERTEX
  8
PG_SILKSCREEN_TOP
 10
11.037037
 20
2.371928
 40
0.152400
 41
0.152400
 42
0.000000
  0
VERTEX
  8
PG_SILKSCREEN_TOP
 10
11.037037
 20
2.156308
 40
0.152400
 41
0.152400
 42
0.000000
  0
VERTEX
  8
PG_SILKSCREEN_TOP
 10
11.980850
 20
2.156308
 40
0.152400
 41
0.152400
 42
0.000000
  0
SEQEND
  0
POLYLINE
  8
PG_SILKSCREEN_TOP
 66
1
 70
0
 40
0.000000
 41
0.000000
 39
0.000000
  0
VERTEX
  8
PG_SILKSCREEN_TOP
 10
13.093929
 20
2.156308
 40
0.152400
 41
0.152400
 42
0.000000
  0
VERTEX
  8
PG_SILKSCREEN_TOP
 10
14.037234
 20
2.156308
 40
0.152400
 41
0.152400
 42
0.000000
  0
SEQEND
  0
POLYLINE
  8
PG_SILKSCREEN_TOP
 66
1
 70
0
 40
0.000000
 41
0.000000
 39
0.000000
  0
VERTEX
  8
PG_SILKSCREEN_TOP
 10
14.037234
 20
4.923409
 40
0.152400
 41
0.152400
 42
0.000000
  0
VERTEX
  8
PG_SILKSCREEN_TOP
 10
14.037234
 20
5.156530
 40
0.152400
 41
0.152400
 42
0.000000
  0
VERTEX
  8
PG_SILKSCREEN_TOP
 10
13.068249
 20
5.156530
 40
0.152400
 41
0.152400
 42
0.000000
  0
SEQEND
  0
POLYLINE
  8
PG_SILKSCREEN_TOP
 66
1
 70
0
 40
0.000000
 41
0.000000
 39
0.000000
  0
VERTEX
  8
PG_SILKSCREEN_TOP
 10
12.006529
 20
5.156530
 40
0.152400
 41
0.152400
 42
0.000000
  0
VERTEX
  8
PG_SILKSCREEN_TOP
 10
11.037037
 20
5.156530
 40
0.152400
 41
0.152400
 42
0.000000
  0
VERTEX
  8
PG_SILKSCREEN_TOP
 10
11.037037
 20
4.957623
 40
0.152400
 41
0.152400
 42
0.000000
  0
SEQEND
  0
POLYLINE
  8
PG_SILKSCREEN_TOP
 66
1
 70
0
 40
0.000000
 41
0.000000
 39
0.000000
  0
VERTEX
  8
PG_SILKSCREEN_TOP
 10
14.037234
 20
2.156308
 40
0.152400
 41
0.152400
 42
0.000000
  0
VERTEX
  8
PG_SILKSCREEN_TOP
 10
14.037234
 20
2.346325
 40
0.152400
 41
0.152400
 42
0.000000
  0
SEQEND
  0
POLYLINE
  8
PIN_TOP
 66
1
 70
1
 40
0.000000
 41
0.000000
 39
0.000000
  0
VERTEX
  8
PIN_TOP
 10
11.121961
 20
25.578600
 40
0.000000
 41
0.000000
 42
0.000000
  0
VERTEX
  8
PIN_TOP
 10
11.121961
 20
25.028614
 40
0.000000
 41
0.000000
 42
-1.000000
  0
VERTEX
  8
PIN_TOP
 10
10.871949
 20
25.028614
 40
0.000000
 41
0.000000
 42
0.000000
  0
VERTEX
  8
PIN_TOP
 10
10.871949
 20
25.578600
 40
0.000000
 41
0.000000
 42
-1.000000
  0
SEQEND
  0
POLYLINE
  8
PIN_TOP
 66
1
 70
1
 40
0.000000
 41
0.000000
 39
0.000000
  0
VERTEX
  8
PIN_TOP
 10
11.121961
 20
29.078593
 40
0.000000
 41
0.000000
 42
0.000000
  0
VERTEX
  8
PIN_TOP
 10
11.121961
 20
28.528607
 40
0.000000
 41
0.000000
 42
-1.000000
  0
VERTEX
  8
PIN_TOP
 10
10.871949
 20
28.528607
 40
0.000000
 41
0.000000
 42
0.000000
  0
VERTEX
  8
PIN_TOP
 10
10.871949
 20
29.078593
 40
0.000000
 41
0.000000
 42
-1.000000
  0
SEQEND
  0
POLYLINE
  8
PIN_TOP
 66
1
 70
1
 40
0.000000
 41
0.000000
 39
0.000000
  0
VERTEX
  8
PIN_TOP
 10
10.621963
 20
25.578600
 40
0.000000
 41
0.000000
 42
0.000000
  0
VERTEX
  8
PIN_TOP
 10
10.621963
 20
25.028614
 40
0.000000
 41
0.000000
 42
-1.000000
  0
VERTEX
  8
PIN_TOP
 10
10.371950
 20
25.028614
 40
0.000000
 41
0.000000
 42
0.000000
  0
VERTEX
  8
PIN_TOP
 10
10.371950
 20
25.578600
 40
0.000000
 41
0.000000
 42
-1.000000
  0
SEQEND
  0
POLYLINE
  8
PIN_TOP
 66
1
 70
1
 40
0.000000
 41
0.000000
 39
0.000000
  0
VERTEX
  8
PIN_TOP
 10
10.621963
 20
29.078593
 40
0.000000
 41
0.000000
 42
0.000000
  0
VERTEX
  8
PIN_TOP
 10
10.621963
 20
28.528607
 40
0.000000
 41
0.000000
 42
-1.000000
  0
VERTEX
  8
PIN_TOP
 10
10.371950
 20
28.528607
 40
0.000000
 41
0.000000
 42
0.000000
  0
VERTEX
  8
PIN_TOP
 10
10.371950
 20
29.078593
 40
0.000000
 41
0.000000
 42
-1.000000
  0
SEQEND
  0
POLYLINE
  8
PIN_TOP
 66
1
 70
1
 40
0.000000
 41
0.000000
 39
0.000000
  0
VERTEX
  8
PIN_TOP
 10
10.121964
 20
25.578600
 40
0.000000
 41
0.000000
 42
0.000000
  0
VERTEX
  8
PIN_TOP
 10
10.121964
 20
25.028614
 40
0.000000
 41
0.000000
 42
-1.000000
  0
VERTEX
  8
PIN_TOP
 10
9.871951
 20
25.028614
 40
0.000000
 41
0.000000
 42
0.000000
  0
VERTEX
  8
PIN_TOP
 10
9.871951
 20
25.578600
 40
0.000000
 41
0.000000
 42
-1.000000
  0
SEQEND
  0
POLYLINE
  8
PIN_TOP
 66
1
 70
1
 40
0.000000
 41
0.000000
 39
0.000000
  0
VERTEX
  8
PIN_TOP
 10
10.121964
 20
29.078593
 40
0.000000
 41
0.000000
 42
0.000000
  0
VERTEX
  8
PIN_TOP
 10
10.121964
 20
28.528607
 40
0.000000
 41
0.000000
 42
-1.000000
  0
VERTEX
  8
PIN_TOP
 10
9.871951
 20
28.528607
 40
0.000000
 41
0.000000
 42
0.000000
  0
VERTEX
  8
PIN_TOP
 10
9.871951
 20
29.078593
 40
0.000000
 41
0.000000
 42
-1.000000
  0
SEQEND
  0
POLYLINE
  8
PIN_TOP
 66
1
 70
1
 40
0.000000
 41
0.000000
 39
0.000000
  0
VERTEX
  8
PIN_TOP
 10
9.621964
 20
25.578600
 40
0.000000
 41
0.000000
 42
0.000000
  0
VERTEX
  8
PIN_TOP
 10
9.621964
 20
25.028614
 40
0.000000
 41
0.000000
 42
-1.000000
  0
VERTEX
  8
PIN_TOP
 10
9.371952
 20
25.028614
 40
0.000000
 41
0.000000
 42
0.000000
  0
VERTEX
  8
PIN_TOP
 10
9.371952
 20
25.578600
 40
0.000000
 41
0.000000
 42
-1.000000
  0
SEQEND
  0
POLYLINE
  8
PIN_TOP
 66
1
 70
1
 40
0.000000
 41
0.000000
 39
0.000000
  0
VERTEX
  8
PIN_TOP
 10
9.621964
 20
29.078593
 40
0.000000
 41
0.000000
 42
0.000000
  0
VERTEX
  8
PIN_TOP
 10
9.621964
 20
28.528607
 40
0.000000
 41
0.000000
 42
-1.000000
  0
VERTEX
  8
PIN_TOP
 10
9.371952
 20
28.528607
 40
0.000000
 41
0.000000
 42
0.000000
  0
VERTEX
  8
PIN_TOP
 10
9.371952
 20
29.078593
 40
0.000000
 41
0.000000
 42
-1.000000
  0
SEQEND
  0
POLYLINE
  8
PIN_TOP
 66
1
 70
1
 40
0.000000
 41
0.000000
 39
0.000000
  0
VERTEX
  8
PIN_TOP
 10
9.121965
 20
25.578600
 40
0.000000
 41
0.000000
 42
0.000000
  0
VERTEX
  8
PIN_TOP
 10
9.121965
 20
25.028614
 40
0.000000
 41
0.000000
 42
-1.000000
  0
VERTEX
  8
PIN_TOP
 10
8.871953
 20
25.028614
 40
0.000000
 41
0.000000
 42
0.000000
  0
VERTEX
  8
PIN_TOP
 10
8.871953
 20
25.578600
 40
0.000000
 41
0.000000
 42
-1.000000
  0
SEQEND
  0
POLYLINE
  8
PIN_TOP
 66
1
 70
1
 40
0.000000
 41
0.000000
 39
0.000000
  0
VERTEX
  8
PIN_TOP
 10
9.121965
 20
29.078593
 40
0.000000
 41
0.000000
 42
0.000000
  0
VERTEX
  8
PIN_TOP
 10
9.121965
 20
28.528607
 40
0.000000
 41
0.000000
 42
-1.000000
  0
VERTEX
  8
PIN_TOP
 10
8.871953
 20
28.528607
 40
0.000000
 41
0.000000
 42
0.000000
  0
VERTEX
  8
PIN_TOP
 10
8.871953
 20
29.078593
 40
0.000000
 41
0.000000
 42
-1.000000
  0
SEQEND
  0
POLYLINE
  8
PIN_TOP
 66
1
 70
1
 40
0.000000
 41
0.000000
 39
0.000000
  0
VERTEX
  8
PIN_TOP
 10
11.471973
 20
26.428611
 40
0.000000
 41
0.000000
 42
0.000000
  0
VERTEX
  8
PIN_TOP
 10
12.021960
 20
26.428611
 40
0.000000
 41
0.000000
 42
-1.000000
  0
VERTEX
  8
PIN_TOP
 10
12.021960
 20
26.178599
 40
0.000000
 41
0.000000
 42
0.000000
  0
VERTEX
  8
PIN_TOP
 10
11.471973
 20
26.178599
 40
0.000000
 41
0.000000
 42
-1.000000
  0
SEQEND
  0
POLYLINE
  8
PIN_TOP
 66
1
 70
1
 40
0.000000
 41
0.000000
 39
0.000000
  0
VERTEX
  8
PIN_TOP
 10
11.471973
 20
27.928608
 40
0.000000
 41
0.000000
 42
0.000000
  0
VERTEX
  8
PIN_TOP
 10
12.021960
 20
27.928608
 40
0.000000
 41
0.000000
 42
-1.000000
  0
VERTEX
  8
PIN_TOP
 10
12.021960
 20
27.678596
 40
0.000000
 41
0.000000
 42
0.000000
  0
VERTEX
  8
PIN_TOP
 10
11.471973
 20
27.678596
 40
0.000000
 41
0.000000
 42
-1.000000
  0
SEQEND
  0
POLYLINE
  8
PIN_TOP
 66
1
 70
1
 40
0.000000
 41
0.000000
 39
0.000000
  0
VERTEX
  8
PIN_TOP
 10
7.971955
 20
26.428611
 40
0.000000
 41
0.000000
 42
0.000000
  0
VERTEX
  8
PIN_TOP
 10
8.521941
 20
26.428611
 40
0.000000
 41
0.000000
 42
-1.000000
  0
VERTEX
  8
PIN_TOP
 10
8.521941
 20
26.178599
 40
0.000000
 41
0.000000
 42
0.000000
  0
VERTEX
  8
PIN_TOP
 10
7.971955
 20
26.178599
 40
0.000000
 41
0.000000
 42
-1.000000
  0
SEQEND
  0
POLYLINE
  8
PIN_TOP
 66
1
 70
1
 40
0.000000
 41
0.000000
 39
0.000000
  0
VERTEX
  8
PIN_TOP
 10
7.971955
 20
27.928608
 40
0.000000
 41
0.000000
 42
0.000000
  0
VERTEX
  8
PIN_TOP
 10
8.521941
 20
27.928608
 40
0.000000
 41
0.000000
 42
-1.000000
  0
VERTEX
  8
PIN_TOP
 10
8.521941
 20
27.678596
 40
0.000000
 41
0.000000
 42
0.000000
  0
VERTEX
  8
PIN_TOP
 10
7.971955
 20
27.678596
 40
0.000000
 41
0.000000
 42
-1.000000
  0
SEQEND
  0
POLYLINE
  8
PIN_TOP
 66
1
 70
1
 40
0.000000
 41
0.000000
 39
0.000000
  0
VERTEX
  8
PIN_TOP
 10
11.021962
 20
26.028612
 40
0.000000
 41
0.000000
 42
0.000000
  0
VERTEX
  8
PIN_TOP
 10
8.971953
 20
26.028612
 40
0.000000
 41
0.000000
 42
0.000000
  0
VERTEX
  8
PIN_TOP
 10
8.971953
 20
28.078621
 40
0.000000
 41
0.000000
 42
0.000000
  0
VERTEX
  8
PIN_TOP
 10
11.021962
 20
28.078621
 40
0.000000
 41
0.000000
 42
0.000000
  0
SEQEND
  0
POLYLINE
  8
PG_SILKSCREEN_TOP
 66
1
 70
0
 40
0.000000
 41
0.000000
 39
0.000000
  0
VERTEX
  8
PG_SILKSCREEN_TOP
 10
8.246974
 20
25.303607
 40
0.100000
 41
0.100000
 42
0.000000
  0
VERTEX
  8
PG_SILKSCREEN_TOP
 10
8.716950
 20
25.303607
 40
0.100000
 41
0.100000
 42
0.000000
  0
SEQEND
  0
POLYLINE
  8
PG_SILKSCREEN_TOP
 66
1
 70
0
 40
0.000000
 41
0.000000
 39
0.000000
  0
VERTEX
  8
PG_SILKSCREEN_TOP
 10
11.276965
 20
25.303607
 40
0.100000
 41
0.100000
 42
0.000000
  0
VERTEX
  8
PG_SILKSCREEN_TOP
 10
11.746967
 20
25.303607
 40
0.100000
 41
0.100000
 42
0.000000
  0
SEQEND
  0
POLYLINE
  8
PG_SILKSCREEN_TOP
 66
1
 70
0
 40
0.000000
 41
0.000000
 39
0.000000
  0
VERTEX
  8
PG_SILKSCREEN_TOP
 10
11.276965
 20
28.803625
 40
0.100000
 41
0.100000
 42
0.000000
  0
VERTEX
  8
PG_SILKSCREEN_TOP
 10
11.746967
 20
28.803625
 40
0.100000
 41
0.100000
 42
0.000000
  0
VERTEX
  8
PG_SILKSCREEN_TOP
 10
11.746967
 20
28.053614
 40
0.100000
 41
0.100000
 42
0.000000
  0
SEQEND
  0
POLYLINE
  8
PG_SILKSCREEN_TOP
 66
1
 70
0
 40
0.000000
 41
0.000000
 39
0.000000
  0
VERTEX
  8
PG_SILKSCREEN_TOP
 10
8.716950
 20
28.803625
 40
0.100000
 41
0.100000
 42
0.000000
  0
VERTEX
  8
PG_SILKSCREEN_TOP
 10
8.246974
 20
28.803625
 40
0.100000
 41
0.100000
 42
0.000000
  0
SEQEND
  0
POLYLINE
  8
PG_SILKSCREEN_TOP
 66
1
 70
0
 40
0.000000
 41
0.000000
 39
0.000000
  0
VERTEX
  8
PG_SILKSCREEN_TOP
 10
11.746967
 20
26.053618
 40
0.100000
 41
0.100000
 42
0.000000
  0
VERTEX
  8
PG_SILKSCREEN_TOP
 10
11.746967
 20
25.303607
 40
0.100000
 41
0.100000
 42
0.000000
  0
SEQEND
  0
POLYLINE
  8
PG_SILKSCREEN_TOP
 66
1
 70
0
 40
0.000000
 41
0.000000
 39
0.000000
  0
VERTEX
  8
PG_SILKSCREEN_TOP
 10
8.246974
 20
26.053618
 40
0.100000
 41
0.100000
 42
0.000000
  0
VERTEX
  8
PG_SILKSCREEN_TOP
 10
8.246974
 20
25.303607
 40
0.100000
 41
0.100000
 42
0.000000
  0
SEQEND
  0
POLYLINE
  8
PG_SILKSCREEN_TOP
 66
1
 70
0
 40
0.000000
 41
0.000000
 39
0.000000
  0
VERTEX
  8
PG_SILKSCREEN_TOP
 10
8.246974
 20
28.053614
 40
0.100000
 41
0.100000
 42
0.000000
  0
VERTEX
  8
PG_SILKSCREEN_TOP
 10
8.246974
 20
28.803625
 40
0.100000
 41
0.100000
 42
0.000000
  0
SEQEND
  0
POLYLINE
  8
PG_SILKSCREEN_TOP
 66
1
 70
0
 40
0.000000
 41
0.000000
 39
0.000000
  0
VERTEX
  8
PG_SILKSCREEN_TOP
 10
11.746967
 20
27.493620
 40
0.100000
 41
0.100000
 42
0.000000
  0
VERTEX
  8
PG_SILKSCREEN_TOP
 10
11.746967
 20
26.593622
 40
0.100000
 41
0.100000
 42
0.000000
  0
SEQEND
  0
POLYLINE
  8
PG_SILKSCREEN_TOP
 66
1
 70
0
 40
0.000000
 41
0.000000
 39
0.000000
  0
VERTEX
  8
PG_SILKSCREEN_TOP
 10
8.246974
 20
27.493620
 40
0.100000
 41
0.100000
 42
0.000000
  0
VERTEX
  8
PG_SILKSCREEN_TOP
 10
8.246974
 20
26.593622
 40
0.100000
 41
0.100000
 42
0.000000
  0
SEQEND
  0
POLYLINE
  8
PG_SILKSCREEN_TOP
 66
1
 70
0
 40
0.000000
 41
0.000000
 39
0.000000
  0
VERTEX
  8
PG_SILKSCREEN_TOP
 10
8.376971
 20
25.303607
 40
0.100000
 41
0.100000
 42
0.000000
  0
VERTEX
  8
PG_SILKSCREEN_TOP
 10
8.246974
 20
25.433604
 40
0.100000
 41
0.100000
 42
0.000000
  0
SEQEND
  0
POLYLINE
  8
PG_SILKSCREEN_TOP
 66
1
 70
0
 40
0.000000
 41
0.000000
 39
0.000000
  0
VERTEX
  8
PG_SILKSCREEN_TOP
 10
8.486953
 20
25.303607
 40
0.100000
 41
0.100000
 42
0.000000
  0
VERTEX
  8
PG_SILKSCREEN_TOP
 10
8.256956
 20
25.533604
 40
0.100000
 41
0.100000
 42
0.000000
  0
SEQEND
  0
POLYLINE
  8
PG_SILKSCREEN_TOP
 66
1
 70
1
 40
0.000000
 41
0.000000
 39
0.000000
  0
VERTEX
  8
PG_SILKSCREEN_TOP
 10
8.123453
 20
25.833603
 40
0.000000
 41
0.000000
 42
1.000000
  0
VERTEX
  8
PG_SILKSCREEN_TOP
 10
7.810469
 20
25.833628
 40
0.000000
 41
0.000000
 42
1.000000
  0
SEQEND
  0
POLYLINE
  8
PIN_TOP
 66
1
 70
1
 40
0.000000
 41
0.000000
 39
0.000000
  0
VERTEX
  8
PIN_TOP
 10
5.947448
 20
10.462704
 40
0.000000
 41
0.000000
 42
0.000000
  0
VERTEX
  8
PIN_TOP
 10
5.397462
 20
10.462704
 40
0.000000
 41
0.000000
 42
-1.000000
  0
VERTEX
  8
PIN_TOP
 10
5.397462
 20
10.712717
 40
0.000000
 41
0.000000
 42
0.000000
  0
VERTEX
  8
PIN_TOP
 10
5.947448
 20
10.712717
 40
0.000000
 41
0.000000
 42
-1.000000
  0
SEQEND
  0
POLYLINE
  8
PIN_TOP
 66
1
 70
1
 40
0.000000
 41
0.000000
 39
0.000000
  0
VERTEX
  8
PIN_TOP
 10
9.447441
 20
10.462704
 40
0.000000
 41
0.000000
 42
0.000000
  0
VERTEX
  8
PIN_TOP
 10
8.897455
 20
10.462704
 40
0.000000
 41
0.000000
 42
-1.000000
  0
VERTEX
  8
PIN_TOP
 10
8.897455
 20
10.712717
 40
0.000000
 41
0.000000
 42
0.000000
  0
VERTEX
  8
PIN_TOP
 10
9.447441
 20
10.712717
 40
0.000000
 41
0.000000
 42
-1.000000
  0
SEQEND
  0
POLYLINE
  8
PIN_TOP
 66
1
 70
1
 40
0.000000
 41
0.000000
 39
0.000000
  0
VERTEX
  8
PIN_TOP
 10
5.947448
 20
10.962704
 40
0.000000
 41
0.000000
 42
0.000000
  0
VERTEX
  8
PIN_TOP
 10
5.397462
 20
10.962704
 40
0.000000
 41
0.000000
 42
-1.000000
  0
VERTEX
  8
PIN_TOP
 10
5.397462
 20
11.212716
 40
0.000000
 41
0.000000
 42
0.000000
  0
VERTEX
  8
PIN_TOP
 10
5.947448
 20
11.212716
 40
0.000000
 41
0.000000
 42
-1.000000
  0
SEQEND
  0
POLYLINE
  8
PIN_TOP
 66
1
 70
1
 40
0.000000
 41
0.000000
 39
0.000000
  0
VERTEX
  8
PIN_TOP
 10
9.447441
 20
10.962704
 40
0.000000
 41
0.000000
 42
0.000000
  0
VERTEX
  8
PIN_TOP
 10
8.897455
 20
10.962704
 40
0.000000
 41
0.000000
 42
-1.000000
  0
VERTEX
  8
PIN_TOP
 10
8.897455
 20
11.212716
 40
0.000000
 41
0.000000
 42
0.000000
  0
VERTEX
  8
PIN_TOP
 10
9.447441
 20
11.212716
 40
0.000000
 41
0.000000
 42
-1.000000
  0
SEQEND
  0
POLYLINE
  8
PIN_TOP
 66
1
 70
1
 40
0.000000
 41
0.000000
 39
0.000000
  0
VERTEX
  8
PIN_TOP
 10
5.947448
 20
11.462703
 40
0.000000
 41
0.000000
 42
0.000000
  0
VERTEX
  8
PIN_TOP
 10
5.397462
 20
11.462703
 40
0.000000
 41
0.000000
 42
-1.000000
  0
VERTEX
  8
PIN_TOP
 10
5.397462
 20
11.712715
 40
0.000000
 41
0.000000
 42
0.000000
  0
VERTEX
  8
PIN_TOP
 10
5.947448
 20
11.712715
 40
0.000000
 41
0.000000
 42
-1.000000
  0
SEQEND
  0
POLYLINE
  8
PIN_TOP
 66
1
 70
1
 40
0.000000
 41
0.000000
 39
0.000000
  0
VERTEX
  8
PIN_TOP
 10
9.447441
 20
11.462703
 40
0.000000
 41
0.000000
 42
0.000000
  0
VERTEX
  8
PIN_TOP
 10
8.897455
 20
11.462703
 40
0.000000
 41
0.000000
 42
-1.000000
  0
VERTEX
  8
PIN_TOP
 10
8.897455
 20
11.712715
 40
0.000000
 41
0.000000
 42
0.000000
  0
VERTEX
  8
PIN_TOP
 10
9.447441
 20
11.712715
 40
0.000000
 41
0.000000
 42
-1.000000
  0
SEQEND
  0
POLYLINE
  8
PIN_TOP
 66
1
 70
1
 40
0.000000
 41
0.000000
 39
0.000000
  0
VERTEX
  8
PIN_TOP
 10
5.947448
 20
11.962702
 40
0.000000
 41
0.000000
 42
0.000000
  0
VERTEX
  8
PIN_TOP
 10
5.397462
 20
11.962702
 40
0.000000
 41
0.000000
 42
-1.000000
  0
VERTEX
  8
PIN_TOP
 10
5.397462
 20
12.212714
 40
0.000000
 41
0.000000
 42
0.000000
  0
VERTEX
  8
PIN_TOP
 10
5.947448
 20
12.212714
 40
0.000000
 41
0.000000
 42
-1.000000
  0
SEQEND
  0
POLYLINE
  8
PIN_TOP
 66
1
 70
1
 40
0.000000
 41
0.000000
 39
0.000000
  0
VERTEX
  8
PIN_TOP
 10
9.447441
 20
11.962702
 40
0.000000
 41
0.000000
 42
0.000000
  0
VERTEX
  8
PIN_TOP
 10
8.897455
 20
11.962702
 40
0.000000
 41
0.000000
 42
-1.000000
  0
VERTEX
  8
PIN_TOP
 10
8.897455
 20
12.212714
 40
0.000000
 41
0.000000
 42
0.000000
  0
VERTEX
  8
PIN_TOP
 10
9.447441
 20
12.212714
 40
0.000000
 41
0.000000
 42
-1.000000
  0
SEQEND
  0
POLYLINE
  8
PIN_TOP
 66
1
 70
1
 40
0.000000
 41
0.000000
 39
0.000000
  0
VERTEX
  8
PIN_TOP
 10
5.947448
 20
12.462701
 40
0.000000
 41
0.000000
 42
0.000000
  0
VERTEX
  8
PIN_TOP
 10
5.397462
 20
12.462701
 40
0.000000
 41
0.000000
 42
-1.000000
  0
VERTEX
  8
PIN_TOP
 10
5.397462
 20
12.712713
 40
0.000000
 41
0.000000
 42
0.000000
  0
VERTEX
  8
PIN_TOP
 10
5.947448
 20
12.712713
 40
0.000000
 41
0.000000
 42
-1.000000
  0
SEQEND
  0
POLYLINE
  8
PIN_TOP
 66
1
 70
1
 40
0.000000
 41
0.000000
 39
0.000000
  0
VERTEX
  8
PIN_TOP
 10
9.447441
 20
12.462701
 40
0.000000
 41
0.000000
 42
0.000000
  0
VERTEX
  8
PIN_TOP
 10
8.897455
 20
12.462701
 40
0.000000
 41
0.000000
 42
-1.000000
  0
VERTEX
  8
PIN_TOP
 10
8.897455
 20
12.712713
 40
0.000000
 41
0.000000
 42
0.000000
  0
VERTEX
  8
PIN_TOP
 10
9.447441
 20
12.712713
 40
0.000000
 41
0.000000
 42
-1.000000
  0
SEQEND
  0
POLYLINE
  8
PIN_TOP
 66
1
 70
1
 40
0.000000
 41
0.000000
 39
0.000000
  0
VERTEX
  8
PIN_TOP
 10
6.797459
 20
10.112693
 40
0.000000
 41
0.000000
 42
0.000000
  0
VERTEX
  8
PIN_TOP
 10
6.797459
 20
9.562706
 40
0.000000
 41
0.000000
 42
-1.000000
  0
VERTEX
  8
PIN_TOP
 10
6.547447
 20
9.562706
 40
0.000000
 41
0.000000
 42
0.000000
  0
VERTEX
  8
PIN_TOP
 10
6.547447
 20
10.112693
 40
0.000000
 41
0.000000
 42
-1.000000
  0
SEQEND
  0
POLYLINE
  8
PIN_TOP
 66
1
 70
1
 40
0.000000
 41
0.000000
 39
0.000000
  0
VERTEX
  8
PIN_TOP
 10
8.297456
 20
10.112693
 40
0.000000
 41
0.000000
 42
0.000000
  0
VERTEX
  8
PIN_TOP
 10
8.297456
 20
9.562706
 40
0.000000
 41
0.000000
 42
-1.000000
  0
VERTEX
  8
PIN_TOP
 10
8.047444
 20
9.562706
 40
0.000000
 41
0.000000
 42
0.000000
  0
VERTEX
  8
PIN_TOP
 10
8.047444
 20
10.112693
 40
0.000000
 41
0.000000
 42
-1.000000
  0
SEQEND
  0
POLYLINE
  8
PIN_TOP
 66
1
 70
1
 40
0.000000
 41
0.000000
 39
0.000000
  0
VERTEX
  8
PIN_TOP
 10
6.797459
 20
13.612711
 40
0.000000
 41
0.000000
 42
0.000000
  0
VERTEX
  8
PIN_TOP
 10
6.797459
 20
13.062725
 40
0.000000
 41
0.000000
 42
-1.000000
  0
VERTEX
  8
PIN_TOP
 10
6.547447
 20
13.062725
 40
0.000000
 41
0.000000
 42
0.000000
  0
VERTEX
  8
PIN_TOP
 10
6.547447
 20
13.612711
 40
0.000000
 41
0.000000
 42
-1.000000
  0
SEQEND
  0
POLYLINE
  8
PIN_TOP
 66
1
 70
1
 40
0.000000
 41
0.000000
 39
0.000000
  0
VERTEX
  8
PIN_TOP
 10
8.297456
 20
13.612711
 40
0.000000
 41
0.000000
 42
0.000000
  0
VERTEX
  8
PIN_TOP
 10
8.297456
 20
13.062725
 40
0.000000
 41
0.000000
 42
-1.000000
  0
VERTEX
  8
PIN_TOP
 10
8.047444
 20
13.062725
 40
0.000000
 41
0.000000
 42
0.000000
  0
VERTEX
  8
PIN_TOP
 10
8.047444
 20
13.612711
 40
0.000000
 41
0.000000
 42
-1.000000
  0
SEQEND
  0
POLYLINE
  8
PIN_TOP
 66
1
 70
1
 40
0.000000
 41
0.000000
 39
0.000000
  0
VERTEX
  8
PIN_TOP
 10
6.397447
 20
10.562692
 40
0.000000
 41
0.000000
 42
0.000000
  0
VERTEX
  8
PIN_TOP
 10
6.397447
 20
12.612700
 40
0.000000
 41
0.000000
 42
0.000000
  0
VERTEX
  8
PIN_TOP
 10
8.447456
 20
12.612700
 40
0.000000
 41
0.000000
 42
0.000000
  0
VERTEX
  8
PIN_TOP
 10
8.447456
 20
10.562692
 40
0.000000
 41
0.000000
 42
0.000000
  0
SEQEND
  0
POLYLINE
  8
PG_SILKSCREEN_TOP
 66
1
 70
0
 40
0.000000
 41
0.000000
 39
0.000000
  0
VERTEX
  8
PG_SILKSCREEN_TOP
 10
5.672455
 20
13.337718
 40
0.100000
 41
0.100000
 42
0.000000
  0
VERTEX
  8
PG_SILKSCREEN_TOP
 10
5.672455
 20
12.867716
 40
0.100000
 41
0.100000
 42
0.000000
  0
SEQEND
  0
POLYLINE
  8
PG_SILKSCREEN_TOP
 66
1
 70
0
 40
0.000000
 41
0.000000
 39
0.000000
  0
VERTEX
  8
PG_SILKSCREEN_TOP
 10
5.672455
 20
10.307701
 40
0.100000
 41
0.100000
 42
0.000000
  0
VERTEX
  8
PG_SILKSCREEN_TOP
 10
5.672455
 20
9.837725
 40
0.100000
 41
0.100000
 42
0.000000
  0
SEQEND
  0
POLYLINE
  8
PG_SILKSCREEN_TOP
 66
1
 70
0
 40
0.000000
 41
0.000000
 39
0.000000
  0
VERTEX
  8
PG_SILKSCREEN_TOP
 10
9.172473
 20
10.307701
 40
0.100000
 41
0.100000
 42
0.000000
  0
VERTEX
  8
PG_SILKSCREEN_TOP
 10
9.172473
 20
9.837725
 40
0.100000
 41
0.100000
 42
0.000000
  0
VERTEX
  8
PG_SILKSCREEN_TOP
 10
8.422462
 20
9.837725
 40
0.100000
 41
0.100000
 42
0.000000
  0
SEQEND
  0
POLYLINE
  8
PG_SILKSCREEN_TOP
 66
1
 70
0
 40
0.000000
 41
0.000000
 39
0.000000
  0
VERTEX
  8
PG_SILKSCREEN_TOP
 10
9.172473
 20
12.867716
 40
0.100000
 41
0.100000
 42
0.000000
  0
VERTEX
  8
PG_SILKSCREEN_TOP
 10
9.172473
 20
13.337718
 40
0.100000
 41
0.100000
 42
0.000000
  0
SEQEND
  0
POLYLINE
  8
PG_SILKSCREEN_TOP
 66
1
 70
0
 40
0.000000
 41
0.000000
 39
0.000000
  0
VERTEX
  8
PG_SILKSCREEN_TOP
 10
6.422466
 20
9.837725
 40
0.100000
 41
0.100000
 42
0.000000
  0
VERTEX
  8
PG_SILKSCREEN_TOP
 10
5.672455
 20
9.837725
 40
0.100000
 41
0.100000
 42
0.000000
  0
SEQEND
  0
POLYLINE
  8
PG_SILKSCREEN_TOP
 66
1
 70
0
 40
0.000000
 41
0.000000
 39
0.000000
  0
VERTEX
  8
PG_SILKSCREEN_TOP
 10
6.422466
 20
13.337718
 40
0.100000
 41
0.100000
 42
0.000000
  0
VERTEX
  8
PG_SILKSCREEN_TOP
 10
5.672455
 20
13.337718
 40
0.100000
 41
0.100000
 42
0.000000
  0
SEQEND
  0
POLYLINE
  8
PG_SILKSCREEN_TOP
 66
1
 70
0
 40
0.000000
 41
0.000000
 39
0.000000
  0
VERTEX
  8
PG_SILKSCREEN_TOP
 10
8.422462
 20
13.337718
 40
0.100000
 41
0.100000
 42
0.000000
  0
VERTEX
  8
PG_SILKSCREEN_TOP
 10
9.172473
 20
13.337718
 40
0.100000
 41
0.100000
 42
0.000000
  0
SEQEND
  0
POLYLINE
  8
PG_SILKSCREEN_TOP
 66
1
 70
0
 40
0.000000
 41
0.000000
 39
0.000000
  0
VERTEX
  8
PG_SILKSCREEN_TOP
 10
7.862468
 20
9.837725
 40
0.100000
 41
0.100000
 42
0.000000
  0
VERTEX
  8
PG_SILKSCREEN_TOP
 10
6.962470
 20
9.837725
 40
0.100000
 41
0.100000
 42
0.000000
  0
SEQEND
  0
POLYLINE
  8
PG_SILKSCREEN_TOP
 66
1
 70
0
 40
0.000000
 41
0.000000
 39
0.000000
  0
VERTEX
  8
PG_SILKSCREEN_TOP
 10
7.862468
 20
13.337718
 40
0.100000
 41
0.100000
 42
0.000000
  0
VERTEX
  8
PG_SILKSCREEN_TOP
 10
6.962470
 20
13.337718
 40
0.100000
 41
0.100000
 42
0.000000
  0
SEQEND
  0
POLYLINE
  8
PG_SILKSCREEN_TOP
 66
1
 70
0
 40
0.000000
 41
0.000000
 39
0.000000
  0
VERTEX
  8
PG_SILKSCREEN_TOP
 10
5.672455
 20
13.207721
 40
0.100000
 41
0.100000
 42
0.000000
  0
VERTEX
  8
PG_SILKSCREEN_TOP
 10
5.802452
 20
13.337718
 40
0.100000
 41
0.100000
 42
0.000000
  0
SEQEND
  0
POLYLINE
  8
PG_SILKSCREEN_TOP
 66
1
 70
0
 40
0.000000
 41
0.000000
 39
0.000000
  0
VERTEX
  8
PG_SILKSCREEN_TOP
 10
5.672455
 20
13.097713
 40
0.100000
 41
0.100000
 42
0.000000
  0
VERTEX
  8
PG_SILKSCREEN_TOP
 10
5.902452
 20
13.327710
 40
0.100000
 41
0.100000
 42
0.000000
  0
SEQEND
  0
POLYLINE
  8
PG_SILKSCREEN_TOP
 66
1
 70
1
 40
0.000000
 41
0.000000
 39
0.000000
  0
VERTEX
  8
PG_SILKSCREEN_TOP
 10
6.358966
 20
13.617702
 40
0.000000
 41
0.000000
 42
1.000000
  0
VERTEX
  8
PG_SILKSCREEN_TOP
 10
6.045961
 20
13.617725
 40
0.000000
 41
0.000000
 42
1.000000
  0
SEQEND
  0
POLYLINE
  8
PIN_TOP
 66
1
 70
1
 40
0.000000
 41
0.000000
 39
0.000000
  0
VERTEX
  8
PIN_TOP
 10
8.327403
 20
66.628886
 40
0.000000
 41
0.000000
 42
0.000000
  0
VERTEX
  8
PIN_TOP
 10
9.027401
 20
66.628886
 40
0.000000
 41
0.000000
 42
-1.000000
  0
VERTEX
  8
PIN_TOP
 10
9.027401
 20
66.328887
 40
0.000000
 41
0.000000
 42
0.000000
  0
VERTEX
  8
PIN_TOP
 10
8.327403
 20
66.328887
 40
0.000000
 41
0.000000
 42
-1.000000
  0
SEQEND
  0
POLYLINE
  8
PIN_TOP
 66
1
 70
1
 40
0.000000
 41
0.000000
 39
0.000000
  0
VERTEX
  8
PIN_TOP
 10
8.327403
 20
70.028880
 40
0.000000
 41
0.000000
 42
0.000000
  0
VERTEX
  8
PIN_TOP
 10
9.027401
 20
70.028880
 40
0.000000
 41
0.000000
 42
-1.000000
  0
VERTEX
  8
PIN_TOP
 10
9.027401
 20
69.728880
 40
0.000000
 41
0.000000
 42
0.000000
  0
VERTEX
  8
PIN_TOP
 10
8.327403
 20
69.728880
 40
0.000000
 41
0.000000
 42
-1.000000
  0
SEQEND
  0
POLYLINE
  8
PIN_TOP
 66
1
 70
1
 40
0.000000
 41
0.000000
 39
0.000000
  0
VERTEX
  8
PIN_TOP
 10
3.527412
 20
66.628886
 40
0.000000
 41
0.000000
 42
0.000000
  0
VERTEX
  8
PIN_TOP
 10
4.227411
 20
66.628886
 40
0.000000
 41
0.000000
 42
-1.000000
  0
VERTEX
  8
PIN_TOP
 10
4.227411
 20
66.328887
 40
0.000000
 41
0.000000
 42
0.000000
  0
VERTEX
  8
PIN_TOP
 10
3.527412
 20
66.328887
 40
0.000000
 41
0.000000
 42
-1.000000
  0
SEQEND
  0
POLYLINE
  8
PIN_TOP
 66
1
 70
1
 40
0.000000
 41
0.000000
 39
0.000000
  0
VERTEX
  8
PIN_TOP
 10
3.527412
 20
70.028880
 40
0.000000
 41
0.000000
 42
0.000000
  0
VERTEX
  8
PIN_TOP
 10
4.227411
 20
70.028880
 40
0.000000
 41
0.000000
 42
-1.000000
  0
VERTEX
  8
PIN_TOP
 10
4.227411
 20
69.728880
 40
0.000000
 41
0.000000
 42
0.000000
  0
VERTEX
  8
PIN_TOP
 10
3.527412
 20
69.728880
 40
0.000000
 41
0.000000
 42
-1.000000
  0
SEQEND
  0
POLYLINE
  8
PIN_TOP
 66
1
 70
1
 40
0.000000
 41
0.000000
 39
0.000000
  0
VERTEX
  8
PIN_TOP
 10
8.277403
 20
67.078885
 40
0.000000
 41
0.000000
 42
0.000000
  0
VERTEX
  8
PIN_TOP
 10
9.077401
 20
67.078885
 40
0.000000
 41
0.000000
 42
-1.000000
  0
VERTEX
  8
PIN_TOP
 10
9.077401
 20
66.878886
 40
0.000000
 41
0.000000
 42
0.000000
  0
VERTEX
  8
PIN_TOP
 10
8.277403
 20
66.878886
 40
0.000000
 41
0.000000
 42
-1.000000
  0
SEQEND
  0
POLYLINE
  8
PIN_TOP
 66
1
 70
1
 40
0.000000
 41
0.000000
 39
0.000000
  0
VERTEX
  8
PIN_TOP
 10
8.277403
 20
67.478885
 40
0.000000
 41
0.000000
 42
0.000000
  0
VERTEX
  8
PIN_TOP
 10
9.077401
 20
67.478885
 40
0.000000
 41
0.000000
 42
-1.000000
  0
VERTEX
  8
PIN_TOP
 10
9.077401
 20
67.278885
 40
0.000000
 41
0.000000
 42
0.000000
  0
VERTEX
  8
PIN_TOP
 10
8.277403
 20
67.278885
 40
0.000000
 41
0.000000
 42
-1.000000
  0
SEQEND
  0
POLYLINE
  8
PIN_TOP
 66
1
 70
1
 40
0.000000
 41
0.000000
 39
0.000000
  0
VERTEX
  8
PIN_TOP
 10
8.277403
 20
67.878884
 40
0.000000
 41
0.000000
 42
0.000000
  0
VERTEX
  8
PIN_TOP
 10
9.077401
 20
67.878884
 40
0.000000
 41
0.000000
 42
-1.000000
  0
VERTEX
  8
PIN_TOP
 10
9.077401
 20
67.678884
 40
0.000000
 41
0.000000
 42
0.000000
  0
VERTEX
  8
PIN_TOP
 10
8.277403
 20
67.678884
 40
0.000000
 41
0.000000
 42
-1.000000
  0
SEQEND
  0
POLYLINE
  8
PIN_TOP
 66
1
 70
1
 40
0.000000
 41
0.000000
 39
0.000000
  0
VERTEX
  8
PIN_TOP
 10
8.277403
 20
68.278883
 40
0.000000
 41
0.000000
 42
0.000000
  0
VERTEX
  8
PIN_TOP
 10
9.077401
 20
68.278883
 40
0.000000
 41
0.000000
 42
-1.000000
  0
VERTEX
  8
PIN_TOP
 10
9.077401
 20
68.078883
 40
0.000000
 41
0.000000
 42
0.000000
  0
VERTEX
  8
PIN_TOP
 10
8.277403
 20
68.078883
 40
0.000000
 41
0.000000
 42
-1.000000
  0
SEQEND
  0
POLYLINE
  8
PIN_TOP
 66
1
 70
1
 40
0.000000
 41
0.000000
 39
0.000000
  0
VERTEX
  8
PIN_TOP
 10
8.277403
 20
68.678882
 40
0.000000
 41
0.000000
 42
0.000000
  0
VERTEX
  8
PIN_TOP
 10
9.077401
 20
68.678882
 40
0.000000
 41
0.000000
 42
-1.000000
  0
VERTEX
  8
PIN_TOP
 10
9.077401
 20
68.478883
 40
0.000000
 41
0.000000
 42
0.000000
  0
VERTEX
  8
PIN_TOP
 10
8.277403
 20
68.478883
 40
0.000000
 41
0.000000
 42
-1.000000
  0
SEQEND
  0
POLYLINE
  8
PIN_TOP
 66
1
 70
1
 40
0.000000
 41
0.000000
 39
0.000000
  0
VERTEX
  8
PIN_TOP
 10
8.277403
 20
69.078881
 40
0.000000
 41
0.000000
 42
0.000000
  0
VERTEX
  8
PIN_TOP
 10
9.077401
 20
69.078881
 40
0.000000
 41
0.000000
 42
-1.000000
  0
VERTEX
  8
PIN_TOP
 10
9.077401
 20
68.878882
 40
0.000000
 41
0.000000
 42
0.000000
  0
VERTEX
  8
PIN_TOP
 10
8.277403
 20
68.878882
 40
0.000000
 41
0.000000
 42
-1.000000
  0
SEQEND
  0
POLYLINE
  8
PIN_TOP
 66
1
 70
1
 40
0.000000
 41
0.000000
 39
0.000000
  0
VERTEX
  8
PIN_TOP
 10
8.277403
 20
69.478881
 40
0.000000
 41
0.000000
 42
0.000000
  0
VERTEX
  8
PIN_TOP
 10
9.077401
 20
69.478881
 40
0.000000
 41
0.000000
 42
-1.000000
  0
VERTEX
  8
PIN_TOP
 10
9.077401
 20
69.278881
 40
0.000000
 41
0.000000
 42
0.000000
  0
VERTEX
  8
PIN_TOP
 10
8.277403
 20
69.278881
 40
0.000000
 41
0.000000
 42
-1.000000
  0
SEQEND
  0
POLYLINE
  8
PIN_TOP
 66
1
 70
1
 40
0.000000
 41
0.000000
 39
0.000000
  0
VERTEX
  8
PIN_TOP
 10
3.477412
 20
67.078885
 40
0.000000
 41
0.000000
 42
0.000000
  0
VERTEX
  8
PIN_TOP
 10
4.277411
 20
67.078885
 40
0.000000
 41
0.000000
 42
-1.000000
  0
VERTEX
  8
PIN_TOP
 10
4.277411
 20
66.878886
 40
0.000000
 41
0.000000
 42
0.000000
  0
VERTEX
  8
PIN_TOP
 10
3.477412
 20
66.878886
 40
0.000000
 41
0.000000
 42
-1.000000
  0
SEQEND
  0
POLYLINE
  8
PIN_TOP
 66
1
 70
1
 40
0.000000
 41
0.000000
 39
0.000000
  0
VERTEX
  8
PIN_TOP
 10
3.477412
 20
67.478885
 40
0.000000
 41
0.000000
 42
0.000000
  0
VERTEX
  8
PIN_TOP
 10
4.277411
 20
67.478885
 40
0.000000
 41
0.000000
 42
-1.000000
  0
VERTEX
  8
PIN_TOP
 10
4.277411
 20
67.278885
 40
0.000000
 41
0.000000
 42
0.000000
  0
VERTEX
  8
PIN_TOP
 10
3.477412
 20
67.278885
 40
0.000000
 41
0.000000
 42
-1.000000
  0
SEQEND
  0
POLYLINE
  8
PIN_TOP
 66
1
 70
1
 40
0.000000
 41
0.000000
 39
0.000000
  0
VERTEX
  8
PIN_TOP
 10
3.477412
 20
67.878884
 40
0.000000
 41
0.000000
 42
0.000000
  0
VERTEX
  8
PIN_TOP
 10
4.277411
 20
67.878884
 40
0.000000
 41
0.000000
 42
-1.000000
  0
VERTEX
  8
PIN_TOP
 10
4.277411
 20
67.678884
 40
0.000000
 41
0.000000
 42
0.000000
  0
VERTEX
  8
PIN_TOP
 10
3.477412
 20
67.678884
 40
0.000000
 41
0.000000
 42
-1.000000
  0
SEQEND
  0
POLYLINE
  8
PIN_TOP
 66
1
 70
1
 40
0.000000
 41
0.000000
 39
0.000000
  0
VERTEX
  8
PIN_TOP
 10
3.477412
 20
68.278883
 40
0.000000
 41
0.000000
 42
0.000000
  0
VERTEX
  8
PIN_TOP
 10
4.277411
 20
68.278883
 40
0.000000
 41
0.000000
 42
-1.000000
  0
VERTEX
  8
PIN_TOP
 10
4.277411
 20
68.078883
 40
0.000000
 41
0.000000
 42
0.000000
  0
VERTEX
  8
PIN_TOP
 10
3.477412
 20
68.078883
 40
0.000000
 41
0.000000
 42
-1.000000
  0
SEQEND
  0
POLYLINE
  8
PIN_TOP
 66
1
 70
1
 40
0.000000
 41
0.000000
 39
0.000000
  0
VERTEX
  8
PIN_TOP
 10
3.477412
 20
68.678882
 40
0.000000
 41
0.000000
 42
0.000000
  0
VERTEX
  8
PIN_TOP
 10
4.277411
 20
68.678882
 40
0.000000
 41
0.000000
 42
-1.000000
  0
VERTEX
  8
PIN_TOP
 10
4.277411
 20
68.478883
 40
0.000000
 41
0.000000
 42
0.000000
  0
VERTEX
  8
PIN_TOP
 10
3.477412
 20
68.478883
 40
0.000000
 41
0.000000
 42
-1.000000
  0
SEQEND
  0
POLYLINE
  8
PIN_TOP
 66
1
 70
1
 40
0.000000
 41
0.000000
 39
0.000000
  0
VERTEX
  8
PIN_TOP
 10
3.477412
 20
69.078881
 40
0.000000
 41
0.000000
 42
0.000000
  0
VERTEX
  8
PIN_TOP
 10
4.277411
 20
69.078881
 40
0.000000
 41
0.000000
 42
-1.000000
  0
VERTEX
  8
PIN_TOP
 10
4.277411
 20
68.878882
 40
0.000000
 41
0.000000
 42
0.000000
  0
VERTEX
  8
PIN_TOP
 10
3.477412
 20
68.878882
 40
0.000000
 41
0.000000
 42
-1.000000
  0
SEQEND
  0
POLYLINE
  8
PIN_TOP
 66
1
 70
1
 40
0.000000
 41
0.000000
 39
0.000000
  0
VERTEX
  8
PIN_TOP
 10
3.477412
 20
69.478881
 40
0.000000
 41
0.000000
 42
0.000000
  0
VERTEX
  8
PIN_TOP
 10
4.277411
 20
69.478881
 40
0.000000
 41
0.000000
 42
-1.000000
  0
VERTEX
  8
PIN_TOP
 10
4.277411
 20
69.278881
 40
0.000000
 41
0.000000
 42
0.000000
  0
VERTEX
  8
PIN_TOP
 10
3.477412
 20
69.278881
 40
0.000000
 41
0.000000
 42
-1.000000
  0
SEQEND
  0
POLYLINE
  8
PIN_TOP
 66
1
 70
1
 40
0.000000
 41
0.000000
 39
0.000000
  0
VERTEX
  8
PIN_TOP
 10
7.677404
 20
67.778897
 40
0.000000
 41
0.000000
 42
0.000000
  0
VERTEX
  8
PIN_TOP
 10
7.677404
 20
65.878900
 40
0.000000
 41
0.000000
 42
-1.000000
  0
VERTEX
  8
PIN_TOP
 10
7.277405
 20
65.878900
 40
0.000000
 41
0.000000
 42
0.000000
  0
VERTEX
  8
PIN_TOP
 10
7.277405
 20
67.778897
 40
0.000000
 41
0.000000
 42
-1.000000
  0
SEQEND
  0
POLYLINE
  8
PIN_TOP
 66
1
 70
1
 40
0.000000
 41
0.000000
 39
0.000000
  0
VERTEX
  8
PIN_TOP
 10
7.027393
 20
67.778897
 40
0.000000
 41
0.000000
 42
0.000000
  0
VERTEX
  8
PIN_TOP
 10
7.027393
 20
65.878900
 40
0.000000
 41
0.000000
 42
-1.000000
  0
VERTEX
  8
PIN_TOP
 10
6.627393
 20
65.878900
 40
0.000000
 41
0.000000
 42
0.000000
  0
VERTEX
  8
PIN_TOP
 10
6.627393
 20
67.778897
 40
0.000000
 41
0.000000
 42
-1.000000
  0
SEQEND
  0
POLYLINE
  8
PIN_TOP
 66
1
 70
1
 40
0.000000
 41
0.000000
 39
0.000000
  0
VERTEX
  8
PIN_TOP
 10
5.927395
 20
67.778897
 40
0.000000
 41
0.000000
 42
0.000000
  0
VERTEX
  8
PIN_TOP
 10
5.927395
 20
65.878900
 40
0.000000
 41
0.000000
 42
-1.000000
  0
VERTEX
  8
PIN_TOP
 10
5.527396
 20
65.878900
 40
0.000000
 41
0.000000
 42
0.000000
  0
VERTEX
  8
PIN_TOP
 10
5.527396
 20
67.778897
 40
0.000000
 41
0.000000
 42
-1.000000
  0
SEQEND
  0
POLYLINE
  8
PIN_TOP
 66
1
 70
1
 40
0.000000
 41
0.000000
 39
0.000000
  0
VERTEX
  8
PIN_TOP
 10
5.277409
 20
67.778897
 40
0.000000
 41
0.000000
 42
0.000000
  0
VERTEX
  8
PIN_TOP
 10
5.277409
 20
65.878900
 40
0.000000
 41
0.000000
 42
-1.000000
  0
VERTEX
  8
PIN_TOP
 10
4.877410
 20
65.878900
 40
0.000000
 41
0.000000
 42
0.000000
  0
VERTEX
  8
PIN_TOP
 10
4.877410
 20
67.778897
 40
0.000000
 41
0.000000
 42
-1.000000
  0
SEQEND
  0
POLYLINE
  8
PIN_TOP
 66
1
 70
1
 40
0.000000
 41
0.000000
 39
0.000000
  0
VERTEX
  8
PIN_TOP
 10
5.277409
 20
70.478891
 40
0.000000
 41
0.000000
 42
0.000000
  0
VERTEX
  8
PIN_TOP
 10
5.277409
 20
68.578895
 40
0.000000
 41
0.000000
 42
-1.000000
  0
VERTEX
  8
PIN_TOP
 10
4.877410
 20
68.578895
 40
0.000000
 41
0.000000
 42
0.000000
  0
VERTEX
  8
PIN_TOP
 10
4.877410
 20
70.478891
 40
0.000000
 41
0.000000
 42
-1.000000
  0
SEQEND
  0
POLYLINE
  8
PIN_TOP
 66
1
 70
1
 40
0.000000
 41
0.000000
 39
0.000000
  0
VERTEX
  8
PIN_TOP
 10
7.677404
 20
70.478891
 40
0.000000
 41
0.000000
 42
0.000000
  0
VERTEX
  8
PIN_TOP
 10
7.677404
 20
68.578895
 40
0.000000
 41
0.000000
 42
-1.000000
  0
VERTEX
  8
PIN_TOP
 10
7.277405
 20
68.578895
 40
0.000000
 41
0.000000
 42
0.000000
  0
VERTEX
  8
PIN_TOP
 10
7.277405
 20
70.478891
 40
0.000000
 41
0.000000
 42
-1.000000
  0
SEQEND
  0
POLYLINE
  8
PIN_TOP
 66
1
 70
1
 40
0.000000
 41
0.000000
 39
0.000000
  0
VERTEX
  8
PIN_TOP
 10
6.477406
 20
70.478891
 40
0.000000
 41
0.000000
 42
0.000000
  0
VERTEX
  8
PIN_TOP
 10
6.477406
 20
68.578895
 40
0.000000
 41
0.000000
 42
-1.000000
  0
VERTEX
  8
PIN_TOP
 10
6.077407
 20
68.578895
 40
0.000000
 41
0.000000
 42
0.000000
  0
VERTEX
  8
PIN_TOP
 10
6.077407
 20
70.478891
 40
0.000000
 41
0.000000
 42
-1.000000
  0
SEQEND
  0
POLYLINE
  8
PG_SILKSCREEN_TOP
 66
1
 70
0
 40
0.000000
 41
0.000000
 39
0.000000
  0
VERTEX
  8
PG_SILKSCREEN_TOP
 10
8.777402
 20
66.178887
 40
0.100000
 41
0.100000
 42
0.000000
  0
VERTEX
  8
PG_SILKSCREEN_TOP
 10
7.807401
 20
66.178887
 40
0.100000
 41
0.100000
 42
0.000000
  0
SEQEND
  0
POLYLINE
  8
PG_SILKSCREEN_TOP
 66
1
 70
0
 40
0.000000
 41
0.000000
 39
0.000000
  0
VERTEX
  8
PG_SILKSCREEN_TOP
 10
7.807401
 20
70.178905
 40
0.100000
 41
0.100000
 42
0.000000
  0
VERTEX
  8
PG_SILKSCREEN_TOP
 10
8.777402
 20
70.178905
 40
0.100000
 41
0.100000
 42
0.000000
  0
SEQEND
  0
POLYLINE
  8
PG_SILKSCREEN_TOP
 66
1
 70
0
 40
0.000000
 41
0.000000
 39
0.000000
  0
VERTEX
  8
PG_SILKSCREEN_TOP
 10
4.747412
 20
70.178905
 40
0.100000
 41
0.100000
 42
0.000000
  0
VERTEX
  8
PG_SILKSCREEN_TOP
 10
3.777412
 20
70.178905
 40
0.100000
 41
0.100000
 42
0.000000
  0
SEQEND
  0
POLYLINE
  8
PG_SILKSCREEN_TOP
 66
1
 70
0
 40
0.000000
 41
0.000000
 39
0.000000
  0
VERTEX
  8
PG_SILKSCREEN_TOP
 10
4.747412
 20
66.178887
 40
0.100000
 41
0.100000
 42
0.000000
  0
VERTEX
  8
PG_SILKSCREEN_TOP
 10
3.777412
 20
66.178887
 40
0.100000
 41
0.100000
 42
0.000000
  0
VERTEX
  8
PG_SILKSCREEN_TOP
 10
3.777412
 20
66.218892
 40
0.100000
 41
0.100000
 42
0.000000
  0
SEQEND
  0
POLYLINE
  8
PG_SILKSCREEN_TOP
 66
1
 70
0
 40
0.000000
 41
0.000000
 39
0.000000
  0
VERTEX
  8
PG_SILKSCREEN_TOP
 10
3.777412
 20
70.138900
 40
0.100000
 41
0.100000
 42
0.000000
  0
VERTEX
  8
PG_SILKSCREEN_TOP
 10
3.777412
 20
70.178905
 40
0.100000
 41
0.100000
 42
0.000000
  0
SEQEND
  0
POLYLINE
  8
PG_SILKSCREEN_TOP
 66
1
 70
0
 40
0.000000
 41
0.000000
 39
0.000000
  0
VERTEX
  8
PG_SILKSCREEN_TOP
 10
8.777402
 20
70.138900
 40
0.100000
 41
0.100000
 42
0.000000
  0
VERTEX
  8
PG_SILKSCREEN_TOP
 10
8.777402
 20
70.178905
 40
0.100000
 41
0.100000
 42
0.000000
  0
SEQEND
  0
POLYLINE
  8
PG_SILKSCREEN_TOP
 66
1
 70
0
 40
0.000000
 41
0.000000
 39
0.000000
  0
VERTEX
  8
PG_SILKSCREEN_TOP
 10
8.777402
 20
66.218892
 40
0.100000
 41
0.100000
 42
0.000000
  0
VERTEX
  8
PG_SILKSCREEN_TOP
 10
8.777402
 20
66.178887
 40
0.100000
 41
0.100000
 42
0.000000
  0
SEQEND
  0
POLYLINE
  8
PG_SILKSCREEN_TOP
 66
1
 70
1
 40
0.000000
 41
0.000000
 39
0.000000
  0
VERTEX
  8
PG_SILKSCREEN_TOP
 10
4.609922
 20
65.848890
 40
0.000000
 41
0.000000
 42
1.000000
  0
VERTEX
  8
PG_SILKSCREEN_TOP
 10
4.204898
 20
65.848902
 40
0.000000
 41
0.000000
 42
1.000000
  0
SEQEND
  0
POLYLINE
  8
PIN_TOP
 66
1
 70
1
 40
0.000000
 41
0.000000
 39
0.000000
  0
VERTEX
  8
PIN_TOP
 10
19.234341
 20
66.628886
 40
0.000000
 41
0.000000
 42
0.000000
  0
VERTEX
  8
PIN_TOP
 10
19.934339
 20
66.628886
 40
0.000000
 41
0.000000
 42
-1.000000
  0
VERTEX
  8
PIN_TOP
 10
19.934339
 20
66.328887
 40
0.000000
 41
0.000000
 42
0.000000
  0
VERTEX
  8
PIN_TOP
 10
19.234341
 20
66.328887
 40
0.000000
 41
0.000000
 42
-1.000000
  0
SEQEND
  0
POLYLINE
  8
PIN_TOP
 66
1
 70
1
 40
0.000000
 41
0.000000
 39
0.000000
  0
VERTEX
  8
PIN_TOP
 10
19.234341
 20
70.028880
 40
0.000000
 41
0.000000
 42
0.000000
  0
VERTEX
  8
PIN_TOP
 10
19.934339
 20
70.028880
 40
0.000000
 41
0.000000
 42
-1.000000
  0
VERTEX
  8
PIN_TOP
 10
19.934339
 20
69.728880
 40
0.000000
 41
0.000000
 42
0.000000
  0
VERTEX
  8
PIN_TOP
 10
19.234341
 20
69.728880
 40
0.000000
 41
0.000000
 42
-1.000000
  0
SEQEND
  0
POLYLINE
  8
PIN_TOP
 66
1
 70
1
 40
0.000000
 41
0.000000
 39
0.000000
  0
VERTEX
  8
PIN_TOP
 10
14.434350
 20
66.628886
 40
0.000000
 41
0.000000
 42
0.000000
  0
VERTEX
  8
PIN_TOP
 10
15.134349
 20
66.628886
 40
0.000000
 41
0.000000
 42
-1.000000
  0
VERTEX
  8
PIN_TOP
 10
15.134349
 20
66.328887
 40
0.000000
 41
0.000000
 42
0.000000
  0
VERTEX
  8
PIN_TOP
 10
14.434350
 20
66.328887
 40
0.000000
 41
0.000000
 42
-1.000000
  0
SEQEND
  0
POLYLINE
  8
PIN_TOP
 66
1
 70
1
 40
0.000000
 41
0.000000
 39
0.000000
  0
VERTEX
  8
PIN_TOP
 10
14.434350
 20
70.028880
 40
0.000000
 41
0.000000
 42
0.000000
  0
VERTEX
  8
PIN_TOP
 10
15.134349
 20
70.028880
 40
0.000000
 41
0.000000
 42
-1.000000
  0
VERTEX
  8
PIN_TOP
 10
15.134349
 20
69.728880
 40
0.000000
 41
0.000000
 42
0.000000
  0
VERTEX
  8
PIN_TOP
 10
14.434350
 20
69.728880
 40
0.000000
 41
0.000000
 42
-1.000000
  0
SEQEND
  0
POLYLINE
  8
PIN_TOP
 66
1
 70
1
 40
0.000000
 41
0.000000
 39
0.000000
  0
VERTEX
  8
PIN_TOP
 10
19.184341
 20
67.078885
 40
0.000000
 41
0.000000
 42
0.000000
  0
VERTEX
  8
PIN_TOP
 10
19.984339
 20
67.078885
 40
0.000000
 41
0.000000
 42
-1.000000
  0
VERTEX
  8
PIN_TOP
 10
19.984339
 20
66.878886
 40
0.000000
 41
0.000000
 42
0.000000
  0
VERTEX
  8
PIN_TOP
 10
19.184341
 20
66.878886
 40
0.000000
 41
0.000000
 42
-1.000000
  0
SEQEND
  0
POLYLINE
  8
PIN_TOP
 66
1
 70
1
 40
0.000000
 41
0.000000
 39
0.000000
  0
VERTEX
  8
PIN_TOP
 10
19.184341
 20
67.478885
 40
0.000000
 41
0.000000
 42
0.000000
  0
VERTEX
  8
PIN_TOP
 10
19.984339
 20
67.478885
 40
0.000000
 41
0.000000
 42
-1.000000
  0
VERTEX
  8
PIN_TOP
 10
19.984339
 20
67.278885
 40
0.000000
 41
0.000000
 42
0.000000
  0
VERTEX
  8
PIN_TOP
 10
19.184341
 20
67.278885
 40
0.000000
 41
0.000000
 42
-1.000000
  0
SEQEND
  0
POLYLINE
  8
PIN_TOP
 66
1
 70
1
 40
0.000000
 41
0.000000
 39
0.000000
  0
VERTEX
  8
PIN_TOP
 10
19.184341
 20
67.878884
 40
0.000000
 41
0.000000
 42
0.000000
  0
VERTEX
  8
PIN_TOP
 10
19.984339
 20
67.878884
 40
0.000000
 41
0.000000
 42
-1.000000
  0
VERTEX
  8
PIN_TOP
 10
19.984339
 20
67.678884
 40
0.000000
 41
0.000000
 42
0.000000
  0
VERTEX
  8
PIN_TOP
 10
19.184341
 20
67.678884
 40
0.000000
 41
0.000000
 42
-1.000000
  0
SEQEND
  0
POLYLINE
  8
PIN_TOP
 66
1
 70
1
 40
0.000000
 41
0.000000
 39
0.000000
  0
VERTEX
  8
PIN_TOP
 10
19.184341
 20
68.278883
 40
0.000000
 41
0.000000
 42
0.000000
  0
VERTEX
  8
PIN_TOP
 10
19.984339
 20
68.278883
 40
0.000000
 41
0.000000
 42
-1.000000
  0
VERTEX
  8
PIN_TOP
 10
19.984339
 20
68.078883
 40
0.000000
 41
0.000000
 42
0.000000
  0
VERTEX
  8
PIN_TOP
 10
19.184341
 20
68.078883
 40
0.000000
 41
0.000000
 42
-1.000000
  0
SEQEND
  0
POLYLINE
  8
PIN_TOP
 66
1
 70
1
 40
0.000000
 41
0.000000
 39
0.000000
  0
VERTEX
  8
PIN_TOP
 10
19.184341
 20
68.678882
 40
0.000000
 41
0.000000
 42
0.000000
  0
VERTEX
  8
PIN_TOP
 10
19.984339
 20
68.678882
 40
0.000000
 41
0.000000
 42
-1.000000
  0
VERTEX
  8
PIN_TOP
 10
19.984339
 20
68.478883
 40
0.000000
 41
0.000000
 42
0.000000
  0
VERTEX
  8
PIN_TOP
 10
19.184341
 20
68.478883
 40
0.000000
 41
0.000000
 42
-1.000000
  0
SEQEND
  0
POLYLINE
  8
PIN_TOP
 66
1
 70
1
 40
0.000000
 41
0.000000
 39
0.000000
  0
VERTEX
  8
PIN_TOP
 10
19.184341
 20
69.078881
 40
0.000000
 41
0.000000
 42
0.000000
  0
VERTEX
  8
PIN_TOP
 10
19.984339
 20
69.078881
 40
0.000000
 41
0.000000
 42
-1.000000
  0
VERTEX
  8
PIN_TOP
 10
19.984339
 20
68.878882
 40
0.000000
 41
0.000000
 42
0.000000
  0
VERTEX
  8
PIN_TOP
 10
19.184341
 20
68.878882
 40
0.000000
 41
0.000000
 42
-1.000000
  0
SEQEND
  0
POLYLINE
  8
PIN_TOP
 66
1
 70
1
 40
0.000000
 41
0.000000
 39
0.000000
  0
VERTEX
  8
PIN_TOP
 10
19.184341
 20
69.478881
 40
0.000000
 41
0.000000
 42
0.000000
  0
VERTEX
  8
PIN_TOP
 10
19.984339
 20
69.478881
 40
0.000000
 41
0.000000
 42
-1.000000
  0
VERTEX
  8
PIN_TOP
 10
19.984339
 20
69.278881
 40
0.000000
 41
0.000000
 42
0.000000
  0
VERTEX
  8
PIN_TOP
 10
19.184341
 20
69.278881
 40
0.000000
 41
0.000000
 42
-1.000000
  0
SEQEND
  0
POLYLINE
  8
PIN_TOP
 66
1
 70
1
 40
0.000000
 41
0.000000
 39
0.000000
  0
VERTEX
  8
PIN_TOP
 10
14.384350
 20
67.078885
 40
0.000000
 41
0.000000
 42
0.000000
  0
VERTEX
  8
PIN_TOP
 10
15.184349
 20
67.078885
 40
0.000000
 41
0.000000
 42
-1.000000
  0
VERTEX
  8
PIN_TOP
 10
15.184349
 20
66.878886
 40
0.000000
 41
0.000000
 42
0.000000
  0
VERTEX
  8
PIN_TOP
 10
14.384350
 20
66.878886
 40
0.000000
 41
0.000000
 42
-1.000000
  0
SEQEND
  0
POLYLINE
  8
PIN_TOP
 66
1
 70
1
 40
0.000000
 41
0.000000
 39
0.000000
  0
VERTEX
  8
PIN_TOP
 10
14.384350
 20
67.478885
 40
0.000000
 41
0.000000
 42
0.000000
  0
VERTEX
  8
PIN_TOP
 10
15.184349
 20
67.478885
 40
0.000000
 41
0.000000
 42
-1.000000
  0
VERTEX
  8
PIN_TOP
 10
15.184349
 20
67.278885
 40
0.000000
 41
0.000000
 42
0.000000
  0
VERTEX
  8
PIN_TOP
 10
14.384350
 20
67.278885
 40
0.000000
 41
0.000000
 42
-1.000000
  0
SEQEND
  0
POLYLINE
  8
PIN_TOP
 66
1
 70
1
 40
0.000000
 41
0.000000
 39
0.000000
  0
VERTEX
  8
PIN_TOP
 10
14.384350
 20
67.878884
 40
0.000000
 41
0.000000
 42
0.000000
  0
VERTEX
  8
PIN_TOP
 10
15.184349
 20
67.878884
 40
0.000000
 41
0.000000
 42
-1.000000
  0
VERTEX
  8
PIN_TOP
 10
15.184349
 20
67.678884
 40
0.000000
 41
0.000000
 42
0.000000
  0
VERTEX
  8
PIN_TOP
 10
14.384350
 20
67.678884
 40
0.000000
 41
0.000000
 42
-1.000000
  0
SEQEND
  0
POLYLINE
  8
PIN_TOP
 66
1
 70
1
 40
0.000000
 41
0.000000
 39
0.000000
  0
VERTEX
  8
PIN_TOP
 10
14.384350
 20
68.278883
 40
0.000000
 41
0.000000
 42
0.000000
  0
VERTEX
  8
PIN_TOP
 10
15.184349
 20
68.278883
 40
0.000000
 41
0.000000
 42
-1.000000
  0
VERTEX
  8
PIN_TOP
 10
15.184349
 20
68.078883
 40
0.000000
 41
0.000000
 42
0.000000
  0
VERTEX
  8
PIN_TOP
 10
14.384350
 20
68.078883
 40
0.000000
 41
0.000000
 42
-1.000000
  0
SEQEND
  0
POLYLINE
  8
PIN_TOP
 66
1
 70
1
 40
0.000000
 41
0.000000
 39
0.000000
  0
VERTEX
  8
PIN_TOP
 10
14.384350
 20
68.678882
 40
0.000000
 41
0.000000
 42
0.000000
  0
VERTEX
  8
PIN_TOP
 10
15.184349
 20
68.678882
 40
0.000000
 41
0.000000
 42
-1.000000
  0
VERTEX
  8
PIN_TOP
 10
15.184349
 20
68.478883
 40
0.000000
 41
0.000000
 42
0.000000
  0
VERTEX
  8
PIN_TOP
 10
14.384350
 20
68.478883
 40
0.000000
 41
0.000000
 42
-1.000000
  0
SEQEND
  0
POLYLINE
  8
PIN_TOP
 66
1
 70
1
 40
0.000000
 41
0.000000
 39
0.000000
  0
VERTEX
  8
PIN_TOP
 10
14.384350
 20
69.078881
 40
0.000000
 41
0.000000
 42
0.000000
  0
VERTEX
  8
PIN_TOP
 10
15.184349
 20
69.078881
 40
0.000000
 41
0.000000
 42
-1.000000
  0
VERTEX
  8
PIN_TOP
 10
15.184349
 20
68.878882
 40
0.000000
 41
0.000000
 42
0.000000
  0
VERTEX
  8
PIN_TOP
 10
14.384350
 20
68.878882
 40
0.000000
 41
0.000000
 42
-1.000000
  0
SEQEND
  0
POLYLINE
  8
PIN_TOP
 66
1
 70
1
 40
0.000000
 41
0.000000
 39
0.000000
  0
VERTEX
  8
PIN_TOP
 10
14.384350
 20
69.478881
 40
0.000000
 41
0.000000
 42
0.000000
  0
VERTEX
  8
PIN_TOP
 10
15.184349
 20
69.478881
 40
0.000000
 41
0.000000
 42
-1.000000
  0
VERTEX
  8
PIN_TOP
 10
15.184349
 20
69.278881
 40
0.000000
 41
0.000000
 42
0.000000
  0
VERTEX
  8
PIN_TOP
 10
14.384350
 20
69.278881
 40
0.000000
 41
0.000000
 42
-1.000000
  0
SEQEND
  0
POLYLINE
  8
PIN_TOP
 66
1
 70
1
 40
0.000000
 41
0.000000
 39
0.000000
  0
VERTEX
  8
PIN_TOP
 10
18.584342
 20
67.778897
 40
0.000000
 41
0.000000
 42
0.000000
  0
VERTEX
  8
PIN_TOP
 10
18.584342
 20
65.878900
 40
0.000000
 41
0.000000
 42
-1.000000
  0
VERTEX
  8
PIN_TOP
 10
18.184343
 20
65.878900
 40
0.000000
 41
0.000000
 42
0.000000
  0
VERTEX
  8
PIN_TOP
 10
18.184343
 20
67.778897
 40
0.000000
 41
0.000000
 42
-1.000000
  0
SEQEND
  0
POLYLINE
  8
PIN_TOP
 66
1
 70
1
 40
0.000000
 41
0.000000
 39
0.000000
  0
VERTEX
  8
PIN_TOP
 10
17.934330
 20
67.778897
 40
0.000000
 41
0.000000
 42
0.000000
  0
VERTEX
  8
PIN_TOP
 10
17.934330
 20
65.878900
 40
0.000000
 41
0.000000
 42
-1.000000
  0
VERTEX
  8
PIN_TOP
 10
17.534331
 20
65.878900
 40
0.000000
 41
0.000000
 42
0.000000
  0
VERTEX
  8
PIN_TOP
 10
17.534331
 20
67.778897
 40
0.000000
 41
0.000000
 42
-1.000000
  0
SEQEND
  0
POLYLINE
  8
PIN_TOP
 66
1
 70
1
 40
0.000000
 41
0.000000
 39
0.000000
  0
VERTEX
  8
PIN_TOP
 10
16.834333
 20
67.778897
 40
0.000000
 41
0.000000
 42
0.000000
  0
VERTEX
  8
PIN_TOP
 10
16.834333
 20
65.878900
 40
0.000000
 41
0.000000
 42
-1.000000
  0
VERTEX
  8
PIN_TOP
 10
16.434333
 20
65.878900
 40
0.000000
 41
0.000000
 42
0.000000
  0
VERTEX
  8
PIN_TOP
 10
16.434333
 20
67.778897
 40
0.000000
 41
0.000000
 42
-1.000000
  0
SEQEND
  0
POLYLINE
  8
PIN_TOP
 66
1
 70
1
 40
0.000000
 41
0.000000
 39
0.000000
  0
VERTEX
  8
PIN_TOP
 10
16.184347
 20
67.778897
 40
0.000000
 41
0.000000
 42
0.000000
  0
VERTEX
  8
PIN_TOP
 10
16.184347
 20
65.878900
 40
0.000000
 41
0.000000
 42
-1.000000
  0
VERTEX
  8
PIN_TOP
 10
15.784347
 20
65.878900
 40
0.000000
 41
0.000000
 42
0.000000
  0
VERTEX
  8
PIN_TOP
 10
15.784347
 20
67.778897
 40
0.000000
 41
0.000000
 42
-1.000000
  0
SEQEND
  0
POLYLINE
  8
PIN_TOP
 66
1
 70
1
 40
0.000000
 41
0.000000
 39
0.000000
  0
VERTEX
  8
PIN_TOP
 10
16.184347
 20
70.478891
 40
0.000000
 41
0.000000
 42
0.000000
  0
VERTEX
  8
PIN_TOP
 10
16.184347
 20
68.578895
 40
0.000000
 41
0.000000
 42
-1.000000
  0
VERTEX
  8
PIN_TOP
 10
15.784347
 20
68.578895
 40
0.000000
 41
0.000000
 42
0.000000
  0
VERTEX
  8
PIN_TOP
 10
15.784347
 20
70.478891
 40
0.000000
 41
0.000000
 42
-1.000000
  0
SEQEND
  0
POLYLINE
  8
PIN_TOP
 66
1
 70
1
 40
0.000000
 41
0.000000
 39
0.000000
  0
VERTEX
  8
PIN_TOP
 10
18.584342
 20
70.478891
 40
0.000000
 41
0.000000
 42
0.000000
  0
VERTEX
  8
PIN_TOP
 10
18.584342
 20
68.578895
 40
0.000000
 41
0.000000
 42
-1.000000
  0
VERTEX
  8
PIN_TOP
 10
18.184343
 20
68.578895
 40
0.000000
 41
0.000000
 42
0.000000
  0
VERTEX
  8
PIN_TOP
 10
18.184343
 20
70.478891
 40
0.000000
 41
0.000000
 42
-1.000000
  0
SEQEND
  0
POLYLINE
  8
PIN_TOP
 66
1
 70
1
 40
0.000000
 41
0.000000
 39
0.000000
  0
VERTEX
  8
PIN_TOP
 10
17.384344
 20
70.478891
 40
0.000000
 41
0.000000
 42
0.000000
  0
VERTEX
  8
PIN_TOP
 10
17.384344
 20
68.578895
 40
0.000000
 41
0.000000
 42
-1.000000
  0
VERTEX
  8
PIN_TOP
 10
16.984345
 20
68.578895
 40
0.000000
 41
0.000000
 42
0.000000
  0
VERTEX
  8
PIN_TOP
 10
16.984345
 20
70.478891
 40
0.000000
 41
0.000000
 42
-1.000000
  0
SEQEND
  0
POLYLINE
  8
PG_SILKSCREEN_TOP
 66
1
 70
0
 40
0.000000
 41
0.000000
 39
0.000000
  0
VERTEX
  8
PG_SILKSCREEN_TOP
 10
19.684340
 20
66.178887
 40
0.100000
 41
0.100000
 42
0.000000
  0
VERTEX
  8
PG_SILKSCREEN_TOP
 10
18.714339
 20
66.178887
 40
0.100000
 41
0.100000
 42
0.000000
  0
SEQEND
  0
POLYLINE
  8
PG_SILKSCREEN_TOP
 66
1
 70
0
 40
0.000000
 41
0.000000
 39
0.000000
  0
VERTEX
  8
PG_SILKSCREEN_TOP
 10
18.714339
 20
70.178905
 40
0.100000
 41
0.100000
 42
0.000000
  0
VERTEX
  8
PG_SILKSCREEN_TOP
 10
19.684340
 20
70.178905
 40
0.100000
 41
0.100000
 42
0.000000
  0
SEQEND
  0
POLYLINE
  8
PG_SILKSCREEN_TOP
 66
1
 70
0
 40
0.000000
 41
0.000000
 39
0.000000
  0
VERTEX
  8
PG_SILKSCREEN_TOP
 10
15.654325
 20
70.178905
 40
0.100000
 41
0.100000
 42
0.000000
  0
VERTEX
  8
PG_SILKSCREEN_TOP
 10
14.684324
 20
70.178905
 40
0.100000
 41
0.100000
 42
0.000000
  0
SEQEND
  0
POLYLINE
  8
PG_SILKSCREEN_TOP
 66
1
 70
0
 40
0.000000
 41
0.000000
 39
0.000000
  0
VERTEX
  8
PG_SILKSCREEN_TOP
 10
15.654325
 20
66.178887
 40
0.100000
 41
0.100000
 42
0.000000
  0
VERTEX
  8
PG_SILKSCREEN_TOP
 10
14.684324
 20
66.178887
 40
0.100000
 41
0.100000
 42
0.000000
  0
VERTEX
  8
PG_SILKSCREEN_TOP
 10
14.684324
 20
66.218892
 40
0.100000
 41
0.100000
 42
0.000000
  0
SEQEND
  0
POLYLINE
  8
PG_SILKSCREEN_TOP
 66
1
 70
0
 40
0.000000
 41
0.000000
 39
0.000000
  0
VERTEX
  8
PG_SILKSCREEN_TOP
 10
14.684324
 20
70.138900
 40
0.100000
 41
0.100000
 42
0.000000
  0
VERTEX
  8
PG_SILKSCREEN_TOP
 10
14.684324
 20
70.178905
 40
0.100000
 41
0.100000
 42
0.000000
  0
SEQEND
  0
POLYLINE
  8
PG_SILKSCREEN_TOP
 66
1
 70
0
 40
0.000000
 41
0.000000
 39
0.000000
  0
VERTEX
  8
PG_SILKSCREEN_TOP
 10
19.684340
 20
70.138900
 40
0.100000
 41
0.100000
 42
0.000000
  0
VERTEX
  8
PG_SILKSCREEN_TOP
 10
19.684340
 20
70.178905
 40
0.100000
 41
0.100000
 42
0.000000
  0
SEQEND
  0
POLYLINE
  8
PG_SILKSCREEN_TOP
 66
1
 70
0
 40
0.000000
 41
0.000000
 39
0.000000
  0
VERTEX
  8
PG_SILKSCREEN_TOP
 10
19.684340
 20
66.218892
 40
0.100000
 41
0.100000
 42
0.000000
  0
VERTEX
  8
PG_SILKSCREEN_TOP
 10
19.684340
 20
66.178887
 40
0.100000
 41
0.100000
 42
0.000000
  0
SEQEND
  0
POLYLINE
  8
PG_SILKSCREEN_TOP
 66
1
 70
1
 40
0.000000
 41
0.000000
 39
0.000000
  0
VERTEX
  8
PG_SILKSCREEN_TOP
 10
15.516835
 20
65.848890
 40
0.000000
 41
0.000000
 42
1.000000
  0
VERTEX
  8
PG_SILKSCREEN_TOP
 10
15.111837
 20
65.848902
 40
0.000000
 41
0.000000
 42
1.000000
  0
SEQEND
  0
CIRCLE
  8
PIN_TOP
 10
65.985161
 20
20.944434
 40
0.203200
  0
CIRCLE
  8
PIN_TOP
 10
66.785058
 20
20.944434
 40
0.203200
  0
CIRCLE
  8
PIN_TOP
 10
67.585158
 20
20.944434
 40
0.203200
  0
CIRCLE
  8
PIN_TOP
 10
70.784949
 20
20.944434
 40
0.203200
  0
CIRCLE
  8
PIN_TOP
 10
71.585049
 20
20.944434
 40
0.203200
  0
CIRCLE
  8
PIN_TOP
 10
72.384945
 20
20.944434
 40
0.203200
  0
CIRCLE
  8
PIN_TOP
 10
65.985161
 20
20.144334
 40
0.203200
  0
CIRCLE
  8
PIN_TOP
 10
66.785058
 20
20.144334
 40
0.203200
  0
CIRCLE
  8
PIN_TOP
 10
67.585158
 20
20.144334
 40
0.203200
  0
CIRCLE
  8
PIN_TOP
 10
70.784949
 20
20.144334
 40
0.203200
  0
CIRCLE
  8
PIN_TOP
 10
71.585049
 20
20.144334
 40
0.203200
  0
CIRCLE
  8
PIN_TOP
 10
72.384945
 20
20.144334
 40
0.203200
  0
CIRCLE
  8
PIN_TOP
 10
65.985161
 20
19.344437
 40
0.203200
  0
CIRCLE
  8
PIN_TOP
 10
66.785058
 20
19.344437
 40
0.203200
  0
CIRCLE
  8
PIN_TOP
 10
67.585158
 20
19.344437
 40
0.203200
  0
CIRCLE
  8
PIN_TOP
 10
70.784949
 20
19.344437
 40
0.203200
  0
CIRCLE
  8
PIN_TOP
 10
71.585049
 20
19.344437
 40
0.203200
  0
CIRCLE
  8
PIN_TOP
 10
72.384945
 20
19.344437
 40
0.203200
  0
CIRCLE
  8
PIN_TOP
 10
65.985161
 20
18.544337
 40
0.203200
  0
CIRCLE
  8
PIN_TOP
 10
66.785058
 20
18.544337
 40
0.203200
  0
CIRCLE
  8
PIN_TOP
 10
67.585158
 20
18.544337
 40
0.203200
  0
CIRCLE
  8
PIN_TOP
 10
70.784949
 20
18.544337
 40
0.203200
  0
CIRCLE
  8
PIN_TOP
 10
71.585049
 20
18.544337
 40
0.203200
  0
CIRCLE
  8
PIN_TOP
 10
72.384945
 20
18.544337
 40
0.203200
  0
CIRCLE
  8
PIN_TOP
 10
65.985161
 20
16.944442
 40
0.203200
  0
CIRCLE
  8
PIN_TOP
 10
66.785058
 20
16.944442
 40
0.203200
  0
CIRCLE
  8
PIN_TOP
 10
67.585158
 20
16.944442
 40
0.203200
  0
CIRCLE
  8
PIN_TOP
 10
70.784949
 20
16.944442
 40
0.203200
  0
CIRCLE
  8
PIN_TOP
 10
71.585049
 20
16.944442
 40
0.203200
  0
CIRCLE
  8
PIN_TOP
 10
72.384945
 20
16.944442
 40
0.203200
  0
CIRCLE
  8
PIN_TOP
 10
65.985161
 20
16.144342
 40
0.203200
  0
CIRCLE
  8
PIN_TOP
 10
66.785058
 20
16.144342
 40
0.203200
  0
CIRCLE
  8
PIN_TOP
 10
67.585158
 20
16.144342
 40
0.203200
  0
CIRCLE
  8
PIN_TOP
 10
70.784949
 20
16.144342
 40
0.203200
  0
CIRCLE
  8
PIN_TOP
 10
71.585049
 20
16.144342
 40
0.203200
  0
CIRCLE
  8
PIN_TOP
 10
72.384945
 20
16.144342
 40
0.203200
  0
CIRCLE
  8
PIN_TOP
 10
65.985161
 20
15.344445
 40
0.203200
  0
CIRCLE
  8
PIN_TOP
 10
66.785058
 20
15.344445
 40
0.203200
  0
CIRCLE
  8
PIN_TOP
 10
67.585158
 20
15.344445
 40
0.203200
  0
CIRCLE
  8
PIN_TOP
 10
70.784949
 20
15.344445
 40
0.203200
  0
CIRCLE
  8
PIN_TOP
 10
71.585049
 20
15.344445
 40
0.203200
  0
CIRCLE
  8
PIN_TOP
 10
72.384945
 20
15.344445
 40
0.203200
  0
CIRCLE
  8
PIN_TOP
 10
65.985161
 20
14.544446
 40
0.203200
  0
CIRCLE
  8
PIN_TOP
 10
66.785058
 20
14.544446
 40
0.203200
  0
CIRCLE
  8
PIN_TOP
 10
67.585158
 20
14.544446
 40
0.203200
  0
CIRCLE
  8
PIN_TOP
 10
70.784949
 20
14.544446
 40
0.203200
  0
CIRCLE
  8
PIN_TOP
 10
71.585049
 20
14.544446
 40
0.203200
  0
CIRCLE
  8
PIN_TOP
 10
72.384945
 20
14.544446
 40
0.203200
  0
CIRCLE
  8
PIN_TOP
 10
65.985161
 20
13.744550
 40
0.203200
  0
CIRCLE
  8
PIN_TOP
 10
66.785058
 20
13.744550
 40
0.203200
  0
CIRCLE
  8
PIN_TOP
 10
67.585158
 20
13.744550
 40
0.203200
  0
CIRCLE
  8
PIN_TOP
 10
70.784949
 20
13.744550
 40
0.203200
  0
CIRCLE
  8
PIN_TOP
 10
71.585049
 20
13.744550
 40
0.203200
  0
CIRCLE
  8
PIN_TOP
 10
72.384945
 20
13.744550
 40
0.203200
  0
CIRCLE
  8
PIN_TOP
 10
65.985161
 20
12.944450
 40
0.203200
  0
CIRCLE
  8
PIN_TOP
 10
66.785058
 20
12.944450
 40
0.203200
  0
CIRCLE
  8
PIN_TOP
 10
67.585158
 20
12.944450
 40
0.203200
  0
CIRCLE
  8
PIN_TOP
 10
70.784949
 20
12.944450
 40
0.203200
  0
CIRCLE
  8
PIN_TOP
 10
71.585049
 20
12.944450
 40
0.203200
  0
CIRCLE
  8
PIN_TOP
 10
72.384945
 20
12.944450
 40
0.203200
  0
CIRCLE
  8
PIN_TOP
 10
65.985161
 20
12.144350
 40
0.203200
  0
CIRCLE
  8
PIN_TOP
 10
66.785058
 20
12.144350
 40
0.203200
  0
CIRCLE
  8
PIN_TOP
 10
67.585158
 20
12.144350
 40
0.203200
  0
CIRCLE
  8
PIN_TOP
 10
70.784949
 20
12.144350
 40
0.203200
  0
CIRCLE
  8
PIN_TOP
 10
71.585049
 20
12.144350
 40
0.203200
  0
CIRCLE
  8
PIN_TOP
 10
72.384945
 20
12.144350
 40
0.203200
  0
CIRCLE
  8
PIN_TOP
 10
65.985161
 20
11.344554
 40
0.203200
  0
CIRCLE
  8
PIN_TOP
 10
66.785058
 20
11.344554
 40
0.203200
  0
CIRCLE
  8
PIN_TOP
 10
67.585158
 20
11.344554
 40
0.203200
  0
CIRCLE
  8
PIN_TOP
 10
70.784949
 20
11.344554
 40
0.203200
  0
CIRCLE
  8
PIN_TOP
 10
71.585049
 20
11.344554
 40
0.203200
  0
CIRCLE
  8
PIN_TOP
 10
72.384945
 20
11.344554
 40
0.203200
  0
CIRCLE
  8
PIN_TOP
 10
65.985161
 20
10.544454
 40
0.203200
  0
CIRCLE
  8
PIN_TOP
 10
66.785058
 20
10.544454
 40
0.203200
  0
CIRCLE
  8
PIN_TOP
 10
67.585158
 20
10.544454
 40
0.203200
  0
CIRCLE
  8
PIN_TOP
 10
70.784949
 20
10.544454
 40
0.203200
  0
CIRCLE
  8
PIN_TOP
 10
71.585049
 20
10.544454
 40
0.203200
  0
CIRCLE
  8
PIN_TOP
 10
72.384945
 20
10.544454
 40
0.203200
  0
CIRCLE
  8
PIN_TOP
 10
65.985161
 20
9.744558
 40
0.203200
  0
CIRCLE
  8
PIN_TOP
 10
66.785058
 20
9.744558
 40
0.203200
  0
CIRCLE
  8
PIN_TOP
 10
67.585158
 20
9.744558
 40
0.203200
  0
CIRCLE
  8
PIN_TOP
 10
70.784949
 20
9.744558
 40
0.203200
  0
CIRCLE
  8
PIN_TOP
 10
71.585049
 20
9.744558
 40
0.203200
  0
CIRCLE
  8
PIN_TOP
 10
72.384945
 20
9.744558
 40
0.203200
  0
CIRCLE
  8
PIN_TOP
 10
65.985161
 20
8.944458
 40
0.203200
  0
CIRCLE
  8
PIN_TOP
 10
66.785058
 20
8.944458
 40
0.203200
  0
CIRCLE
  8
PIN_TOP
 10
67.585158
 20
8.944458
 40
0.203200
  0
CIRCLE
  8
PIN_TOP
 10
70.784949
 20
8.944458
 40
0.203200
  0
CIRCLE
  8
PIN_TOP
 10
71.585049
 20
8.944458
 40
0.203200
  0
CIRCLE
  8
PIN_TOP
 10
72.384945
 20
8.944458
 40
0.203200
  0
CIRCLE
  8
PIN_TOP
 10
65.985161
 20
17.744542
 40
0.203200
  0
CIRCLE
  8
PIN_TOP
 10
66.785058
 20
17.744542
 40
0.203200
  0
CIRCLE
  8
PIN_TOP
 10
67.585158
 20
17.744542
 40
0.203200
  0
CIRCLE
  8
PIN_TOP
 10
70.784949
 20
17.744542
 40
0.203200
  0
CIRCLE
  8
PIN_TOP
 10
71.585049
 20
17.744542
 40
0.203200
  0
CIRCLE
  8
PIN_TOP
 10
72.384945
 20
17.744542
 40
0.203200
  0
POLYLINE
  8
PG_SILKSCREEN_TOP
 66
1
 70
0
 40
0.000000
 41
0.000000
 39
0.000000
  0
VERTEX
  8
PG_SILKSCREEN_TOP
 10
72.995053
 20
21.751646
 40
0.127000
 41
0.127000
 42
0.000000
  0
VERTEX
  8
PG_SILKSCREEN_TOP
 10
65.375053
 20
21.751646
 40
0.127000
 41
0.127000
 42
0.000000
  0
VERTEX
  8
PG_SILKSCREEN_TOP
 10
65.375053
 20
8.137246
 40
0.127000
 41
0.127000
 42
0.000000
  0
VERTEX
  8
PG_SILKSCREEN_TOP
 10
72.995053
 20
8.137246
 40
0.127000
 41
0.127000
 42
0.000000
  0
VERTEX
  8
PG_SILKSCREEN_TOP
 10
72.995053
 20
21.751646
 40
0.127000
 41
0.127000
 42
0.000000
  0
SEQEND
  0
POLYLINE
  8
PG_SILKSCREEN_TOP
 66
1
 70
0
 40
0.000000
 41
0.000000
 39
0.000000
  0
VERTEX
  8
PG_SILKSCREEN_TOP
 10
64.689253
 20
22.361246
 40
0.152400
 41
0.152400
 42
1.000000
  0
VERTEX
  8
PG_SILKSCREEN_TOP
 10
63.927253
 20
22.361246
 40
0.152400
 41
0.152400
 42
1.000000
  0
VERTEX
  8
PG_SILKSCREEN_TOP
 10
64.689253
 20
22.361246
 40
0.152400
 41
0.152400
 42
0.000000
  0
SEQEND
  0
POLYLINE
  8
PG_SILKSCREEN_TOP
 66
1
 70
0
 40
0.000000
 41
0.000000
 39
0.000000
  0
VERTEX
  8
PG_SILKSCREEN_TOP
 10
74.002646
 20
7.626934
 40
0.152400
 41
0.152400
 42
0.000000
  0
VERTEX
  8
PG_SILKSCREEN_TOP
 10
64.367461
 20
7.626934
 40
0.152400
 41
0.152400
 42
0.000000
  0
VERTEX
  8
PG_SILKSCREEN_TOP
 10
64.367461
 20
21.372957
 40
0.152400
 41
0.152400
 42
0.000000
  0
VERTEX
  8
PG_SILKSCREEN_TOP
 10
65.256461
 20
22.261957
 40
0.152400
 41
0.152400
 42
0.000000
  0
VERTEX
  8
PG_SILKSCREEN_TOP
 10
74.002646
 20
22.261957
 40
0.152400
 41
0.152400
 42
0.000000
  0
VERTEX
  8
PG_SILKSCREEN_TOP
 10
74.002646
 20
7.626934
 40
0.152400
 41
0.152400
 42
0.000000
  0
SEQEND
  0
CIRCLE
  8
PIN_TOP
 10
55.321708
 20
20.944434
 40
0.203200
  0
CIRCLE
  8
PIN_TOP
 10
56.121605
 20
20.944434
 40
0.203200
  0
CIRCLE
  8
PIN_TOP
 10
56.921705
 20
20.944434
 40
0.203200
  0
CIRCLE
  8
PIN_TOP
 10
60.121495
 20
20.944434
 40
0.203200
  0
CIRCLE
  8
PIN_TOP
 10
60.921595
 20
20.944434
 40
0.203200
  0
CIRCLE
  8
PIN_TOP
 10
61.721492
 20
20.944434
 40
0.203200
  0
CIRCLE
  8
PIN_TOP
 10
55.321708
 20
20.144334
 40
0.203200
  0
CIRCLE
  8
PIN_TOP
 10
56.121605
 20
20.144334
 40
0.203200
  0
CIRCLE
  8
PIN_TOP
 10
56.921705
 20
20.144334
 40
0.203200
  0
CIRCLE
  8
PIN_TOP
 10
60.121495
 20
20.144334
 40
0.203200
  0
CIRCLE
  8
PIN_TOP
 10
60.921595
 20
20.144334
 40
0.203200
  0
CIRCLE
  8
PIN_TOP
 10
61.721492
 20
20.144334
 40
0.203200
  0
CIRCLE
  8
PIN_TOP
 10
55.321708
 20
19.344437
 40
0.203200
  0
CIRCLE
  8
PIN_TOP
 10
56.121605
 20
19.344437
 40
0.203200
  0
CIRCLE
  8
PIN_TOP
 10
56.921705
 20
19.344437
 40
0.203200
  0
CIRCLE
  8
PIN_TOP
 10
60.121495
 20
19.344437
 40
0.203200
  0
CIRCLE
  8
PIN_TOP
 10
60.921595
 20
19.344437
 40
0.203200
  0
CIRCLE
  8
PIN_TOP
 10
61.721492
 20
19.344437
 40
0.203200
  0
CIRCLE
  8
PIN_TOP
 10
55.321708
 20
18.544337
 40
0.203200
  0
CIRCLE
  8
PIN_TOP
 10
56.121605
 20
18.544337
 40
0.203200
  0
CIRCLE
  8
PIN_TOP
 10
56.921705
 20
18.544337
 40
0.203200
  0
CIRCLE
  8
PIN_TOP
 10
60.121495
 20
18.544337
 40
0.203200
  0
CIRCLE
  8
PIN_TOP
 10
60.921595
 20
18.544337
 40
0.203200
  0
CIRCLE
  8
PIN_TOP
 10
61.721492
 20
18.544337
 40
0.203200
  0
CIRCLE
  8
PIN_TOP
 10
55.321708
 20
16.944442
 40
0.203200
  0
CIRCLE
  8
PIN_TOP
 10
56.121605
 20
16.944442
 40
0.203200
  0
CIRCLE
  8
PIN_TOP
 10
56.921705
 20
16.944442
 40
0.203200
  0
CIRCLE
  8
PIN_TOP
 10
60.121495
 20
16.944442
 40
0.203200
  0
CIRCLE
  8
PIN_TOP
 10
60.921595
 20
16.944442
 40
0.203200
  0
CIRCLE
  8
PIN_TOP
 10
61.721492
 20
16.944442
 40
0.203200
  0
CIRCLE
  8
PIN_TOP
 10
55.321708
 20
16.144342
 40
0.203200
  0
CIRCLE
  8
PIN_TOP
 10
56.121605
 20
16.144342
 40
0.203200
  0
CIRCLE
  8
PIN_TOP
 10
56.921705
 20
16.144342
 40
0.203200
  0
CIRCLE
  8
PIN_TOP
 10
60.121495
 20
16.144342
 40
0.203200
  0
CIRCLE
  8
PIN_TOP
 10
60.921595
 20
16.144342
 40
0.203200
  0
CIRCLE
  8
PIN_TOP
 10
61.721492
 20
16.144342
 40
0.203200
  0
CIRCLE
  8
PIN_TOP
 10
55.321708
 20
15.344445
 40
0.203200
  0
CIRCLE
  8
PIN_TOP
 10
56.121605
 20
15.344445
 40
0.203200
  0
CIRCLE
  8
PIN_TOP
 10
56.921705
 20
15.344445
 40
0.203200
  0
CIRCLE
  8
PIN_TOP
 10
60.121495
 20
15.344445
 40
0.203200
  0
CIRCLE
  8
PIN_TOP
 10
60.921595
 20
15.344445
 40
0.203200
  0
CIRCLE
  8
PIN_TOP
 10
61.721492
 20
15.344445
 40
0.203200
  0
CIRCLE
  8
PIN_TOP
 10
55.321708
 20
14.544446
 40
0.203200
  0
CIRCLE
  8
PIN_TOP
 10
56.121605
 20
14.544446
 40
0.203200
  0
CIRCLE
  8
PIN_TOP
 10
56.921705
 20
14.544446
 40
0.203200
  0
CIRCLE
  8
PIN_TOP
 10
60.121495
 20
14.544446
 40
0.203200
  0
CIRCLE
  8
PIN_TOP
 10
60.921595
 20
14.544446
 40
0.203200
  0
CIRCLE
  8
PIN_TOP
 10
61.721492
 20
14.544446
 40
0.203200
  0
CIRCLE
  8
PIN_TOP
 10
55.321708
 20
13.744550
 40
0.203200
  0
CIRCLE
  8
PIN_TOP
 10
56.121605
 20
13.744550
 40
0.203200
  0
CIRCLE
  8
PIN_TOP
 10
56.921705
 20
13.744550
 40
0.203200
  0
CIRCLE
  8
PIN_TOP
 10
60.121495
 20
13.744550
 40
0.203200
  0
CIRCLE
  8
PIN_TOP
 10
60.921595
 20
13.744550
 40
0.203200
  0
CIRCLE
  8
PIN_TOP
 10
61.721492
 20
13.744550
 40
0.203200
  0
CIRCLE
  8
PIN_TOP
 10
55.321708
 20
12.944450
 40
0.203200
  0
CIRCLE
  8
PIN_TOP
 10
56.121605
 20
12.944450
 40
0.203200
  0
CIRCLE
  8
PIN_TOP
 10
56.921705
 20
12.944450
 40
0.203200
  0
CIRCLE
  8
PIN_TOP
 10
60.121495
 20
12.944450
 40
0.203200
  0
CIRCLE
  8
PIN_TOP
 10
60.921595
 20
12.944450
 40
0.203200
  0
CIRCLE
  8
PIN_TOP
 10
61.721492
 20
12.944450
 40
0.203200
  0
CIRCLE
  8
PIN_TOP
 10
55.321708
 20
12.144350
 40
0.203200
  0
CIRCLE
  8
PIN_TOP
 10
56.121605
 20
12.144350
 40
0.203200
  0
CIRCLE
  8
PIN_TOP
 10
56.921705
 20
12.144350
 40
0.203200
  0
CIRCLE
  8
PIN_TOP
 10
60.121495
 20
12.144350
 40
0.203200
  0
CIRCLE
  8
PIN_TOP
 10
60.921595
 20
12.144350
 40
0.203200
  0
CIRCLE
  8
PIN_TOP
 10
61.721492
 20
12.144350
 40
0.203200
  0
CIRCLE
  8
PIN_TOP
 10
55.321708
 20
11.344554
 40
0.203200
  0
CIRCLE
  8
PIN_TOP
 10
56.121605
 20
11.344554
 40
0.203200
  0
CIRCLE
  8
PIN_TOP
 10
56.921705
 20
11.344554
 40
0.203200
  0
CIRCLE
  8
PIN_TOP
 10
60.121495
 20
11.344554
 40
0.203200
  0
CIRCLE
  8
PIN_TOP
 10
60.921595
 20
11.344554
 40
0.203200
  0
CIRCLE
  8
PIN_TOP
 10
61.721492
 20
11.344554
 40
0.203200
  0
CIRCLE
  8
PIN_TOP
 10
55.321708
 20
10.544454
 40
0.203200
  0
CIRCLE
  8
PIN_TOP
 10
56.121605
 20
10.544454
 40
0.203200
  0
CIRCLE
  8
PIN_TOP
 10
56.921705
 20
10.544454
 40
0.203200
  0
CIRCLE
  8
PIN_TOP
 10
60.121495
 20
10.544454
 40
0.203200
  0
CIRCLE
  8
PIN_TOP
 10
60.921595
 20
10.544454
 40
0.203200
  0
CIRCLE
  8
PIN_TOP
 10
61.721492
 20
10.544454
 40
0.203200
  0
CIRCLE
  8
PIN_TOP
 10
55.321708
 20
9.744558
 40
0.203200
  0
CIRCLE
  8
PIN_TOP
 10
56.121605
 20
9.744558
 40
0.203200
  0
CIRCLE
  8
PIN_TOP
 10
56.921705
 20
9.744558
 40
0.203200
  0
CIRCLE
  8
PIN_TOP
 10
60.121495
 20
9.744558
 40
0.203200
  0
CIRCLE
  8
PIN_TOP
 10
60.921595
 20
9.744558
 40
0.203200
  0
CIRCLE
  8
PIN_TOP
 10
61.721492
 20
9.744558
 40
0.203200
  0
CIRCLE
  8
PIN_TOP
 10
55.321708
 20
8.944458
 40
0.203200
  0
CIRCLE
  8
PIN_TOP
 10
56.121605
 20
8.944458
 40
0.203200
  0
CIRCLE
  8
PIN_TOP
 10
56.921705
 20
8.944458
 40
0.203200
  0
CIRCLE
  8
PIN_TOP
 10
60.121495
 20
8.944458
 40
0.203200
  0
CIRCLE
  8
PIN_TOP
 10
60.921595
 20
8.944458
 40
0.203200
  0
CIRCLE
  8
PIN_TOP
 10
61.721492
 20
8.944458
 40
0.203200
  0
CIRCLE
  8
PIN_TOP
 10
55.321708
 20
17.744542
 40
0.203200
  0
CIRCLE
  8
PIN_TOP
 10
56.121605
 20
17.744542
 40
0.203200
  0
CIRCLE
  8
PIN_TOP
 10
56.921705
 20
17.744542
 40
0.203200
  0
CIRCLE
  8
PIN_TOP
 10
60.121495
 20
17.744542
 40
0.203200
  0
CIRCLE
  8
PIN_TOP
 10
60.921595
 20
17.744542
 40
0.203200
  0
CIRCLE
  8
PIN_TOP
 10
61.721492
 20
17.744542
 40
0.203200
  0
POLYLINE
  8
PG_SILKSCREEN_TOP
 66
1
 70
0
 40
0.000000
 41
0.000000
 39
0.000000
  0
VERTEX
  8
PG_SILKSCREEN_TOP
 10
62.331600
 20
21.751646
 40
0.127000
 41
0.127000
 42
0.000000
  0
VERTEX
  8
PG_SILKSCREEN_TOP
 10
54.711600
 20
21.751646
 40
0.127000
 41
0.127000
 42
0.000000
  0
VERTEX
  8
PG_SILKSCREEN_TOP
 10
54.711600
 20
8.137246
 40
0.127000
 41
0.127000
 42
0.000000
  0
VERTEX
  8
PG_SILKSCREEN_TOP
 10
62.331600
 20
8.137246
 40
0.127000
 41
0.127000
 42
0.000000
  0
VERTEX
  8
PG_SILKSCREEN_TOP
 10
62.331600
 20
21.751646
 40
0.127000
 41
0.127000
 42
0.000000
  0
SEQEND
  0
POLYLINE
  8
PG_SILKSCREEN_TOP
 66
1
 70
0
 40
0.000000
 41
0.000000
 39
0.000000
  0
VERTEX
  8
PG_SILKSCREEN_TOP
 10
54.025800
 20
22.361246
 40
0.152400
 41
0.152400
 42
1.000000
  0
VERTEX
  8
PG_SILKSCREEN_TOP
 10
53.263800
 20
22.361246
 40
0.152400
 41
0.152400
 42
1.000000
  0
VERTEX
  8
PG_SILKSCREEN_TOP
 10
54.025800
 20
22.361246
 40
0.152400
 41
0.152400
 42
0.000000
  0
SEQEND
  0
POLYLINE
  8
PG_SILKSCREEN_TOP
 66
1
 70
0
 40
0.000000
 41
0.000000
 39
0.000000
  0
VERTEX
  8
PG_SILKSCREEN_TOP
 10
63.339193
 20
7.626934
 40
0.152400
 41
0.152400
 42
0.000000
  0
VERTEX
  8
PG_SILKSCREEN_TOP
 10
53.704007
 20
7.626934
 40
0.152400
 41
0.152400
 42
0.000000
  0
VERTEX
  8
PG_SILKSCREEN_TOP
 10
53.704007
 20
21.372957
 40
0.152400
 41
0.152400
 42
0.000000
  0
VERTEX
  8
PG_SILKSCREEN_TOP
 10
54.593007
 20
22.261957
 40
0.152400
 41
0.152400
 42
0.000000
  0
VERTEX
  8
PG_SILKSCREEN_TOP
 10
63.339193
 20
22.261957
 40
0.152400
 41
0.152400
 42
0.000000
  0
VERTEX
  8
PG_SILKSCREEN_TOP
 10
63.339193
 20
7.626934
 40
0.152400
 41
0.152400
 42
0.000000
  0
SEQEND
  0
CIRCLE
  8
PIN_TOP
 10
44.658255
 20
20.944408
 40
0.203200
  0
CIRCLE
  8
PIN_TOP
 10
45.458151
 20
20.944408
 40
0.203200
  0
CIRCLE
  8
PIN_TOP
 10
46.258251
 20
20.944408
 40
0.203200
  0
CIRCLE
  8
PIN_TOP
 10
49.458042
 20
20.944408
 40
0.203200
  0
CIRCLE
  8
PIN_TOP
 10
50.258142
 20
20.944408
 40
0.203200
  0
CIRCLE
  8
PIN_TOP
 10
51.058039
 20
20.944408
 40
0.203200
  0
CIRCLE
  8
PIN_TOP
 10
44.658255
 20
20.144308
 40
0.203200
  0
CIRCLE
  8
PIN_TOP
 10
45.458151
 20
20.144308
 40
0.203200
  0
CIRCLE
  8
PIN_TOP
 10
46.258251
 20
20.144308
 40
0.203200
  0
CIRCLE
  8
PIN_TOP
 10
49.458042
 20
20.144308
 40
0.203200
  0
CIRCLE
  8
PIN_TOP
 10
50.258142
 20
20.144308
 40
0.203200
  0
CIRCLE
  8
PIN_TOP
 10
51.058039
 20
20.144308
 40
0.203200
  0
CIRCLE
  8
PIN_TOP
 10
44.658255
 20
19.344411
 40
0.203200
  0
CIRCLE
  8
PIN_TOP
 10
45.458151
 20
19.344411
 40
0.203200
  0
CIRCLE
  8
PIN_TOP
 10
46.258251
 20
19.344411
 40
0.203200
  0
CIRCLE
  8
PIN_TOP
 10
49.458042
 20
19.344411
 40
0.203200
  0
CIRCLE
  8
PIN_TOP
 10
50.258142
 20
19.344411
 40
0.203200
  0
CIRCLE
  8
PIN_TOP
 10
51.058039
 20
19.344411
 40
0.203200
  0
CIRCLE
  8
PIN_TOP
 10
44.658255
 20
18.544311
 40
0.203200
  0
CIRCLE
  8
PIN_TOP
 10
45.458151
 20
18.544311
 40
0.203200
  0
CIRCLE
  8
PIN_TOP
 10
46.258251
 20
18.544311
 40
0.203200
  0
CIRCLE
  8
PIN_TOP
 10
49.458042
 20
18.544311
 40
0.203200
  0
CIRCLE
  8
PIN_TOP
 10
50.258142
 20
18.544311
 40
0.203200
  0
CIRCLE
  8
PIN_TOP
 10
51.058039
 20
18.544311
 40
0.203200
  0
CIRCLE
  8
PIN_TOP
 10
44.658255
 20
16.944416
 40
0.203200
  0
CIRCLE
  8
PIN_TOP
 10
45.458151
 20
16.944416
 40
0.203200
  0
CIRCLE
  8
PIN_TOP
 10
46.258251
 20
16.944416
 40
0.203200
  0
CIRCLE
  8
PIN_TOP
 10
49.458042
 20
16.944416
 40
0.203200
  0
CIRCLE
  8
PIN_TOP
 10
50.258142
 20
16.944416
 40
0.203200
  0
CIRCLE
  8
PIN_TOP
 10
51.058039
 20
16.944416
 40
0.203200
  0
CIRCLE
  8
PIN_TOP
 10
44.658255
 20
16.144316
 40
0.203200
  0
CIRCLE
  8
PIN_TOP
 10
45.458151
 20
16.144316
 40
0.203200
  0
CIRCLE
  8
PIN_TOP
 10
46.258251
 20
16.144316
 40
0.203200
  0
CIRCLE
  8
PIN_TOP
 10
49.458042
 20
16.144316
 40
0.203200
  0
CIRCLE
  8
PIN_TOP
 10
50.258142
 20
16.144316
 40
0.203200
  0
CIRCLE
  8
PIN_TOP
 10
51.058039
 20
16.144316
 40
0.203200
  0
CIRCLE
  8
PIN_TOP
 10
44.658255
 20
15.344419
 40
0.203200
  0
CIRCLE
  8
PIN_TOP
 10
45.458151
 20
15.344419
 40
0.203200
  0
CIRCLE
  8
PIN_TOP
 10
46.258251
 20
15.344419
 40
0.203200
  0
CIRCLE
  8
PIN_TOP
 10
49.458042
 20
15.344419
 40
0.203200
  0
CIRCLE
  8
PIN_TOP
 10
50.258142
 20
15.344419
 40
0.203200
  0
CIRCLE
  8
PIN_TOP
 10
51.058039
 20
15.344419
 40
0.203200
  0
CIRCLE
  8
PIN_TOP
 10
44.658255
 20
14.544421
 40
0.203200
  0
CIRCLE
  8
PIN_TOP
 10
45.458151
 20
14.544421
 40
0.203200
  0
CIRCLE
  8
PIN_TOP
 10
46.258251
 20
14.544421
 40
0.203200
  0
CIRCLE
  8
PIN_TOP
 10
49.458042
 20
14.544421
 40
0.203200
  0
CIRCLE
  8
PIN_TOP
 10
50.258142
 20
14.544421
 40
0.203200
  0
CIRCLE
  8
PIN_TOP
 10
51.058039
 20
14.544421
 40
0.203200
  0
CIRCLE
  8
PIN_TOP
 10
44.658255
 20
13.744524
 40
0.203200
  0
CIRCLE
  8
PIN_TOP
 10
45.458151
 20
13.744524
 40
0.203200
  0
CIRCLE
  8
PIN_TOP
 10
46.258251
 20
13.744524
 40
0.203200
  0
CIRCLE
  8
PIN_TOP
 10
49.458042
 20
13.744524
 40
0.203200
  0
CIRCLE
  8
PIN_TOP
 10
50.258142
 20
13.744524
 40
0.203200
  0
CIRCLE
  8
PIN_TOP
 10
51.058039
 20
13.744524
 40
0.203200
  0
CIRCLE
  8
PIN_TOP
 10
44.658255
 20
12.944424
 40
0.203200
  0
CIRCLE
  8
PIN_TOP
 10
45.458151
 20
12.944424
 40
0.203200
  0
CIRCLE
  8
PIN_TOP
 10
46.258251
 20
12.944424
 40
0.203200
  0
CIRCLE
  8
PIN_TOP
 10
49.458042
 20
12.944424
 40
0.203200
  0
CIRCLE
  8
PIN_TOP
 10
50.258142
 20
12.944424
 40
0.203200
  0
CIRCLE
  8
PIN_TOP
 10
51.058039
 20
12.944424
 40
0.203200
  0
CIRCLE
  8
PIN_TOP
 10
44.658255
 20
12.144324
 40
0.203200
  0
CIRCLE
  8
PIN_TOP
 10
45.458151
 20
12.144324
 40
0.203200
  0
CIRCLE
  8
PIN_TOP
 10
46.258251
 20
12.144324
 40
0.203200
  0
CIRCLE
  8
PIN_TOP
 10
49.458042
 20
12.144324
 40
0.203200
  0
CIRCLE
  8
PIN_TOP
 10
50.258142
 20
12.144324
 40
0.203200
  0
CIRCLE
  8
PIN_TOP
 10
51.058039
 20
12.144324
 40
0.203200
  0
CIRCLE
  8
PIN_TOP
 10
44.658255
 20
11.344529
 40
0.203200
  0
CIRCLE
  8
PIN_TOP
 10
45.458151
 20
11.344529
 40
0.203200
  0
CIRCLE
  8
PIN_TOP
 10
46.258251
 20
11.344529
 40
0.203200
  0
CIRCLE
  8
PIN_TOP
 10
49.458042
 20
11.344529
 40
0.203200
  0
CIRCLE
  8
PIN_TOP
 10
50.258142
 20
11.344529
 40
0.203200
  0
CIRCLE
  8
PIN_TOP
 10
51.058039
 20
11.344529
 40
0.203200
  0
CIRCLE
  8
PIN_TOP
 10
44.658255
 20
10.544429
 40
0.203200
  0
CIRCLE
  8
PIN_TOP
 10
45.458151
 20
10.544429
 40
0.203200
  0
CIRCLE
  8
PIN_TOP
 10
46.258251
 20
10.544429
 40
0.203200
  0
CIRCLE
  8
PIN_TOP
 10
49.458042
 20
10.544429
 40
0.203200
  0
CIRCLE
  8
PIN_TOP
 10
50.258142
 20
10.544429
 40
0.203200
  0
CIRCLE
  8
PIN_TOP
 10
51.058039
 20
10.544429
 40
0.203200
  0
CIRCLE
  8
PIN_TOP
 10
44.658255
 20
9.744532
 40
0.203200
  0
CIRCLE
  8
PIN_TOP
 10
45.458151
 20
9.744532
 40
0.203200
  0
CIRCLE
  8
PIN_TOP
 10
46.258251
 20
9.744532
 40
0.203200
  0
CIRCLE
  8
PIN_TOP
 10
49.458042
 20
9.744532
 40
0.203200
  0
CIRCLE
  8
PIN_TOP
 10
50.258142
 20
9.744532
 40
0.203200
  0
CIRCLE
  8
PIN_TOP
 10
51.058039
 20
9.744532
 40
0.203200
  0
CIRCLE
  8
PIN_TOP
 10
44.658255
 20
8.944432
 40
0.203200
  0
CIRCLE
  8
PIN_TOP
 10
45.458151
 20
8.944432
 40
0.203200
  0
CIRCLE
  8
PIN_TOP
 10
46.258251
 20
8.944432
 40
0.203200
  0
CIRCLE
  8
PIN_TOP
 10
49.458042
 20
8.944432
 40
0.203200
  0
CIRCLE
  8
PIN_TOP
 10
50.258142
 20
8.944432
 40
0.203200
  0
CIRCLE
  8
PIN_TOP
 10
51.058039
 20
8.944432
 40
0.203200
  0
CIRCLE
  8
PIN_TOP
 10
44.658255
 20
17.744516
 40
0.203200
  0
CIRCLE
  8
PIN_TOP
 10
45.458151
 20
17.744516
 40
0.203200
  0
CIRCLE
  8
PIN_TOP
 10
46.258251
 20
17.744516
 40
0.203200
  0
CIRCLE
  8
PIN_TOP
 10
49.458042
 20
17.744516
 40
0.203200
  0
CIRCLE
  8
PIN_TOP
 10
50.258142
 20
17.744516
 40
0.203200
  0
CIRCLE
  8
PIN_TOP
 10
51.058039
 20
17.744516
 40
0.203200
  0
POLYLINE
  8
PG_SILKSCREEN_TOP
 66
1
 70
0
 40
0.000000
 41
0.000000
 39
0.000000
  0
VERTEX
  8
PG_SILKSCREEN_TOP
 10
51.668147
 20
21.751620
 40
0.127000
 41
0.127000
 42
0.000000
  0
VERTEX
  8
PG_SILKSCREEN_TOP
 10
44.048147
 20
21.751620
 40
0.127000
 41
0.127000
 42
0.000000
  0
VERTEX
  8
PG_SILKSCREEN_TOP
 10
44.048147
 20
8.137246
 40
0.127000
 41
0.127000
 42
0.000000
  0
VERTEX
  8
PG_SILKSCREEN_TOP
 10
51.668147
 20
8.137246
 40
0.127000
 41
0.127000
 42
0.000000
  0
VERTEX
  8
PG_SILKSCREEN_TOP
 10
51.668147
 20
21.751620
 40
0.127000
 41
0.127000
 42
0.000000
  0
SEQEND
  0
POLYLINE
  8
PG_SILKSCREEN_TOP
 66
1
 70
0
 40
0.000000
 41
0.000000
 39
0.000000
  0
VERTEX
  8
PG_SILKSCREEN_TOP
 10
43.362321
 20
22.361220
 40
0.152400
 41
0.152400
 42
0.999993
  0
VERTEX
  8
PG_SILKSCREEN_TOP
 10
42.600372
 20
22.361246
 40
0.152400
 41
0.152400
 42
1.000007
  0
VERTEX
  8
PG_SILKSCREEN_TOP
 10
43.362321
 20
22.361220
 40
0.152400
 41
0.152400
 42
0.000000
  0
SEQEND
  0
POLYLINE
  8
PG_SILKSCREEN_TOP
 66
1
 70
0
 40
0.000000
 41
0.000000
 39
0.000000
  0
VERTEX
  8
PG_SILKSCREEN_TOP
 10
52.675714
 20
7.626934
 40
0.152400
 41
0.152400
 42
0.000000
  0
VERTEX
  8
PG_SILKSCREEN_TOP
 10
43.040554
 20
7.626934
 40
0.152400
 41
0.152400
 42
0.000000
  0
VERTEX
  8
PG_SILKSCREEN_TOP
 10
43.040554
 20
21.372932
 40
0.152400
 41
0.152400
 42
0.000000
  0
VERTEX
  8
PG_SILKSCREEN_TOP
 10
43.929554
 20
22.261932
 40
0.152400
 41
0.152400
 42
0.000000
  0
VERTEX
  8
PG_SILKSCREEN_TOP
 10
52.675739
 20
22.261957
 40
0.152400
 41
0.152400
 42
0.000000
  0
VERTEX
  8
PG_SILKSCREEN_TOP
 10
52.675714
 20
7.626934
 40
0.152400
 41
0.152400
 42
0.000000
  0
SEQEND
  0
CIRCLE
  8
PIN_TOP
 10
23.331348
 20
20.944434
 40
0.203200
  0
CIRCLE
  8
PIN_TOP
 10
24.131245
 20
20.944434
 40
0.203200
  0
CIRCLE
  8
PIN_TOP
 10
24.931345
 20
20.944434
 40
0.203200
  0
CIRCLE
  8
PIN_TOP
 10
28.131135
 20
20.944434
 40
0.203200
  0
CIRCLE
  8
PIN_TOP
 10
28.931235
 20
20.944434
 40
0.203200
  0
CIRCLE
  8
PIN_TOP
 10
29.731132
 20
20.944434
 40
0.203200
  0
CIRCLE
  8
PIN_TOP
 10
23.331348
 20
20.144334
 40
0.203200
  0
CIRCLE
  8
PIN_TOP
 10
24.131245
 20
20.144334
 40
0.203200
  0
CIRCLE
  8
PIN_TOP
 10
24.931345
 20
20.144334
 40
0.203200
  0
CIRCLE
  8
PIN_TOP
 10
28.131135
 20
20.144334
 40
0.203200
  0
CIRCLE
  8
PIN_TOP
 10
28.931235
 20
20.144334
 40
0.203200
  0
CIRCLE
  8
PIN_TOP
 10
29.731132
 20
20.144334
 40
0.203200
  0
CIRCLE
  8
PIN_TOP
 10
23.331348
 20
19.344437
 40
0.203200
  0
CIRCLE
  8
PIN_TOP
 10
24.131245
 20
19.344437
 40
0.203200
  0
CIRCLE
  8
PIN_TOP
 10
24.931345
 20
19.344437
 40
0.203200
  0
CIRCLE
  8
PIN_TOP
 10
28.131135
 20
19.344437
 40
0.203200
  0
CIRCLE
  8
PIN_TOP
 10
28.931235
 20
19.344437
 40
0.203200
  0
CIRCLE
  8
PIN_TOP
 10
29.731132
 20
19.344437
 40
0.203200
  0
CIRCLE
  8
PIN_TOP
 10
23.331348
 20
18.544337
 40
0.203200
  0
CIRCLE
  8
PIN_TOP
 10
24.131245
 20
18.544337
 40
0.203200
  0
CIRCLE
  8
PIN_TOP
 10
24.931345
 20
18.544337
 40
0.203200
  0
CIRCLE
  8
PIN_TOP
 10
28.131135
 20
18.544337
 40
0.203200
  0
CIRCLE
  8
PIN_TOP
 10
28.931235
 20
18.544337
 40
0.203200
  0
CIRCLE
  8
PIN_TOP
 10
29.731132
 20
18.544337
 40
0.203200
  0
CIRCLE
  8
PIN_TOP
 10
23.331348
 20
16.944442
 40
0.203200
  0
CIRCLE
  8
PIN_TOP
 10
24.131245
 20
16.944442
 40
0.203200
  0
CIRCLE
  8
PIN_TOP
 10
24.931345
 20
16.944442
 40
0.203200
  0
CIRCLE
  8
PIN_TOP
 10
28.131135
 20
16.944442
 40
0.203200
  0
CIRCLE
  8
PIN_TOP
 10
28.931235
 20
16.944442
 40
0.203200
  0
CIRCLE
  8
PIN_TOP
 10
29.731132
 20
16.944442
 40
0.203200
  0
CIRCLE
  8
PIN_TOP
 10
23.331348
 20
16.144342
 40
0.203200
  0
CIRCLE
  8
PIN_TOP
 10
24.131245
 20
16.144342
 40
0.203200
  0
CIRCLE
  8
PIN_TOP
 10
24.931345
 20
16.144342
 40
0.203200
  0
CIRCLE
  8
PIN_TOP
 10
28.131135
 20
16.144342
 40
0.203200
  0
CIRCLE
  8
PIN_TOP
 10
28.931235
 20
16.144342
 40
0.203200
  0
CIRCLE
  8
PIN_TOP
 10
29.731132
 20
16.144342
 40
0.203200
  0
CIRCLE
  8
PIN_TOP
 10
23.331348
 20
15.344445
 40
0.203200
  0
CIRCLE
  8
PIN_TOP
 10
24.131245
 20
15.344445
 40
0.203200
  0
CIRCLE
  8
PIN_TOP
 10
24.931345
 20
15.344445
 40
0.203200
  0
CIRCLE
  8
PIN_TOP
 10
28.131135
 20
15.344445
 40
0.203200
  0
CIRCLE
  8
PIN_TOP
 10
28.931235
 20
15.344445
 40
0.203200
  0
CIRCLE
  8
PIN_TOP
 10
29.731132
 20
15.344445
 40
0.203200
  0
CIRCLE
  8
PIN_TOP
 10
23.331348
 20
14.544446
 40
0.203200
  0
CIRCLE
  8
PIN_TOP
 10
24.131245
 20
14.544446
 40
0.203200
  0
CIRCLE
  8
PIN_TOP
 10
24.931345
 20
14.544446
 40
0.203200
  0
CIRCLE
  8
PIN_TOP
 10
28.131135
 20
14.544446
 40
0.203200
  0
CIRCLE
  8
PIN_TOP
 10
28.931235
 20
14.544446
 40
0.203200
  0
CIRCLE
  8
PIN_TOP
 10
29.731132
 20
14.544446
 40
0.203200
  0
CIRCLE
  8
PIN_TOP
 10
23.331348
 20
13.744550
 40
0.203200
  0
CIRCLE
  8
PIN_TOP
 10
24.131245
 20
13.744550
 40
0.203200
  0
CIRCLE
  8
PIN_TOP
 10
24.931345
 20
13.744550
 40
0.203200
  0
CIRCLE
  8
PIN_TOP
 10
28.131135
 20
13.744550
 40
0.203200
  0
CIRCLE
  8
PIN_TOP
 10
28.931235
 20
13.744550
 40
0.203200
  0
CIRCLE
  8
PIN_TOP
 10
29.731132
 20
13.744550
 40
0.203200
  0
CIRCLE
  8
PIN_TOP
 10
23.331348
 20
12.944450
 40
0.203200
  0
CIRCLE
  8
PIN_TOP
 10
24.131245
 20
12.944450
 40
0.203200
  0
CIRCLE
  8
PIN_TOP
 10
24.931345
 20
12.944450
 40
0.203200
  0
CIRCLE
  8
PIN_TOP
 10
28.131135
 20
12.944450
 40
0.203200
  0
CIRCLE
  8
PIN_TOP
 10
28.931235
 20
12.944450
 40
0.203200
  0
CIRCLE
  8
PIN_TOP
 10
29.731132
 20
12.944450
 40
0.203200
  0
CIRCLE
  8
PIN_TOP
 10
23.331348
 20
12.144350
 40
0.203200
  0
CIRCLE
  8
PIN_TOP
 10
24.131245
 20
12.144350
 40
0.203200
  0
CIRCLE
  8
PIN_TOP
 10
24.931345
 20
12.144350
 40
0.203200
  0
CIRCLE
  8
PIN_TOP
 10
28.131135
 20
12.144350
 40
0.203200
  0
CIRCLE
  8
PIN_TOP
 10
28.931235
 20
12.144350
 40
0.203200
  0
CIRCLE
  8
PIN_TOP
 10
29.731132
 20
12.144350
 40
0.203200
  0
CIRCLE
  8
PIN_TOP
 10
23.331348
 20
11.344554
 40
0.203200
  0
CIRCLE
  8
PIN_TOP
 10
24.131245
 20
11.344554
 40
0.203200
  0
CIRCLE
  8
PIN_TOP
 10
24.931345
 20
11.344554
 40
0.203200
  0
CIRCLE
  8
PIN_TOP
 10
28.131135
 20
11.344554
 40
0.203200
  0
CIRCLE
  8
PIN_TOP
 10
28.931235
 20
11.344554
 40
0.203200
  0
CIRCLE
  8
PIN_TOP
 10
29.731132
 20
11.344554
 40
0.203200
  0
CIRCLE
  8
PIN_TOP
 10
23.331348
 20
10.544454
 40
0.203200
  0
CIRCLE
  8
PIN_TOP
 10
24.131245
 20
10.544454
 40
0.203200
  0
CIRCLE
  8
PIN_TOP
 10
24.931345
 20
10.544454
 40
0.203200
  0
CIRCLE
  8
PIN_TOP
 10
28.131135
 20
10.544454
 40
0.203200
  0
CIRCLE
  8
PIN_TOP
 10
28.931235
 20
10.544454
 40
0.203200
  0
CIRCLE
  8
PIN_TOP
 10
29.731132
 20
10.544454
 40
0.203200
  0
CIRCLE
  8
PIN_TOP
 10
23.331348
 20
9.744558
 40
0.203200
  0
CIRCLE
  8
PIN_TOP
 10
24.131245
 20
9.744558
 40
0.203200
  0
CIRCLE
  8
PIN_TOP
 10
24.931345
 20
9.744558
 40
0.203200
  0
CIRCLE
  8
PIN_TOP
 10
28.131135
 20
9.744558
 40
0.203200
  0
CIRCLE
  8
PIN_TOP
 10
28.931235
 20
9.744558
 40
0.203200
  0
CIRCLE
  8
PIN_TOP
 10
29.731132
 20
9.744558
 40
0.203200
  0
CIRCLE
  8
PIN_TOP
 10
23.331348
 20
8.944458
 40
0.203200
  0
CIRCLE
  8
PIN_TOP
 10
24.131245
 20
8.944458
 40
0.203200
  0
CIRCLE
  8
PIN_TOP
 10
24.931345
 20
8.944458
 40
0.203200
  0
CIRCLE
  8
PIN_TOP
 10
28.131135
 20
8.944458
 40
0.203200
  0
CIRCLE
  8
PIN_TOP
 10
28.931235
 20
8.944458
 40
0.203200
  0
CIRCLE
  8
PIN_TOP
 10
29.731132
 20
8.944458
 40
0.203200
  0
CIRCLE
  8
PIN_TOP
 10
23.331348
 20
17.744542
 40
0.203200
  0
CIRCLE
  8
PIN_TOP
 10
24.131245
 20
17.744542
 40
0.203200
  0
CIRCLE
  8
PIN_TOP
 10
24.931345
 20
17.744542
 40
0.203200
  0
CIRCLE
  8
PIN_TOP
 10
28.131135
 20
17.744542
 40
0.203200
  0
CIRCLE
  8
PIN_TOP
 10
28.931235
 20
17.744542
 40
0.203200
  0
CIRCLE
  8
PIN_TOP
 10
29.731132
 20
17.744542
 40
0.203200
  0
POLYLINE
  8
PG_SILKSCREEN_TOP
 66
1
 70
0
 40
0.000000
 41
0.000000
 39
0.000000
  0
VERTEX
  8
PG_SILKSCREEN_TOP
 10
30.341240
 20
21.751646
 40
0.127000
 41
0.127000
 42
0.000000
  0
VERTEX
  8
PG_SILKSCREEN_TOP
 10
22.721240
 20
21.751646
 40
0.127000
 41
0.127000
 42
0.000000
  0
VERTEX
  8
PG_SILKSCREEN_TOP
 10
22.721240
 20
8.137246
 40
0.127000
 41
0.127000
 42
0.000000
  0
VERTEX
  8
PG_SILKSCREEN_TOP
 10
30.341240
 20
8.137246
 40
0.127000
 41
0.127000
 42
0.000000
  0
VERTEX
  8
PG_SILKSCREEN_TOP
 10
30.341240
 20
21.751646
 40
0.127000
 41
0.127000
 42
0.000000
  0
SEQEND
  0
POLYLINE
  8
PG_SILKSCREEN_TOP
 66
1
 70
0
 40
0.000000
 41
0.000000
 39
0.000000
  0
VERTEX
  8
PG_SILKSCREEN_TOP
 10
22.035440
 20
22.361246
 40
0.152400
 41
0.152400
 42
0.999995
  0
VERTEX
  8
PG_SILKSCREEN_TOP
 10
21.273440
 20
22.361246
 40
0.152400
 41
0.152400
 42
1.000005
  0
VERTEX
  8
PG_SILKSCREEN_TOP
 10
22.035440
 20
22.361246
 40
0.152400
 41
0.152400
 42
0.000000
  0
SEQEND
  0
POLYLINE
  8
PG_SILKSCREEN_TOP
 66
1
 70
0
 40
0.000000
 41
0.000000
 39
0.000000
  0
VERTEX
  8
PG_SILKSCREEN_TOP
 10
31.348832
 20
7.626934
 40
0.152400
 41
0.152400
 42
0.000000
  0
VERTEX
  8
PG_SILKSCREEN_TOP
 10
21.713647
 20
7.626934
 40
0.152400
 41
0.152400
 42
0.000000
  0
VERTEX
  8
PG_SILKSCREEN_TOP
 10
21.713647
 20
21.372932
 40
0.152400
 41
0.152400
 42
0.000000
  0
VERTEX
  8
PG_SILKSCREEN_TOP
 10
22.602647
 20
22.261932
 40
0.152400
 41
0.152400
 42
0.000000
  0
VERTEX
  8
PG_SILKSCREEN_TOP
 10
31.348832
 20
22.261932
 40
0.152400
 41
0.152400
 42
0.000000
  0
VERTEX
  8
PG_SILKSCREEN_TOP
 10
31.348832
 20
7.626934
 40
0.152400
 41
0.152400
 42
0.000000
  0
SEQEND
  0
CIRCLE
  8
PIN_TOP
 10
33.994801
 20
20.944434
 40
0.203200
  0
CIRCLE
  8
PIN_TOP
 10
34.794698
 20
20.944434
 40
0.203200
  0
CIRCLE
  8
PIN_TOP
 10
35.594798
 20
20.944434
 40
0.203200
  0
CIRCLE
  8
PIN_TOP
 10
38.794588
 20
20.944434
 40
0.203200
  0
CIRCLE
  8
PIN_TOP
 10
39.594688
 20
20.944434
 40
0.203200
  0
CIRCLE
  8
PIN_TOP
 10
40.394585
 20
20.944434
 40
0.203200
  0
CIRCLE
  8
PIN_TOP
 10
33.994801
 20
20.144334
 40
0.203200
  0
CIRCLE
  8
PIN_TOP
 10
34.794698
 20
20.144334
 40
0.203200
  0
CIRCLE
  8
PIN_TOP
 10
35.594798
 20
20.144334
 40
0.203200
  0
CIRCLE
  8
PIN_TOP
 10
38.794588
 20
20.144334
 40
0.203200
  0
CIRCLE
  8
PIN_TOP
 10
39.594688
 20
20.144334
 40
0.203200
  0
CIRCLE
  8
PIN_TOP
 10
40.394585
 20
20.144334
 40
0.203200
  0
CIRCLE
  8
PIN_TOP
 10
33.994801
 20
19.344437
 40
0.203200
  0
CIRCLE
  8
PIN_TOP
 10
34.794698
 20
19.344437
 40
0.203200
  0
CIRCLE
  8
PIN_TOP
 10
35.594798
 20
19.344437
 40
0.203200
  0
CIRCLE
  8
PIN_TOP
 10
38.794588
 20
19.344437
 40
0.203200
  0
CIRCLE
  8
PIN_TOP
 10
39.594688
 20
19.344437
 40
0.203200
  0
CIRCLE
  8
PIN_TOP
 10
40.394585
 20
19.344437
 40
0.203200
  0
CIRCLE
  8
PIN_TOP
 10
33.994801
 20
18.544337
 40
0.203200
  0
CIRCLE
  8
PIN_TOP
 10
34.794698
 20
18.544337
 40
0.203200
  0
CIRCLE
  8
PIN_TOP
 10
35.594798
 20
18.544337
 40
0.203200
  0
CIRCLE
  8
PIN_TOP
 10
38.794588
 20
18.544337
 40
0.203200
  0
CIRCLE
  8
PIN_TOP
 10
39.594688
 20
18.544337
 40
0.203200
  0
CIRCLE
  8
PIN_TOP
 10
40.394585
 20
18.544337
 40
0.203200
  0
CIRCLE
  8
PIN_TOP
 10
33.994801
 20
16.944442
 40
0.203200
  0
CIRCLE
  8
PIN_TOP
 10
34.794698
 20
16.944442
 40
0.203200
  0
CIRCLE
  8
PIN_TOP
 10
35.594798
 20
16.944442
 40
0.203200
  0
CIRCLE
  8
PIN_TOP
 10
38.794588
 20
16.944442
 40
0.203200
  0
CIRCLE
  8
PIN_TOP
 10
39.594688
 20
16.944442
 40
0.203200
  0
CIRCLE
  8
PIN_TOP
 10
40.394585
 20
16.944442
 40
0.203200
  0
CIRCLE
  8
PIN_TOP
 10
33.994801
 20
16.144342
 40
0.203200
  0
CIRCLE
  8
PIN_TOP
 10
34.794698
 20
16.144342
 40
0.203200
  0
CIRCLE
  8
PIN_TOP
 10
35.594798
 20
16.144342
 40
0.203200
  0
CIRCLE
  8
PIN_TOP
 10
38.794588
 20
16.144342
 40
0.203200
  0
CIRCLE
  8
PIN_TOP
 10
39.594688
 20
16.144342
 40
0.203200
  0
CIRCLE
  8
PIN_TOP
 10
40.394585
 20
16.144342
 40
0.203200
  0
CIRCLE
  8
PIN_TOP
 10
33.994801
 20
15.344445
 40
0.203200
  0
CIRCLE
  8
PIN_TOP
 10
34.794698
 20
15.344445
 40
0.203200
  0
CIRCLE
  8
PIN_TOP
 10
35.594798
 20
15.344445
 40
0.203200
  0
CIRCLE
  8
PIN_TOP
 10
38.794588
 20
15.344445
 40
0.203200
  0
CIRCLE
  8
PIN_TOP
 10
39.594688
 20
15.344445
 40
0.203200
  0
CIRCLE
  8
PIN_TOP
 10
40.394585
 20
15.344445
 40
0.203200
  0
CIRCLE
  8
PIN_TOP
 10
33.994801
 20
14.544446
 40
0.203200
  0
CIRCLE
  8
PIN_TOP
 10
34.794698
 20
14.544446
 40
0.203200
  0
CIRCLE
  8
PIN_TOP
 10
35.594798
 20
14.544446
 40
0.203200
  0
CIRCLE
  8
PIN_TOP
 10
38.794588
 20
14.544446
 40
0.203200
  0
CIRCLE
  8
PIN_TOP
 10
39.594688
 20
14.544446
 40
0.203200
  0
CIRCLE
  8
PIN_TOP
 10
40.394585
 20
14.544446
 40
0.203200
  0
CIRCLE
  8
PIN_TOP
 10
33.994801
 20
13.744550
 40
0.203200
  0
CIRCLE
  8
PIN_TOP
 10
34.794698
 20
13.744550
 40
0.203200
  0
CIRCLE
  8
PIN_TOP
 10
35.594798
 20
13.744550
 40
0.203200
  0
CIRCLE
  8
PIN_TOP
 10
38.794588
 20
13.744550
 40
0.203200
  0
CIRCLE
  8
PIN_TOP
 10
39.594688
 20
13.744550
 40
0.203200
  0
CIRCLE
  8
PIN_TOP
 10
40.394585
 20
13.744550
 40
0.203200
  0
CIRCLE
  8
PIN_TOP
 10
33.994801
 20
12.944450
 40
0.203200
  0
CIRCLE
  8
PIN_TOP
 10
34.794698
 20
12.944450
 40
0.203200
  0
CIRCLE
  8
PIN_TOP
 10
35.594798
 20
12.944450
 40
0.203200
  0
CIRCLE
  8
PIN_TOP
 10
38.794588
 20
12.944450
 40
0.203200
  0
CIRCLE
  8
PIN_TOP
 10
39.594688
 20
12.944450
 40
0.203200
  0
CIRCLE
  8
PIN_TOP
 10
40.394585
 20
12.944450
 40
0.203200
  0
CIRCLE
  8
PIN_TOP
 10
33.994801
 20
12.144350
 40
0.203200
  0
CIRCLE
  8
PIN_TOP
 10
34.794698
 20
12.144350
 40
0.203200
  0
CIRCLE
  8
PIN_TOP
 10
35.594798
 20
12.144350
 40
0.203200
  0
CIRCLE
  8
PIN_TOP
 10
38.794588
 20
12.144350
 40
0.203200
  0
CIRCLE
  8
PIN_TOP
 10
39.594688
 20
12.144350
 40
0.203200
  0
CIRCLE
  8
PIN_TOP
 10
40.394585
 20
12.144350
 40
0.203200
  0
CIRCLE
  8
PIN_TOP
 10
33.994801
 20
11.344554
 40
0.203200
  0
CIRCLE
  8
PIN_TOP
 10
34.794698
 20
11.344554
 40
0.203200
  0
CIRCLE
  8
PIN_TOP
 10
35.594798
 20
11.344554
 40
0.203200
  0
CIRCLE
  8
PIN_TOP
 10
38.794588
 20
11.344554
 40
0.203200
  0
CIRCLE
  8
PIN_TOP
 10
39.594688
 20
11.344554
 40
0.203200
  0
CIRCLE
  8
PIN_TOP
 10
40.394585
 20
11.344554
 40
0.203200
  0
CIRCLE
  8
PIN_TOP
 10
33.994801
 20
10.544454
 40
0.203200
  0
CIRCLE
  8
PIN_TOP
 10
34.794698
 20
10.544454
 40
0.203200
  0
CIRCLE
  8
PIN_TOP
 10
35.594798
 20
10.544454
 40
0.203200
  0
CIRCLE
  8
PIN_TOP
 10
38.794588
 20
10.544454
 40
0.203200
  0
CIRCLE
  8
PIN_TOP
 10
39.594688
 20
10.544454
 40
0.203200
  0
CIRCLE
  8
PIN_TOP
 10
40.394585
 20
10.544454
 40
0.203200
  0
CIRCLE
  8
PIN_TOP
 10
33.994801
 20
9.744558
 40
0.203200
  0
CIRCLE
  8
PIN_TOP
 10
34.794698
 20
9.744558
 40
0.203200
  0
CIRCLE
  8
PIN_TOP
 10
35.594798
 20
9.744558
 40
0.203200
  0
CIRCLE
  8
PIN_TOP
 10
38.794588
 20
9.744558
 40
0.203200
  0
CIRCLE
  8
PIN_TOP
 10
39.594688
 20
9.744558
 40
0.203200
  0
CIRCLE
  8
PIN_TOP
 10
40.394585
 20
9.744558
 40
0.203200
  0
CIRCLE
  8
PIN_TOP
 10
33.994801
 20
8.944458
 40
0.203200
  0
CIRCLE
  8
PIN_TOP
 10
34.794698
 20
8.944458
 40
0.203200
  0
CIRCLE
  8
PIN_TOP
 10
35.594798
 20
8.944458
 40
0.203200
  0
CIRCLE
  8
PIN_TOP
 10
38.794588
 20
8.944458
 40
0.203200
  0
CIRCLE
  8
PIN_TOP
 10
39.594688
 20
8.944458
 40
0.203200
  0
CIRCLE
  8
PIN_TOP
 10
40.394585
 20
8.944458
 40
0.203200
  0
CIRCLE
  8
PIN_TOP
 10
33.994801
 20
17.744542
 40
0.203200
  0
CIRCLE
  8
PIN_TOP
 10
34.794698
 20
17.744542
 40
0.203200
  0
CIRCLE
  8
PIN_TOP
 10
35.594798
 20
17.744542
 40
0.203200
  0
CIRCLE
  8
PIN_TOP
 10
38.794588
 20
17.744542
 40
0.203200
  0
CIRCLE
  8
PIN_TOP
 10
39.594688
 20
17.744542
 40
0.203200
  0
CIRCLE
  8
PIN_TOP
 10
40.394585
 20
17.744542
 40
0.203200
  0
POLYLINE
  8
PG_SILKSCREEN_TOP
 66
1
 70
0
 40
0.000000
 41
0.000000
 39
0.000000
  0
VERTEX
  8
PG_SILKSCREEN_TOP
 10
41.004693
 20
21.751646
 40
0.127000
 41
0.127000
 42
0.000000
  0
VERTEX
  8
PG_SILKSCREEN_TOP
 10
33.384693
 20
21.751646
 40
0.127000
 41
0.127000
 42
0.000000
  0
VERTEX
  8
PG_SILKSCREEN_TOP
 10
33.384693
 20
8.137246
 40
0.127000
 41
0.127000
 42
0.000000
  0
VERTEX
  8
PG_SILKSCREEN_TOP
 10
41.004693
 20
8.137246
 40
0.127000
 41
0.127000
 42
0.000000
  0
VERTEX
  8
PG_SILKSCREEN_TOP
 10
41.004693
 20
21.751646
 40
0.127000
 41
0.127000
 42
0.000000
  0
SEQEND
  0
POLYLINE
  8
PG_SILKSCREEN_TOP
 66
1
 70
0
 40
0.000000
 41
0.000000
 39
0.000000
  0
VERTEX
  8
PG_SILKSCREEN_TOP
 10
32.698893
 20
22.361246
 40
0.152400
 41
0.152400
 42
1.000013
  0
VERTEX
  8
PG_SILKSCREEN_TOP
 10
31.936893
 20
22.361246
 40
0.152400
 41
0.152400
 42
0.999987
  0
VERTEX
  8
PG_SILKSCREEN_TOP
 10
32.698893
 20
22.361246
 40
0.152400
 41
0.152400
 42
0.000000
  0
SEQEND
  0
POLYLINE
  8
PG_SILKSCREEN_TOP
 66
1
 70
0
 40
0.000000
 41
0.000000
 39
0.000000
  0
VERTEX
  8
PG_SILKSCREEN_TOP
 10
42.012286
 20
7.626960
 40
0.152400
 41
0.152400
 42
0.000000
  0
VERTEX
  8
PG_SILKSCREEN_TOP
 10
32.377101
 20
7.626960
 40
0.152400
 41
0.152400
 42
0.000000
  0
VERTEX
  8
PG_SILKSCREEN_TOP
 10
32.377101
 20
21.372957
 40
0.152400
 41
0.152400
 42
0.000000
  0
VERTEX
  8
PG_SILKSCREEN_TOP
 10
33.266101
 20
22.261957
 40
0.152400
 41
0.152400
 42
0.000000
  0
VERTEX
  8
PG_SILKSCREEN_TOP
 10
42.012286
 20
22.261957
 40
0.152400
 41
0.152400
 42
0.000000
  0
VERTEX
  8
PG_SILKSCREEN_TOP
 10
42.012286
 20
7.626960
 40
0.152400
 41
0.152400
 42
0.000000
  0
SEQEND
  0
CIRCLE
  8
PIN_TOP
 10
19.864959
 20
3.007995
 40
0.475056
  0
CIRCLE
  8
PIN_TOP
 10
60.134983
 20
1.737995
 40
0.475056
  0
CIRCLE
  8
PIN_TOP
 10
60.134983
 20
76.991997
 40
0.475056
  0
CIRCLE
  8
PIN_TOP
 10
19.864959
 20
78.261997
 40
0.475056
  0
CIRCLE
  8
PIN_TOP
 10
76.991997
 20
19.865010
 40
0.475056
  0
CIRCLE
  8
PIN_TOP
 10
78.261997
 20
60.135033
 40
0.475056
  0
CIRCLE
  8
PIN_TOP
 10
3.007995
 20
19.865010
 40
0.475056
  0
CIRCLE
  8
PIN_TOP
 10
4.277995
 20
60.135033
 40
0.475056
  0
POLYLINE
  8
PG_SILKSCREEN_TOP
 66
1
 70
0
 40
0.000000
 41
0.000000
 39
0.000000
  0
VERTEX
  8
PG_SILKSCREEN_TOP
 10
34.486596
 20
5.521706
 40
0.025400
 41
0.025400
 42
0.000000
  0
VERTEX
  8
PG_SILKSCREEN_TOP
 10
34.486596
 20
4.175506
 40
0.025400
 41
0.025400
 42
0.000000
  0
SEQEND
  0
POLYLINE
  8
PG_SILKSCREEN_TOP
 66
1
 70
0
 40
0.000000
 41
0.000000
 39
0.000000
  0
VERTEX
  8
PG_SILKSCREEN_TOP
 10
34.461196
 20
5.547106
 40
0.025400
 41
0.025400
 42
0.000000
  0
VERTEX
  8
PG_SILKSCREEN_TOP
 10
34.461196
 20
4.200906
 40
0.025400
 41
0.025400
 42
0.000000
  0
SEQEND
  0
POLYLINE
  8
PG_SILKSCREEN_TOP
 66
1
 70
0
 40
0.000000
 41
0.000000
 39
0.000000
  0
VERTEX
  8
PG_SILKSCREEN_TOP
 10
34.435796
 20
5.547106
 40
0.025400
 41
0.025400
 42
0.000000
  0
VERTEX
  8
PG_SILKSCREEN_TOP
 10
34.435796
 20
4.200906
 40
0.025400
 41
0.025400
 42
0.000000
  0
SEQEND
  0
POLYLINE
  8
PG_SILKSCREEN_TOP
 66
1
 70
0
 40
0.000000
 41
0.000000
 39
0.000000
  0
VERTEX
  8
PG_SILKSCREEN_TOP
 10
34.410396
 20
5.572506
 40
0.025400
 41
0.025400
 42
0.000000
  0
VERTEX
  8
PG_SILKSCREEN_TOP
 10
34.410396
 20
4.226306
 40
0.025400
 41
0.025400
 42
0.000000
  0
SEQEND
  0
POLYLINE
  8
PG_SILKSCREEN_TOP
 66
1
 70
0
 40
0.000000
 41
0.000000
 39
0.000000
  0
VERTEX
  8
PG_SILKSCREEN_TOP
 10
34.384996
 20
5.597906
 40
0.025400
 41
0.025400
 42
0.000000
  0
VERTEX
  8
PG_SILKSCREEN_TOP
 10
34.384996
 20
4.251706
 40
0.025400
 41
0.025400
 42
0.000000
  0
SEQEND
  0
POLYLINE
  8
PG_SILKSCREEN_TOP
 66
1
 70
0
 40
0.000000
 41
0.000000
 39
0.000000
  0
VERTEX
  8
PG_SILKSCREEN_TOP
 10
34.359596
 20
5.597906
 40
0.025400
 41
0.025400
 42
0.000000
  0
VERTEX
  8
PG_SILKSCREEN_TOP
 10
34.359596
 20
4.277106
 40
0.025400
 41
0.025400
 42
0.000000
  0
SEQEND
  0
POLYLINE
  8
PG_SILKSCREEN_TOP
 66
1
 70
0
 40
0.000000
 41
0.000000
 39
0.000000
  0
VERTEX
  8
PG_SILKSCREEN_TOP
 10
34.334196
 20
5.623306
 40
0.025400
 41
0.025400
 42
0.000000
  0
VERTEX
  8
PG_SILKSCREEN_TOP
 10
34.334196
 20
4.302506
 40
0.025400
 41
0.025400
 42
0.000000
  0
SEQEND
  0
POLYLINE
  8
PG_SILKSCREEN_TOP
 66
1
 70
0
 40
0.000000
 41
0.000000
 39
0.000000
  0
VERTEX
  8
PG_SILKSCREEN_TOP
 10
34.308796
 20
5.648706
 40
0.025400
 41
0.025400
 42
0.000000
  0
VERTEX
  8
PG_SILKSCREEN_TOP
 10
34.308796
 20
4.302506
 40
0.025400
 41
0.025400
 42
0.000000
  0
SEQEND
  0
POLYLINE
  8
PG_SILKSCREEN_TOP
 66
1
 70
0
 40
0.000000
 41
0.000000
 39
0.000000
  0
VERTEX
  8
PG_SILKSCREEN_TOP
 10
34.283396
 20
5.648706
 40
0.025400
 41
0.025400
 42
0.000000
  0
VERTEX
  8
PG_SILKSCREEN_TOP
 10
34.283396
 20
4.327906
 40
0.025400
 41
0.025400
 42
0.000000
  0
SEQEND
  0
POLYLINE
  8
PG_SILKSCREEN_TOP
 66
1
 70
0
 40
0.000000
 41
0.000000
 39
0.000000
  0
VERTEX
  8
PG_SILKSCREEN_TOP
 10
34.257996
 20
5.648706
 40
0.025400
 41
0.025400
 42
0.000000
  0
VERTEX
  8
PG_SILKSCREEN_TOP
 10
34.257996
 20
4.353306
 40
0.025400
 41
0.025400
 42
0.000000
  0
SEQEND
  0
POLYLINE
  8
PG_SILKSCREEN_TOP
 66
1
 70
0
 40
0.000000
 41
0.000000
 39
0.000000
  0
VERTEX
  8
PG_SILKSCREEN_TOP
 10
34.232596
 20
5.674106
 40
0.025400
 41
0.025400
 42
0.000000
  0
VERTEX
  8
PG_SILKSCREEN_TOP
 10
34.232596
 20
4.378706
 40
0.025400
 41
0.025400
 42
0.000000
  0
SEQEND
  0
POLYLINE
  8
PG_SILKSCREEN_TOP
 66
1
 70
0
 40
0.000000
 41
0.000000
 39
0.000000
  0
VERTEX
  8
PG_SILKSCREEN_TOP
 10
34.207196
 20
5.674106
 40
0.025400
 41
0.025400
 42
0.000000
  0
VERTEX
  8
PG_SILKSCREEN_TOP
 10
34.207196
 20
4.378706
 40
0.025400
 41
0.025400
 42
0.000000
  0
SEQEND
  0
POLYLINE
  8
PG_SILKSCREEN_TOP
 66
1
 70
0
 40
0.000000
 41
0.000000
 39
0.000000
  0
VERTEX
  8
PG_SILKSCREEN_TOP
 10
34.181796
 20
5.699506
 40
0.025400
 41
0.025400
 42
0.000000
  0
VERTEX
  8
PG_SILKSCREEN_TOP
 10
34.181796
 20
4.404106
 40
0.025400
 41
0.025400
 42
0.000000
  0
SEQEND
  0
POLYLINE
  8
PG_SILKSCREEN_TOP
 66
1
 70
0
 40
0.000000
 41
0.000000
 39
0.000000
  0
VERTEX
  8
PG_SILKSCREEN_TOP
 10
34.156396
 20
5.699506
 40
0.025400
 41
0.025400
 42
0.000000
  0
VERTEX
  8
PG_SILKSCREEN_TOP
 10
34.156396
 20
4.429506
 40
0.025400
 41
0.025400
 42
0.000000
  0
SEQEND
  0
POLYLINE
  8
PG_SILKSCREEN_TOP
 66
1
 70
0
 40
0.000000
 41
0.000000
 39
0.000000
  0
VERTEX
  8
PG_SILKSCREEN_TOP
 10
34.130996
 20
5.724906
 40
0.025400
 41
0.025400
 42
0.000000
  0
VERTEX
  8
PG_SILKSCREEN_TOP
 10
34.130996
 20
4.454906
 40
0.025400
 41
0.025400
 42
0.000000
  0
SEQEND
  0
POLYLINE
  8
PG_SILKSCREEN_TOP
 66
1
 70
0
 40
0.000000
 41
0.000000
 39
0.000000
  0
VERTEX
  8
PG_SILKSCREEN_TOP
 10
34.105596
 20
5.750306
 40
0.025400
 41
0.025400
 42
0.000000
  0
VERTEX
  8
PG_SILKSCREEN_TOP
 10
34.105596
 20
4.480306
 40
0.025400
 41
0.025400
 42
0.000000
  0
SEQEND
  0
POLYLINE
  8
PG_SILKSCREEN_TOP
 66
1
 70
0
 40
0.000000
 41
0.000000
 39
0.000000
  0
VERTEX
  8
PG_SILKSCREEN_TOP
 10
34.080196
 20
5.750306
 40
0.025400
 41
0.025400
 42
0.000000
  0
VERTEX
  8
PG_SILKSCREEN_TOP
 10
34.080196
 20
4.505706
 40
0.025400
 41
0.025400
 42
0.000000
  0
SEQEND
  0
POLYLINE
  8
PG_SILKSCREEN_TOP
 66
1
 70
0
 40
0.000000
 41
0.000000
 39
0.000000
  0
VERTEX
  8
PG_SILKSCREEN_TOP
 10
34.054796
 20
5.750306
 40
0.025400
 41
0.025400
 42
0.000000
  0
VERTEX
  8
PG_SILKSCREEN_TOP
 10
34.054796
 20
4.505706
 40
0.025400
 41
0.025400
 42
0.000000
  0
SEQEND
  0
POLYLINE
  8
PG_SILKSCREEN_TOP
 66
1
 70
0
 40
0.000000
 41
0.000000
 39
0.000000
  0
VERTEX
  8
PG_SILKSCREEN_TOP
 10
34.029396
 20
5.750306
 40
0.025400
 41
0.025400
 42
0.000000
  0
VERTEX
  8
PG_SILKSCREEN_TOP
 10
34.029396
 20
4.531106
 40
0.025400
 41
0.025400
 42
0.000000
  0
SEQEND
  0
POLYLINE
  8
PG_SILKSCREEN_TOP
 66
1
 70
0
 40
0.000000
 41
0.000000
 39
0.000000
  0
VERTEX
  8
PG_SILKSCREEN_TOP
 10
34.003996
 20
5.775706
 40
0.025400
 41
0.025400
 42
0.000000
  0
VERTEX
  8
PG_SILKSCREEN_TOP
 10
34.003996
 20
4.556506
 40
0.025400
 41
0.025400
 42
0.000000
  0
SEQEND
  0
POLYLINE
  8
PG_SILKSCREEN_TOP
 66
1
 70
0
 40
0.000000
 41
0.000000
 39
0.000000
  0
VERTEX
  8
PG_SILKSCREEN_TOP
 10
33.978596
 20
5.775706
 40
0.025400
 41
0.025400
 42
0.000000
  0
VERTEX
  8
PG_SILKSCREEN_TOP
 10
33.978596
 20
4.581906
 40
0.025400
 41
0.025400
 42
0.000000
  0
SEQEND
  0
POLYLINE
  8
PG_SILKSCREEN_TOP
 66
1
 70
0
 40
0.000000
 41
0.000000
 39
0.000000
  0
VERTEX
  8
PG_SILKSCREEN_TOP
 10
33.953196
 20
5.801106
 40
0.025400
 41
0.025400
 42
0.000000
  0
VERTEX
  8
PG_SILKSCREEN_TOP
 10
33.953196
 20
4.607306
 40
0.025400
 41
0.025400
 42
0.000000
  0
SEQEND
  0
POLYLINE
  8
PG_SILKSCREEN_TOP
 66
1
 70
0
 40
0.000000
 41
0.000000
 39
0.000000
  0
VERTEX
  8
PG_SILKSCREEN_TOP
 10
33.927796
 20
5.801106
 40
0.025400
 41
0.025400
 42
0.000000
  0
VERTEX
  8
PG_SILKSCREEN_TOP
 10
33.927796
 20
4.607306
 40
0.025400
 41
0.025400
 42
0.000000
  0
SEQEND
  0
POLYLINE
  8
PG_SILKSCREEN_TOP
 66
1
 70
0
 40
0.000000
 41
0.000000
 39
0.000000
  0
VERTEX
  8
PG_SILKSCREEN_TOP
 10
33.902396
 20
5.801106
 40
0.025400
 41
0.025400
 42
0.000000
  0
VERTEX
  8
PG_SILKSCREEN_TOP
 10
33.902396
 20
4.632706
 40
0.025400
 41
0.025400
 42
0.000000
  0
SEQEND
  0
POLYLINE
  8
PG_SILKSCREEN_TOP
 66
1
 70
0
 40
0.000000
 41
0.000000
 39
0.000000
  0
VERTEX
  8
PG_SILKSCREEN_TOP
 10
33.876996
 20
5.826506
 40
0.025400
 41
0.025400
 42
0.000000
  0
VERTEX
  8
PG_SILKSCREEN_TOP
 10
33.876996
 20
4.658106
 40
0.025400
 41
0.025400
 42
0.000000
  0
SEQEND
  0
POLYLINE
  8
PG_SILKSCREEN_TOP
 66
1
 70
0
 40
0.000000
 41
0.000000
 39
0.000000
  0
VERTEX
  8
PG_SILKSCREEN_TOP
 10
33.851596
 20
5.826506
 40
0.025400
 41
0.025400
 42
0.000000
  0
VERTEX
  8
PG_SILKSCREEN_TOP
 10
33.851596
 20
4.683506
 40
0.025400
 41
0.025400
 42
0.000000
  0
SEQEND
  0
POLYLINE
  8
PG_SILKSCREEN_TOP
 66
1
 70
0
 40
0.000000
 41
0.000000
 39
0.000000
  0
VERTEX
  8
PG_SILKSCREEN_TOP
 10
33.826196
 20
5.851906
 40
0.025400
 41
0.025400
 42
0.000000
  0
VERTEX
  8
PG_SILKSCREEN_TOP
 10
33.826196
 20
4.708906
 40
0.025400
 41
0.025400
 42
0.000000
  0
SEQEND
  0
POLYLINE
  8
PG_SILKSCREEN_TOP
 66
1
 70
0
 40
0.000000
 41
0.000000
 39
0.000000
  0
VERTEX
  8
PG_SILKSCREEN_TOP
 10
33.800796
 20
5.851906
 40
0.025400
 41
0.025400
 42
0.000000
  0
VERTEX
  8
PG_SILKSCREEN_TOP
 10
33.800796
 20
4.708906
 40
0.025400
 41
0.025400
 42
0.000000
  0
SEQEND
  0
POLYLINE
  8
PG_SILKSCREEN_TOP
 66
1
 70
0
 40
0.000000
 41
0.000000
 39
0.000000
  0
VERTEX
  8
PG_SILKSCREEN_TOP
 10
33.775396
 20
5.851906
 40
0.025400
 41
0.025400
 42
0.000000
  0
VERTEX
  8
PG_SILKSCREEN_TOP
 10
33.775396
 20
4.734306
 40
0.025400
 41
0.025400
 42
0.000000
  0
SEQEND
  0
POLYLINE
  8
PG_SILKSCREEN_TOP
 66
1
 70
0
 40
0.000000
 41
0.000000
 39
0.000000
  0
VERTEX
  8
PG_SILKSCREEN_TOP
 10
33.749996
 20
5.851906
 40
0.025400
 41
0.025400
 42
0.000000
  0
VERTEX
  8
PG_SILKSCREEN_TOP
 10
33.749996
 20
4.759706
 40
0.025400
 41
0.025400
 42
0.000000
  0
SEQEND
  0
POLYLINE
  8
PG_SILKSCREEN_TOP
 66
1
 70
0
 40
0.000000
 41
0.000000
 39
0.000000
  0
VERTEX
  8
PG_SILKSCREEN_TOP
 10
33.724596
 20
5.851906
 40
0.025400
 41
0.025400
 42
0.000000
  0
VERTEX
  8
PG_SILKSCREEN_TOP
 10
33.724596
 20
4.785106
 40
0.025400
 41
0.025400
 42
0.000000
  0
SEQEND
  0
POLYLINE
  8
PG_SILKSCREEN_TOP
 66
1
 70
0
 40
0.000000
 41
0.000000
 39
0.000000
  0
VERTEX
  8
PG_SILKSCREEN_TOP
 10
33.699196
 20
5.851906
 40
0.025400
 41
0.025400
 42
0.000000
  0
VERTEX
  8
PG_SILKSCREEN_TOP
 10
33.699196
 20
4.810506
 40
0.025400
 41
0.025400
 42
0.000000
  0
SEQEND
  0
POLYLINE
  8
PG_SILKSCREEN_TOP
 66
1
 70
0
 40
0.000000
 41
0.000000
 39
0.000000
  0
VERTEX
  8
PG_SILKSCREEN_TOP
 10
33.673796
 20
5.877306
 40
0.025400
 41
0.025400
 42
0.000000
  0
VERTEX
  8
PG_SILKSCREEN_TOP
 10
33.673796
 20
4.810506
 40
0.025400
 41
0.025400
 42
0.000000
  0
SEQEND
  0
POLYLINE
  8
PG_SILKSCREEN_TOP
 66
1
 70
0
 40
0.000000
 41
0.000000
 39
0.000000
  0
VERTEX
  8
PG_SILKSCREEN_TOP
 10
33.648396
 20
5.877306
 40
0.025400
 41
0.025400
 42
0.000000
  0
VERTEX
  8
PG_SILKSCREEN_TOP
 10
33.648396
 20
4.835906
 40
0.025400
 41
0.025400
 42
0.000000
  0
SEQEND
  0
POLYLINE
  8
PG_SILKSCREEN_TOP
 66
1
 70
0
 40
0.000000
 41
0.000000
 39
0.000000
  0
VERTEX
  8
PG_SILKSCREEN_TOP
 10
33.622996
 20
5.877306
 40
0.025400
 41
0.025400
 42
0.000000
  0
VERTEX
  8
PG_SILKSCREEN_TOP
 10
33.622996
 20
4.861306
 40
0.025400
 41
0.025400
 42
0.000000
  0
SEQEND
  0
POLYLINE
  8
PG_SILKSCREEN_TOP
 66
1
 70
0
 40
0.000000
 41
0.000000
 39
0.000000
  0
VERTEX
  8
PG_SILKSCREEN_TOP
 10
33.597596
 20
5.877306
 40
0.025400
 41
0.025400
 42
0.000000
  0
VERTEX
  8
PG_SILKSCREEN_TOP
 10
33.597596
 20
4.886706
 40
0.025400
 41
0.025400
 42
0.000000
  0
SEQEND
  0
POLYLINE
  8
PG_SILKSCREEN_TOP
 66
1
 70
0
 40
0.000000
 41
0.000000
 39
0.000000
  0
VERTEX
  8
PG_SILKSCREEN_TOP
 10
33.572196
 20
5.902706
 40
0.025400
 41
0.025400
 42
0.000000
  0
VERTEX
  8
PG_SILKSCREEN_TOP
 10
33.572196
 20
4.912106
 40
0.025400
 41
0.025400
 42
0.000000
  0
SEQEND
  0
POLYLINE
  8
PG_SILKSCREEN_TOP
 66
1
 70
0
 40
0.000000
 41
0.000000
 39
0.000000
  0
VERTEX
  8
PG_SILKSCREEN_TOP
 10
33.546796
 20
5.902706
 40
0.025400
 41
0.025400
 42
0.000000
  0
VERTEX
  8
PG_SILKSCREEN_TOP
 10
33.546796
 20
4.912106
 40
0.025400
 41
0.025400
 42
0.000000
  0
SEQEND
  0
POLYLINE
  8
PG_SILKSCREEN_TOP
 66
1
 70
0
 40
0.000000
 41
0.000000
 39
0.000000
  0
VERTEX
  8
PG_SILKSCREEN_TOP
 10
33.521396
 20
5.902706
 40
0.025400
 41
0.025400
 42
0.000000
  0
VERTEX
  8
PG_SILKSCREEN_TOP
 10
33.521396
 20
4.937506
 40
0.025400
 41
0.025400
 42
0.000000
  0
SEQEND
  0
POLYLINE
  8
PG_SILKSCREEN_TOP
 66
1
 70
0
 40
0.000000
 41
0.000000
 39
0.000000
  0
VERTEX
  8
PG_SILKSCREEN_TOP
 10
33.495996
 20
5.902706
 40
0.025400
 41
0.025400
 42
0.000000
  0
VERTEX
  8
PG_SILKSCREEN_TOP
 10
33.495996
 20
4.962906
 40
0.025400
 41
0.025400
 42
0.000000
  0
SEQEND
  0
POLYLINE
  8
PG_SILKSCREEN_TOP
 66
1
 70
0
 40
0.000000
 41
0.000000
 39
0.000000
  0
VERTEX
  8
PG_SILKSCREEN_TOP
 10
33.470596
 20
5.902706
 40
0.025400
 41
0.025400
 42
0.000000
  0
VERTEX
  8
PG_SILKSCREEN_TOP
 10
33.470596
 20
4.988306
 40
0.025400
 41
0.025400
 42
0.000000
  0
SEQEND
  0
POLYLINE
  8
PG_SILKSCREEN_TOP
 66
1
 70
0
 40
0.000000
 41
0.000000
 39
0.000000
  0
VERTEX
  8
PG_SILKSCREEN_TOP
 10
33.445196
 20
5.902706
 40
0.025400
 41
0.025400
 42
0.000000
  0
VERTEX
  8
PG_SILKSCREEN_TOP
 10
33.445196
 20
5.013706
 40
0.025400
 41
0.025400
 42
0.000000
  0
SEQEND
  0
POLYLINE
  8
PG_SILKSCREEN_TOP
 66
1
 70
0
 40
0.000000
 41
0.000000
 39
0.000000
  0
VERTEX
  8
PG_SILKSCREEN_TOP
 10
33.419796
 20
5.902706
 40
0.025400
 41
0.025400
 42
0.000000
  0
VERTEX
  8
PG_SILKSCREEN_TOP
 10
33.419796
 20
5.013706
 40
0.025400
 41
0.025400
 42
0.000000
  0
SEQEND
  0
POLYLINE
  8
PG_SILKSCREEN_TOP
 66
1
 70
0
 40
0.000000
 41
0.000000
 39
0.000000
  0
VERTEX
  8
PG_SILKSCREEN_TOP
 10
33.394396
 20
5.928106
 40
0.025400
 41
0.025400
 42
0.000000
  0
VERTEX
  8
PG_SILKSCREEN_TOP
 10
33.394396
 20
5.039106
 40
0.025400
 41
0.025400
 42
0.000000
  0
SEQEND
  0
POLYLINE
  8
PG_SILKSCREEN_TOP
 66
1
 70
0
 40
0.000000
 41
0.000000
 39
0.000000
  0
VERTEX
  8
PG_SILKSCREEN_TOP
 10
33.368996
 20
5.902706
 40
0.025400
 41
0.025400
 42
0.000000
  0
VERTEX
  8
PG_SILKSCREEN_TOP
 10
33.368996
 20
5.064506
 40
0.025400
 41
0.025400
 42
0.000000
  0
SEQEND
  0
POLYLINE
  8
PG_SILKSCREEN_TOP
 66
1
 70
0
 40
0.000000
 41
0.000000
 39
0.000000
  0
VERTEX
  8
PG_SILKSCREEN_TOP
 10
33.343596
 20
5.902706
 40
0.025400
 41
0.025400
 42
0.000000
  0
VERTEX
  8
PG_SILKSCREEN_TOP
 10
33.343596
 20
5.064506
 40
0.025400
 41
0.025400
 42
0.000000
  0
SEQEND
  0
POLYLINE
  8
PG_SILKSCREEN_TOP
 66
1
 70
0
 40
0.000000
 41
0.000000
 39
0.000000
  0
VERTEX
  8
PG_SILKSCREEN_TOP
 10
33.343596
 20
5.039106
 40
0.025400
 41
0.025400
 42
0.000000
  0
VERTEX
  8
PG_SILKSCREEN_TOP
 10
33.343596
 20
4.353306
 40
0.025400
 41
0.025400
 42
0.000000
  0
SEQEND
  0
POLYLINE
  8
PG_SILKSCREEN_TOP
 66
1
 70
0
 40
0.000000
 41
0.000000
 39
0.000000
  0
VERTEX
  8
PG_SILKSCREEN_TOP
 10
33.318196
 20
5.928106
 40
0.025400
 41
0.025400
 42
0.000000
  0
VERTEX
  8
PG_SILKSCREEN_TOP
 10
33.318196
 20
4.353306
 40
0.025400
 41
0.025400
 42
0.000000
  0
SEQEND
  0
POLYLINE
  8
PG_SILKSCREEN_TOP
 66
1
 70
0
 40
0.000000
 41
0.000000
 39
0.000000
  0
VERTEX
  8
PG_SILKSCREEN_TOP
 10
33.292796
 20
5.928106
 40
0.025400
 41
0.025400
 42
0.000000
  0
VERTEX
  8
PG_SILKSCREEN_TOP
 10
33.292796
 20
4.353306
 40
0.025400
 41
0.025400
 42
0.000000
  0
SEQEND
  0
POLYLINE
  8
PG_SILKSCREEN_TOP
 66
1
 70
0
 40
0.000000
 41
0.000000
 39
0.000000
  0
VERTEX
  8
PG_SILKSCREEN_TOP
 10
33.267396
 20
5.928106
 40
0.025400
 41
0.025400
 42
0.000000
  0
VERTEX
  8
PG_SILKSCREEN_TOP
 10
33.267396
 20
4.353306
 40
0.025400
 41
0.025400
 42
0.000000
  0
SEQEND
  0
POLYLINE
  8
PG_SILKSCREEN_TOP
 66
1
 70
0
 40
0.000000
 41
0.000000
 39
0.000000
  0
VERTEX
  8
PG_SILKSCREEN_TOP
 10
33.241996
 20
5.928106
 40
0.025400
 41
0.025400
 42
0.000000
  0
VERTEX
  8
PG_SILKSCREEN_TOP
 10
33.241996
 20
4.353306
 40
0.025400
 41
0.025400
 42
0.000000
  0
SEQEND
  0
POLYLINE
  8
PG_SILKSCREEN_TOP
 66
1
 70
0
 40
0.000000
 41
0.000000
 39
0.000000
  0
VERTEX
  8
PG_SILKSCREEN_TOP
 10
33.216596
 20
5.928106
 40
0.025400
 41
0.025400
 42
0.000000
  0
VERTEX
  8
PG_SILKSCREEN_TOP
 10
33.216596
 20
4.353306
 40
0.025400
 41
0.025400
 42
0.000000
  0
SEQEND
  0
POLYLINE
  8
PG_SILKSCREEN_TOP
 66
1
 70
0
 40
0.000000
 41
0.000000
 39
0.000000
  0
VERTEX
  8
PG_SILKSCREEN_TOP
 10
33.191196
 20
5.928106
 40
0.025400
 41
0.025400
 42
0.000000
  0
VERTEX
  8
PG_SILKSCREEN_TOP
 10
33.191196
 20
4.353306
 40
0.025400
 41
0.025400
 42
0.000000
  0
SEQEND
  0
POLYLINE
  8
PG_SILKSCREEN_TOP
 66
1
 70
0
 40
0.000000
 41
0.000000
 39
0.000000
  0
VERTEX
  8
PG_SILKSCREEN_TOP
 10
33.165796
 20
5.928106
 40
0.025400
 41
0.025400
 42
0.000000
  0
VERTEX
  8
PG_SILKSCREEN_TOP
 10
33.165796
 20
4.353306
 40
0.025400
 41
0.025400
 42
0.000000
  0
SEQEND
  0
POLYLINE
  8
PG_SILKSCREEN_TOP
 66
1
 70
0
 40
0.000000
 41
0.000000
 39
0.000000
  0
VERTEX
  8
PG_SILKSCREEN_TOP
 10
33.140396
 20
5.928106
 40
0.025400
 41
0.025400
 42
0.000000
  0
VERTEX
  8
PG_SILKSCREEN_TOP
 10
33.140396
 20
4.353306
 40
0.025400
 41
0.025400
 42
0.000000
  0
SEQEND
  0
POLYLINE
  8
PG_SILKSCREEN_TOP
 66
1
 70
0
 40
0.000000
 41
0.000000
 39
0.000000
  0
VERTEX
  8
PG_SILKSCREEN_TOP
 10
33.114996
 20
5.928106
 40
0.025400
 41
0.025400
 42
0.000000
  0
VERTEX
  8
PG_SILKSCREEN_TOP
 10
33.114996
 20
4.353306
 40
0.025400
 41
0.025400
 42
0.000000
  0
SEQEND
  0
POLYLINE
  8
PG_SILKSCREEN_TOP
 66
1
 70
0
 40
0.000000
 41
0.000000
 39
0.000000
  0
VERTEX
  8
PG_SILKSCREEN_TOP
 10
33.089596
 20
5.928106
 40
0.025400
 41
0.025400
 42
0.000000
  0
VERTEX
  8
PG_SILKSCREEN_TOP
 10
33.089596
 20
4.353306
 40
0.025400
 41
0.025400
 42
0.000000
  0
SEQEND
  0
POLYLINE
  8
PG_SILKSCREEN_TOP
 66
1
 70
0
 40
0.000000
 41
0.000000
 39
0.000000
  0
VERTEX
  8
PG_SILKSCREEN_TOP
 10
33.064196
 20
5.928106
 40
0.025400
 41
0.025400
 42
0.000000
  0
VERTEX
  8
PG_SILKSCREEN_TOP
 10
33.064196
 20
4.353306
 40
0.025400
 41
0.025400
 42
0.000000
  0
SEQEND
  0
POLYLINE
  8
PG_SILKSCREEN_TOP
 66
1
 70
0
 40
0.000000
 41
0.000000
 39
0.000000
  0
VERTEX
  8
PG_SILKSCREEN_TOP
 10
33.038796
 20
5.902706
 40
0.025400
 41
0.025400
 42
0.000000
  0
VERTEX
  8
PG_SILKSCREEN_TOP
 10
33.038796
 20
4.353306
 40
0.025400
 41
0.025400
 42
0.000000
  0
SEQEND
  0
POLYLINE
  8
PG_SILKSCREEN_TOP
 66
1
 70
0
 40
0.000000
 41
0.000000
 39
0.000000
  0
VERTEX
  8
PG_SILKSCREEN_TOP
 10
33.013396
 20
5.902706
 40
0.025400
 41
0.025400
 42
0.000000
  0
VERTEX
  8
PG_SILKSCREEN_TOP
 10
33.013396
 20
4.353306
 40
0.025400
 41
0.025400
 42
0.000000
  0
SEQEND
  0
POLYLINE
  8
PG_SILKSCREEN_TOP
 66
1
 70
0
 40
0.000000
 41
0.000000
 39
0.000000
  0
VERTEX
  8
PG_SILKSCREEN_TOP
 10
32.987996
 20
5.902706
 40
0.025400
 41
0.025400
 42
0.000000
  0
VERTEX
  8
PG_SILKSCREEN_TOP
 10
32.987996
 20
4.353306
 40
0.025400
 41
0.025400
 42
0.000000
  0
SEQEND
  0
POLYLINE
  8
PG_SILKSCREEN_TOP
 66
1
 70
0
 40
0.000000
 41
0.000000
 39
0.000000
  0
VERTEX
  8
PG_SILKSCREEN_TOP
 10
32.962596
 20
5.902706
 40
0.025400
 41
0.025400
 42
0.000000
  0
VERTEX
  8
PG_SILKSCREEN_TOP
 10
32.962596
 20
4.353306
 40
0.025400
 41
0.025400
 42
0.000000
  0
SEQEND
  0
POLYLINE
  8
PG_SILKSCREEN_TOP
 66
1
 70
0
 40
0.000000
 41
0.000000
 39
0.000000
  0
VERTEX
  8
PG_SILKSCREEN_TOP
 10
32.937196
 20
5.902706
 40
0.025400
 41
0.025400
 42
0.000000
  0
VERTEX
  8
PG_SILKSCREEN_TOP
 10
32.937196
 20
4.353306
 40
0.025400
 41
0.025400
 42
0.000000
  0
SEQEND
  0
POLYLINE
  8
PG_SILKSCREEN_TOP
 66
1
 70
0
 40
0.000000
 41
0.000000
 39
0.000000
  0
VERTEX
  8
PG_SILKSCREEN_TOP
 10
32.911796
 20
5.902706
 40
0.025400
 41
0.025400
 42
0.000000
  0
VERTEX
  8
PG_SILKSCREEN_TOP
 10
32.911796
 20
4.353306
 40
0.025400
 41
0.025400
 42
0.000000
  0
SEQEND
  0
POLYLINE
  8
PG_SILKSCREEN_TOP
 66
1
 70
0
 40
0.000000
 41
0.000000
 39
0.000000
  0
VERTEX
  8
PG_SILKSCREEN_TOP
 10
32.886396
 20
5.902706
 40
0.025400
 41
0.025400
 42
0.000000
  0
VERTEX
  8
PG_SILKSCREEN_TOP
 10
32.886396
 20
4.353306
 40
0.025400
 41
0.025400
 42
0.000000
  0
SEQEND
  0
POLYLINE
  8
PG_SILKSCREEN_TOP
 66
1
 70
0
 40
0.000000
 41
0.000000
 39
0.000000
  0
VERTEX
  8
PG_SILKSCREEN_TOP
 10
32.860996
 20
5.902706
 40
0.025400
 41
0.025400
 42
0.000000
  0
VERTEX
  8
PG_SILKSCREEN_TOP
 10
32.860996
 20
4.353306
 40
0.025400
 41
0.025400
 42
0.000000
  0
SEQEND
  0
POLYLINE
  8
PG_SILKSCREEN_TOP
 66
1
 70
0
 40
0.000000
 41
0.000000
 39
0.000000
  0
VERTEX
  8
PG_SILKSCREEN_TOP
 10
32.835596
 20
5.902706
 40
0.025400
 41
0.025400
 42
0.000000
  0
VERTEX
  8
PG_SILKSCREEN_TOP
 10
32.835596
 20
4.353306
 40
0.025400
 41
0.025400
 42
0.000000
  0
SEQEND
  0
POLYLINE
  8
PG_SILKSCREEN_TOP
 66
1
 70
0
 40
0.000000
 41
0.000000
 39
0.000000
  0
VERTEX
  8
PG_SILKSCREEN_TOP
 10
32.810196
 20
5.877306
 40
0.025400
 41
0.025400
 42
0.000000
  0
VERTEX
  8
PG_SILKSCREEN_TOP
 10
32.810196
 20
4.353306
 40
0.025400
 41
0.025400
 42
0.000000
  0
SEQEND
  0
POLYLINE
  8
PG_SILKSCREEN_TOP
 66
1
 70
0
 40
0.000000
 41
0.000000
 39
0.000000
  0
VERTEX
  8
PG_SILKSCREEN_TOP
 10
32.784796
 20
5.877306
 40
0.025400
 41
0.025400
 42
0.000000
  0
VERTEX
  8
PG_SILKSCREEN_TOP
 10
32.784796
 20
4.353306
 40
0.025400
 41
0.025400
 42
0.000000
  0
SEQEND
  0
POLYLINE
  8
PG_SILKSCREEN_TOP
 66
1
 70
0
 40
0.000000
 41
0.000000
 39
0.000000
  0
VERTEX
  8
PG_SILKSCREEN_TOP
 10
32.759396
 20
5.877306
 40
0.025400
 41
0.025400
 42
0.000000
  0
VERTEX
  8
PG_SILKSCREEN_TOP
 10
32.759396
 20
4.353306
 40
0.025400
 41
0.025400
 42
0.000000
  0
SEQEND
  0
POLYLINE
  8
PG_SILKSCREEN_TOP
 66
1
 70
0
 40
0.000000
 41
0.000000
 39
0.000000
  0
VERTEX
  8
PG_SILKSCREEN_TOP
 10
32.733996
 20
5.877306
 40
0.025400
 41
0.025400
 42
0.000000
  0
VERTEX
  8
PG_SILKSCREEN_TOP
 10
32.733996
 20
4.353306
 40
0.025400
 41
0.025400
 42
0.000000
  0
SEQEND
  0
POLYLINE
  8
PG_SILKSCREEN_TOP
 66
1
 70
0
 40
0.000000
 41
0.000000
 39
0.000000
  0
VERTEX
  8
PG_SILKSCREEN_TOP
 10
32.708596
 20
5.851906
 40
0.025400
 41
0.025400
 42
0.000000
  0
VERTEX
  8
PG_SILKSCREEN_TOP
 10
32.708596
 20
4.353306
 40
0.025400
 41
0.025400
 42
0.000000
  0
SEQEND
  0
POLYLINE
  8
PG_SILKSCREEN_TOP
 66
1
 70
0
 40
0.000000
 41
0.000000
 39
0.000000
  0
VERTEX
  8
PG_SILKSCREEN_TOP
 10
32.683196
 20
5.851906
 40
0.025400
 41
0.025400
 42
0.000000
  0
VERTEX
  8
PG_SILKSCREEN_TOP
 10
32.683196
 20
4.353306
 40
0.025400
 41
0.025400
 42
0.000000
  0
SEQEND
  0
POLYLINE
  8
PG_SILKSCREEN_TOP
 66
1
 70
0
 40
0.000000
 41
0.000000
 39
0.000000
  0
VERTEX
  8
PG_SILKSCREEN_TOP
 10
32.657796
 20
5.851906
 40
0.025400
 41
0.025400
 42
0.000000
  0
VERTEX
  8
PG_SILKSCREEN_TOP
 10
32.657796
 20
4.353306
 40
0.025400
 41
0.025400
 42
0.000000
  0
SEQEND
  0
POLYLINE
  8
PG_SILKSCREEN_TOP
 66
1
 70
0
 40
0.000000
 41
0.000000
 39
0.000000
  0
VERTEX
  8
PG_SILKSCREEN_TOP
 10
32.632396
 20
5.851906
 40
0.025400
 41
0.025400
 42
0.000000
  0
VERTEX
  8
PG_SILKSCREEN_TOP
 10
32.632396
 20
4.353306
 40
0.025400
 41
0.025400
 42
0.000000
  0
SEQEND
  0
POLYLINE
  8
PG_SILKSCREEN_TOP
 66
1
 70
0
 40
0.000000
 41
0.000000
 39
0.000000
  0
VERTEX
  8
PG_SILKSCREEN_TOP
 10
32.606996
 20
5.851906
 40
0.025400
 41
0.025400
 42
0.000000
  0
VERTEX
  8
PG_SILKSCREEN_TOP
 10
32.606996
 20
4.353306
 40
0.025400
 41
0.025400
 42
0.000000
  0
SEQEND
  0
POLYLINE
  8
PG_SILKSCREEN_TOP
 66
1
 70
0
 40
0.000000
 41
0.000000
 39
0.000000
  0
VERTEX
  8
PG_SILKSCREEN_TOP
 10
32.581596
 20
5.851906
 40
0.025400
 41
0.025400
 42
0.000000
  0
VERTEX
  8
PG_SILKSCREEN_TOP
 10
32.581596
 20
4.353306
 40
0.025400
 41
0.025400
 42
0.000000
  0
SEQEND
  0
POLYLINE
  8
PG_SILKSCREEN_TOP
 66
1
 70
0
 40
0.000000
 41
0.000000
 39
0.000000
  0
VERTEX
  8
PG_SILKSCREEN_TOP
 10
32.556196
 20
5.826506
 40
0.025400
 41
0.025400
 42
0.000000
  0
VERTEX
  8
PG_SILKSCREEN_TOP
 10
32.556196
 20
4.353306
 40
0.025400
 41
0.025400
 42
0.000000
  0
SEQEND
  0
POLYLINE
  8
PG_SILKSCREEN_TOP
 66
1
 70
0
 40
0.000000
 41
0.000000
 39
0.000000
  0
VERTEX
  8
PG_SILKSCREEN_TOP
 10
32.530796
 20
5.826506
 40
0.025400
 41
0.025400
 42
0.000000
  0
VERTEX
  8
PG_SILKSCREEN_TOP
 10
32.530796
 20
4.353306
 40
0.025400
 41
0.025400
 42
0.000000
  0
SEQEND
  0
POLYLINE
  8
PG_SILKSCREEN_TOP
 66
1
 70
0
 40
0.000000
 41
0.000000
 39
0.000000
  0
VERTEX
  8
PG_SILKSCREEN_TOP
 10
32.505396
 20
5.826506
 40
0.025400
 41
0.025400
 42
0.000000
  0
VERTEX
  8
PG_SILKSCREEN_TOP
 10
32.505396
 20
4.353306
 40
0.025400
 41
0.025400
 42
0.000000
  0
SEQEND
  0
POLYLINE
  8
PG_SILKSCREEN_TOP
 66
1
 70
0
 40
0.000000
 41
0.000000
 39
0.000000
  0
VERTEX
  8
PG_SILKSCREEN_TOP
 10
32.479996
 20
5.801106
 40
0.025400
 41
0.025400
 42
0.000000
  0
VERTEX
  8
PG_SILKSCREEN_TOP
 10
32.479996
 20
4.353306
 40
0.025400
 41
0.025400
 42
0.000000
  0
SEQEND
  0
POLYLINE
  8
PG_SILKSCREEN_TOP
 66
1
 70
0
 40
0.000000
 41
0.000000
 39
0.000000
  0
VERTEX
  8
PG_SILKSCREEN_TOP
 10
32.454596
 20
5.801106
 40
0.025400
 41
0.025400
 42
0.000000
  0
VERTEX
  8
PG_SILKSCREEN_TOP
 10
32.454596
 20
4.353306
 40
0.025400
 41
0.025400
 42
0.000000
  0
SEQEND
  0
POLYLINE
  8
PG_SILKSCREEN_TOP
 66
1
 70
0
 40
0.000000
 41
0.000000
 39
0.000000
  0
VERTEX
  8
PG_SILKSCREEN_TOP
 10
32.429196
 20
5.801106
 40
0.025400
 41
0.025400
 42
0.000000
  0
VERTEX
  8
PG_SILKSCREEN_TOP
 10
32.429196
 20
4.353306
 40
0.025400
 41
0.025400
 42
0.000000
  0
SEQEND
  0
POLYLINE
  8
PG_SILKSCREEN_TOP
 66
1
 70
0
 40
0.000000
 41
0.000000
 39
0.000000
  0
VERTEX
  8
PG_SILKSCREEN_TOP
 10
32.403796
 20
5.775706
 40
0.025400
 41
0.025400
 42
0.000000
  0
VERTEX
  8
PG_SILKSCREEN_TOP
 10
32.403796
 20
4.353306
 40
0.025400
 41
0.025400
 42
0.000000
  0
SEQEND
  0
POLYLINE
  8
PG_SILKSCREEN_TOP
 66
1
 70
0
 40
0.000000
 41
0.000000
 39
0.000000
  0
VERTEX
  8
PG_SILKSCREEN_TOP
 10
32.378396
 20
5.775706
 40
0.025400
 41
0.025400
 42
0.000000
  0
VERTEX
  8
PG_SILKSCREEN_TOP
 10
32.378396
 20
4.353306
 40
0.025400
 41
0.025400
 42
0.000000
  0
SEQEND
  0
POLYLINE
  8
PG_SILKSCREEN_TOP
 66
1
 70
0
 40
0.000000
 41
0.000000
 39
0.000000
  0
VERTEX
  8
PG_SILKSCREEN_TOP
 10
32.352996
 20
5.750306
 40
0.025400
 41
0.025400
 42
0.000000
  0
VERTEX
  8
PG_SILKSCREEN_TOP
 10
32.352996
 20
4.353306
 40
0.025400
 41
0.025400
 42
0.000000
  0
SEQEND
  0
POLYLINE
  8
PG_SILKSCREEN_TOP
 66
1
 70
0
 40
0.000000
 41
0.000000
 39
0.000000
  0
VERTEX
  8
PG_SILKSCREEN_TOP
 10
32.327596
 20
5.750306
 40
0.025400
 41
0.025400
 42
0.000000
  0
VERTEX
  8
PG_SILKSCREEN_TOP
 10
32.327596
 20
4.353306
 40
0.025400
 41
0.025400
 42
0.000000
  0
SEQEND
  0
POLYLINE
  8
PG_SILKSCREEN_TOP
 66
1
 70
0
 40
0.000000
 41
0.000000
 39
0.000000
  0
VERTEX
  8
PG_SILKSCREEN_TOP
 10
32.302196
 20
5.750306
 40
0.025400
 41
0.025400
 42
0.000000
  0
VERTEX
  8
PG_SILKSCREEN_TOP
 10
32.302196
 20
4.353306
 40
0.025400
 41
0.025400
 42
0.000000
  0
SEQEND
  0
POLYLINE
  8
PG_SILKSCREEN_TOP
 66
1
 70
0
 40
0.000000
 41
0.000000
 39
0.000000
  0
VERTEX
  8
PG_SILKSCREEN_TOP
 10
32.276796
 20
5.724906
 40
0.025400
 41
0.025400
 42
0.000000
  0
VERTEX
  8
PG_SILKSCREEN_TOP
 10
32.276796
 20
4.353306
 40
0.025400
 41
0.025400
 42
0.000000
  0
SEQEND
  0
POLYLINE
  8
PG_SILKSCREEN_TOP
 66
1
 70
0
 40
0.000000
 41
0.000000
 39
0.000000
  0
VERTEX
  8
PG_SILKSCREEN_TOP
 10
32.251396
 20
5.724906
 40
0.025400
 41
0.025400
 42
0.000000
  0
VERTEX
  8
PG_SILKSCREEN_TOP
 10
32.251396
 20
4.353306
 40
0.025400
 41
0.025400
 42
0.000000
  0
SEQEND
  0
POLYLINE
  8
PG_SILKSCREEN_TOP
 66
1
 70
0
 40
0.000000
 41
0.000000
 39
0.000000
  0
VERTEX
  8
PG_SILKSCREEN_TOP
 10
32.225996
 20
5.699506
 40
0.025400
 41
0.025400
 42
0.000000
  0
VERTEX
  8
PG_SILKSCREEN_TOP
 10
32.225996
 20
4.353306
 40
0.025400
 41
0.025400
 42
0.000000
  0
SEQEND
  0
POLYLINE
  8
PG_SILKSCREEN_TOP
 66
1
 70
0
 40
0.000000
 41
0.000000
 39
0.000000
  0
VERTEX
  8
PG_SILKSCREEN_TOP
 10
32.200596
 20
5.699506
 40
0.025400
 41
0.025400
 42
0.000000
  0
VERTEX
  8
PG_SILKSCREEN_TOP
 10
32.200596
 20
4.353306
 40
0.025400
 41
0.025400
 42
0.000000
  0
SEQEND
  0
POLYLINE
  8
PG_SILKSCREEN_TOP
 66
1
 70
0
 40
0.000000
 41
0.000000
 39
0.000000
  0
VERTEX
  8
PG_SILKSCREEN_TOP
 10
32.175196
 20
5.674106
 40
0.025400
 41
0.025400
 42
0.000000
  0
VERTEX
  8
PG_SILKSCREEN_TOP
 10
32.175196
 20
4.353306
 40
0.025400
 41
0.025400
 42
0.000000
  0
SEQEND
  0
POLYLINE
  8
PG_SILKSCREEN_TOP
 66
1
 70
0
 40
0.000000
 41
0.000000
 39
0.000000
  0
VERTEX
  8
PG_SILKSCREEN_TOP
 10
32.149796
 20
5.674106
 40
0.025400
 41
0.025400
 42
0.000000
  0
VERTEX
  8
PG_SILKSCREEN_TOP
 10
32.149796
 20
4.353306
 40
0.025400
 41
0.025400
 42
0.000000
  0
SEQEND
  0
POLYLINE
  8
PG_SILKSCREEN_TOP
 66
1
 70
0
 40
0.000000
 41
0.000000
 39
0.000000
  0
VERTEX
  8
PG_SILKSCREEN_TOP
 10
32.124396
 20
5.648706
 40
0.025400
 41
0.025400
 42
0.000000
  0
VERTEX
  8
PG_SILKSCREEN_TOP
 10
32.124396
 20
4.353306
 40
0.025400
 41
0.025400
 42
0.000000
  0
SEQEND
  0
POLYLINE
  8
PG_SILKSCREEN_TOP
 66
1
 70
0
 40
0.000000
 41
0.000000
 39
0.000000
  0
VERTEX
  8
PG_SILKSCREEN_TOP
 10
32.098996
 20
5.648706
 40
0.025400
 41
0.025400
 42
0.000000
  0
VERTEX
  8
PG_SILKSCREEN_TOP
 10
32.098996
 20
4.353306
 40
0.025400
 41
0.025400
 42
0.000000
  0
SEQEND
  0
POLYLINE
  8
PG_SILKSCREEN_TOP
 66
1
 70
0
 40
0.000000
 41
0.000000
 39
0.000000
  0
VERTEX
  8
PG_SILKSCREEN_TOP
 10
32.073596
 20
5.623306
 40
0.025400
 41
0.025400
 42
0.000000
  0
VERTEX
  8
PG_SILKSCREEN_TOP
 10
32.073596
 20
4.353306
 40
0.025400
 41
0.025400
 42
0.000000
  0
SEQEND
  0
POLYLINE
  8
PG_SILKSCREEN_TOP
 66
1
 70
0
 40
0.000000
 41
0.000000
 39
0.000000
  0
VERTEX
  8
PG_SILKSCREEN_TOP
 10
32.048196
 20
5.623306
 40
0.025400
 41
0.025400
 42
0.000000
  0
VERTEX
  8
PG_SILKSCREEN_TOP
 10
32.048196
 20
4.353306
 40
0.025400
 41
0.025400
 42
0.000000
  0
SEQEND
  0
POLYLINE
  8
PG_SILKSCREEN_TOP
 66
1
 70
0
 40
0.000000
 41
0.000000
 39
0.000000
  0
VERTEX
  8
PG_SILKSCREEN_TOP
 10
32.022796
 20
5.597906
 40
0.025400
 41
0.025400
 42
0.000000
  0
VERTEX
  8
PG_SILKSCREEN_TOP
 10
32.022796
 20
4.353306
 40
0.025400
 41
0.025400
 42
0.000000
  0
SEQEND
  0
POLYLINE
  8
PG_SILKSCREEN_TOP
 66
1
 70
0
 40
0.000000
 41
0.000000
 39
0.000000
  0
VERTEX
  8
PG_SILKSCREEN_TOP
 10
31.997396
 20
5.572506
 40
0.025400
 41
0.025400
 42
0.000000
  0
VERTEX
  8
PG_SILKSCREEN_TOP
 10
31.997396
 20
4.353306
 40
0.025400
 41
0.025400
 42
0.000000
  0
SEQEND
  0
POLYLINE
  8
PG_SILKSCREEN_TOP
 66
1
 70
0
 40
0.000000
 41
0.000000
 39
0.000000
  0
VERTEX
  8
PG_SILKSCREEN_TOP
 10
31.971996
 20
5.547106
 40
0.025400
 41
0.025400
 42
0.000000
  0
VERTEX
  8
PG_SILKSCREEN_TOP
 10
31.971996
 20
4.353306
 40
0.025400
 41
0.025400
 42
0.000000
  0
SEQEND
  0
POLYLINE
  8
PG_SILKSCREEN_TOP
 66
1
 70
0
 40
0.000000
 41
0.000000
 39
0.000000
  0
VERTEX
  8
PG_SILKSCREEN_TOP
 10
31.946596
 20
5.547106
 40
0.025400
 41
0.025400
 42
0.000000
  0
VERTEX
  8
PG_SILKSCREEN_TOP
 10
31.946596
 20
4.353306
 40
0.025400
 41
0.025400
 42
0.000000
  0
SEQEND
  0
POLYLINE
  8
PG_SILKSCREEN_TOP
 66
1
 70
0
 40
0.000000
 41
0.000000
 39
0.000000
  0
VERTEX
  8
PG_SILKSCREEN_TOP
 10
31.921196
 20
5.547106
 40
0.025400
 41
0.025400
 42
0.000000
  0
VERTEX
  8
PG_SILKSCREEN_TOP
 10
31.921196
 20
4.353306
 40
0.025400
 41
0.025400
 42
0.000000
  0
SEQEND
  0
POLYLINE
  8
PG_SILKSCREEN_TOP
 66
1
 70
0
 40
0.000000
 41
0.000000
 39
0.000000
  0
VERTEX
  8
PG_SILKSCREEN_TOP
 10
31.895796
 20
5.521706
 40
0.025400
 41
0.025400
 42
0.000000
  0
VERTEX
  8
PG_SILKSCREEN_TOP
 10
31.895796
 20
4.353306
 40
0.025400
 41
0.025400
 42
0.000000
  0
SEQEND
  0
POLYLINE
  8
PG_SILKSCREEN_TOP
 66
1
 70
0
 40
0.000000
 41
0.000000
 39
0.000000
  0
VERTEX
  8
PG_SILKSCREEN_TOP
 10
31.870396
 20
5.496306
 40
0.025400
 41
0.025400
 42
0.000000
  0
VERTEX
  8
PG_SILKSCREEN_TOP
 10
31.870396
 20
4.353306
 40
0.025400
 41
0.025400
 42
0.000000
  0
SEQEND
  0
POLYLINE
  8
PG_SILKSCREEN_TOP
 66
1
 70
0
 40
0.000000
 41
0.000000
 39
0.000000
  0
VERTEX
  8
PG_SILKSCREEN_TOP
 10
31.844996
 20
5.470906
 40
0.025400
 41
0.025400
 42
0.000000
  0
VERTEX
  8
PG_SILKSCREEN_TOP
 10
31.844996
 20
4.353306
 40
0.025400
 41
0.025400
 42
0.000000
  0
SEQEND
  0
POLYLINE
  8
PG_SILKSCREEN_TOP
 66
1
 70
0
 40
0.000000
 41
0.000000
 39
0.000000
  0
VERTEX
  8
PG_SILKSCREEN_TOP
 10
31.819596
 20
5.445506
 40
0.025400
 41
0.025400
 42
0.000000
  0
VERTEX
  8
PG_SILKSCREEN_TOP
 10
31.819596
 20
4.353306
 40
0.025400
 41
0.025400
 42
0.000000
  0
SEQEND
  0
POLYLINE
  8
PG_SILKSCREEN_TOP
 66
1
 70
0
 40
0.000000
 41
0.000000
 39
0.000000
  0
VERTEX
  8
PG_SILKSCREEN_TOP
 10
31.794196
 20
5.445506
 40
0.025400
 41
0.025400
 42
0.000000
  0
VERTEX
  8
PG_SILKSCREEN_TOP
 10
31.794196
 20
4.353306
 40
0.025400
 41
0.025400
 42
0.000000
  0
SEQEND
  0
POLYLINE
  8
PG_SILKSCREEN_TOP
 66
1
 70
0
 40
0.000000
 41
0.000000
 39
0.000000
  0
VERTEX
  8
PG_SILKSCREEN_TOP
 10
31.768796
 20
5.420106
 40
0.025400
 41
0.025400
 42
0.000000
  0
VERTEX
  8
PG_SILKSCREEN_TOP
 10
31.768796
 20
4.353306
 40
0.025400
 41
0.025400
 42
0.000000
  0
SEQEND
  0
POLYLINE
  8
PG_SILKSCREEN_TOP
 66
1
 70
0
 40
0.000000
 41
0.000000
 39
0.000000
  0
VERTEX
  8
PG_SILKSCREEN_TOP
 10
31.743396
 20
5.394706
 40
0.025400
 41
0.025400
 42
0.000000
  0
VERTEX
  8
PG_SILKSCREEN_TOP
 10
31.743396
 20
4.353306
 40
0.025400
 41
0.025400
 42
0.000000
  0
SEQEND
  0
POLYLINE
  8
PG_SILKSCREEN_TOP
 66
1
 70
0
 40
0.000000
 41
0.000000
 39
0.000000
  0
VERTEX
  8
PG_SILKSCREEN_TOP
 10
31.717996
 20
5.369306
 40
0.025400
 41
0.025400
 42
0.000000
  0
VERTEX
  8
PG_SILKSCREEN_TOP
 10
31.717996
 20
4.353306
 40
0.025400
 41
0.025400
 42
0.000000
  0
SEQEND
  0
POLYLINE
  8
PG_SILKSCREEN_TOP
 66
1
 70
0
 40
0.000000
 41
0.000000
 39
0.000000
  0
VERTEX
  8
PG_SILKSCREEN_TOP
 10
31.692596
 20
5.343906
 40
0.025400
 41
0.025400
 42
0.000000
  0
VERTEX
  8
PG_SILKSCREEN_TOP
 10
31.692596
 20
4.353306
 40
0.025400
 41
0.025400
 42
0.000000
  0
SEQEND
  0
POLYLINE
  8
PG_SILKSCREEN_TOP
 66
1
 70
0
 40
0.000000
 41
0.000000
 39
0.000000
  0
VERTEX
  8
PG_SILKSCREEN_TOP
 10
31.667196
 20
5.343906
 40
0.025400
 41
0.025400
 42
0.000000
  0
VERTEX
  8
PG_SILKSCREEN_TOP
 10
31.667196
 20
4.353306
 40
0.025400
 41
0.025400
 42
0.000000
  0
SEQEND
  0
POLYLINE
  8
PG_SILKSCREEN_TOP
 66
1
 70
0
 40
0.000000
 41
0.000000
 39
0.000000
  0
VERTEX
  8
PG_SILKSCREEN_TOP
 10
31.641796
 20
5.318506
 40
0.025400
 41
0.025400
 42
0.000000
  0
VERTEX
  8
PG_SILKSCREEN_TOP
 10
31.641796
 20
4.353306
 40
0.025400
 41
0.025400
 42
0.000000
  0
SEQEND
  0
POLYLINE
  8
PG_SILKSCREEN_TOP
 66
1
 70
0
 40
0.000000
 41
0.000000
 39
0.000000
  0
VERTEX
  8
PG_SILKSCREEN_TOP
 10
31.616396
 20
5.293106
 40
0.025400
 41
0.025400
 42
0.000000
  0
VERTEX
  8
PG_SILKSCREEN_TOP
 10
31.616396
 20
4.353306
 40
0.025400
 41
0.025400
 42
0.000000
  0
SEQEND
  0
POLYLINE
  8
PG_SILKSCREEN_TOP
 66
1
 70
0
 40
0.000000
 41
0.000000
 39
0.000000
  0
VERTEX
  8
PG_SILKSCREEN_TOP
 10
31.590996
 20
5.242306
 40
0.025400
 41
0.025400
 42
0.000000
  0
VERTEX
  8
PG_SILKSCREEN_TOP
 10
31.590996
 20
4.353306
 40
0.025400
 41
0.025400
 42
0.000000
  0
SEQEND
  0
POLYLINE
  8
PG_SILKSCREEN_TOP
 66
1
 70
0
 40
0.000000
 41
0.000000
 39
0.000000
  0
VERTEX
  8
PG_SILKSCREEN_TOP
 10
31.565596
 20
5.216906
 40
0.025400
 41
0.025400
 42
0.000000
  0
VERTEX
  8
PG_SILKSCREEN_TOP
 10
31.565596
 20
4.353306
 40
0.025400
 41
0.025400
 42
0.000000
  0
SEQEND
  0
POLYLINE
  8
PG_SILKSCREEN_TOP
 66
1
 70
0
 40
0.000000
 41
0.000000
 39
0.000000
  0
VERTEX
  8
PG_SILKSCREEN_TOP
 10
31.540196
 20
5.216906
 40
0.025400
 41
0.025400
 42
0.000000
  0
VERTEX
  8
PG_SILKSCREEN_TOP
 10
31.540196
 20
4.353306
 40
0.025400
 41
0.025400
 42
0.000000
  0
SEQEND
  0
POLYLINE
  8
PG_SILKSCREEN_TOP
 66
1
 70
0
 40
0.000000
 41
0.000000
 39
0.000000
  0
VERTEX
  8
PG_SILKSCREEN_TOP
 10
31.514796
 20
5.191506
 40
0.025400
 41
0.025400
 42
0.000000
  0
VERTEX
  8
PG_SILKSCREEN_TOP
 10
31.514796
 20
4.353306
 40
0.025400
 41
0.025400
 42
0.000000
  0
SEQEND
  0
POLYLINE
  8
PG_SILKSCREEN_TOP
 66
1
 70
0
 40
0.000000
 41
0.000000
 39
0.000000
  0
VERTEX
  8
PG_SILKSCREEN_TOP
 10
31.489396
 20
5.140706
 40
0.025400
 41
0.025400
 42
0.000000
  0
VERTEX
  8
PG_SILKSCREEN_TOP
 10
31.489396
 20
4.353306
 40
0.025400
 41
0.025400
 42
0.000000
  0
SEQEND
  0
POLYLINE
  8
PG_SILKSCREEN_TOP
 66
1
 70
0
 40
0.000000
 41
0.000000
 39
0.000000
  0
VERTEX
  8
PG_SILKSCREEN_TOP
 10
31.463996
 20
5.115306
 40
0.025400
 41
0.025400
 42
0.000000
  0
VERTEX
  8
PG_SILKSCREEN_TOP
 10
31.463996
 20
4.353306
 40
0.025400
 41
0.025400
 42
0.000000
  0
SEQEND
  0
POLYLINE
  8
PG_SILKSCREEN_TOP
 66
1
 70
0
 40
0.000000
 41
0.000000
 39
0.000000
  0
VERTEX
  8
PG_SILKSCREEN_TOP
 10
34.613596
 20
3.210306
 40
0.025400
 41
0.025400
 42
0.000000
  0
VERTEX
  8
PG_SILKSCREEN_TOP
 10
34.613596
 20
1.864106
 40
0.025400
 41
0.025400
 42
0.000000
  0
SEQEND
  0
POLYLINE
  8
PG_SILKSCREEN_TOP
 66
1
 70
0
 40
0.000000
 41
0.000000
 39
0.000000
  0
VERTEX
  8
PG_SILKSCREEN_TOP
 10
34.588196
 20
3.210306
 40
0.025400
 41
0.025400
 42
0.000000
  0
VERTEX
  8
PG_SILKSCREEN_TOP
 10
34.588196
 20
1.838706
 40
0.025400
 41
0.025400
 42
0.000000
  0
SEQEND
  0
POLYLINE
  8
PG_SILKSCREEN_TOP
 66
1
 70
0
 40
0.000000
 41
0.000000
 39
0.000000
  0
VERTEX
  8
PG_SILKSCREEN_TOP
 10
34.562796
 20
3.184906
 40
0.025400
 41
0.025400
 42
0.000000
  0
VERTEX
  8
PG_SILKSCREEN_TOP
 10
34.562796
 20
1.838706
 40
0.025400
 41
0.025400
 42
0.000000
  0
SEQEND
  0
POLYLINE
  8
PG_SILKSCREEN_TOP
 66
1
 70
0
 40
0.000000
 41
0.000000
 39
0.000000
  0
VERTEX
  8
PG_SILKSCREEN_TOP
 10
34.537396
 20
3.159506
 40
0.025400
 41
0.025400
 42
0.000000
  0
VERTEX
  8
PG_SILKSCREEN_TOP
 10
34.537396
 20
1.813306
 40
0.025400
 41
0.025400
 42
0.000000
  0
SEQEND
  0
POLYLINE
  8
PG_SILKSCREEN_TOP
 66
1
 70
0
 40
0.000000
 41
0.000000
 39
0.000000
  0
VERTEX
  8
PG_SILKSCREEN_TOP
 10
34.511996
 20
3.134106
 40
0.025400
 41
0.025400
 42
0.000000
  0
VERTEX
  8
PG_SILKSCREEN_TOP
 10
34.511996
 20
1.787906
 40
0.025400
 41
0.025400
 42
0.000000
  0
SEQEND
  0
POLYLINE
  8
PG_SILKSCREEN_TOP
 66
1
 70
0
 40
0.000000
 41
0.000000
 39
0.000000
  0
VERTEX
  8
PG_SILKSCREEN_TOP
 10
34.486596
 20
3.108706
 40
0.025400
 41
0.025400
 42
0.000000
  0
VERTEX
  8
PG_SILKSCREEN_TOP
 10
34.486596
 20
1.762506
 40
0.025400
 41
0.025400
 42
0.000000
  0
SEQEND
  0
POLYLINE
  8
PG_SILKSCREEN_TOP
 66
1
 70
0
 40
0.000000
 41
0.000000
 39
0.000000
  0
VERTEX
  8
PG_SILKSCREEN_TOP
 10
34.461196
 20
3.108706
 40
0.025400
 41
0.025400
 42
0.000000
  0
VERTEX
  8
PG_SILKSCREEN_TOP
 10
34.461196
 20
1.762506
 40
0.025400
 41
0.025400
 42
0.000000
  0
SEQEND
  0
POLYLINE
  8
PG_SILKSCREEN_TOP
 66
1
 70
0
 40
0.000000
 41
0.000000
 39
0.000000
  0
VERTEX
  8
PG_SILKSCREEN_TOP
 10
34.435796
 20
3.083306
 40
0.025400
 41
0.025400
 42
0.000000
  0
VERTEX
  8
PG_SILKSCREEN_TOP
 10
34.435796
 20
1.737106
 40
0.025400
 41
0.025400
 42
0.000000
  0
SEQEND
  0
POLYLINE
  8
PG_SILKSCREEN_TOP
 66
1
 70
0
 40
0.000000
 41
0.000000
 39
0.000000
  0
VERTEX
  8
PG_SILKSCREEN_TOP
 10
34.410396
 20
3.083306
 40
0.025400
 41
0.025400
 42
0.000000
  0
VERTEX
  8
PG_SILKSCREEN_TOP
 10
34.410396
 20
1.737106
 40
0.025400
 41
0.025400
 42
0.000000
  0
SEQEND
  0
POLYLINE
  8
PG_SILKSCREEN_TOP
 66
1
 70
0
 40
0.000000
 41
0.000000
 39
0.000000
  0
VERTEX
  8
PG_SILKSCREEN_TOP
 10
34.384996
 20
3.057906
 40
0.025400
 41
0.025400
 42
0.000000
  0
VERTEX
  8
PG_SILKSCREEN_TOP
 10
34.384996
 20
1.711706
 40
0.025400
 41
0.025400
 42
0.000000
  0
SEQEND
  0
POLYLINE
  8
PG_SILKSCREEN_TOP
 66
1
 70
0
 40
0.000000
 41
0.000000
 39
0.000000
  0
VERTEX
  8
PG_SILKSCREEN_TOP
 10
34.359596
 20
3.032506
 40
0.025400
 41
0.025400
 42
0.000000
  0
VERTEX
  8
PG_SILKSCREEN_TOP
 10
34.359596
 20
1.686306
 40
0.025400
 41
0.025400
 42
0.000000
  0
SEQEND
  0
POLYLINE
  8
PG_SILKSCREEN_TOP
 66
1
 70
0
 40
0.000000
 41
0.000000
 39
0.000000
  0
VERTEX
  8
PG_SILKSCREEN_TOP
 10
34.334196
 20
3.007106
 40
0.025400
 41
0.025400
 42
0.000000
  0
VERTEX
  8
PG_SILKSCREEN_TOP
 10
34.334196
 20
1.686306
 40
0.025400
 41
0.025400
 42
0.000000
  0
SEQEND
  0
POLYLINE
  8
PG_SILKSCREEN_TOP
 66
1
 70
0
 40
0.000000
 41
0.000000
 39
0.000000
  0
VERTEX
  8
PG_SILKSCREEN_TOP
 10
34.308796
 20
2.981706
 40
0.025400
 41
0.025400
 42
0.000000
  0
VERTEX
  8
PG_SILKSCREEN_TOP
 10
34.308796
 20
1.660906
 40
0.025400
 41
0.025400
 42
0.000000
  0
SEQEND
  0
POLYLINE
  8
PG_SILKSCREEN_TOP
 66
1
 70
0
 40
0.000000
 41
0.000000
 39
0.000000
  0
VERTEX
  8
PG_SILKSCREEN_TOP
 10
34.283396
 20
2.956306
 40
0.025400
 41
0.025400
 42
0.000000
  0
VERTEX
  8
PG_SILKSCREEN_TOP
 10
34.283396
 20
1.635506
 40
0.025400
 41
0.025400
 42
0.000000
  0
SEQEND
  0
POLYLINE
  8
PG_SILKSCREEN_TOP
 66
1
 70
0
 40
0.000000
 41
0.000000
 39
0.000000
  0
VERTEX
  8
PG_SILKSCREEN_TOP
 10
34.257996
 20
2.956306
 40
0.025400
 41
0.025400
 42
0.000000
  0
VERTEX
  8
PG_SILKSCREEN_TOP
 10
34.257996
 20
1.635506
 40
0.025400
 41
0.025400
 42
0.000000
  0
SEQEND
  0
POLYLINE
  8
PG_SILKSCREEN_TOP
 66
1
 70
0
 40
0.000000
 41
0.000000
 39
0.000000
  0
VERTEX
  8
PG_SILKSCREEN_TOP
 10
34.232596
 20
2.930906
 40
0.025400
 41
0.025400
 42
0.000000
  0
VERTEX
  8
PG_SILKSCREEN_TOP
 10
34.232596
 20
1.635506
 40
0.025400
 41
0.025400
 42
0.000000
  0
SEQEND
  0
POLYLINE
  8
PG_SILKSCREEN_TOP
 66
1
 70
0
 40
0.000000
 41
0.000000
 39
0.000000
  0
VERTEX
  8
PG_SILKSCREEN_TOP
 10
34.207196
 20
2.905506
 40
0.025400
 41
0.025400
 42
0.000000
  0
VERTEX
  8
PG_SILKSCREEN_TOP
 10
34.207196
 20
1.610106
 40
0.025400
 41
0.025400
 42
0.000000
  0
SEQEND
  0
POLYLINE
  8
PG_SILKSCREEN_TOP
 66
1
 70
0
 40
0.000000
 41
0.000000
 39
0.000000
  0
VERTEX
  8
PG_SILKSCREEN_TOP
 10
34.181796
 20
2.880106
 40
0.025400
 41
0.025400
 42
0.000000
  0
VERTEX
  8
PG_SILKSCREEN_TOP
 10
34.181796
 20
1.610106
 40
0.025400
 41
0.025400
 42
0.000000
  0
SEQEND
  0
POLYLINE
  8
PG_SILKSCREEN_TOP
 66
1
 70
0
 40
0.000000
 41
0.000000
 39
0.000000
  0
VERTEX
  8
PG_SILKSCREEN_TOP
 10
34.156396
 20
2.880106
 40
0.025400
 41
0.025400
 42
0.000000
  0
VERTEX
  8
PG_SILKSCREEN_TOP
 10
34.156396
 20
1.584706
 40
0.025400
 41
0.025400
 42
0.000000
  0
SEQEND
  0
POLYLINE
  8
PG_SILKSCREEN_TOP
 66
1
 70
0
 40
0.000000
 41
0.000000
 39
0.000000
  0
VERTEX
  8
PG_SILKSCREEN_TOP
 10
34.130996
 20
2.854706
 40
0.025400
 41
0.025400
 42
0.000000
  0
VERTEX
  8
PG_SILKSCREEN_TOP
 10
34.130996
 20
1.584706
 40
0.025400
 41
0.025400
 42
0.000000
  0
SEQEND
  0
POLYLINE
  8
PG_SILKSCREEN_TOP
 66
1
 70
0
 40
0.000000
 41
0.000000
 39
0.000000
  0
VERTEX
  8
PG_SILKSCREEN_TOP
 10
34.105596
 20
2.829306
 40
0.025400
 41
0.025400
 42
0.000000
  0
VERTEX
  8
PG_SILKSCREEN_TOP
 10
34.105596
 20
1.559306
 40
0.025400
 41
0.025400
 42
0.000000
  0
SEQEND
  0
POLYLINE
  8
PG_SILKSCREEN_TOP
 66
1
 70
0
 40
0.000000
 41
0.000000
 39
0.000000
  0
VERTEX
  8
PG_SILKSCREEN_TOP
 10
34.080196
 20
2.803906
 40
0.025400
 41
0.025400
 42
0.000000
  0
VERTEX
  8
PG_SILKSCREEN_TOP
 10
34.080196
 20
1.559306
 40
0.025400
 41
0.025400
 42
0.000000
  0
SEQEND
  0
POLYLINE
  8
PG_SILKSCREEN_TOP
 66
1
 70
0
 40
0.000000
 41
0.000000
 39
0.000000
  0
VERTEX
  8
PG_SILKSCREEN_TOP
 10
34.054796
 20
2.778506
 40
0.025400
 41
0.025400
 42
0.000000
  0
VERTEX
  8
PG_SILKSCREEN_TOP
 10
34.054796
 20
1.533906
 40
0.025400
 41
0.025400
 42
0.000000
  0
SEQEND
  0
POLYLINE
  8
PG_SILKSCREEN_TOP
 66
1
 70
0
 40
0.000000
 41
0.000000
 39
0.000000
  0
VERTEX
  8
PG_SILKSCREEN_TOP
 10
34.029396
 20
2.753106
 40
0.025400
 41
0.025400
 42
0.000000
  0
VERTEX
  8
PG_SILKSCREEN_TOP
 10
34.029396
 20
1.533906
 40
0.025400
 41
0.025400
 42
0.000000
  0
SEQEND
  0
POLYLINE
  8
PG_SILKSCREEN_TOP
 66
1
 70
0
 40
0.000000
 41
0.000000
 39
0.000000
  0
VERTEX
  8
PG_SILKSCREEN_TOP
 10
34.003996
 20
2.753106
 40
0.025400
 41
0.025400
 42
0.000000
  0
VERTEX
  8
PG_SILKSCREEN_TOP
 10
34.003996
 20
1.533906
 40
0.025400
 41
0.025400
 42
0.000000
  0
SEQEND
  0
POLYLINE
  8
PG_SILKSCREEN_TOP
 66
1
 70
0
 40
0.000000
 41
0.000000
 39
0.000000
  0
VERTEX
  8
PG_SILKSCREEN_TOP
 10
33.978596
 20
2.727706
 40
0.025400
 41
0.025400
 42
0.000000
  0
VERTEX
  8
PG_SILKSCREEN_TOP
 10
33.978596
 20
1.508506
 40
0.025400
 41
0.025400
 42
0.000000
  0
SEQEND
  0
POLYLINE
  8
PG_SILKSCREEN_TOP
 66
1
 70
0
 40
0.000000
 41
0.000000
 39
0.000000
  0
VERTEX
  8
PG_SILKSCREEN_TOP
 10
33.953196
 20
2.702306
 40
0.025400
 41
0.025400
 42
0.000000
  0
VERTEX
  8
PG_SILKSCREEN_TOP
 10
33.953196
 20
1.508506
 40
0.025400
 41
0.025400
 42
0.000000
  0
SEQEND
  0
POLYLINE
  8
PG_SILKSCREEN_TOP
 66
1
 70
0
 40
0.000000
 41
0.000000
 39
0.000000
  0
VERTEX
  8
PG_SILKSCREEN_TOP
 10
33.927796
 20
2.676906
 40
0.025400
 41
0.025400
 42
0.000000
  0
VERTEX
  8
PG_SILKSCREEN_TOP
 10
33.927796
 20
1.483106
 40
0.025400
 41
0.025400
 42
0.000000
  0
SEQEND
  0
POLYLINE
  8
PG_SILKSCREEN_TOP
 66
1
 70
0
 40
0.000000
 41
0.000000
 39
0.000000
  0
VERTEX
  8
PG_SILKSCREEN_TOP
 10
33.902396
 20
2.676906
 40
0.025400
 41
0.025400
 42
0.000000
  0
VERTEX
  8
PG_SILKSCREEN_TOP
 10
33.902396
 20
1.483106
 40
0.025400
 41
0.025400
 42
0.000000
  0
SEQEND
  0
POLYLINE
  8
PG_SILKSCREEN_TOP
 66
1
 70
0
 40
0.000000
 41
0.000000
 39
0.000000
  0
VERTEX
  8
PG_SILKSCREEN_TOP
 10
33.876996
 20
2.651506
 40
0.025400
 41
0.025400
 42
0.000000
  0
VERTEX
  8
PG_SILKSCREEN_TOP
 10
33.876996
 20
1.483106
 40
0.025400
 41
0.025400
 42
0.000000
  0
SEQEND
  0
POLYLINE
  8
PG_SILKSCREEN_TOP
 66
1
 70
0
 40
0.000000
 41
0.000000
 39
0.000000
  0
VERTEX
  8
PG_SILKSCREEN_TOP
 10
33.851596
 20
2.626106
 40
0.025400
 41
0.025400
 42
0.000000
  0
VERTEX
  8
PG_SILKSCREEN_TOP
 10
33.851596
 20
1.483106
 40
0.025400
 41
0.025400
 42
0.000000
  0
SEQEND
  0
POLYLINE
  8
PG_SILKSCREEN_TOP
 66
1
 70
0
 40
0.000000
 41
0.000000
 39
0.000000
  0
VERTEX
  8
PG_SILKSCREEN_TOP
 10
33.826196
 20
2.600706
 40
0.025400
 41
0.025400
 42
0.000000
  0
VERTEX
  8
PG_SILKSCREEN_TOP
 10
33.826196
 20
1.457706
 40
0.025400
 41
0.025400
 42
0.000000
  0
SEQEND
  0
POLYLINE
  8
PG_SILKSCREEN_TOP
 66
1
 70
0
 40
0.000000
 41
0.000000
 39
0.000000
  0
VERTEX
  8
PG_SILKSCREEN_TOP
 10
33.800796
 20
2.575306
 40
0.025400
 41
0.025400
 42
0.000000
  0
VERTEX
  8
PG_SILKSCREEN_TOP
 10
33.800796
 20
1.457706
 40
0.025400
 41
0.025400
 42
0.000000
  0
SEQEND
  0
POLYLINE
  8
PG_SILKSCREEN_TOP
 66
1
 70
0
 40
0.000000
 41
0.000000
 39
0.000000
  0
VERTEX
  8
PG_SILKSCREEN_TOP
 10
33.775396
 20
2.575306
 40
0.025400
 41
0.025400
 42
0.000000
  0
VERTEX
  8
PG_SILKSCREEN_TOP
 10
33.775396
 20
1.432306
 40
0.025400
 41
0.025400
 42
0.000000
  0
SEQEND
  0
POLYLINE
  8
PG_SILKSCREEN_TOP
 66
1
 70
0
 40
0.000000
 41
0.000000
 39
0.000000
  0
VERTEX
  8
PG_SILKSCREEN_TOP
 10
33.749996
 20
2.549906
 40
0.025400
 41
0.025400
 42
0.000000
  0
VERTEX
  8
PG_SILKSCREEN_TOP
 10
33.749996
 20
1.432306
 40
0.025400
 41
0.025400
 42
0.000000
  0
SEQEND
  0
POLYLINE
  8
PG_SILKSCREEN_TOP
 66
1
 70
0
 40
0.000000
 41
0.000000
 39
0.000000
  0
VERTEX
  8
PG_SILKSCREEN_TOP
 10
33.724596
 20
2.524506
 40
0.025400
 41
0.025400
 42
0.000000
  0
VERTEX
  8
PG_SILKSCREEN_TOP
 10
33.724596
 20
1.432306
 40
0.025400
 41
0.025400
 42
0.000000
  0
SEQEND
  0
POLYLINE
  8
PG_SILKSCREEN_TOP
 66
1
 70
0
 40
0.000000
 41
0.000000
 39
0.000000
  0
VERTEX
  8
PG_SILKSCREEN_TOP
 10
33.699196
 20
2.499106
 40
0.025400
 41
0.025400
 42
0.000000
  0
VERTEX
  8
PG_SILKSCREEN_TOP
 10
33.699196
 20
1.432306
 40
0.025400
 41
0.025400
 42
0.000000
  0
SEQEND
  0
POLYLINE
  8
PG_SILKSCREEN_TOP
 66
1
 70
0
 40
0.000000
 41
0.000000
 39
0.000000
  0
VERTEX
  8
PG_SILKSCREEN_TOP
 10
33.673796
 20
2.473706
 40
0.025400
 41
0.025400
 42
0.000000
  0
VERTEX
  8
PG_SILKSCREEN_TOP
 10
33.673796
 20
1.432306
 40
0.025400
 41
0.025400
 42
0.000000
  0
SEQEND
  0
POLYLINE
  8
PG_SILKSCREEN_TOP
 66
1
 70
0
 40
0.000000
 41
0.000000
 39
0.000000
  0
VERTEX
  8
PG_SILKSCREEN_TOP
 10
33.648396
 20
2.473706
 40
0.025400
 41
0.025400
 42
0.000000
  0
VERTEX
  8
PG_SILKSCREEN_TOP
 10
33.648396
 20
1.432306
 40
0.025400
 41
0.025400
 42
0.000000
  0
SEQEND
  0
POLYLINE
  8
PG_SILKSCREEN_TOP
 66
1
 70
0
 40
0.000000
 41
0.000000
 39
0.000000
  0
VERTEX
  8
PG_SILKSCREEN_TOP
 10
33.622996
 20
2.448306
 40
0.025400
 41
0.025400
 42
0.000000
  0
VERTEX
  8
PG_SILKSCREEN_TOP
 10
33.622996
 20
1.432306
 40
0.025400
 41
0.025400
 42
0.000000
  0
SEQEND
  0
POLYLINE
  8
PG_SILKSCREEN_TOP
 66
1
 70
0
 40
0.000000
 41
0.000000
 39
0.000000
  0
VERTEX
  8
PG_SILKSCREEN_TOP
 10
33.597596
 20
2.422906
 40
0.025400
 41
0.025400
 42
0.000000
  0
VERTEX
  8
PG_SILKSCREEN_TOP
 10
33.597596
 20
1.406906
 40
0.025400
 41
0.025400
 42
0.000000
  0
SEQEND
  0
POLYLINE
  8
PG_SILKSCREEN_TOP
 66
1
 70
0
 40
0.000000
 41
0.000000
 39
0.000000
  0
VERTEX
  8
PG_SILKSCREEN_TOP
 10
33.572196
 20
2.397506
 40
0.025400
 41
0.025400
 42
0.000000
  0
VERTEX
  8
PG_SILKSCREEN_TOP
 10
33.572196
 20
1.406906
 40
0.025400
 41
0.025400
 42
0.000000
  0
SEQEND
  0
POLYLINE
  8
PG_SILKSCREEN_TOP
 66
1
 70
0
 40
0.000000
 41
0.000000
 39
0.000000
  0
VERTEX
  8
PG_SILKSCREEN_TOP
 10
33.546796
 20
2.372106
 40
0.025400
 41
0.025400
 42
0.000000
  0
VERTEX
  8
PG_SILKSCREEN_TOP
 10
33.546796
 20
1.406906
 40
0.025400
 41
0.025400
 42
0.000000
  0
SEQEND
  0
POLYLINE
  8
PG_SILKSCREEN_TOP
 66
1
 70
0
 40
0.000000
 41
0.000000
 39
0.000000
  0
VERTEX
  8
PG_SILKSCREEN_TOP
 10
33.521396
 20
2.372106
 40
0.025400
 41
0.025400
 42
0.000000
  0
VERTEX
  8
PG_SILKSCREEN_TOP
 10
33.521396
 20
1.406906
 40
0.025400
 41
0.025400
 42
0.000000
  0
SEQEND
  0
POLYLINE
  8
PG_SILKSCREEN_TOP
 66
1
 70
0
 40
0.000000
 41
0.000000
 39
0.000000
  0
VERTEX
  8
PG_SILKSCREEN_TOP
 10
33.495996
 20
2.346706
 40
0.025400
 41
0.025400
 42
0.000000
  0
VERTEX
  8
PG_SILKSCREEN_TOP
 10
33.495996
 20
1.406906
 40
0.025400
 41
0.025400
 42
0.000000
  0
SEQEND
  0
POLYLINE
  8
PG_SILKSCREEN_TOP
 66
1
 70
0
 40
0.000000
 41
0.000000
 39
0.000000
  0
VERTEX
  8
PG_SILKSCREEN_TOP
 10
33.470596
 20
2.321306
 40
0.025400
 41
0.025400
 42
0.000000
  0
VERTEX
  8
PG_SILKSCREEN_TOP
 10
33.470596
 20
1.381506
 40
0.025400
 41
0.025400
 42
0.000000
  0
SEQEND
  0
POLYLINE
  8
PG_SILKSCREEN_TOP
 66
1
 70
0
 40
0.000000
 41
0.000000
 39
0.000000
  0
VERTEX
  8
PG_SILKSCREEN_TOP
 10
33.445196
 20
2.295906
 40
0.025400
 41
0.025400
 42
0.000000
  0
VERTEX
  8
PG_SILKSCREEN_TOP
 10
33.445196
 20
1.381506
 40
0.025400
 41
0.025400
 42
0.000000
  0
SEQEND
  0
POLYLINE
  8
PG_SILKSCREEN_TOP
 66
1
 70
0
 40
0.000000
 41
0.000000
 39
0.000000
  0
VERTEX
  8
PG_SILKSCREEN_TOP
 10
33.419796
 20
2.270506
 40
0.025400
 41
0.025400
 42
0.000000
  0
VERTEX
  8
PG_SILKSCREEN_TOP
 10
33.419796
 20
1.381506
 40
0.025400
 41
0.025400
 42
0.000000
  0
SEQEND
  0
POLYLINE
  8
PG_SILKSCREEN_TOP
 66
1
 70
0
 40
0.000000
 41
0.000000
 39
0.000000
  0
VERTEX
  8
PG_SILKSCREEN_TOP
 10
33.394396
 20
2.270506
 40
0.025400
 41
0.025400
 42
0.000000
  0
VERTEX
  8
PG_SILKSCREEN_TOP
 10
33.394396
 20
1.381506
 40
0.025400
 41
0.025400
 42
0.000000
  0
SEQEND
  0
POLYLINE
  8
PG_SILKSCREEN_TOP
 66
1
 70
0
 40
0.000000
 41
0.000000
 39
0.000000
  0
VERTEX
  8
PG_SILKSCREEN_TOP
 10
33.368996
 20
2.245106
 40
0.025400
 41
0.025400
 42
0.000000
  0
VERTEX
  8
PG_SILKSCREEN_TOP
 10
33.368996
 20
1.381506
 40
0.025400
 41
0.025400
 42
0.000000
  0
SEQEND
  0
POLYLINE
  8
PG_SILKSCREEN_TOP
 66
1
 70
0
 40
0.000000
 41
0.000000
 39
0.000000
  0
VERTEX
  8
PG_SILKSCREEN_TOP
 10
33.343596
 20
2.245106
 40
0.025400
 41
0.025400
 42
0.000000
  0
VERTEX
  8
PG_SILKSCREEN_TOP
 10
33.343596
 20
1.381506
 40
0.025400
 41
0.025400
 42
0.000000
  0
SEQEND
  0
POLYLINE
  8
PG_SILKSCREEN_TOP
 66
1
 70
0
 40
0.000000
 41
0.000000
 39
0.000000
  0
VERTEX
  8
PG_SILKSCREEN_TOP
 10
33.318196
 20
2.956306
 40
0.025400
 41
0.025400
 42
0.000000
  0
VERTEX
  8
PG_SILKSCREEN_TOP
 10
33.318196
 20
1.381506
 40
0.025400
 41
0.025400
 42
0.000000
  0
SEQEND
  0
POLYLINE
  8
PG_SILKSCREEN_TOP
 66
1
 70
0
 40
0.000000
 41
0.000000
 39
0.000000
  0
VERTEX
  8
PG_SILKSCREEN_TOP
 10
33.292796
 20
2.956306
 40
0.025400
 41
0.025400
 42
0.000000
  0
VERTEX
  8
PG_SILKSCREEN_TOP
 10
33.292796
 20
1.381506
 40
0.025400
 41
0.025400
 42
0.000000
  0
SEQEND
  0
POLYLINE
  8
PG_SILKSCREEN_TOP
 66
1
 70
0
 40
0.000000
 41
0.000000
 39
0.000000
  0
VERTEX
  8
PG_SILKSCREEN_TOP
 10
33.267396
 20
2.956306
 40
0.025400
 41
0.025400
 42
0.000000
  0
VERTEX
  8
PG_SILKSCREEN_TOP
 10
33.267396
 20
1.381506
 40
0.025400
 41
0.025400
 42
0.000000
  0
SEQEND
  0
POLYLINE
  8
PG_SILKSCREEN_TOP
 66
1
 70
0
 40
0.000000
 41
0.000000
 39
0.000000
  0
VERTEX
  8
PG_SILKSCREEN_TOP
 10
33.241996
 20
2.956306
 40
0.025400
 41
0.025400
 42
0.000000
  0
VERTEX
  8
PG_SILKSCREEN_TOP
 10
33.241996
 20
1.381506
 40
0.025400
 41
0.025400
 42
0.000000
  0
SEQEND
  0
POLYLINE
  8
PG_SILKSCREEN_TOP
 66
1
 70
0
 40
0.000000
 41
0.000000
 39
0.000000
  0
VERTEX
  8
PG_SILKSCREEN_TOP
 10
33.216596
 20
2.956306
 40
0.025400
 41
0.025400
 42
0.000000
  0
VERTEX
  8
PG_SILKSCREEN_TOP
 10
33.216596
 20
1.381506
 40
0.025400
 41
0.025400
 42
0.000000
  0
SEQEND
  0
POLYLINE
  8
PG_SILKSCREEN_TOP
 66
1
 70
0
 40
0.000000
 41
0.000000
 39
0.000000
  0
VERTEX
  8
PG_SILKSCREEN_TOP
 10
33.191196
 20
2.956306
 40
0.025400
 41
0.025400
 42
0.000000
  0
VERTEX
  8
PG_SILKSCREEN_TOP
 10
33.191196
 20
1.381506
 40
0.025400
 41
0.025400
 42
0.000000
  0
SEQEND
  0
POLYLINE
  8
PG_SILKSCREEN_TOP
 66
1
 70
0
 40
0.000000
 41
0.000000
 39
0.000000
  0
VERTEX
  8
PG_SILKSCREEN_TOP
 10
33.165796
 20
2.956306
 40
0.025400
 41
0.025400
 42
0.000000
  0
VERTEX
  8
PG_SILKSCREEN_TOP
 10
33.165796
 20
1.381506
 40
0.025400
 41
0.025400
 42
0.000000
  0
SEQEND
  0
POLYLINE
  8
PG_SILKSCREEN_TOP
 66
1
 70
0
 40
0.000000
 41
0.000000
 39
0.000000
  0
VERTEX
  8
PG_SILKSCREEN_TOP
 10
33.140396
 20
2.956306
 40
0.025400
 41
0.025400
 42
0.000000
  0
VERTEX
  8
PG_SILKSCREEN_TOP
 10
33.140396
 20
1.381506
 40
0.025400
 41
0.025400
 42
0.000000
  0
SEQEND
  0
POLYLINE
  8
PG_SILKSCREEN_TOP
 66
1
 70
0
 40
0.000000
 41
0.000000
 39
0.000000
  0
VERTEX
  8
PG_SILKSCREEN_TOP
 10
33.114996
 20
2.956306
 40
0.025400
 41
0.025400
 42
0.000000
  0
VERTEX
  8
PG_SILKSCREEN_TOP
 10
33.114996
 20
1.381506
 40
0.025400
 41
0.025400
 42
0.000000
  0
SEQEND
  0
POLYLINE
  8
PG_SILKSCREEN_TOP
 66
1
 70
0
 40
0.000000
 41
0.000000
 39
0.000000
  0
VERTEX
  8
PG_SILKSCREEN_TOP
 10
33.089596
 20
2.956306
 40
0.025400
 41
0.025400
 42
0.000000
  0
VERTEX
  8
PG_SILKSCREEN_TOP
 10
33.089596
 20
1.381506
 40
0.025400
 41
0.025400
 42
0.000000
  0
SEQEND
  0
POLYLINE
  8
PG_SILKSCREEN_TOP
 66
1
 70
0
 40
0.000000
 41
0.000000
 39
0.000000
  0
VERTEX
  8
PG_SILKSCREEN_TOP
 10
33.064196
 20
2.956306
 40
0.025400
 41
0.025400
 42
0.000000
  0
VERTEX
  8
PG_SILKSCREEN_TOP
 10
33.064196
 20
1.381506
 40
0.025400
 41
0.025400
 42
0.000000
  0
SEQEND
  0
POLYLINE
  8
PG_SILKSCREEN_TOP
 66
1
 70
0
 40
0.000000
 41
0.000000
 39
0.000000
  0
VERTEX
  8
PG_SILKSCREEN_TOP
 10
33.038796
 20
2.956306
 40
0.025400
 41
0.025400
 42
0.000000
  0
VERTEX
  8
PG_SILKSCREEN_TOP
 10
33.038796
 20
1.381506
 40
0.025400
 41
0.025400
 42
0.000000
  0
SEQEND
  0
POLYLINE
  8
PG_SILKSCREEN_TOP
 66
1
 70
0
 40
0.000000
 41
0.000000
 39
0.000000
  0
VERTEX
  8
PG_SILKSCREEN_TOP
 10
33.013396
 20
2.956306
 40
0.025400
 41
0.025400
 42
0.000000
  0
VERTEX
  8
PG_SILKSCREEN_TOP
 10
33.013396
 20
1.381506
 40
0.025400
 41
0.025400
 42
0.000000
  0
SEQEND
  0
POLYLINE
  8
PG_SILKSCREEN_TOP
 66
1
 70
0
 40
0.000000
 41
0.000000
 39
0.000000
  0
VERTEX
  8
PG_SILKSCREEN_TOP
 10
32.987996
 20
2.956306
 40
0.025400
 41
0.025400
 42
0.000000
  0
VERTEX
  8
PG_SILKSCREEN_TOP
 10
32.987996
 20
1.381506
 40
0.025400
 41
0.025400
 42
0.000000
  0
SEQEND
  0
POLYLINE
  8
PG_SILKSCREEN_TOP
 66
1
 70
0
 40
0.000000
 41
0.000000
 39
0.000000
  0
VERTEX
  8
PG_SILKSCREEN_TOP
 10
32.962596
 20
2.956306
 40
0.025400
 41
0.025400
 42
0.000000
  0
VERTEX
  8
PG_SILKSCREEN_TOP
 10
32.962596
 20
1.381506
 40
0.025400
 41
0.025400
 42
0.000000
  0
SEQEND
  0
POLYLINE
  8
PG_SILKSCREEN_TOP
 66
1
 70
0
 40
0.000000
 41
0.000000
 39
0.000000
  0
VERTEX
  8
PG_SILKSCREEN_TOP
 10
32.937196
 20
2.956306
 40
0.025400
 41
0.025400
 42
0.000000
  0
VERTEX
  8
PG_SILKSCREEN_TOP
 10
32.937196
 20
1.381506
 40
0.025400
 41
0.025400
 42
0.000000
  0
SEQEND
  0
POLYLINE
  8
PG_SILKSCREEN_TOP
 66
1
 70
0
 40
0.000000
 41
0.000000
 39
0.000000
  0
VERTEX
  8
PG_SILKSCREEN_TOP
 10
32.911796
 20
2.956306
 40
0.025400
 41
0.025400
 42
0.000000
  0
VERTEX
  8
PG_SILKSCREEN_TOP
 10
32.911796
 20
1.406906
 40
0.025400
 41
0.025400
 42
0.000000
  0
SEQEND
  0
POLYLINE
  8
PG_SILKSCREEN_TOP
 66
1
 70
0
 40
0.000000
 41
0.000000
 39
0.000000
  0
VERTEX
  8
PG_SILKSCREEN_TOP
 10
32.886396
 20
2.956306
 40
0.025400
 41
0.025400
 42
0.000000
  0
VERTEX
  8
PG_SILKSCREEN_TOP
 10
32.886396
 20
1.406906
 40
0.025400
 41
0.025400
 42
0.000000
  0
SEQEND
  0
POLYLINE
  8
PG_SILKSCREEN_TOP
 66
1
 70
0
 40
0.000000
 41
0.000000
 39
0.000000
  0
VERTEX
  8
PG_SILKSCREEN_TOP
 10
32.860996
 20
2.956306
 40
0.025400
 41
0.025400
 42
0.000000
  0
VERTEX
  8
PG_SILKSCREEN_TOP
 10
32.860996
 20
1.406906
 40
0.025400
 41
0.025400
 42
0.000000
  0
SEQEND
  0
POLYLINE
  8
PG_SILKSCREEN_TOP
 66
1
 70
0
 40
0.000000
 41
0.000000
 39
0.000000
  0
VERTEX
  8
PG_SILKSCREEN_TOP
 10
32.835596
 20
2.956306
 40
0.025400
 41
0.025400
 42
0.000000
  0
VERTEX
  8
PG_SILKSCREEN_TOP
 10
32.835596
 20
1.406906
 40
0.025400
 41
0.025400
 42
0.000000
  0
SEQEND
  0
POLYLINE
  8
PG_SILKSCREEN_TOP
 66
1
 70
0
 40
0.000000
 41
0.000000
 39
0.000000
  0
VERTEX
  8
PG_SILKSCREEN_TOP
 10
32.810196
 20
2.956306
 40
0.025400
 41
0.025400
 42
0.000000
  0
VERTEX
  8
PG_SILKSCREEN_TOP
 10
32.810196
 20
1.406906
 40
0.025400
 41
0.025400
 42
0.000000
  0
SEQEND
  0
POLYLINE
  8
PG_SILKSCREEN_TOP
 66
1
 70
0
 40
0.000000
 41
0.000000
 39
0.000000
  0
VERTEX
  8
PG_SILKSCREEN_TOP
 10
32.784796
 20
2.956306
 40
0.025400
 41
0.025400
 42
0.000000
  0
VERTEX
  8
PG_SILKSCREEN_TOP
 10
32.784796
 20
1.432306
 40
0.025400
 41
0.025400
 42
0.000000
  0
SEQEND
  0
POLYLINE
  8
PG_SILKSCREEN_TOP
 66
1
 70
0
 40
0.000000
 41
0.000000
 39
0.000000
  0
VERTEX
  8
PG_SILKSCREEN_TOP
 10
32.759396
 20
2.956306
 40
0.025400
 41
0.025400
 42
0.000000
  0
VERTEX
  8
PG_SILKSCREEN_TOP
 10
32.759396
 20
1.432306
 40
0.025400
 41
0.025400
 42
0.000000
  0
SEQEND
  0
POLYLINE
  8
PG_SILKSCREEN_TOP
 66
1
 70
0
 40
0.000000
 41
0.000000
 39
0.000000
  0
VERTEX
  8
PG_SILKSCREEN_TOP
 10
32.733996
 20
2.956306
 40
0.025400
 41
0.025400
 42
0.000000
  0
VERTEX
  8
PG_SILKSCREEN_TOP
 10
32.733996
 20
1.432306
 40
0.025400
 41
0.025400
 42
0.000000
  0
SEQEND
  0
POLYLINE
  8
PG_SILKSCREEN_TOP
 66
1
 70
0
 40
0.000000
 41
0.000000
 39
0.000000
  0
VERTEX
  8
PG_SILKSCREEN_TOP
 10
32.708596
 20
2.956306
 40
0.025400
 41
0.025400
 42
0.000000
  0
VERTEX
  8
PG_SILKSCREEN_TOP
 10
32.708596
 20
1.432306
 40
0.025400
 41
0.025400
 42
0.000000
  0
SEQEND
  0
POLYLINE
  8
PG_SILKSCREEN_TOP
 66
1
 70
0
 40
0.000000
 41
0.000000
 39
0.000000
  0
VERTEX
  8
PG_SILKSCREEN_TOP
 10
32.683196
 20
2.956306
 40
0.025400
 41
0.025400
 42
0.000000
  0
VERTEX
  8
PG_SILKSCREEN_TOP
 10
32.683196
 20
1.432306
 40
0.025400
 41
0.025400
 42
0.000000
  0
SEQEND
  0
POLYLINE
  8
PG_SILKSCREEN_TOP
 66
1
 70
0
 40
0.000000
 41
0.000000
 39
0.000000
  0
VERTEX
  8
PG_SILKSCREEN_TOP
 10
32.657796
 20
2.956306
 40
0.025400
 41
0.025400
 42
0.000000
  0
VERTEX
  8
PG_SILKSCREEN_TOP
 10
32.657796
 20
1.432306
 40
0.025400
 41
0.025400
 42
0.000000
  0
SEQEND
  0
POLYLINE
  8
PG_SILKSCREEN_TOP
 66
1
 70
0
 40
0.000000
 41
0.000000
 39
0.000000
  0
VERTEX
  8
PG_SILKSCREEN_TOP
 10
32.632396
 20
2.956306
 40
0.025400
 41
0.025400
 42
0.000000
  0
VERTEX
  8
PG_SILKSCREEN_TOP
 10
32.632396
 20
1.432306
 40
0.025400
 41
0.025400
 42
0.000000
  0
SEQEND
  0
POLYLINE
  8
PG_SILKSCREEN_TOP
 66
1
 70
0
 40
0.000000
 41
0.000000
 39
0.000000
  0
VERTEX
  8
PG_SILKSCREEN_TOP
 10
32.606996
 20
2.956306
 40
0.025400
 41
0.025400
 42
0.000000
  0
VERTEX
  8
PG_SILKSCREEN_TOP
 10
32.606996
 20
1.457706
 40
0.025400
 41
0.025400
 42
0.000000
  0
SEQEND
  0
POLYLINE
  8
PG_SILKSCREEN_TOP
 66
1
 70
0
 40
0.000000
 41
0.000000
 39
0.000000
  0
VERTEX
  8
PG_SILKSCREEN_TOP
 10
32.581596
 20
2.956306
 40
0.025400
 41
0.025400
 42
0.000000
  0
VERTEX
  8
PG_SILKSCREEN_TOP
 10
32.581596
 20
1.457706
 40
0.025400
 41
0.025400
 42
0.000000
  0
SEQEND
  0
POLYLINE
  8
PG_SILKSCREEN_TOP
 66
1
 70
0
 40
0.000000
 41
0.000000
 39
0.000000
  0
VERTEX
  8
PG_SILKSCREEN_TOP
 10
32.556196
 20
2.956306
 40
0.025400
 41
0.025400
 42
0.000000
  0
VERTEX
  8
PG_SILKSCREEN_TOP
 10
32.556196
 20
1.457706
 40
0.025400
 41
0.025400
 42
0.000000
  0
SEQEND
  0
POLYLINE
  8
PG_SILKSCREEN_TOP
 66
1
 70
0
 40
0.000000
 41
0.000000
 39
0.000000
  0
VERTEX
  8
PG_SILKSCREEN_TOP
 10
32.530796
 20
2.956306
 40
0.025400
 41
0.025400
 42
0.000000
  0
VERTEX
  8
PG_SILKSCREEN_TOP
 10
32.530796
 20
1.483106
 40
0.025400
 41
0.025400
 42
0.000000
  0
SEQEND
  0
POLYLINE
  8
PG_SILKSCREEN_TOP
 66
1
 70
0
 40
0.000000
 41
0.000000
 39
0.000000
  0
VERTEX
  8
PG_SILKSCREEN_TOP
 10
32.505396
 20
2.956306
 40
0.025400
 41
0.025400
 42
0.000000
  0
VERTEX
  8
PG_SILKSCREEN_TOP
 10
32.505396
 20
1.483106
 40
0.025400
 41
0.025400
 42
0.000000
  0
SEQEND
  0
POLYLINE
  8
PG_SILKSCREEN_TOP
 66
1
 70
0
 40
0.000000
 41
0.000000
 39
0.000000
  0
VERTEX
  8
PG_SILKSCREEN_TOP
 10
32.479996
 20
2.956306
 40
0.025400
 41
0.025400
 42
0.000000
  0
VERTEX
  8
PG_SILKSCREEN_TOP
 10
32.479996
 20
1.483106
 40
0.025400
 41
0.025400
 42
0.000000
  0
SEQEND
  0
POLYLINE
  8
PG_SILKSCREEN_TOP
 66
1
 70
0
 40
0.000000
 41
0.000000
 39
0.000000
  0
VERTEX
  8
PG_SILKSCREEN_TOP
 10
32.454596
 20
2.956306
 40
0.025400
 41
0.025400
 42
0.000000
  0
VERTEX
  8
PG_SILKSCREEN_TOP
 10
32.454596
 20
1.508506
 40
0.025400
 41
0.025400
 42
0.000000
  0
SEQEND
  0
POLYLINE
  8
PG_SILKSCREEN_TOP
 66
1
 70
0
 40
0.000000
 41
0.000000
 39
0.000000
  0
VERTEX
  8
PG_SILKSCREEN_TOP
 10
32.429196
 20
2.956306
 40
0.025400
 41
0.025400
 42
0.000000
  0
VERTEX
  8
PG_SILKSCREEN_TOP
 10
32.429196
 20
1.508506
 40
0.025400
 41
0.025400
 42
0.000000
  0
SEQEND
  0
POLYLINE
  8
PG_SILKSCREEN_TOP
 66
1
 70
0
 40
0.000000
 41
0.000000
 39
0.000000
  0
VERTEX
  8
PG_SILKSCREEN_TOP
 10
32.403796
 20
2.956306
 40
0.025400
 41
0.025400
 42
0.000000
  0
VERTEX
  8
PG_SILKSCREEN_TOP
 10
32.403796
 20
1.533906
 40
0.025400
 41
0.025400
 42
0.000000
  0
SEQEND
  0
POLYLINE
  8
PG_SILKSCREEN_TOP
 66
1
 70
0
 40
0.000000
 41
0.000000
 39
0.000000
  0
VERTEX
  8
PG_SILKSCREEN_TOP
 10
32.378396
 20
2.956306
 40
0.025400
 41
0.025400
 42
0.000000
  0
VERTEX
  8
PG_SILKSCREEN_TOP
 10
32.378396
 20
1.533906
 40
0.025400
 41
0.025400
 42
0.000000
  0
SEQEND
  0
POLYLINE
  8
PG_SILKSCREEN_TOP
 66
1
 70
0
 40
0.000000
 41
0.000000
 39
0.000000
  0
VERTEX
  8
PG_SILKSCREEN_TOP
 10
32.352996
 20
2.956306
 40
0.025400
 41
0.025400
 42
0.000000
  0
VERTEX
  8
PG_SILKSCREEN_TOP
 10
32.352996
 20
1.533906
 40
0.025400
 41
0.025400
 42
0.000000
  0
SEQEND
  0
POLYLINE
  8
PG_SILKSCREEN_TOP
 66
1
 70
0
 40
0.000000
 41
0.000000
 39
0.000000
  0
VERTEX
  8
PG_SILKSCREEN_TOP
 10
32.327596
 20
2.956306
 40
0.025400
 41
0.025400
 42
0.000000
  0
VERTEX
  8
PG_SILKSCREEN_TOP
 10
32.327596
 20
1.533906
 40
0.025400
 41
0.025400
 42
0.000000
  0
SEQEND
  0
POLYLINE
  8
PG_SILKSCREEN_TOP
 66
1
 70
0
 40
0.000000
 41
0.000000
 39
0.000000
  0
VERTEX
  8
PG_SILKSCREEN_TOP
 10
32.302196
 20
2.956306
 40
0.025400
 41
0.025400
 42
0.000000
  0
VERTEX
  8
PG_SILKSCREEN_TOP
 10
32.302196
 20
1.559306
 40
0.025400
 41
0.025400
 42
0.000000
  0
SEQEND
  0
POLYLINE
  8
PG_SILKSCREEN_TOP
 66
1
 70
0
 40
0.000000
 41
0.000000
 39
0.000000
  0
VERTEX
  8
PG_SILKSCREEN_TOP
 10
32.276796
 20
2.956306
 40
0.025400
 41
0.025400
 42
0.000000
  0
VERTEX
  8
PG_SILKSCREEN_TOP
 10
32.276796
 20
1.559306
 40
0.025400
 41
0.025400
 42
0.000000
  0
SEQEND
  0
POLYLINE
  8
PG_SILKSCREEN_TOP
 66
1
 70
0
 40
0.000000
 41
0.000000
 39
0.000000
  0
VERTEX
  8
PG_SILKSCREEN_TOP
 10
32.251396
 20
2.956306
 40
0.025400
 41
0.025400
 42
0.000000
  0
VERTEX
  8
PG_SILKSCREEN_TOP
 10
32.251396
 20
1.584706
 40
0.025400
 41
0.025400
 42
0.000000
  0
SEQEND
  0
POLYLINE
  8
PG_SILKSCREEN_TOP
 66
1
 70
0
 40
0.000000
 41
0.000000
 39
0.000000
  0
VERTEX
  8
PG_SILKSCREEN_TOP
 10
32.225996
 20
2.956306
 40
0.025400
 41
0.025400
 42
0.000000
  0
VERTEX
  8
PG_SILKSCREEN_TOP
 10
32.225996
 20
1.584706
 40
0.025400
 41
0.025400
 42
0.000000
  0
SEQEND
  0
POLYLINE
  8
PG_SILKSCREEN_TOP
 66
1
 70
0
 40
0.000000
 41
0.000000
 39
0.000000
  0
VERTEX
  8
PG_SILKSCREEN_TOP
 10
32.200596
 20
2.956306
 40
0.025400
 41
0.025400
 42
0.000000
  0
VERTEX
  8
PG_SILKSCREEN_TOP
 10
32.200596
 20
1.610106
 40
0.025400
 41
0.025400
 42
0.000000
  0
SEQEND
  0
POLYLINE
  8
PG_SILKSCREEN_TOP
 66
1
 70
0
 40
0.000000
 41
0.000000
 39
0.000000
  0
VERTEX
  8
PG_SILKSCREEN_TOP
 10
32.175196
 20
2.956306
 40
0.025400
 41
0.025400
 42
0.000000
  0
VERTEX
  8
PG_SILKSCREEN_TOP
 10
32.175196
 20
1.635506
 40
0.025400
 41
0.025400
 42
0.000000
  0
SEQEND
  0
POLYLINE
  8
PG_SILKSCREEN_TOP
 66
1
 70
0
 40
0.000000
 41
0.000000
 39
0.000000
  0
VERTEX
  8
PG_SILKSCREEN_TOP
 10
32.149796
 20
2.956306
 40
0.025400
 41
0.025400
 42
0.000000
  0
VERTEX
  8
PG_SILKSCREEN_TOP
 10
32.149796
 20
1.635506
 40
0.025400
 41
0.025400
 42
0.000000
  0
SEQEND
  0
POLYLINE
  8
PG_SILKSCREEN_TOP
 66
1
 70
0
 40
0.000000
 41
0.000000
 39
0.000000
  0
VERTEX
  8
PG_SILKSCREEN_TOP
 10
32.124396
 20
2.956306
 40
0.025400
 41
0.025400
 42
0.000000
  0
VERTEX
  8
PG_SILKSCREEN_TOP
 10
32.124396
 20
1.635506
 40
0.025400
 41
0.025400
 42
0.000000
  0
SEQEND
  0
POLYLINE
  8
PG_SILKSCREEN_TOP
 66
1
 70
0
 40
0.000000
 41
0.000000
 39
0.000000
  0
VERTEX
  8
PG_SILKSCREEN_TOP
 10
32.098996
 20
2.956306
 40
0.025400
 41
0.025400
 42
0.000000
  0
VERTEX
  8
PG_SILKSCREEN_TOP
 10
32.098996
 20
1.660906
 40
0.025400
 41
0.025400
 42
0.000000
  0
SEQEND
  0
POLYLINE
  8
PG_SILKSCREEN_TOP
 66
1
 70
0
 40
0.000000
 41
0.000000
 39
0.000000
  0
VERTEX
  8
PG_SILKSCREEN_TOP
 10
32.073596
 20
2.956306
 40
0.025400
 41
0.025400
 42
0.000000
  0
VERTEX
  8
PG_SILKSCREEN_TOP
 10
32.073596
 20
1.660906
 40
0.025400
 41
0.025400
 42
0.000000
  0
SEQEND
  0
POLYLINE
  8
PG_SILKSCREEN_TOP
 66
1
 70
0
 40
0.000000
 41
0.000000
 39
0.000000
  0
VERTEX
  8
PG_SILKSCREEN_TOP
 10
32.048196
 20
2.956306
 40
0.025400
 41
0.025400
 42
0.000000
  0
VERTEX
  8
PG_SILKSCREEN_TOP
 10
32.048196
 20
1.686306
 40
0.025400
 41
0.025400
 42
0.000000
  0
SEQEND
  0
POLYLINE
  8
PG_SILKSCREEN_TOP
 66
1
 70
0
 40
0.000000
 41
0.000000
 39
0.000000
  0
VERTEX
  8
PG_SILKSCREEN_TOP
 10
32.022796
 20
2.956306
 40
0.025400
 41
0.025400
 42
0.000000
  0
VERTEX
  8
PG_SILKSCREEN_TOP
 10
32.022796
 20
1.711706
 40
0.025400
 41
0.025400
 42
0.000000
  0
SEQEND
  0
POLYLINE
  8
PG_SILKSCREEN_TOP
 66
1
 70
0
 40
0.000000
 41
0.000000
 39
0.000000
  0
VERTEX
  8
PG_SILKSCREEN_TOP
 10
31.997396
 20
2.956306
 40
0.025400
 41
0.025400
 42
0.000000
  0
VERTEX
  8
PG_SILKSCREEN_TOP
 10
31.997396
 20
1.711706
 40
0.025400
 41
0.025400
 42
0.000000
  0
SEQEND
  0
POLYLINE
  8
PG_SILKSCREEN_TOP
 66
1
 70
0
 40
0.000000
 41
0.000000
 39
0.000000
  0
VERTEX
  8
PG_SILKSCREEN_TOP
 10
31.971996
 20
2.956306
 40
0.025400
 41
0.025400
 42
0.000000
  0
VERTEX
  8
PG_SILKSCREEN_TOP
 10
31.971996
 20
1.737106
 40
0.025400
 41
0.025400
 42
0.000000
  0
SEQEND
  0
POLYLINE
  8
PG_SILKSCREEN_TOP
 66
1
 70
0
 40
0.000000
 41
0.000000
 39
0.000000
  0
VERTEX
  8
PG_SILKSCREEN_TOP
 10
31.946596
 20
2.956306
 40
0.025400
 41
0.025400
 42
0.000000
  0
VERTEX
  8
PG_SILKSCREEN_TOP
 10
31.946596
 20
1.737106
 40
0.025400
 41
0.025400
 42
0.000000
  0
SEQEND
  0
POLYLINE
  8
PG_SILKSCREEN_TOP
 66
1
 70
0
 40
0.000000
 41
0.000000
 39
0.000000
  0
VERTEX
  8
PG_SILKSCREEN_TOP
 10
31.921196
 20
2.956306
 40
0.025400
 41
0.025400
 42
0.000000
  0
VERTEX
  8
PG_SILKSCREEN_TOP
 10
31.921196
 20
1.762506
 40
0.025400
 41
0.025400
 42
0.000000
  0
SEQEND
  0
POLYLINE
  8
PG_SILKSCREEN_TOP
 66
1
 70
0
 40
0.000000
 41
0.000000
 39
0.000000
  0
VERTEX
  8
PG_SILKSCREEN_TOP
 10
31.895796
 20
2.956306
 40
0.025400
 41
0.025400
 42
0.000000
  0
VERTEX
  8
PG_SILKSCREEN_TOP
 10
31.895796
 20
1.787906
 40
0.025400
 41
0.025400
 42
0.000000
  0
SEQEND
  0
POLYLINE
  8
PG_SILKSCREEN_TOP
 66
1
 70
0
 40
0.000000
 41
0.000000
 39
0.000000
  0
VERTEX
  8
PG_SILKSCREEN_TOP
 10
31.870396
 20
2.956306
 40
0.025400
 41
0.025400
 42
0.000000
  0
VERTEX
  8
PG_SILKSCREEN_TOP
 10
31.870396
 20
1.813306
 40
0.025400
 41
0.025400
 42
0.000000
  0
SEQEND
  0
POLYLINE
  8
PG_SILKSCREEN_TOP
 66
1
 70
0
 40
0.000000
 41
0.000000
 39
0.000000
  0
VERTEX
  8
PG_SILKSCREEN_TOP
 10
31.844996
 20
2.956306
 40
0.025400
 41
0.025400
 42
0.000000
  0
VERTEX
  8
PG_SILKSCREEN_TOP
 10
31.844996
 20
1.813306
 40
0.025400
 41
0.025400
 42
0.000000
  0
SEQEND
  0
POLYLINE
  8
PG_SILKSCREEN_TOP
 66
1
 70
0
 40
0.000000
 41
0.000000
 39
0.000000
  0
VERTEX
  8
PG_SILKSCREEN_TOP
 10
31.819596
 20
2.956306
 40
0.025400
 41
0.025400
 42
0.000000
  0
VERTEX
  8
PG_SILKSCREEN_TOP
 10
31.819596
 20
1.838706
 40
0.025400
 41
0.025400
 42
0.000000
  0
SEQEND
  0
POLYLINE
  8
PG_SILKSCREEN_TOP
 66
1
 70
0
 40
0.000000
 41
0.000000
 39
0.000000
  0
VERTEX
  8
PG_SILKSCREEN_TOP
 10
31.794196
 20
2.956306
 40
0.025400
 41
0.025400
 42
0.000000
  0
VERTEX
  8
PG_SILKSCREEN_TOP
 10
31.794196
 20
1.864106
 40
0.025400
 41
0.025400
 42
0.000000
  0
SEQEND
  0
POLYLINE
  8
PG_SILKSCREEN_TOP
 66
1
 70
0
 40
0.000000
 41
0.000000
 39
0.000000
  0
VERTEX
  8
PG_SILKSCREEN_TOP
 10
31.768796
 20
2.956306
 40
0.025400
 41
0.025400
 42
0.000000
  0
VERTEX
  8
PG_SILKSCREEN_TOP
 10
31.768796
 20
1.889506
 40
0.025400
 41
0.025400
 42
0.000000
  0
SEQEND
  0
POLYLINE
  8
PG_SILKSCREEN_TOP
 66
1
 70
0
 40
0.000000
 41
0.000000
 39
0.000000
  0
VERTEX
  8
PG_SILKSCREEN_TOP
 10
31.743396
 20
2.956306
 40
0.025400
 41
0.025400
 42
0.000000
  0
VERTEX
  8
PG_SILKSCREEN_TOP
 10
31.743396
 20
1.914906
 40
0.025400
 41
0.025400
 42
0.000000
  0
SEQEND
  0
POLYLINE
  8
PG_SILKSCREEN_TOP
 66
1
 70
0
 40
0.000000
 41
0.000000
 39
0.000000
  0
VERTEX
  8
PG_SILKSCREEN_TOP
 10
31.717996
 20
2.956306
 40
0.025400
 41
0.025400
 42
0.000000
  0
VERTEX
  8
PG_SILKSCREEN_TOP
 10
31.717996
 20
1.914906
 40
0.025400
 41
0.025400
 42
0.000000
  0
SEQEND
  0
POLYLINE
  8
PG_SILKSCREEN_TOP
 66
1
 70
0
 40
0.000000
 41
0.000000
 39
0.000000
  0
VERTEX
  8
PG_SILKSCREEN_TOP
 10
31.692596
 20
2.956306
 40
0.025400
 41
0.025400
 42
0.000000
  0
VERTEX
  8
PG_SILKSCREEN_TOP
 10
31.692596
 20
1.940306
 40
0.025400
 41
0.025400
 42
0.000000
  0
SEQEND
  0
POLYLINE
  8
PG_SILKSCREEN_TOP
 66
1
 70
0
 40
0.000000
 41
0.000000
 39
0.000000
  0
VERTEX
  8
PG_SILKSCREEN_TOP
 10
31.667196
 20
2.956306
 40
0.025400
 41
0.025400
 42
0.000000
  0
VERTEX
  8
PG_SILKSCREEN_TOP
 10
31.667196
 20
1.965706
 40
0.025400
 41
0.025400
 42
0.000000
  0
SEQEND
  0
POLYLINE
  8
PG_SILKSCREEN_TOP
 66
1
 70
0
 40
0.000000
 41
0.000000
 39
0.000000
  0
VERTEX
  8
PG_SILKSCREEN_TOP
 10
31.641796
 20
2.956306
 40
0.025400
 41
0.025400
 42
0.000000
  0
VERTEX
  8
PG_SILKSCREEN_TOP
 10
31.641796
 20
1.991106
 40
0.025400
 41
0.025400
 42
0.000000
  0
SEQEND
  0
POLYLINE
  8
PG_SILKSCREEN_TOP
 66
1
 70
0
 40
0.000000
 41
0.000000
 39
0.000000
  0
VERTEX
  8
PG_SILKSCREEN_TOP
 10
31.616396
 20
2.956306
 40
0.025400
 41
0.025400
 42
0.000000
  0
VERTEX
  8
PG_SILKSCREEN_TOP
 10
31.616396
 20
2.016506
 40
0.025400
 41
0.025400
 42
0.000000
  0
SEQEND
  0
POLYLINE
  8
PG_SILKSCREEN_TOP
 66
1
 70
0
 40
0.000000
 41
0.000000
 39
0.000000
  0
VERTEX
  8
PG_SILKSCREEN_TOP
 10
31.590996
 20
2.956306
 40
0.025400
 41
0.025400
 42
0.000000
  0
VERTEX
  8
PG_SILKSCREEN_TOP
 10
31.590996
 20
2.041906
 40
0.025400
 41
0.025400
 42
0.000000
  0
SEQEND
  0
POLYLINE
  8
PG_SILKSCREEN_TOP
 66
1
 70
0
 40
0.000000
 41
0.000000
 39
0.000000
  0
VERTEX
  8
PG_SILKSCREEN_TOP
 10
31.565596
 20
2.956306
 40
0.025400
 41
0.025400
 42
0.000000
  0
VERTEX
  8
PG_SILKSCREEN_TOP
 10
31.565596
 20
2.067306
 40
0.025400
 41
0.025400
 42
0.000000
  0
SEQEND
  0
POLYLINE
  8
PG_SILKSCREEN_TOP
 66
1
 70
0
 40
0.000000
 41
0.000000
 39
0.000000
  0
VERTEX
  8
PG_SILKSCREEN_TOP
 10
31.540196
 20
2.956306
 40
0.025400
 41
0.025400
 42
0.000000
  0
VERTEX
  8
PG_SILKSCREEN_TOP
 10
31.540196
 20
2.092706
 40
0.025400
 41
0.025400
 42
0.000000
  0
SEQEND
  0
POLYLINE
  8
PG_SILKSCREEN_TOP
 66
1
 70
0
 40
0.000000
 41
0.000000
 39
0.000000
  0
VERTEX
  8
PG_SILKSCREEN_TOP
 10
34.613596
 20
5.420106
 40
0.025400
 41
0.025400
 42
0.000000
  0
VERTEX
  8
PG_SILKSCREEN_TOP
 10
34.613596
 20
4.073906
 40
0.025400
 41
0.025400
 42
0.000000
  0
SEQEND
  0
POLYLINE
  8
PG_SILKSCREEN_TOP
 66
1
 70
0
 40
0.000000
 41
0.000000
 39
0.000000
  0
VERTEX
  8
PG_SILKSCREEN_TOP
 10
34.588196
 20
5.445506
 40
0.025400
 41
0.025400
 42
0.000000
  0
VERTEX
  8
PG_SILKSCREEN_TOP
 10
34.588196
 20
4.099306
 40
0.025400
 41
0.025400
 42
0.000000
  0
SEQEND
  0
POLYLINE
  8
PG_SILKSCREEN_TOP
 66
1
 70
0
 40
0.000000
 41
0.000000
 39
0.000000
  0
VERTEX
  8
PG_SILKSCREEN_TOP
 10
34.562796
 20
5.470906
 40
0.025400
 41
0.025400
 42
0.000000
  0
VERTEX
  8
PG_SILKSCREEN_TOP
 10
34.562796
 20
4.099306
 40
0.025400
 41
0.025400
 42
0.000000
  0
SEQEND
  0
POLYLINE
  8
PG_SILKSCREEN_TOP
 66
1
 70
0
 40
0.000000
 41
0.000000
 39
0.000000
  0
VERTEX
  8
PG_SILKSCREEN_TOP
 10
34.537396
 20
5.470906
 40
0.025400
 41
0.025400
 42
0.000000
  0
VERTEX
  8
PG_SILKSCREEN_TOP
 10
34.537396
 20
4.124706
 40
0.025400
 41
0.025400
 42
0.000000
  0
SEQEND
  0
POLYLINE
  8
PG_SILKSCREEN_TOP
 66
1
 70
0
 40
0.000000
 41
0.000000
 39
0.000000
  0
VERTEX
  8
PG_SILKSCREEN_TOP
 10
34.511996
 20
5.496306
 40
0.025400
 41
0.025400
 42
0.000000
  0
VERTEX
  8
PG_SILKSCREEN_TOP
 10
34.511996
 20
4.150106
 40
0.025400
 41
0.025400
 42
0.000000
  0
SEQEND
  0
POLYLINE
  8
PG_SILKSCREEN_TOP
 66
1
 70
0
 40
0.000000
 41
0.000000
 39
0.000000
  0
VERTEX
  8
PG_SILKSCREEN_TOP
 10
33.343596
 20
2.956306
 40
0.025400
 41
0.025400
 42
0.000000
  0
VERTEX
  8
PG_SILKSCREEN_TOP
 10
33.343596
 20
2.930906
 40
0.025400
 41
0.025400
 42
0.000000
  0
SEQEND
  0
POLYLINE
  8
PG_SILKSCREEN_TOP
 66
1
 70
0
 40
0.000000
 41
0.000000
 39
0.000000
  0
VERTEX
  8
PG_SILKSCREEN_TOP
 10
31.514796
 20
2.956306
 40
0.025400
 41
0.025400
 42
0.000000
  0
VERTEX
  8
PG_SILKSCREEN_TOP
 10
31.514796
 20
2.118106
 40
0.025400
 41
0.025400
 42
0.000000
  0
SEQEND
  0
POLYLINE
  8
PG_SILKSCREEN_TOP
 66
1
 70
0
 40
0.000000
 41
0.000000
 39
0.000000
  0
VERTEX
  8
PG_SILKSCREEN_TOP
 10
31.489396
 20
2.956306
 40
0.025400
 41
0.025400
 42
0.000000
  0
VERTEX
  8
PG_SILKSCREEN_TOP
 10
31.489396
 20
2.143506
 40
0.025400
 41
0.025400
 42
0.000000
  0
SEQEND
  0
POLYLINE
  8
PG_SILKSCREEN_TOP
 66
1
 70
0
 40
0.000000
 41
0.000000
 39
0.000000
  0
VERTEX
  8
PG_SILKSCREEN_TOP
 10
31.463996
 20
2.956306
 40
0.025400
 41
0.025400
 42
0.000000
  0
VERTEX
  8
PG_SILKSCREEN_TOP
 10
31.463996
 20
2.194306
 40
0.025400
 41
0.025400
 42
0.000000
  0
SEQEND
  0
POLYLINE
  8
PG_SILKSCREEN_TOP
 66
1
 70
0
 40
0.000000
 41
0.000000
 39
0.000000
  0
VERTEX
  8
PG_SILKSCREEN_TOP
 10
31.438596
 20
5.089906
 40
0.025400
 41
0.025400
 42
0.000000
  0
VERTEX
  8
PG_SILKSCREEN_TOP
 10
31.438596
 20
2.219706
 40
0.025400
 41
0.025400
 42
0.000000
  0
SEQEND
  0
POLYLINE
  8
PG_SILKSCREEN_TOP
 66
1
 70
0
 40
0.000000
 41
0.000000
 39
0.000000
  0
VERTEX
  8
PG_SILKSCREEN_TOP
 10
31.413196
 20
5.064506
 40
0.025400
 41
0.025400
 42
0.000000
  0
VERTEX
  8
PG_SILKSCREEN_TOP
 10
31.413196
 20
2.245106
 40
0.025400
 41
0.025400
 42
0.000000
  0
SEQEND
  0
POLYLINE
  8
PG_SILKSCREEN_TOP
 66
1
 70
0
 40
0.000000
 41
0.000000
 39
0.000000
  0
VERTEX
  8
PG_SILKSCREEN_TOP
 10
31.387796
 20
5.013706
 40
0.025400
 41
0.025400
 42
0.000000
  0
VERTEX
  8
PG_SILKSCREEN_TOP
 10
31.387796
 20
2.270506
 40
0.025400
 41
0.025400
 42
0.000000
  0
SEQEND
  0
POLYLINE
  8
PG_SILKSCREEN_TOP
 66
1
 70
0
 40
0.000000
 41
0.000000
 39
0.000000
  0
VERTEX
  8
PG_SILKSCREEN_TOP
 10
31.362396
 20
4.988306
 40
0.025400
 41
0.025400
 42
0.000000
  0
VERTEX
  8
PG_SILKSCREEN_TOP
 10
31.362396
 20
2.321306
 40
0.025400
 41
0.025400
 42
0.000000
  0
SEQEND
  0
POLYLINE
  8
PG_SILKSCREEN_TOP
 66
1
 70
0
 40
0.000000
 41
0.000000
 39
0.000000
  0
VERTEX
  8
PG_SILKSCREEN_TOP
 10
31.336996
 20
4.962906
 40
0.025400
 41
0.025400
 42
0.000000
  0
VERTEX
  8
PG_SILKSCREEN_TOP
 10
31.336996
 20
2.346706
 40
0.025400
 41
0.025400
 42
0.000000
  0
SEQEND
  0
POLYLINE
  8
PG_SILKSCREEN_TOP
 66
1
 70
0
 40
0.000000
 41
0.000000
 39
0.000000
  0
VERTEX
  8
PG_SILKSCREEN_TOP
 10
31.311596
 20
4.912106
 40
0.025400
 41
0.025400
 42
0.000000
  0
VERTEX
  8
PG_SILKSCREEN_TOP
 10
31.311596
 20
2.372106
 40
0.025400
 41
0.025400
 42
0.000000
  0
SEQEND
  0
POLYLINE
  8
PG_SILKSCREEN_TOP
 66
1
 70
0
 40
0.000000
 41
0.000000
 39
0.000000
  0
VERTEX
  8
PG_SILKSCREEN_TOP
 10
31.286196
 20
4.861306
 40
0.025400
 41
0.025400
 42
0.000000
  0
VERTEX
  8
PG_SILKSCREEN_TOP
 10
31.286196
 20
2.422906
 40
0.025400
 41
0.025400
 42
0.000000
  0
SEQEND
  0
POLYLINE
  8
PG_SILKSCREEN_TOP
 66
1
 70
0
 40
0.000000
 41
0.000000
 39
0.000000
  0
VERTEX
  8
PG_SILKSCREEN_TOP
 10
31.260796
 20
4.835906
 40
0.025400
 41
0.025400
 42
0.000000
  0
VERTEX
  8
PG_SILKSCREEN_TOP
 10
31.260796
 20
2.473706
 40
0.025400
 41
0.025400
 42
0.000000
  0
SEQEND
  0
POLYLINE
  8
PG_SILKSCREEN_TOP
 66
1
 70
0
 40
0.000000
 41
0.000000
 39
0.000000
  0
VERTEX
  8
PG_SILKSCREEN_TOP
 10
31.235396
 20
4.785106
 40
0.025400
 41
0.025400
 42
0.000000
  0
VERTEX
  8
PG_SILKSCREEN_TOP
 10
31.235396
 20
2.499106
 40
0.025400
 41
0.025400
 42
0.000000
  0
SEQEND
  0
POLYLINE
  8
PG_SILKSCREEN_TOP
 66
1
 70
0
 40
0.000000
 41
0.000000
 39
0.000000
  0
VERTEX
  8
PG_SILKSCREEN_TOP
 10
31.209996
 20
4.759706
 40
0.025400
 41
0.025400
 42
0.000000
  0
VERTEX
  8
PG_SILKSCREEN_TOP
 10
31.209996
 20
2.549906
 40
0.025400
 41
0.025400
 42
0.000000
  0
SEQEND
  0
POLYLINE
  8
PG_SILKSCREEN_TOP
 66
1
 70
0
 40
0.000000
 41
0.000000
 39
0.000000
  0
VERTEX
  8
PG_SILKSCREEN_TOP
 10
31.184596
 20
4.708906
 40
0.025400
 41
0.025400
 42
0.000000
  0
VERTEX
  8
PG_SILKSCREEN_TOP
 10
31.184596
 20
2.600706
 40
0.025400
 41
0.025400
 42
0.000000
  0
SEQEND
  0
POLYLINE
  8
PG_SILKSCREEN_TOP
 66
1
 70
0
 40
0.000000
 41
0.000000
 39
0.000000
  0
VERTEX
  8
PG_SILKSCREEN_TOP
 10
31.159196
 20
4.658106
 40
0.025400
 41
0.025400
 42
0.000000
  0
VERTEX
  8
PG_SILKSCREEN_TOP
 10
31.159196
 20
2.651506
 40
0.025400
 41
0.025400
 42
0.000000
  0
SEQEND
  0
POLYLINE
  8
PG_SILKSCREEN_TOP
 66
1
 70
0
 40
0.000000
 41
0.000000
 39
0.000000
  0
VERTEX
  8
PG_SILKSCREEN_TOP
 10
31.133796
 20
4.607306
 40
0.025400
 41
0.025400
 42
0.000000
  0
VERTEX
  8
PG_SILKSCREEN_TOP
 10
31.133796
 20
2.702306
 40
0.025400
 41
0.025400
 42
0.000000
  0
SEQEND
  0
POLYLINE
  8
PG_SILKSCREEN_TOP
 66
1
 70
0
 40
0.000000
 41
0.000000
 39
0.000000
  0
VERTEX
  8
PG_SILKSCREEN_TOP
 10
31.108396
 20
4.556506
 40
0.025400
 41
0.025400
 42
0.000000
  0
VERTEX
  8
PG_SILKSCREEN_TOP
 10
31.108396
 20
2.753106
 40
0.025400
 41
0.025400
 42
0.000000
  0
SEQEND
  0
POLYLINE
  8
PG_SILKSCREEN_TOP
 66
1
 70
0
 40
0.000000
 41
0.000000
 39
0.000000
  0
VERTEX
  8
PG_SILKSCREEN_TOP
 10
31.082996
 20
4.454906
 40
0.025400
 41
0.025400
 42
0.000000
  0
VERTEX
  8
PG_SILKSCREEN_TOP
 10
31.082996
 20
2.854706
 40
0.025400
 41
0.025400
 42
0.000000
  0
SEQEND
  0
POLYLINE
  8
PG_SILKSCREEN_TOP
 66
1
 70
0
 40
0.000000
 41
0.000000
 39
0.000000
  0
VERTEX
  8
PG_SILKSCREEN_TOP
 10
31.057596
 20
4.404106
 40
0.025400
 41
0.025400
 42
0.000000
  0
VERTEX
  8
PG_SILKSCREEN_TOP
 10
31.057596
 20
2.905506
 40
0.025400
 41
0.025400
 42
0.000000
  0
SEQEND
  0
POLYLINE
  8
PG_SILKSCREEN_TOP
 66
1
 70
0
 40
0.000000
 41
0.000000
 39
0.000000
  0
VERTEX
  8
PG_SILKSCREEN_TOP
 10
31.032196
 20
4.327906
 40
0.025400
 41
0.025400
 42
0.000000
  0
VERTEX
  8
PG_SILKSCREEN_TOP
 10
31.032196
 20
2.956306
 40
0.025400
 41
0.025400
 42
0.000000
  0
SEQEND
  0
POLYLINE
  8
PG_SILKSCREEN_TOP
 66
1
 70
0
 40
0.000000
 41
0.000000
 39
0.000000
  0
VERTEX
  8
PG_SILKSCREEN_TOP
 10
31.006796
 20
4.251706
 40
0.025400
 41
0.025400
 42
0.000000
  0
VERTEX
  8
PG_SILKSCREEN_TOP
 10
31.006796
 20
3.032506
 40
0.025400
 41
0.025400
 42
0.000000
  0
SEQEND
  0
POLYLINE
  8
PG_SILKSCREEN_TOP
 66
1
 70
0
 40
0.000000
 41
0.000000
 39
0.000000
  0
VERTEX
  8
PG_SILKSCREEN_TOP
 10
30.981396
 20
4.099306
 40
0.025400
 41
0.025400
 42
0.000000
  0
VERTEX
  8
PG_SILKSCREEN_TOP
 10
30.981396
 20
3.184906
 40
0.025400
 41
0.025400
 42
0.000000
  0
SEQEND
  0
POLYLINE
  8
PG_SILKSCREEN_TOP
 66
1
 70
0
 40
0.000000
 41
0.000000
 39
0.000000
  0
VERTEX
  8
PG_SILKSCREEN_TOP
 10
30.955996
 20
3.972306
 40
0.025400
 41
0.025400
 42
0.000000
  0
VERTEX
  8
PG_SILKSCREEN_TOP
 10
30.955996
 20
3.311906
 40
0.025400
 41
0.025400
 42
0.000000
  0
SEQEND
  0
POLYLINE
  8
PG_SILKSCREEN_TOP
 66
1
 70
0
 40
0.000000
 41
0.000000
 39
0.000000
  0
VERTEX
  8
PG_SILKSCREEN_TOP
 10
30.930596
 20
3.565906
 40
0.025400
 41
0.025400
 42
0.000000
  0
VERTEX
  8
PG_SILKSCREEN_TOP
 10
30.930596
 20
3.540506
 40
0.025400
 41
0.025400
 42
0.000000
  0
SEQEND
  0
POLYLINE
  8
PG_SILKSCREEN_TOP
 66
1
 70
0
 40
0.000000
 41
0.000000
 39
0.000000
  0
VERTEX
  8
PG_SILKSCREEN_TOP
 10
34.867596
 20
3.413506
 40
0.025400
 41
0.025400
 42
0.000000
  0
VERTEX
  8
PG_SILKSCREEN_TOP
 10
34.867596
 20
2.092706
 40
0.025400
 41
0.025400
 42
0.000000
  0
SEQEND
  0
POLYLINE
  8
PG_SILKSCREEN_TOP
 66
1
 70
0
 40
0.000000
 41
0.000000
 39
0.000000
  0
VERTEX
  8
PG_SILKSCREEN_TOP
 10
34.842196
 20
3.413506
 40
0.025400
 41
0.025400
 42
0.000000
  0
VERTEX
  8
PG_SILKSCREEN_TOP
 10
34.842196
 20
2.067306
 40
0.025400
 41
0.025400
 42
0.000000
  0
SEQEND
  0
POLYLINE
  8
PG_SILKSCREEN_TOP
 66
1
 70
0
 40
0.000000
 41
0.000000
 39
0.000000
  0
VERTEX
  8
PG_SILKSCREEN_TOP
 10
34.816796
 20
3.388106
 40
0.025400
 41
0.025400
 42
0.000000
  0
VERTEX
  8
PG_SILKSCREEN_TOP
 10
34.816796
 20
2.067306
 40
0.025400
 41
0.025400
 42
0.000000
  0
SEQEND
  0
POLYLINE
  8
PG_SILKSCREEN_TOP
 66
1
 70
0
 40
0.000000
 41
0.000000
 39
0.000000
  0
VERTEX
  8
PG_SILKSCREEN_TOP
 10
34.791396
 20
3.362706
 40
0.025400
 41
0.025400
 42
0.000000
  0
VERTEX
  8
PG_SILKSCREEN_TOP
 10
34.791396
 20
2.041906
 40
0.025400
 41
0.025400
 42
0.000000
  0
SEQEND
  0
POLYLINE
  8
PG_SILKSCREEN_TOP
 66
1
 70
0
 40
0.000000
 41
0.000000
 39
0.000000
  0
VERTEX
  8
PG_SILKSCREEN_TOP
 10
34.765996
 20
3.337306
 40
0.025400
 41
0.025400
 42
0.000000
  0
VERTEX
  8
PG_SILKSCREEN_TOP
 10
34.765996
 20
1.991106
 40
0.025400
 41
0.025400
 42
0.000000
  0
SEQEND
  0
POLYLINE
  8
PG_SILKSCREEN_TOP
 66
1
 70
0
 40
0.000000
 41
0.000000
 39
0.000000
  0
VERTEX
  8
PG_SILKSCREEN_TOP
 10
34.740596
 20
3.311906
 40
0.025400
 41
0.025400
 42
0.000000
  0
VERTEX
  8
PG_SILKSCREEN_TOP
 10
34.740596
 20
1.965706
 40
0.025400
 41
0.025400
 42
0.000000
  0
SEQEND
  0
POLYLINE
  8
PG_SILKSCREEN_TOP
 66
1
 70
0
 40
0.000000
 41
0.000000
 39
0.000000
  0
VERTEX
  8
PG_SILKSCREEN_TOP
 10
34.715196
 20
3.286506
 40
0.025400
 41
0.025400
 42
0.000000
  0
VERTEX
  8
PG_SILKSCREEN_TOP
 10
34.715196
 20
1.965706
 40
0.025400
 41
0.025400
 42
0.000000
  0
SEQEND
  0
POLYLINE
  8
PG_SILKSCREEN_TOP
 66
1
 70
0
 40
0.000000
 41
0.000000
 39
0.000000
  0
VERTEX
  8
PG_SILKSCREEN_TOP
 10
34.689796
 20
3.286506
 40
0.025400
 41
0.025400
 42
0.000000
  0
VERTEX
  8
PG_SILKSCREEN_TOP
 10
34.689796
 20
1.940306
 40
0.025400
 41
0.025400
 42
0.000000
  0
SEQEND
  0
POLYLINE
  8
PG_SILKSCREEN_TOP
 66
1
 70
0
 40
0.000000
 41
0.000000
 39
0.000000
  0
VERTEX
  8
PG_SILKSCREEN_TOP
 10
34.664396
 20
3.261106
 40
0.025400
 41
0.025400
 42
0.000000
  0
VERTEX
  8
PG_SILKSCREEN_TOP
 10
34.664396
 20
1.914906
 40
0.025400
 41
0.025400
 42
0.000000
  0
SEQEND
  0
POLYLINE
  8
PG_SILKSCREEN_TOP
 66
1
 70
0
 40
0.000000
 41
0.000000
 39
0.000000
  0
VERTEX
  8
PG_SILKSCREEN_TOP
 10
34.638996
 20
3.235706
 40
0.025400
 41
0.025400
 42
0.000000
  0
VERTEX
  8
PG_SILKSCREEN_TOP
 10
34.638996
 20
1.889506
 40
0.025400
 41
0.025400
 42
0.000000
  0
SEQEND
  0
POLYLINE
  8
PG_SILKSCREEN_TOP
 66
1
 70
0
 40
0.000000
 41
0.000000
 39
0.000000
  0
VERTEX
  8
PG_SILKSCREEN_TOP
 10
35.451796
 20
3.921506
 40
0.025400
 41
0.025400
 42
0.000000
  0
VERTEX
  8
PG_SILKSCREEN_TOP
 10
35.451796
 20
3.896106
 40
0.025400
 41
0.025400
 42
0.000000
  0
SEQEND
  0
POLYLINE
  8
PG_SILKSCREEN_TOP
 66
1
 70
0
 40
0.000000
 41
0.000000
 39
0.000000
  0
VERTEX
  8
PG_SILKSCREEN_TOP
 10
35.451796
 20
3.870706
 40
0.025400
 41
0.025400
 42
0.000000
  0
VERTEX
  8
PG_SILKSCREEN_TOP
 10
35.451796
 20
3.413506
 40
0.025400
 41
0.025400
 42
0.000000
  0
SEQEND
  0
POLYLINE
  8
PG_SILKSCREEN_TOP
 66
1
 70
0
 40
0.000000
 41
0.000000
 39
0.000000
  0
VERTEX
  8
PG_SILKSCREEN_TOP
 10
35.426396
 20
4.073906
 40
0.025400
 41
0.025400
 42
0.000000
  0
VERTEX
  8
PG_SILKSCREEN_TOP
 10
35.426396
 20
3.235706
 40
0.025400
 41
0.025400
 42
0.000000
  0
SEQEND
  0
POLYLINE
  8
PG_SILKSCREEN_TOP
 66
1
 70
0
 40
0.000000
 41
0.000000
 39
0.000000
  0
VERTEX
  8
PG_SILKSCREEN_TOP
 10
35.400996
 20
4.175506
 40
0.025400
 41
0.025400
 42
0.000000
  0
VERTEX
  8
PG_SILKSCREEN_TOP
 10
35.400996
 20
3.134106
 40
0.025400
 41
0.025400
 42
0.000000
  0
SEQEND
  0
POLYLINE
  8
PG_SILKSCREEN_TOP
 66
1
 70
0
 40
0.000000
 41
0.000000
 39
0.000000
  0
VERTEX
  8
PG_SILKSCREEN_TOP
 10
35.375596
 20
4.302506
 40
0.025400
 41
0.025400
 42
0.000000
  0
VERTEX
  8
PG_SILKSCREEN_TOP
 10
35.375596
 20
2.981706
 40
0.025400
 41
0.025400
 42
0.000000
  0
SEQEND
  0
POLYLINE
  8
PG_SILKSCREEN_TOP
 66
1
 70
0
 40
0.000000
 41
0.000000
 39
0.000000
  0
VERTEX
  8
PG_SILKSCREEN_TOP
 10
35.350196
 20
4.378706
 40
0.025400
 41
0.025400
 42
0.000000
  0
VERTEX
  8
PG_SILKSCREEN_TOP
 10
35.350196
 20
2.930906
 40
0.025400
 41
0.025400
 42
0.000000
  0
SEQEND
  0
POLYLINE
  8
PG_SILKSCREEN_TOP
 66
1
 70
0
 40
0.000000
 41
0.000000
 39
0.000000
  0
VERTEX
  8
PG_SILKSCREEN_TOP
 10
35.324796
 20
4.429506
 40
0.025400
 41
0.025400
 42
0.000000
  0
VERTEX
  8
PG_SILKSCREEN_TOP
 10
35.324796
 20
2.854706
 40
0.025400
 41
0.025400
 42
0.000000
  0
SEQEND
  0
POLYLINE
  8
PG_SILKSCREEN_TOP
 66
1
 70
0
 40
0.000000
 41
0.000000
 39
0.000000
  0
VERTEX
  8
PG_SILKSCREEN_TOP
 10
35.299396
 20
4.505706
 40
0.025400
 41
0.025400
 42
0.000000
  0
VERTEX
  8
PG_SILKSCREEN_TOP
 10
35.299396
 20
2.803906
 40
0.025400
 41
0.025400
 42
0.000000
  0
SEQEND
  0
POLYLINE
  8
PG_SILKSCREEN_TOP
 66
1
 70
0
 40
0.000000
 41
0.000000
 39
0.000000
  0
VERTEX
  8
PG_SILKSCREEN_TOP
 10
35.273996
 20
4.581906
 40
0.025400
 41
0.025400
 42
0.000000
  0
VERTEX
  8
PG_SILKSCREEN_TOP
 10
35.273996
 20
2.727706
 40
0.025400
 41
0.025400
 42
0.000000
  0
SEQEND
  0
POLYLINE
  8
PG_SILKSCREEN_TOP
 66
1
 70
0
 40
0.000000
 41
0.000000
 39
0.000000
  0
VERTEX
  8
PG_SILKSCREEN_TOP
 10
35.248596
 20
4.632706
 40
0.025400
 41
0.025400
 42
0.000000
  0
VERTEX
  8
PG_SILKSCREEN_TOP
 10
35.248596
 20
2.676906
 40
0.025400
 41
0.025400
 42
0.000000
  0
SEQEND
  0
POLYLINE
  8
PG_SILKSCREEN_TOP
 66
1
 70
0
 40
0.000000
 41
0.000000
 39
0.000000
  0
VERTEX
  8
PG_SILKSCREEN_TOP
 10
35.223196
 20
4.658106
 40
0.025400
 41
0.025400
 42
0.000000
  0
VERTEX
  8
PG_SILKSCREEN_TOP
 10
35.223196
 20
2.626106
 40
0.025400
 41
0.025400
 42
0.000000
  0
SEQEND
  0
POLYLINE
  8
PG_SILKSCREEN_TOP
 66
1
 70
0
 40
0.000000
 41
0.000000
 39
0.000000
  0
VERTEX
  8
PG_SILKSCREEN_TOP
 10
35.197796
 20
4.708906
 40
0.025400
 41
0.025400
 42
0.000000
  0
VERTEX
  8
PG_SILKSCREEN_TOP
 10
35.197796
 20
2.575306
 40
0.025400
 41
0.025400
 42
0.000000
  0
SEQEND
  0
POLYLINE
  8
PG_SILKSCREEN_TOP
 66
1
 70
0
 40
0.000000
 41
0.000000
 39
0.000000
  0
VERTEX
  8
PG_SILKSCREEN_TOP
 10
35.172396
 20
4.785106
 40
0.025400
 41
0.025400
 42
0.000000
  0
VERTEX
  8
PG_SILKSCREEN_TOP
 10
35.172396
 20
2.524506
 40
0.025400
 41
0.025400
 42
0.000000
  0
SEQEND
  0
POLYLINE
  8
PG_SILKSCREEN_TOP
 66
1
 70
0
 40
0.000000
 41
0.000000
 39
0.000000
  0
VERTEX
  8
PG_SILKSCREEN_TOP
 10
35.146996
 20
4.810506
 40
0.025400
 41
0.025400
 42
0.000000
  0
VERTEX
  8
PG_SILKSCREEN_TOP
 10
35.146996
 20
2.473706
 40
0.025400
 41
0.025400
 42
0.000000
  0
SEQEND
  0
POLYLINE
  8
PG_SILKSCREEN_TOP
 66
1
 70
0
 40
0.000000
 41
0.000000
 39
0.000000
  0
VERTEX
  8
PG_SILKSCREEN_TOP
 10
35.121596
 20
4.861306
 40
0.025400
 41
0.025400
 42
0.000000
  0
VERTEX
  8
PG_SILKSCREEN_TOP
 10
35.121596
 20
3.667506
 40
0.025400
 41
0.025400
 42
0.000000
  0
SEQEND
  0
POLYLINE
  8
PG_SILKSCREEN_TOP
 66
1
 70
0
 40
0.000000
 41
0.000000
 39
0.000000
  0
VERTEX
  8
PG_SILKSCREEN_TOP
 10
35.121596
 20
3.616706
 40
0.025400
 41
0.025400
 42
0.000000
  0
VERTEX
  8
PG_SILKSCREEN_TOP
 10
35.121596
 20
2.448306
 40
0.025400
 41
0.025400
 42
0.000000
  0
SEQEND
  0
POLYLINE
  8
PG_SILKSCREEN_TOP
 66
1
 70
0
 40
0.000000
 41
0.000000
 39
0.000000
  0
VERTEX
  8
PG_SILKSCREEN_TOP
 10
35.096196
 20
4.886706
 40
0.025400
 41
0.025400
 42
0.000000
  0
VERTEX
  8
PG_SILKSCREEN_TOP
 10
35.096196
 20
3.667506
 40
0.025400
 41
0.025400
 42
0.000000
  0
SEQEND
  0
POLYLINE
  8
PG_SILKSCREEN_TOP
 66
1
 70
0
 40
0.000000
 41
0.000000
 39
0.000000
  0
VERTEX
  8
PG_SILKSCREEN_TOP
 10
35.096196
 20
3.591306
 40
0.025400
 41
0.025400
 42
0.000000
  0
VERTEX
  8
PG_SILKSCREEN_TOP
 10
35.096196
 20
2.397506
 40
0.025400
 41
0.025400
 42
0.000000
  0
SEQEND
  0
POLYLINE
  8
PG_SILKSCREEN_TOP
 66
1
 70
0
 40
0.000000
 41
0.000000
 39
0.000000
  0
VERTEX
  8
PG_SILKSCREEN_TOP
 10
35.070796
 20
4.937506
 40
0.025400
 41
0.025400
 42
0.000000
  0
VERTEX
  8
PG_SILKSCREEN_TOP
 10
35.070796
 20
3.692906
 40
0.025400
 41
0.025400
 42
0.000000
  0
SEQEND
  0
POLYLINE
  8
PG_SILKSCREEN_TOP
 66
1
 70
0
 40
0.000000
 41
0.000000
 39
0.000000
  0
VERTEX
  8
PG_SILKSCREEN_TOP
 10
35.070796
 20
3.591306
 40
0.025400
 41
0.025400
 42
0.000000
  0
VERTEX
  8
PG_SILKSCREEN_TOP
 10
35.070796
 20
2.346706
 40
0.025400
 41
0.025400
 42
0.000000
  0
SEQEND
  0
POLYLINE
  8
PG_SILKSCREEN_TOP
 66
1
 70
0
 40
0.000000
 41
0.000000
 39
0.000000
  0
VERTEX
  8
PG_SILKSCREEN_TOP
 10
35.045396
 20
4.962906
 40
0.025400
 41
0.025400
 42
0.000000
  0
VERTEX
  8
PG_SILKSCREEN_TOP
 10
35.045396
 20
3.718306
 40
0.025400
 41
0.025400
 42
0.000000
  0
SEQEND
  0
POLYLINE
  8
PG_SILKSCREEN_TOP
 66
1
 70
0
 40
0.000000
 41
0.000000
 39
0.000000
  0
VERTEX
  8
PG_SILKSCREEN_TOP
 10
35.045396
 20
3.565906
 40
0.025400
 41
0.025400
 42
0.000000
  0
VERTEX
  8
PG_SILKSCREEN_TOP
 10
35.045396
 20
2.321306
 40
0.025400
 41
0.025400
 42
0.000000
  0
SEQEND
  0
POLYLINE
  8
PG_SILKSCREEN_TOP
 66
1
 70
0
 40
0.000000
 41
0.000000
 39
0.000000
  0
VERTEX
  8
PG_SILKSCREEN_TOP
 10
35.019996
 20
5.013706
 40
0.025400
 41
0.025400
 42
0.000000
  0
VERTEX
  8
PG_SILKSCREEN_TOP
 10
35.019996
 20
3.743706
 40
0.025400
 41
0.025400
 42
0.000000
  0
SEQEND
  0
POLYLINE
  8
PG_SILKSCREEN_TOP
 66
1
 70
0
 40
0.000000
 41
0.000000
 39
0.000000
  0
VERTEX
  8
PG_SILKSCREEN_TOP
 10
35.019996
 20
3.540506
 40
0.025400
 41
0.025400
 42
0.000000
  0
VERTEX
  8
PG_SILKSCREEN_TOP
 10
35.019996
 20
2.295906
 40
0.025400
 41
0.025400
 42
0.000000
  0
SEQEND
  0
POLYLINE
  8
PG_SILKSCREEN_TOP
 66
1
 70
0
 40
0.000000
 41
0.000000
 39
0.000000
  0
VERTEX
  8
PG_SILKSCREEN_TOP
 10
34.994596
 20
5.039106
 40
0.025400
 41
0.025400
 42
0.000000
  0
VERTEX
  8
PG_SILKSCREEN_TOP
 10
34.994596
 20
3.769106
 40
0.025400
 41
0.025400
 42
0.000000
  0
SEQEND
  0
POLYLINE
  8
PG_SILKSCREEN_TOP
 66
1
 70
0
 40
0.000000
 41
0.000000
 39
0.000000
  0
VERTEX
  8
PG_SILKSCREEN_TOP
 10
34.994596
 20
3.515106
 40
0.025400
 41
0.025400
 42
0.000000
  0
VERTEX
  8
PG_SILKSCREEN_TOP
 10
34.994596
 20
2.270506
 40
0.025400
 41
0.025400
 42
0.000000
  0
SEQEND
  0
POLYLINE
  8
PG_SILKSCREEN_TOP
 66
1
 70
0
 40
0.000000
 41
0.000000
 39
0.000000
  0
VERTEX
  8
PG_SILKSCREEN_TOP
 10
34.969196
 20
5.089906
 40
0.025400
 41
0.025400
 42
0.000000
  0
VERTEX
  8
PG_SILKSCREEN_TOP
 10
34.969196
 20
3.794506
 40
0.025400
 41
0.025400
 42
0.000000
  0
SEQEND
  0
POLYLINE
  8
PG_SILKSCREEN_TOP
 66
1
 70
0
 40
0.000000
 41
0.000000
 39
0.000000
  0
VERTEX
  8
PG_SILKSCREEN_TOP
 10
34.969196
 20
3.489706
 40
0.025400
 41
0.025400
 42
0.000000
  0
VERTEX
  8
PG_SILKSCREEN_TOP
 10
34.969196
 20
2.219706
 40
0.025400
 41
0.025400
 42
0.000000
  0
SEQEND
  0
POLYLINE
  8
PG_SILKSCREEN_TOP
 66
1
 70
0
 40
0.000000
 41
0.000000
 39
0.000000
  0
VERTEX
  8
PG_SILKSCREEN_TOP
 10
34.943796
 20
5.115306
 40
0.025400
 41
0.025400
 42
0.000000
  0
VERTEX
  8
PG_SILKSCREEN_TOP
 10
34.943796
 20
3.794506
 40
0.025400
 41
0.025400
 42
0.000000
  0
SEQEND
  0
POLYLINE
  8
PG_SILKSCREEN_TOP
 66
1
 70
0
 40
0.000000
 41
0.000000
 39
0.000000
  0
VERTEX
  8
PG_SILKSCREEN_TOP
 10
34.943796
 20
3.489706
 40
0.025400
 41
0.025400
 42
0.000000
  0
VERTEX
  8
PG_SILKSCREEN_TOP
 10
34.943796
 20
2.194306
 40
0.025400
 41
0.025400
 42
0.000000
  0
SEQEND
  0
POLYLINE
  8
PG_SILKSCREEN_TOP
 66
1
 70
0
 40
0.000000
 41
0.000000
 39
0.000000
  0
VERTEX
  8
PG_SILKSCREEN_TOP
 10
34.918396
 20
5.140706
 40
0.025400
 41
0.025400
 42
0.000000
  0
VERTEX
  8
PG_SILKSCREEN_TOP
 10
34.918396
 20
3.819906
 40
0.025400
 41
0.025400
 42
0.000000
  0
SEQEND
  0
POLYLINE
  8
PG_SILKSCREEN_TOP
 66
1
 70
0
 40
0.000000
 41
0.000000
 39
0.000000
  0
VERTEX
  8
PG_SILKSCREEN_TOP
 10
34.918396
 20
3.464306
 40
0.025400
 41
0.025400
 42
0.000000
  0
VERTEX
  8
PG_SILKSCREEN_TOP
 10
34.918396
 20
2.168906
 40
0.025400
 41
0.025400
 42
0.000000
  0
SEQEND
  0
POLYLINE
  8
PG_SILKSCREEN_TOP
 66
1
 70
0
 40
0.000000
 41
0.000000
 39
0.000000
  0
VERTEX
  8
PG_SILKSCREEN_TOP
 10
34.892996
 20
5.166106
 40
0.025400
 41
0.025400
 42
0.000000
  0
VERTEX
  8
PG_SILKSCREEN_TOP
 10
34.892996
 20
3.845306
 40
0.025400
 41
0.025400
 42
0.000000
  0
SEQEND
  0
POLYLINE
  8
PG_SILKSCREEN_TOP
 66
1
 70
0
 40
0.000000
 41
0.000000
 39
0.000000
  0
VERTEX
  8
PG_SILKSCREEN_TOP
 10
34.892996
 20
3.438906
 40
0.025400
 41
0.025400
 42
0.000000
  0
VERTEX
  8
PG_SILKSCREEN_TOP
 10
34.892996
 20
2.143506
 40
0.025400
 41
0.025400
 42
0.000000
  0
SEQEND
  0
POLYLINE
  8
PG_SILKSCREEN_TOP
 66
1
 70
0
 40
0.000000
 41
0.000000
 39
0.000000
  0
VERTEX
  8
PG_SILKSCREEN_TOP
 10
34.867596
 20
5.191506
 40
0.025400
 41
0.025400
 42
0.000000
  0
VERTEX
  8
PG_SILKSCREEN_TOP
 10
34.867596
 20
3.870706
 40
0.025400
 41
0.025400
 42
0.000000
  0
SEQEND
  0
POLYLINE
  8
PG_SILKSCREEN_TOP
 66
1
 70
0
 40
0.000000
 41
0.000000
 39
0.000000
  0
VERTEX
  8
PG_SILKSCREEN_TOP
 10
34.842196
 20
5.216906
 40
0.025400
 41
0.025400
 42
0.000000
  0
VERTEX
  8
PG_SILKSCREEN_TOP
 10
34.842196
 20
3.870706
 40
0.025400
 41
0.025400
 42
0.000000
  0
SEQEND
  0
POLYLINE
  8
PG_SILKSCREEN_TOP
 66
1
 70
0
 40
0.000000
 41
0.000000
 39
0.000000
  0
VERTEX
  8
PG_SILKSCREEN_TOP
 10
34.816796
 20
5.242306
 40
0.025400
 41
0.025400
 42
0.000000
  0
VERTEX
  8
PG_SILKSCREEN_TOP
 10
34.816796
 20
3.896106
 40
0.025400
 41
0.025400
 42
0.000000
  0
SEQEND
  0
POLYLINE
  8
PG_SILKSCREEN_TOP
 66
1
 70
0
 40
0.000000
 41
0.000000
 39
0.000000
  0
VERTEX
  8
PG_SILKSCREEN_TOP
 10
34.791396
 20
5.267706
 40
0.025400
 41
0.025400
 42
0.000000
  0
VERTEX
  8
PG_SILKSCREEN_TOP
 10
34.791396
 20
3.921506
 40
0.025400
 41
0.025400
 42
0.000000
  0
SEQEND
  0
POLYLINE
  8
PG_SILKSCREEN_TOP
 66
1
 70
0
 40
0.000000
 41
0.000000
 39
0.000000
  0
VERTEX
  8
PG_SILKSCREEN_TOP
 10
34.765996
 20
5.293106
 40
0.025400
 41
0.025400
 42
0.000000
  0
VERTEX
  8
PG_SILKSCREEN_TOP
 10
34.765996
 20
3.946906
 40
0.025400
 41
0.025400
 42
0.000000
  0
SEQEND
  0
POLYLINE
  8
PG_SILKSCREEN_TOP
 66
1
 70
0
 40
0.000000
 41
0.000000
 39
0.000000
  0
VERTEX
  8
PG_SILKSCREEN_TOP
 10
34.740596
 20
5.318506
 40
0.025400
 41
0.025400
 42
0.000000
  0
VERTEX
  8
PG_SILKSCREEN_TOP
 10
34.740596
 20
3.972306
 40
0.025400
 41
0.025400
 42
0.000000
  0
SEQEND
  0
POLYLINE
  8
PG_SILKSCREEN_TOP
 66
1
 70
0
 40
0.000000
 41
0.000000
 39
0.000000
  0
VERTEX
  8
PG_SILKSCREEN_TOP
 10
34.715196
 20
5.343906
 40
0.025400
 41
0.025400
 42
0.000000
  0
VERTEX
  8
PG_SILKSCREEN_TOP
 10
34.715196
 20
3.997706
 40
0.025400
 41
0.025400
 42
0.000000
  0
SEQEND
  0
POLYLINE
  8
PG_SILKSCREEN_TOP
 66
1
 70
0
 40
0.000000
 41
0.000000
 39
0.000000
  0
VERTEX
  8
PG_SILKSCREEN_TOP
 10
34.689796
 20
5.369306
 40
0.025400
 41
0.025400
 42
0.000000
  0
VERTEX
  8
PG_SILKSCREEN_TOP
 10
34.689796
 20
3.997706
 40
0.025400
 41
0.025400
 42
0.000000
  0
SEQEND
  0
POLYLINE
  8
PG_SILKSCREEN_TOP
 66
1
 70
0
 40
0.000000
 41
0.000000
 39
0.000000
  0
VERTEX
  8
PG_SILKSCREEN_TOP
 10
34.664396
 20
5.394706
 40
0.025400
 41
0.025400
 42
0.000000
  0
VERTEX
  8
PG_SILKSCREEN_TOP
 10
34.664396
 20
4.023106
 40
0.025400
 41
0.025400
 42
0.000000
  0
SEQEND
  0
POLYLINE
  8
PG_SILKSCREEN_TOP
 66
1
 70
0
 40
0.000000
 41
0.000000
 39
0.000000
  0
VERTEX
  8
PG_SILKSCREEN_TOP
 10
34.638996
 20
5.420106
 40
0.025400
 41
0.025400
 42
0.000000
  0
VERTEX
  8
PG_SILKSCREEN_TOP
 10
34.638996
 20
4.048506
 40
0.025400
 41
0.025400
 42
0.000000
  0
SEQEND
  0
POLYLINE
  8
BG_OUTLINE
 66
1
 70
0
 40
0.000000
 41
0.000000
 39
0.000000
  0
VERTEX
  8
BG_OUTLINE
 10
0.000000
 20
0.000000
 40
0.100000
 41
0.100000
 42
0.000000
  0
VERTEX
  8
BG_OUTLINE
 10
79.999992
 20
0.000000
 40
0.100000
 41
0.100000
 42
0.000000
  0
VERTEX
  8
BG_OUTLINE
 10
79.999992
 20
79.999992
 40
0.100000
 41
0.100000
 42
0.000000
  0
VERTEX
  8
BG_OUTLINE
 10
0.000000
 20
79.999992
 40
0.100000
 41
0.100000
 42
0.000000
  0
VERTEX
  8
BG_OUTLINE
 10
0.000000
 20
0.000000
 40
0.100000
 41
0.100000
 42
0.000000
  0
SEQEND
  0
TEXT
  8
PG_SILKSCREEN_TOP
 10
75.285346
 20
20.788122
 11
0.000000
 21
0.000000
 40
1.270000
 41
0.860000
 50
0.000000
  7
STANDARD
 71
0
 72
0
  1
DONE
 73
0
  0
TEXT
  8
PG_SILKSCREEN_TOP
 10
74.641964
 20
72.214994
 11
0.000000
 21
0.000000
 40
0.889000
 41
1.000000
 50
0.000000
  7
STANDARD
 71
0
 72
0
  1
GND
 73
0
  0
TEXT
  8
PG_SILKSCREEN_TOP
 10
66.604388
 20
6.339586
 11
0.000000
 21
0.000000
 40
0.889000
 41
1.000000
 50
0.000000
  7
STANDARD
 71
0
 72
0
  1
2.5V
 73
0
  0
TEXT
  8
PG_SILKSCREEN_TOP
 10
15.695168
 20
5.429758
 11
0.000000
 21
0.000000
 40
0.889000
 41
1.000000
 50
0.000000
  7
STANDARD
 71
0
 72
0
  1
0.6V
 73
0
  0
TEXT
  8
PG_SILKSCREEN_TOP
 10
41.818306
 20
74.286364
 11
0.000000
 21
0.000000
 40
0.889000
 41
1.000000
 50
0.000000
  7
STANDARD
 71
0
 72
0
  1
1.2V
 73
0
  0
TEXT
  8
PG_SILKSCREEN_TOP
 10
71.808848
 20
79.198724
 11
0.000000
 21
0.000000
 40
0.889000
 41
1.000000
 50
270.000000
  7
STANDARD
 71
0
 72
0
  1
0.9V
 73
0
  0
TEXT
  8
PG_SILKSCREEN_TOP
 10
78.856078
 20
62.306962
 11
0.000000
 21
0.000000
 40
0.889000
 41
1.000000
 50
90.000000
  7
STANDARD
 71
0
 72
0
  1
12V
 73
0
  0
TEXT
  8
PG_SILKSCREEN_TOP
 10
65.334896
 20
54.048152
 11
0.000000
 21
0.000000
 40
0.889000
 41
1.000000
 50
90.000000
  7
STANDARD
 71
0
 72
0
  1
1.25V
 73
0
  0
TEXT
  8
PG_SILKSCREEN_TOP
 10
72.815196
 20
41.689274
 11
0.000000
 21
0.000000
 40
0.889000
 41
1.000000
 50
0.000000
  7
STANDARD
 71
0
 72
0
  1
1.8V
 73
0
  0
TEXT
  8
PG_SILKSCREEN_TOP
 10
1.223518
 20
52.348384
 11
0.000000
 21
0.000000
 40
0.889000
 41
1.000000
 50
0.000000
  7
STANDARD
 71
0
 72
0
  1
0.85V
 73
0
  0
TEXT
  8
PG_SILKSCREEN_TOP
 10
12.611862
 20
38.162738
 11
0.000000
 21
0.000000
 40
0.889000
 41
1.000000
 50
0.000000
  7
STANDARD
 71
0
 72
0
  1
1.8V
 73
0
  0
TEXT
  8
PG_SILKSCREEN_TOP
 10
15.128748
 20
17.256506
 11
0.000000
 21
0.000000
 40
0.889000
 41
1.000000
 50
0.000000
  7
STANDARD
 71
0
 72
0
  1
1.2V
 73
0
  0
ENDSEC
  0
EOF
