0,0,0,0,78,0,0,0,0,0,0,0,0,0,0,0,86,0,0,0,89,0,71,86,0,0,77,0,71,0,0,0,0,0,0,0,0,0,0,50,0,36,46,0,66,0,0,0,0,60,0,0,62,0,0,0,0,69,84,0,0,0,88,0
86,53,0,0,0,0,0,0,0,63,0,0,61,0,0,0,68,0,0,0,0,69,0,0,70,0,0,74,0,0,0,70,0,50,47,0,0,0,0,0,0,0,0,0,0,74,0,0,0,0,43,69,0,0,0,0,82,0,0,0,76,0,0,0
0,80,0,0,76,70,0,0,0,0,0,71,0,0,62,53,44,23,0,101,0,0,0,0,0,0,36,0,0,0,0,56,0,0,0,0,0,20,66,0,0,71,0,0,51,82,48,94,0,0,0,0,40,0,0,74,0,0,0,63,44,0,0,55
76,0,0,73,64,0,56,0,0,75,74,91,68,0,93,78,0,0,98,0,0,63,0,0,85,0,100,0,0,0,40,0,0,0,0,127,0,57,0,0,0,0,0,59,0,0,0,0,0,0,78,0,0,0,0,0,0,0,0,0,0,0,0,71
0,0,0,0,57,0,0,0,0,0,25,0,0,0,0,0,0,0,75,0,0,86,0,72,0,83,60,0,82,63,0,0,48,0,0,0,0,0,0,0,0,0,25,0,0,0,0,57,53,0,0,75,0,46,0,0,0,0,0,0,0,0,0,0
0,0,0,0,0,0,0,0,0,0,0,0,64,93,0,0,47,64,100,0,0,0,0,0,0,34,82,106,0,0,58,0,0,0,0,55,0,56,0,0,0,0,74,73,61,76,0,0,0,83,97,0,0,0,0,0,73,85,96,56,0,54,0,72
0,0,0,0,0,0,55,0,0,0,0,0,0,72,0,60,0,0,0,0,0,0,0,0,57,0,81,0,0,0,0,0,75,0,0,0,0,0,0,0,68,0,30,0,0,63,0,0,66,0,0,0,0,0,0,0,0,0,0,48,0,54,0,39
0,75,0,0,59,0,0,0,40,0,0,0,0,0,0,53,64,0,0,50,32,0,0,0,0,0,0,54,0,52,0,0,0,37,46,0,0,0,65,0,0,56,0,65,0,0,0,0,56,0,59,0,0,64,0,0,81,72,0,74,0,0,0,78
0,0,0,0,0,0,0,0,0,0,62,54,0,60,0,0,0,54,0,0,49,0,0,54,0,71,0,0,74,0,0,0,64,0,0,0,55,78,0,0,0,0,0,97,65,26,0,0,0,60,0,0,0,0,0,0,0,37,0,0,0,0,95,0
0,0,0,25,0,74,0,0,0,0,0,74,0,57,0,0,52,89,0,83,79,0,56,0,103,80,55,7,0,0,0,0,69,0,0,83,0,0,61,0,0,33,0,26,0,58,31,0,0,0,28,0,73,0,0,41,0,0,51,0,0,0,88,0
0,72,82,107,0,0,0,0,0,0,0,49,0,0,63,0,82,0,74,42,17,0,0,0,104,0,0,0,0,0,0,42,0,0,57,68,0,0,0,0,0,0,0,0,0,0,87,0,0,52,0,0,0,0,0,0,62,52,0,0,0,0,0,66
0,75,52,0,63,0,48,0,47,0,0,0,33,0,0,51,0,0,0,0,0,0,0,0,0,0,26,0,0,0,0,0,0,0,0,0,0,0,0,0,0,37,76,94,0,0,54,0,84,0,0,74,89,0,0,0,0,0,0,0,0,0,0,0
60,65,0,0,0,72,65,86,0,0,0,75,0,0,0,0,0,0,0,0,0,94,44,0,0,55,56,0,0,0,0,57,0,0,0,0,0,0,0,0,0,0,0,0,81,0,0,0,79,38,0,0,51,0,42,58,58,0,0,0,0,0,0,0
68,0,0,70,74,0,35,0,69,0,0,0,0,0,0,0,39,0,77,0,61,0,0,0,68,0,0,0,81,62,91,0,0,31,0,0,0,0,0,92,57,55,75,89,0,0,61,0,0,0,0,0,0,83,84,0,0,0,0,0,0,0,0,0
18,0,47,0,0,97,61,0,56,0,0,71,0,0,0,72,0,0,0,0,0,87,0,0,41,59,0,0,76,0,40,71,28,54,0,0,0,0,0,0,0,0,93,0,70,0,0,81,0,0,111,43,0,0,0,66,0,0,0,0,0,0,46,0
0,0,0,91,0,0,84,0,0,0,47,0,0,61,69,0,0,0,0,13,0,47,0,0,48,75,46,0,0,55,0,86,0,0,0,0,0,91,64,0,0,0,0,0,0,0,43,75,0,115,0,0,0,47,0,0,0,72,0,0,0,0,0,0

0,0,0,74,36,0,0,0,0,0,0,0,0,0,0,46,0,0,40,0,0,0,87,0,0,0,0,46,0,83,54,0,0,0,0,0,0,96,0,0,72,0,69,0,0,0,0,0,0,0,0,0,0,0,0,59,0,58,0,51,70,81,0,66
0,74,0,0,48,0,106,0,0,0,0,70,94,0,0,0,0,0,0,46,54,0,0,0,0,0,0,56,0,46,62,0,0,0,76,57,37,0,0,0,0,75,0,0,0,0,0,0,0,0,70,0,0,89,72,46,25,0,70,0,97,37,69,8
0,96,0,0,53,0,0,0,0,0,0,52,87,52,0,0,0,0,0,0,0,0,62,30,0,0,0,0,0,0,58,0,41,0,0,0,47,0,0,0,0,0,0,73,0,22,0,0,0,0,0,0,0,0,0,0,0,0,39,0,0,0,51,50
0,0,0,71,20,78,0,0,83,53,0,0,0,0,0,0,0,99,0,0,0,0,0,45,0,76,67,80,0,0,0,61,0,0,0,16,0,57,0,0,0,0,0,0,0,0,0,73,0,0,0,61,38,0,0,78,0,75,0,78,0,0,0,74
60,0,0,67,43,93,0,68,65,0,0,67,0,0,0,0,0,0,0,77,40,0,0,0,0,46,0,0,0,51,0,0,61,0,0,57,0,50,0,0,61,79,0,3,0,0,0,0,0,0,0,0,0,0,0,86,0,71,0,0,0,0,38,0
0,0,50,76,32,0,0,0,0,0,0,77,0,0,0,0,54,0,0,56,0,94,0,51,0,0,0,86,0,104,87,0,0,67,68,0,0,49,53,0,0,0,78,0,63,0,0,0,0,0,0,0,0,0,0,0,0,0,0,0,0,0,0,0
0,73,0,0,0,0,0,0,0,0,0,0,0,0,0,0,0,0,0,0,42,49,75,0,0,50,63,0,0,0,0,0,85,0,0,0,0,0,58,0,0,0,53,0,0,0,0,76,44,0,47,87,0,0,0,53,0,0,50,59,0,0,0,0
0,0,0,0,43,0,0,0,0,103,0,0,0,0,0,0,0,0,0,0,88,0,0,0,79,0,0,36,0,0,0,0,0,0,0,0,65,102,47,0,0,49,0,0,0,0,72,41,0,0,0,0,0,0,0,0,0,0,0,0,0,0,42,0
0,0,0,0,0,0,59,0,0,0,85,0,59,0,0,0,50,0,0,56,54,0,85,95,0,0,90,77,0,0,74,0,0,0,0,0,0,0,0,61,63,0,76,71,56,57,0,0,0,0,0,0,21,0,91,0,0,62,0,0,0,0,0,0
0,0,0,38,0,0,0,0,0,0,82,90,51,0,0,0,46,0,0,34,0,0,0,0,0,0,0,0,0,0,61,0,0,0,47,70,104,0,0,0,0,0,75,0,0,100,49,83,0,0,0,0,0,74,0,0,0,0,93,58,0,0,0,0
67,0,50,0,65,0,0,0,0,0,48,0,0,20,0,0,0,0,0,47,0,80,0,75,0,0,0,0,0,75,73,69,90,89,83,0,0,83,0,0,0,0,0,0,0,0,30,0,31,0,0,54,50,0,0,93,0,0,76,70,0,0,36,0
0,0,0,0,0,0,0,93,98,0,0,0,74,0,0,77,0,0,0,0,78,55,92,0,0,0,23,0,62,0,62,0,0,0,0,76,0,0,0,0,51,0,0,0,0,80,89,0,0,0,0,0,21,0,32,104,67,45,0,0,0,115,82,58
0,0,0,0,91,0,0,0,0,0,26,0,0,0,0,0,0,0,0,49,78,36,0,46,0,0,0,77,66,68,0,0,72,84,79,33,79,0,58,0,0,54,0,0,0,0,0,0,0,88,69,0,0,0,72,60,86,0,0,0,77,0,0,79
35,0,0,0,0,70,0,69,0,65,0,63,0,92,0,78,0,0,0,0,0,0,0,0,68,0,0,0,0,0,57,0,0,51,86,0,82,0,0,0,0,0,93,0,0,0,0,0,62,0,0,0,0,39,0,0,0,0,0,0,0,0,0,39
0,0,0,0,0,37,0,0,0,0,0,79,0,0,45,53,0,82,0,0,48,58,0,0,101,73,0,90,0,92,29,0,0,0,0,54,0,0,0,0,0,70,0,0,0,0,0,0,0,0,0,0,0,0,0,0,0,66,70,0,58,0,0,0
104,0,36,0,0,0,65,51,0,0,0,0,74,0,64,0,61,49,0,0,0,0,0,52,0,58,0,0,0,0,57,0,0,0,0,79,49,0,0,94,0,0,0,0,0,0,0,86,0,0,47,0,0,0,0,76,0,61,0,67,53,0,82,0

0,0,0,72,30,60,0,72,0,0,0,0,70,0,0,0,0,71,0,0,0,80,0,99,0,56,0,76,0,0,54,50,0,0,0,0,0,67,0,31,0,0,91,0,0,0,0,48,0,0,0,0,0,0,0,0,56,53,63,75,57,0,60,0
0,0,0,0,32,0,54,0,0,0,0,0,0,0,0,0,0,0,0,0,0,0,56,0,0,0,0,0,0,0,0,94,0,0,94,0,58,0,0,0,62,0,34,0,0,0,0,62,0,94,0,0,0,0,0,81,0,0,40,56,50,0,31,0
71,0,0,0,0,67,29,0,0,0,66,0,0,55,0,41,0,0,0,0,86,0,0,0,72,0,0,0,72,0,0,0,0,80,0,0,0,0,0,0,0,0,0,0,0,0,0,0,0,91,0,0,0,0,0,0,66,0,0,63,0,90,0,77
0,0,38,77,0,54,50,24,0,0,52,0,31,33,0,46,65,0,59,0,0,59,61,70,0,0,0,0,82,0,0,0,0,0,0,0,0,0,61,51,0,0,0,0,55,0,59,85,0,74,66,61,0,91,35,0,0,0,69,54,46,63,0,0
0,0,0,0,0,0,0,0,0,0,86,0,0,54,0,0,0,70,0,0,0,0,0,0,0,0,0,0,0,87,68,0,0,50,56,59,0,0,55,88,28,100,0,0,0,0,54,0,0,65,0,73,0,0,0,0,45,0,0,0,0,0,0,0
0,0,0,58,0,74,0,0,44,0,0,0,0,0,85,0,0,62,0,44,0,0,0,0,64,39,0,0,0,0,79,71,62,0,0,0,0,52,0,0,0,0,35,0,0,0,0,0,0,0,0,0,0,78,0,54,0,0,0,0,0,71,0,0
104,0,0,0,0,0,0,43,68,0,0,60,0,0,0,0,0,54,0,0,0,0,82,49,0,0,0,0,0,0,36,0,0,55,0,63,0,0,0,0,0,48,50,40,0,0,0,0,0,0,0,0,0,69,48,0,0,0,117,0,0,0,0,0
0,0,0,45,0,60,0,0,69,70,44,0,36,0,0,0,0,0,44,0,0,0,0,0,81,0,0,0,65,0,0,0,0,0,0,54,0,59,0,0,0,0,87,0,0,52,0,0,0,0,0,0,0,0,0,47,0,0,70,0,0,0,0,0
0,74,0,56,0,0,0,0,0,0,101,0,0,0,88,0,0,0,0,44,83,46,0,0,95,0,0,0,0,0,0,0,0,55,0,0,0,103,0,59,39,0,63,0,0,0,0,77,53,0,67,59,0,0,0,0,0,0,66,0,87,92,0,105
0,0,95,0,71,67,0,0,0,0,0,55,0,85,0,0,0,70,0,62,0,0,0,41,0,0,0,0,48,0,0,0,0,0,0,0,0,0,0,0,0,0,0,81,0,0,0,0,0,0,0,0,0,0,0,77,0,0,53,60,0,0,0,0
0,47,0,0,0,0,97,0,66,0,0,0,51,0,57,0,0,0,0,44,0,88,0,0,0,0,0,0,0,40,75,0,81,86,0,0,86,0,61,0,0,65,0,0,0,36,34,61,0,72,0,0,0,0,0,0,0,0,0,47,0,0,0,58
0,0,57,0,0,0,0,0,0,0,0,0,0,44,0,0,0,67,0,0,53,55,0,0,0,0,0,0,0,0,0,0,0,66,0,0,0,0,63,81,72,0,0,0,70,0,68,0,13,87,0,0,0,0,0,0,64,0,0,66,0,0,0,0
0,0,123,44,0,0,0,0,0,63,0,0,74,0,65,73,0,0,0,42,0,0,0,0,0,80,84,0,0,0,0,0,0,0,0,0,65,46,0,0,0,0,0,0,0,0,0,0,92,0,0,0,0,46,42,0,0,29,78,0,0,46,63,0
0,0,69,72,0,0,0,0,85,0,0,0,0,80,0,0,0,49,0,43,60,0,0,0,64,44,61,0,54,0,88,0,0,0,0,102,0,0,0,0,0,29,61,81,0,0,58,82,0,76,0,66,0,0,0,55,0,0,0,0,0,0,38,0
0,0,0,0,0,0,0,0,0,0,0,91,0,0,0,0,0,94,91,0,0,0,0,0,0,0,0,84,0,0,0,39,73,0,69,44,0,0,0,0,0,0,0,0,0,51,0,0,0,0,0,0,83,0,0,0,0,76,0,66,0,47,73,0
0,65,0,0,0,0,0,0,0,0,73,0,68,0,0,0,0,80,0,50,0,0,0,60,0,0,0,0,60,79,67,61,0,47,66,41,0,73,0,81,62,0,0,0,0,0,0,0,0,0,81,0,0,0,0,57,0,64,0,66,0,0,0,0

0,0,53,0,44,50,0,114,0,0,42,0,0,0,0,0,42,0,0,0,0,60,0,62,0,0,0,0,0,30,0,0,61,0,0,0,0,0,0,86,0,0,56,0,0,55,0,0,46,0,0,0,0,0,0,86,35,0,0,0,0,0,0,0
0,93,0,0,73,0,21,0,0,0,0,0,28,0,51,0,0,0,0,0,0,0,0,0,0,0,0,0,0,83,0,0,63,0,0,0,84,0,0,0,0,0,0,68,0,0,0,77,0,0,0,0,0,0,0,33,0,0,0,0,83,0,0,0
0,56,0,0,53,63,59,0,0,0,0,58,95,75,0,0,0,60,0,0,0,0,0,0,53,0,76,0,0,0,0,0,48,91,61,0,58,0,0,50,0,0,0,0,0,0,0,0,75,0,0,0,0,0,0,0,0,0,0,0,0,0,65,0
0,0,0,0,0,0,0,0,0,0,0,0,51,0,56,0,49,0,56,0,0,67,0,81,0,0,0,54,0,0,0,0,0,78,0,58,0,46,0,0,0,49,68,0,66,0,0,43,0,0,0,100,0,0,54,0,0,0,72,0,0,0,0,0
0,0,0,0,0,0,93,0,89,0,83,0,0,0,0,56,65,53,0,0,0,0,0,0,0,71,76,0,0,42,36,0,0,46,0,0,0,0,0,0,0,0,30,0,0,0,58,0,0,0,0,68,86,21,69,0,93,0,39,0,90,95,62,0
0,0,0,0,55,0,0,0,86,0,109,0,0,0,0,54,0,58,0,0,25,65,0,0,0,46,85,0,0,49,0,79,117,0,0,81,82,0,58,0,0,0,0,63,0,0,0,0,0,0,0,113,0,0,0,0,0,0,0,73,59,0,42,85
64,0,81,0,0,58,0,0,50,0,34,0,73,0,0,42,77,0,0,0,0,39,62,56,0,42,67,0,0,51,0,52,0,0,21,21,72,0,0,0,0,52,0,0,78,44,0,0,0,0,89,0,0,101,47,0,30,96,0,0,49,0,0,0
0,76,0,22,76,0,62,0,78,65,0,0,0,0,0,0,0,0,105,67,0,0,0,0,0,0,73,69,0,0,0,83,0,0,68,0,0,0,0,0,0,0,68,61,0,81,0,0,0,0,0,0,0,0,78,68,82,51,0,0,0,0,88,57
0,0,0,99,0,0,0,83,0,0,0,0,0,76,0,69,0,0,0,74,88,0,60,48,0,76,0,0,14,13,0,52,0,0,0,68,0,0,0,0,0,64,0,0,55,37,0,100,0,0,0,0,70,97,109,0,36,0,0,0,0,0,99,0
0,0,84,0,43,0,0,0,0,0,0,0,0,47,0,0,66,100,0,0,94,0,0,0,0,48,0,79,0,0,0,0,0,96,0,0,0,0,0,0,0,56,0,62,0,78,0,0,0,60,60,0,0,0,0,0,0,0,0,0,0,0,0,0
0,0,0,37,0,0,0,0,62,58,60,0,0,54,70,0,0,0,85,0,0,0,0,96,0,0,0,0,0,0,0,0,58,0,44,0,0,73,89,75,85,0,0,0,0,0,67,77,0,39,74,0,0,0,0,60,0,0,0,0,0,52,0,38
0,0,0,0,63,0,0,45,0,0,0,0,100,0,85,0,0,57,0,66,0,0,79,59,0,0,0,0,5,0,0,0,88,0,0,74,0,0,0,24,0,56,0,0,56,57,0,86,0,0,0,0,0,0,71,103,86,0,0,0,0,76,0,42
0,71,0,0,0,34,0,0,0,0,0,0,86,0,0,0,40,0,41,0,0,0,0,95,0,48,0,0,0,0,0,0,40,0,97,53,0,83,0,0,0,0,0,0,0,68,40,86,57,0,0,49,0,0,0,0,0,64,0,0,0,0,0,0
0,52,0,0,0,0,68,0,0,0,0,0,85,0,0,53,0,0,0,0,56,0,0,83,0,0,0,0,0,46,0,52,94,0,63,0,88,0,0,0,0,0,0,0,48,0,0,0,0,81,0,0,0,42,0,45,0,0,42,0,0,0,71,0
0,0,68,88,0,0,0,70,58,39,0,0,0,0,101,54,0,49,47,40,0,0,0,0,0,0,0,0,0,77,0,63,0,0,0,0,0,41,0,0,0,0,0,0,72,59,0,28,56,0,0,0,74,0,57,70,0,88,38,0,34,0,0,63
0,0,0,37,0,73,0,76,75,0,68,0,0,0,75,0,56,91,0,0,72,58,52,0,76,0,0,76,60,0,0,0,49,0,0,0,0,32,0,0,0,0,0,65,69,0,0,51,68,0,0,69,0,59,0,65,33,0,0,0,0,56,0,52

0,88,32,0,84,0,0,0,0,0,0,0,0,53,0,0,0,0,0,0,63,0,0,0,0,0,66,64,0,0,0,0,0,0,45,0,0,71,0,0,0,0,0,0,64,87,0,51,94,87,0,93,0,0,0,90,33,40,72,0,82,0,0,46
44,0,0,77,0,0,0,0,0,71,0,47,84,81,0,79,0,0,0,0,0,0,0,42,0,73,71,0,77,0,0,52,0,0,41,42,0,54,0,0,0,0,0,0,0,0,0,0,0,0,0,78,0,52,0,0,0,0,0,0,0,0,0,0
0,0,0,0,0,0,0,0,0,37,0,0,0,0,68,0,78,0,0,0,0,0,0,0,60,0,0,51,0,0,0,0,0,0,0,67,0,0,0,0,53,0,0,0,0,0,59,70,0,113,0,66,45,0,0,0,0,0,0,59,0,0,0,0
38,0,55,0,0,0,0,0,0,40,76,0,67,0,68,60,76,0,0,0,0,72,0,0,80,73,0,0,0,0,0,0,0,0,0,83,0,0,0,57,0,97,0,67,0,0,0,69,0,0,0,38,0,0,42,76,0,0,0,0,49,0,68,42
0,55,0,0,0,70,0,99,53,32,46,0,0,0,0,0,73,0,0,48,0,0,58,52,0,0,0,0,75,90,0,0,102,65,80,0,0,0,0,0,0,0,0,0,89,61,45,0,0,0,56,64,0,0,87,75,0,41,0,0,0,0,0,0
0,0,0,88,91,53,74,0,59,47,0,0,0,0,0,33,31,0,66,81,0,40,0,50,66,0,0,0,0,73,0,0,0,0,0,63,0,49,49,0,0,0,0,0,0,0,0,0,102,0,0,55,73,0,0,0,13,0,63,0,0,0,0,0
0,0,0,0,0,0,0,0,0,0,0,0,0,76,43,85,0,0,0,0,0,0,96,0,0,0,38,0,0,0,92,44,89,0,95,0,44,47,0,0,0,0,57,0,0,0,0,0,0,0,51,0,0,65,36,0,0,0,0,0,0,49,65,0
80,0,56,0,56,0,81,0,69,0,0,88,0,0,30,0,0,68,0,83,0,0,0,0,0,0,0,0,0,0,0,0,0,0,48,47,0,0,0,82,0,90,0,0,0,0,66,0,0,0,0,0,0,0,0,60,0,0,0,0,0,0,0,50
0,0,0,0,0,0,0,65,0,47,0,0,0,0,97,56,0,0,0,0,0,0,0,36,0,0,0,57,0,51,0,0,0,0,0,32,0,0,0,65,46,0,58,73,0,0,0,0,0,0,0,0,54,0,0,56,0,0,54,0,47,0,0,74
0,0,0,0,0,61,78,89,0,0,0,0,0,113,0,0,55,0,0,0,73,0,0,103,0,0,81,65,93,69,0,0,0,96,0,0,0,92,70,66,0,0,0,0,0,45,0,0,0,0,0,61,0,84,0,0,55,83,0,0,0,0,0,0
0,0,0,0,0,0,42,0,0,0,0,0,50,70,0,0,0,0,0,0,61,65,77,0,0,52,0,0,0,0,0,33,0,40,61,0,76,68,0,0,0,0,0,87,38,0,0,54,0,69,44,0,0,65,0,0,0,0,0,0,99,0,0,0
0,0,0,67,0,0,0,0,0,79,0,0,0,0,71,0,0,45,43,0,0,0,0,0,0,83,42,87,0,59,0,64,49,31,0,87,0,0,0,61,0,0,86,0,0,35,0,0,0,0,0,63,91,0,64,0,0,0,0,81,101,0,0,0
0,0,74,0,0,0,0,0,0,56,57,0,0,0,77,0,0,0,0,74,0,0,71,0,0,0,0,0,0,0,0,0,73,0,0,0,0,0,0,0,51,0,0,0,0,22,69,84,0,0,56,0,82,0,0,0,0,0,0,0,0,39,62,82
0,0,0,0,0,83,59,0,87,0,0,0,65,0,64,0,49,0,0,0,80,0,0,0,0,0,65,0,59,0,0,0,0,0,0,0,108,0,0,0,0,70,23,77,0,0,32,0,0,0,0,0,0,0,0,0,0,85,61,0,0,0,0,0
39,0,0,0,48,0,0,0,0,65,0,55,0,0,0,0,0,0,0,76,80,0,0,73,0,53,50,0,0,78,0,82,58,0,77,0,0,0,0,37,79,74,0,0,0,91,0,0,0,54,0,0,0,0,0,0,0,0,9,21,0,0,77,0
0,0,0,64,51,0,0,0,0,0,0,70,0,54,43,0,0,0,0,66,0,0,0,36,0,0,0,0,0,72,63,0,0,0,0,0,80,50,0,28,0,0,0,0,79,0,99,67,0,0,91,0,48,65,0,0,0,52,0,0,66,0,0,0

64,0,0,59,0,0,0,62,0,0,46,0,0,0,0,0,52,0,0,0,0,50,0,105,76,0,92,0,60,80,27,0,75,53,0,52,0,0,0,0,83,71,48,0,0,0,0,0,0,80,55,101,0,70,99,49,48,0,0,0,0,51,0,67
61,0,0,0,0,0,0,0,0,0,0,0,70,0,0,0,0,0,0,69,11,0,40,0,74,68,0,0,0,0,92,0,0,0,115,0,0,0,0,37,69,0,0,0,0,0,36,0,0,77,0,59,0,0,0,0,0,0,0,87,0,0,0,0
0,63,0,0,0,46,0,90,0,0,0,0,0,0,0,0,0,0,98,0,86,59,0,40,54,0,100,0,0,59,0,81,0,0,0,0,0,57,64,0,101,60,0,68,0,59,0,0,0,67,0,42,59,0,40,61,0,0,61,65,67,47,0,77
0,0,0,86,0,0,0,0,32,51,0,0,68,0,73,0,0,0,0,0,0,0,0,0,42,0,0,0,0,0,0,0,0,0,0,0,0,0,0,25,41,0,0,77,0,0,69,0,0,0,0,0,0,57,54,55,0,0,0,0,0,49,0,50
0,0,83,0,0,75,0,54,47,0,50,0,0,0,57,0,0,0,0,0,0,0,0,0,0,0,0,0,0,0,0,0,0,0,0,29,81,54,0,0,0,62,0,48,0,0,0,62,0,0,71,71,0,0,65,82,0,0,73,55,72,0,87,0
0,0,0,0,63,0,0,66,69,0,0,0,0,0,0,51,57,0,74,0,0,0,0,63,64,86,0,0,0,0,60,0,0,0,0,66,101,0,67,0,48,46,60,0,72,0,87,0,0,0,28,82,0,0,0,0,0,0,0,68,0,54,0,0
55,0,0,0,0,0,0,69,56,0,0,0,0,0,0,0,0,0,0,0,52,0,98,0,0,0,0,0,85,84,0,0,43,0,70,0,0,0,0,0,0,0,0,87,81,79,0,42,0,0,50,0,0,91,36,0,0,0,0,74,0,0,0,0
0,0,40,0,0,0,66,0,11,72,0,68,0,0,68,0,95,52,0,56,0,0,74,0,0,0,0,80,59,0,0,0,60,0,64,0,0,76,0,56,78,87,0,0,0,0,0,76,54,0,76,0,0,0,0,0,53,0,0,0,35,0,0,0
44,44,26,0,0,0,80,28,79,0,0,0,0,82,0,55,57,101,0,81,0,45,84,71,0,0,0,0,0,91,0,76,0,0,57,0,0,0,32,0,76,0,0,0,81,37,60,0,0,0,51,0,79,0,81,0,0,0,0,0,0,0,85,71
47,0,57,0,0,0,0,0,0,0,0,0,0,38,0,0,61,0,0,0,0,0,0,54,0,0,100,0,42,0,0,0,0,0,0,0,0,0,82,0,0,0,64,82,0,0,105,0,0,0,0,25,72,39,0,0,0,60,0,110,0,54,0,0
0,0,0,83,0,0,0,0,0,48,0,0,75,39,0,0,0,70,0,0,0,0,0,0,0,0,0,0,0,57,63,0,0,0,0,81,65,90,0,0,54,0,64,42,52,0,0,95,0,0,0,48,56,0,0,94,0,0,0,0,71,0,25,0
0,0,34,0,66,0,0,52,0,0,0,0,0,0,20,0,37,0,0,47,0,0,70,0,0,0,0,0,62,0,0,0,67,0,0,0,0,73,0,0,63,0,36,0,40,0,0,0,0,39,0,72,82,0,55,0,0,0,0,0,0,0,0,0
0,0,82,0,0,0,0,90,0,0,47,0,0,0,55,0,0,0,0,0,0,74,65,0,0,0,88,0,0,0,0,0,0,0,0,67,0,85,33,0,0,62,39,0,0,0,0,0,68,0,0,0,0,0,0,0,0,0,0,0,87,69,0,104
0,0,0,80,0,0,0,75,39,0,0,0,0,60,0,0,0,0,0,62,0,0,111,0,93,0,0,0,58,0,0,0,41,53,58,0,0,75,65,100,0,0,0,24,0,0,0,0,0,0,0,57,0,0,0,0,0,0,0,97,0,0,0,0
0,0,86,63,0,57,0,21,56,51,0,0,103,0,0,0,0,0,0,84,0,0,0,0,85,75,0,0,0,62,31,0,0,0,65,57,0,0,119,75,0,0,61,99,0,60,88,0,0,0,40,94,0,0,0,0,0,61,55,0,0,54,0,0
120,0,0,0,0,0,0,0,0,0,0,66,0,0,0,33,0,0,0,0,47,61,0,0,0,0,0,0,0,0,0,0,0,0,0,0,0,0,81,0,0,48,0,0,0,0,0,65,0,0,0,0,0,0,0,0,42,0,54,0,0,55,0,0

0,0,0,63,0,0,0,68,0,52,1,0,0,0,0,0,0,0,0,88,0,0,71,0,75,0,0,0,0,73,42,0,0,52,0,0,0,0,0,0,0,0,0,0,0,83,59,96,0,50,89,0,0,58,67,0,0,51,0,0,0,50,0,0
43,0,0,96,0,66,63,0,93,88,0,0,68,0,61,0,0,71,0,0,0,0,0,69,0,0,0,0,58,0,0,0,0,59,0,43,0,0,0,0,0,0,0,0,0,87,0,0,0,0,64,96,23,56,0,0,0,0,0,96,0,0,0,26
60,94,61,115,49,0,0,95,0,0,0,0,0,69,0,51,63,0,0,49,0,0,0,61,0,0,0,0,0,0,67,0,53,96,0,0,0,0,0,0,0,0,0,0,0,0,0,89,0,65,0,0,0,0,0,0,0,52,0,0,0,62,0,0
103,0,0,0,0,0,0,0,0,56,0,0,91,0,0,0,0,0,0,0,0,0,71,65,0,41,79,0,0,75,42,0,0,0,0,69,0,69,0,0,0,0,0,0,0,54,0,0,0,0,0,0,0,0,78,0,0,39,0,0,0,86,0,0
0,0,0,0,0,0,84,54,0,0,0,58,0,0,0,0,0,0,0,0,47,46,39,0,0,74,0,72,0,68,0,0,0,0,56,0,104,29,0,0,0,53,0,0,0,0,0,65,0,37,66,57,0,0,49,0,0,0,24,41,0,0,0,0
0,0,50,71,0,0,0,0,75,0,0,0,91,59,0,0,97,49,60,0,0,0,0,33,0,0,72,0,50,0,0,0,0,0,51,0,0,76,0,0,0,0,0,80,0,0,0,0,0,0,0,0,0,91,77,0,0,0,79,58,95,0,0,62
0,88,53,0,0,64,0,0,0,57,0,0,0,0,57,88,80,0,30,0,0,0,62,0,61,0,68,126,0,0,0,0,0,0,0,0,0,0,0,0,0,0,0,47,0,0,0,61,48,0,0,0,0,0,50,44,0,0,0,77,50,0,0,0
60,0,38,0,0,0,0,55,0,0,75,65,0,0,0,0,0,0,0,75,70,71,0,30,0,0,0,0,59,0,76,92,0,51,0,76,69,0,0,0,0,0,0,0,0,0,0,0,0,43,65,0,0,0,0,0,0,0,67,0,0,0,0,68
0,64,0,0,0,66,51,0,0,0,0,0,0,0,51,0,0,0,79,99,0,0,64,0,0,19,0,64,0,0,0,0,0,47,0,0,0,0,0,0,0,64,0,63,24,11,0,0,76,0,0,0,0,0,0,0,0,0,0,78,57,0,0,0
0,0,0,0,61,0,66,0,61,59,0,0,66,84,88,0,0,0,0,0,0,0,0,0,0,0,0,0,0,75,61,43,48,0,0,0,0,0,0,31,59,0,8,0,0,0,0,0,0,84,0,0,0,0,0,0,72,63,0,0,69,0,0,61
29,33,0,0,0,37,0,59,56,85,0,80,61,0,0,0,0,0,0,76,0,0,0,0,0,0,0,0,0,33,68,0,0,0,81,0,65,0,0,88,0,0,0,54,0,0,0,0,0,0,0,0,90,0,0,0,75,53,0,75,32,0,0,0
0,0,0,0,0,0,0,77,0,0,0,0,0,34,0,0,42,0,0,41,0,0,0,65,44,59,0,0,74,99,44,62,51,0,0,0,91,0,0,0,0,0,36,0,0,0,0,73,76,0,70,62,0,0,0,0,68,0,49,64,76,0,0,0
0,0,0,0,0,114,0,0,0,85,0,0,77,0,0,0,0,0,68,0,0,0,0,46,0,0,0,0,60,0,0,0,0,71,49,0,0,0,0,0,64,0,0,74,0,0,0,0,0,0,0,93,0,47,0,65,63,0,0,0,0,0,78,0
104,90,45,53,0,0,0,0,0,74,0,0,63,49,0,61,0,0,0,0,0,0,69,0,0,0,0,54,0,0,0,32,0,0,0,53,0,0,0,61,0,0,0,57,0,0,0,0,0,0,0,118,0,0,0,33,73,73,0,51,0,43,0,0
0,64,0,0,0,41,86,0,0,0,0,0,0,48,47,0,0,0,62,64,0,0,0,0,58,0,70,0,98,56,30,0,0,77,0,0,0,0,27,126,0,65,0,0,0,71,0,0,0,0,39,55,50,0,0,0,0,75,0,0,0,67,0,0
0,65,0,0,0,49,0,55,0,0,0,0,38,0,0,0,74,0,0,0,0,0,0,0,0,79,0,0,0,0,0,43,76,0,0,119,0,0,0,0,56,0,0,69,50,0,0,0,0,0,0,0,0,0,74,0,0,0,0,54,0,0,0,0

0,0,0,0,103,0,0,0,0,0,0,0,44,0,0,0,0,0,0,0,0,0,96,76,0,0,0,44,0,0,0,85,0,0,0,0,0,57,0,77,0,0,0,47,0,0,67,0,0,0,0,0,0,0,0,0,72,0,0,62,62,79,0,0
0,0,41,0,0,90,0,64,0,57,0,0,0,36,0,0,0,66,0,0,88,0,0,0,59,0,0,0,0,0,0,92,69,0,0,0,0,0,0,0,0,32,0,0,74,82,83,0,0,0,0,0,64,0,0,0,0,0,0,0,87,0,0,0
50,0,0,85,71,103,0,66,0,0,0,55,0,0,0,0,0,90,0,0,73,0,0,0,0,0,0,0,51,70,79,0,0,50,52,0,0,0,0,0,43,0,77,0,0,53,0,0,0,0,84,76,23,0,75,55,0,0,0,0,81,0,53,95
0,0,0,0,45,0,0,0,0,0,0,0,79,51,0,0,0,64,91,0,0,0,0,0,50,87,0,72,0,0,0,0,0,108,0,0,53,0,0,0,0,0,42,0,0,64,71,0,94,0,0,70,0,0,0,46,0,74,0,0,0,107,0,0
0,0,0,0,47,0,0,0,0,44,0,0,0,0,0,60,76,0,0,0,0,0,0,0,0,0,70,0,0,0,0,36,94,0,0,64,99,41,0,71,0,0,48,0,0,0,0,73,77,0,62,68,0,0,63,0,0,83,0,0,0,69,72,0
0,0,109,0,61,28,0,109,0,0,0,0,0,0,0,87,59,0,86,0,0,0,69,92,48,0,73,47,59,0,0,0,0,67,0,30,0,0,0,49,36,42,0,59,0,51,43,71,43,55,82,0,0,102,73,0,93,0,0,0,0,73,0,54
0,0,71,0,0,66,56,0,0,0,0,0,0,74,79,0,0,0,48,46,0,0,0,0,62,46,105,61,0,0,89,0,0,0,0,64,0,0,0,0,0,0,0,39,0,0,49,64,65,0,0,61,0,90,32,0,50,0,0,60,46,42,0,0
0,0,29,0,0,0,48,0,84,48,71,0,0,0,0,0,0,68,0,0,0,0,0,85,45,64,0,80,0,0,0,0,84,0,0,0,0,0,0,0,54,0,0,0,54,87,0,31,0,87,0,0,78,38,0,0,0,57,0,76,0,0,115,0
66,0,0,0,0,0,45,72,47,0,0,0,0,0,0,34,0,67,73,0,0,0,0,0,0,0,0,0,0,0,0,0,40,0,0,0,0,0,0,66,0,0,0,38,50,85,0,0,86,49,0,0,0,105,79,0,0,0,0,51,68,76,55,95
0,0,40,69,62,0,0,0,0,51,0,0,0,0,0,0,0,0,0,74,0,50,38,0,0,0,0,73,0,0,0,83,0,67,39,0,0,0,0,69,0,0,0,92,73,0,0,0,0,0,0,0,0,0,65,0,0,0,45,0,0,0,0,81
0,0,0,0,75,0,0,0,0,0,60,0,0,0,51,0,86,0,0,0,0,0,0,65,0,0,26,67,0,91,0,0,45,0,0,0,71,0,0,51,66,0,0,0,0,0,0,0,54,0,0,0,0,0,0,0,0,0,0,0,0,76,0,33
0,101,0,62,68,0,0,93,0,85,0,88,0,57,0,0,0,31,0,0,0,0,0,78,75,0,35,0,0,0,0,57,0,69,0,66,0,0,0,0,0,57,57,28,109,0,0,57,0,84,0,0,0,0,0,0,50,0,0,0,62,0,0,91
0,0,0,66,0,0,49,0,0,71,0,0,0,0,74,0,0,0,73,0,0,56,0,0,81,95,63,0,0,81,0,0,0,0,0,0,0,72,0,0,83,0,0,0,0,0,59,0,0,0,39,0,0,0,0,0,49,0,65,0,0,0,72,0
80,27,52,0,0,0,63,0,0,94,0,0,0,0,0,0,75,0,80,90,0,0,49,0,72,0,0,0,0,0,0,0,0,0,67,0,88,0,110,0,0,0,0,0,53,0,0,0,0,0,0,0,0,0,73,0,20,0,0,0,0,90,51,0
0,0,0,0,0,35,0,40,0,0,0,81,0,0,63,0,62,0,65,0,0,79,0,0,44,82,0,0,69,72,0,60,0,0,0,20,36,0,0,58,0,77,0,92,0,0,0,49,0,0,0,53,0,0,54,0,0,0,0,0,65,39,41,0
0,0,0,52,0,66,0,0,0,97,0,0,0,54,82,52,0,0,0,0,0,0,0,50,73,0,61,0,0,0,0,0,0,0,0,0,0,0,0,0,0,0,0,0,75,0,0,58,56,0,0,0,31,0,0,0,0,0,48,0,56,0,81,0

0,0,0,0,0,0,0,0,69,0,0,53,0,0,0,0,0,0,0,67,0,0,74,92,83,0,0,0,0,0,0,0,0,0,0,0,0,0,0,82,61,0,0,0,50,66,0,58,63,0,0,0,49,49,0,0,0,0,0,73,0,49,63,0
46,0,0,89,43,0,54,70,0,74,0,0,0,0,0,58,53,90,0,43,0,37,0,68,0,82,0,0,36,82,118,0,0,63,48,0,0,0,0,0,0,0,0,0,0,0,0,0,0,56,0,0,0,0,0,88,0,0,41,0,78,0,98,0
0,66,0,0,0,77,0,0,0,0,0,82,0,0,0,80,0,0,0,0,28,0,75,85,0,0,32,71,0,58,0,0,0,0,0,0,0,0,0,0,0,0,0,0,41,70,0,0,0,0,0,62,0,33,0,0,0,0,120,43,0,0,99,69
0,0,0,0,0,0,91,0,18,64,56,0,0,0,0,78,0,42,75,0,58,33,0,89,0,0,39,0,0,0,61,0,0,0,47,58,53,0,0,0,0,0,0,0,0,0,0,0,0,0,56,0,0,45,0,0,0,70,52,0,0,0,74,57
0,69,0,0,0,0,0,0,0,0,0,0,77,0,0,57,60,0,0,0,0,44,0,0,0,0,92,0,0,0,61,0,85,0,0,0,0,0,0,0,0,0,27,0,0,68,0,61,32,0,30,0,0,0,0,0,0,0,0,0,0,0,0,62
0,0,0,0,0,70,0,0,0,0,50,58,0,50,0,0,0,0,0,0,0,53,0,49,0,0,71,0,0,0,76,49,75,0,102,0,0,0,0,57,92,0,0,0,0,0,0,0,70,0,0,65,56,0,0,90,0,73,97,49,0,0,0,0
0,0,0,53,0,0,0,0,0,0,31,0,0,50,0,0,0,60,0,64,0,0,0,0,35,0,0,0,0,0,0,0,0,0,0,0,0,64,0,0,0,0,0,0,0,0,0,43,0,72,0,0,0,0,0,0,0,0,0,0,53,0,0,102
0,96,0,0,0,0,46,0,0,0,0,0,0,73,83,59,0,0,84,32,0,0,0,31,0,27,0,127,32,0,0,56,0,0,83,64,0,58,0,0,0,56,64,60,95,23,79,0,98,0,0,0,0,0,51,0,0,0,46,74,0,0,0,68
87,0,0,40,0,0,0,0,0,0,4,0,0,56,95,0,53,38,0,93,0,73,0,0,0,29,0,0,93,0,0,0,0,0,0,0,0,58,35,0,73,0,50,0,0,0,0,0,0,0,0,0,0,49,83,0,45,29,0,0,0,0,0,77
0,0,0,84,0,54,57,0,59,0,93,0,0,62,0,59,92,0,70,0,0,41,62,0,0,51,43,39,0,0,82,57,0,0,0,0,0,0,0,0,61,0,0,44,0,62,45,0,55,0,0,0,45,0,0,0,54,0,0,0,0,0,102,46
0,0,82,0,34,0,0,70,0,0,77,24,0,50,0,0,0,0,42,0,78,0,79,0,0,0,0,0,55,0,0,22,77,0,78,45,67,0,0,0,0,0,0,0,60,0,67,0,45,0,0,0,55,0,0,52,84,0,0,62,0,0,0,0
0,0,0,0,0,0,57,58,88,0,0,73,58,43,52,0,0,0,0,0,79,50,0,0,0,80,0,0,0,0,0,0,0,86,0,0,83,0,100,87,0,0,0,69,0,0,0,0,0,0,0,0,0,64,28,0,0,74,0,0,0,0,0,0
0,0,62,0,0,0,52,76,0,0,0,73,0,0,0,0,0,0,0,0,0,58,0,64,0,0,64,0,0,0,0,0,0,66,0,0,0,0,0,76,0,0,0,0,50,50,0,0,0,0,0,56,0,0,98,0,0,69,0,58,127,0,0,0
0,0,0,0,0,75,0,0,0,51,0,0,83,0,42,0,0,0,0,87,0,0,45,81,93,0,91,0,72,81,0,0,64,0,0,0,78,0,74,0,0,0,0,0,0,50,0,60,0,0,97,0,54,0,0,0,0,53,72,0,0,36,0,0
0,87,0,0,0,0,0,0,76,0,84,0,0,0,53,0,0,0,54,0,71,0,0,85,0,102,78,0,0,0,76,0,65,0,84,0,0,0,0,0,0,14,74,0,0,0,0,0,0,0,54,93,0,0,0,0,41,53,0,0,73,0,0,52
63,0,58,0,0,0,0,0,0,0,0,82,0,0,0,0,0,0,0,0,0,0,0,0,0,0,0,0,0,0,0,0,0,0,0,0,0,54,0,82,0,0,48,23,0,67,0,0,0,0,0,26,0,0,0,0,99,0,47,85,0,0,0,0

0,0,0,0,0,79,0,0,60,0,0,0,95,95,0,0,74,0,0,0,0,0,0,0,73,0,0,0,0,0,0,84,53,0,0,0,93,0,46,0,0,0,93,0,78,0,0,69,0,0,0,0,0,51,0,0,0,0,0,0,0,0,0,62
58,0,41,0,0,0,0,74,0,65,0,93,0,40,0,57,57,0,0,0,0,0,101,0,0,0,0,33,0,0,0,65,0,0,59,0,0,0,0,0,0,75,0,0,0,56,35,0,0,47,0,0,119,0,71,0,94,0,0,0,0,83,0,76
0,0,0,0,40,83,95,0,0,0,65,0,0,63,0,0,0,0,0,0,0,0,0,0,87,0,0,0,0,48,0,42,0,45,58,65,65,21,0,50,0,0,0,0,55,75,86,71,40,29,0,0,0,0,0,0,73,0,0,37,0,0,79,0
0,0,0,96,0,0,0,56,0,0,52,77,0,0,0,0,0,0,32,85,69,0,0,87,80,0,62,70,0,27,0,0,91,0,72,0,0,0,76,90,0,0,0,0,24,0,0,0,0,0,0,0,58,0,0,0,0,0,80,0,49,0,0,0
71,72,0,72,0,63,30,0,0,90,0,38,71,60,0,0,0,0,0,62,0,0,74,0,56,0,31,0,94,58,0,0,0,37,63,0,0,87,0,56,79,0,28,61,0,0,0,54,69,0,0,0,0,70,60,0,0,56,0,36,74,0,0,0
0,39,0,0,55,0,0,61,0,0,0,0,23,0,0,0,0,0,0,35,0,0,0,0,0,39,0,0,46,57,0,0,0,61,0,0,0,0,0,0,0,61,0,0,0,43,0,82,0,0,69,0,41,0,0,0,59,0,37,0,51,0,0,0
0,55,76,60,0,0,0,0,0,63,77,0,0,0,0,72,0,63,71,0,82,0,0,0,0,0,67,67,91,0,52,0,0,0,0,70,92,0,0,58,0,0,0,0,76,0,0,0,0,0,23,0,0,0,62,0,51,0,0,0,0,0,85,78
0,0,0,112,0,53,0,77,0,0,0,30,0,0,24,0,0,78,0,0,0,0,52,0,0,70,0,0,0,0,0,0,0,47,0,0,58,73,0,72,51,0,74,68,0,0,93,68,110,0,0,0,0,0,0,0,0,47,0,40,64,0,0,0
75,0,0,0,38,0,72,0,0,70,0,0,0,43,0,0,0,0,0,0,0,89,0,0,0,0,0,55,0,44,0,0,61,0,0,47,61,0,0,0,0,0,0,0,0,0,78,0,69,0,0,0,0,0,74,57,0,0,0,0,0,0,0,34
30,0,0,0,0,66,93,0,0,0,53,29,54,0,0,0,0,0,40,0,0,0,38,0,84,76,71,74,33,0,54,0,0,0,0,52,0,0,0,0,0,79,58,0,71,80,0,73,70,0,0,0,50,0,0,0,0,0,36,0,0,0,0,0
0,0,101,0,0,0,0,0,40,0,0,0,97,0,0,0,0,60,0,78,0,0,18,0,0,0,0,0,66,0,90,0,52,0,0,0,0,55,0,58,0,73,0,70,0,0,0,0,0,0,0,0,57,0,0,0,0,0,99,66,0,57,0,0
0,0,0,0,0,59,72,0,0,0,62,59,0,0,64,0,0,37,51,92,0,0,39,0,0,0,0,34,0,0,51,0,0,51,0,0,87,0,0,0,47,0,0,63,0,0,0,0,0,0,0,0,0,36,0,0,53,0,0,0,0,0,0,0
0,0,0,0,0,0,0,35,56,0,0,0,25,0,47,0,40,0,0,0,77,0,0,0,0,0,0,0,0,54,56,0,0,0,74,0,0,0,79,58,0,53,0,0,0,38,0,0,0,0,0,0,0,0,0,0,0,0,0,61,0,0,62,0
68,0,82,0,0,75,0,0,0,0,0,80,71,50,47,51,0,0,63,0,0,56,75,61,0,82,0,0,44,0,0,0,0,95,0,0,0,55,0,0,0,0,0,0,49,46,58,0,74,0,0,0,0,72,48,0,72,0,48,0,0,0,77,0
0,0,0,62,0,0,0,0,0,0,0,0,0,0,0,0,0,0,66,38,0,0,0,30,0,0,0,62,0,50,0,0,0,0,0,0,65,65,0,65,74,59,63,0,0,0,92,54,0,0,0,0,0,0,0,0,0,0,0,84,74,0,0,46
75,0,0,0,0,0,0,71,0,82,0,0,0,97,0,0,0,53,40,0,0,0,0,0,80,0,0,0,0,0,0,0,0,0,0,0,67,50,0,23,0,0,0,0,0,0,0,0,0,0,0,0,0,0,0,63,0,0,0,0,97,37,0,87

0,51,0,77,0,73,73,0,0,26,0,0,0,0,0,0,0,0,0,0,52,47,0,49,0,0,34,87,0,0,0,0,68,0,0,0,66,33,70,0,89,0,0,0,58,16,0,67,0,0,0,18,51,0,0,0,0,0,81,0,70,0,0,0
0,0,0,0,0,103,0,67,0,62,0,23,65,0,0,87,48,0,0,0,81,49,0,0,0,0,0,0,57,0,0,0,0,74,67,59,0,0,0,57,0,0,64,0,30,0,0,0,0,86,0,58,0,0,0,0,0,0,69,0,0,0,0,0
80,37,0,0,0,0,0,0,0,0,64,0,0,0,57,0,0,0,0,0,62,0,0,58,41,0,0,91,71,43,0,0,0,48,0,0,46,0,0,0,0,91,0,0,52,0,0,0,0,0,57,0,0,74,80,93,0,0,0,71,0,0,0,0
0,0,48,0,0,0,91,0,64,0,82,0,67,0,0,0,51,0,0,0,0,0,0,0,0,42,0,0,0,0,0,0,0,109,47,81,0,0,0,94,81,0,0,100,86,58,0,0,0,0,0,40,76,0,0,44,60,0,0,75,0,39,0,73
0,86,56,0,70,0,86,0,80,26,56,70,0,75,0,0,0,78,0,0,69,0,86,0,0,66,0,0,0,0,0,0,25,75,81,0,0,0,66,77,0,0,0,0,0,0,0,54,20,54,0,28,0,0,0,82,0,52,66,0,0,0,75,78
0,0,0,0,0,0,0,0,0,62,0,0,87,0,0,0,0,0,0,0,0,0,65,42,68,55,81,0,0,0,0,0,0,0,0,0,0,0,0,0,44,0,22,0,49,101,0,70,37,0,81,101,67,62,0,0,0,0,0,0,0,79,0,0
0,71,0,0,91,57,0,0,0,0,0,66,53,0,50,0,0,0,111,0,83,42,0,0,0,55,0,0,19,0,70,0,0,60,40,0,0,0,0,0,45,0,0,0,76,0,87,0,0,0,0,0,61,0,0,0,68,0,0,0,46,0,0,75
0,0,93,0,0,0,0,74,83,0,115,52,0,0,83,0,0,0,30,0,0,50,56,62,80,27,0,0,0,0,48,74,0,0,0,0,0,0,0,0,0,0,0,0,0,73,0,76,41,50,58,0,0,70,0,0,0,0,0,47,23,0,0,67
0,68,0,0,44,62,93,0,0,0,100,0,0,0,0,46,0,0,0,0,0,0,0,82,0,41,0,0,0,0,0,0,0,0,67,0,78,0,57,0,98,0,0,0,0,0,72,0,49,22,0,0,0,0,0,0,63,0,0,0,64,0,0,82
75,0,0,0,90,0,0,0,0,0,74,0,57,71,0,0,0,0,0,46,0,0,50,0,0,0,0,0,0,0,0,0,0,52,0,0,0,0,47,0,0,0,0,82,0,0,59,69,0,0,28,0,0,0,0,0,0,67,40,0,0,0,0,0
65,0,53,0,0,36,56,0,0,0,0,62,58,66,0,0,89,0,0,76,0,0,0,0,0,83,61,0,0,55,47,86,0,0,37,64,0,96,48,0,67,0,0,0,20,0,97,0,0,0,0,0,75,0,0,0,0,0,82,0,89,0,63,56
0,0,0,0,0,11,68,0,0,0,0,0,0,0,0,0,82,71,71,47,0,0,0,0,90,0,0,0,105,0,76,50,0,0,67,0,0,0,0,57,0,0,66,0,61,68,0,0,0,56,0,0,0,0,0,0,0,66,0,0,0,0,85,0
83,0,23,0,87,0,0,0,0,65,52,0,0,74,0,85,53,74,51,0,56,0,95,0,54,57,100,0,0,84,0,0,91,71,0,0,0,0,0,0,0,0,0,0,65,0,0,0,0,0,0,0,0,66,48,0,77,0,0,60,0,0,22,38
0,56,0,0,0,0,0,0,0,0,0,0,0,0,0,0,0,0,48,64,0,38,0,0,0,0,0,0,0,0,0,0,41,0,0,81,0,0,0,0,71,0,58,0,0,75,68,0,0,0,0,0,0,50,0,43,58,0,0,0,0,0,0,0
0,0,0,72,48,0,0,20,0,0,0,0,60,0,84,0,0,0,0,0,0,0,0,42,0,0,0,0,0,56,46,0,0,0,40,0,0,0,64,0,0,0,48,64,0,62,0,0,63,0,0,0,0,0,0,0,0,0,0,63,0,78,0,0
0,0,79,0,0,0,0,0,72,0,36,0,65,0,0,0,0,34,0,61,0,0,0,80,45,0,0,0,59,0,58,43,0,0,0,0,0,0,0,0,77,46,0,29,0,0,0,0,0,0,0,0,0,76,77,59,60,67,41,0,60,81,0,0

75,0,60,0,0,64,88,66,0,0,0,89,0,0,0,0,0,0,0,0,0,101,0,0,0,88,0,0,0,0,69,0,70,0,0,77,0,0,69,72,0,0,0,87,0,78,0,68,0,57,0,0,0,77,33,0,0,47,0,0,90,0,56,0
63,0,57,0,0,82,0,0,0,0,48,72,106,92,56,58,0,0,0,0,0,0,71,0,0,64,0,0,0,0,94,0,0,0,0,91,80,0,0,35,8,0,0,0,0,0,0,0,50,0,0,0,49,0,0,46,0,56,0,0,71,0,0,0
0,89,41,0,55,0,65,0,0,0,50,0,0,32,56,28,0,0,0,0,0,0,0,0,0,57,0,73,90,0,54,0,0,48,42,95,45,0,0,0,0,0,85,0,56,0,0,68,60,66,0,0,0,0,0,0,80,0,0,0,0,0,0,0
59,56,73,76,0,0,52,0,0,0,0,0,0,90,0,0,0,0,49,0,0,19,0,0,0,0,0,57,0,0,71,19,0,0,78,29,54,77,0,63,0,0,69,70,0,0,0,106,0,0,69,0,0,0,0,75,79,0,78,0,46,0,0,0
0,0,0,82,0,0,45,0,0,0,0,0,80,0,0,0,0,0,0,71,0,0,44,0,81,0,0,0,0,46,0,0,0,0,0,0,0,58,0,42,21,0,0,0,0,0,0,0,0,0,0,0,0,0,0,72,0,0,0,0,40,0,33,62
0,40,59,0,66,0,0,0,0,0,0,28,0,0,120,0,0,0,0,0,0,0,0,0,0,76,0,84,76,0,0,0,52,0,52,0,56,0,30,0,61,0,0,0,105,0,0,0,0,0,84,0,0,94,0,0,0,0,0,83,55,0,0,99
0,0,0,0,0,0,35,0,0,0,0,0,0,0,0,0,0,0,0,0,0,0,0,69,0,63,82,73,49,71,86,0,0,0,0,43,0,0,0,0,0,0,0,0,0,0,39,44,0,0,0,0,46,0,0,0,0,52,0,0,0,76,49,0
71,0,46,0,0,0,0,0,0,65,0,60,0,0,0,0,77,0,0,0,54,0,0,0,0,0,0,48,83,0,0,0,0,0,62,0,0,0,83,0,0,0,0,0,47,41,0,77,0,0,0,0,0,0,73,45,0,54,0,60,60,45,0,74
0,35,72,0,0,0,0,80,69,0,0,0,86,0,0,0,0,67,68,0,46,0,0,69,0,73,0,0,41,0,80,0,76,76,41,0,0,57,0,85,0,0,49,57,0,0,0,66,0,0,78,45,0,0,111,0,72,40,57,0,0,0,0,47
0,47,0,0,0,0,0,0,45,66,0,0,65,0,65,0,0,0,53,0,0,0,0,0,0,0,0,45,92,33,0,0,0,90,0,88,0,0,0,57,0,69,0,0,0,103,0,0,83,0,0,0,0,0,0,57,0,0,0,0,69,0,0,0
0,0,40,0,0,0,53,50,24,0,118,70,72,65,0,0,0,0,0,0,0,0,0,65,0,0,76,0,50,0,81,66,0,0,0,0,0,0,0,0,57,36,0,108,0,0,34,0,0,57,0,0,0,0,0,0,42,0,63,54,0,0,0,0
0,0,0,0,68,0,0,81,0,0,0,0,0,0,0,0,0,102,0,91,0,0,0,0,85,0,0,0,0,0,0,69,0,0,0,15,0,0,0,0,0,0,46,0,0,91,68,85,59,0,0,0,0,65,0,68,0,0,0,0,0,0,60,50
0,51,0,0,0,0,0,0,0,86,0,80,102,36,0,0,0,0,0,84,0,46,39,0,0,0,0,62,0,0,55,0,0,0,50,67,0,0,27,0,0,77,66,0,77,0,0,0,0,0,92,0,60,0,120,0,86,0,0,83,0,0,0,0
0,0,66,0,0,0,0,65,0,117,65,0,24,51,0,63,0,0,0,95,69,0,0,0,0,0,77,0,0,0,0,0,69,0,48,0,0,0,0,62,62,25,0,0,0,0,0,64,0,54,0,0,0,0,70,83,0,46,0,67,25,0,0,0
0,0,0,71,0,99,0,0,0,0,58,0,0,0,68,93,0,105,0,0,0,0,0,0,0,0,0,0,71,60,49,0,0,0,0,0,0,0,78,64,0,62,0,0,0,61,25,0,0,0,69,78,0,0,0,0,0,0,64,0,0,91,0,51
0,0,0,0,0,60,0,53,41,0,48,0,0,0,22,0,0,0,0,0,59,0,0,80,0,0,64,46,0,0,61,0,76,72,0,0,0,0,0,0,0,0,79,48,0,86,0,96,65,0,47,0,88,0,0,0,87,83,56,97,0,0,0,81

0,0,0,95,0,0,0,0,44,0,0,35,0,78,0,0,15,0,0,72,0,0,0,0,0,0,0,0,113,0,0,87,0,0,48,106,0,0,0,94,0,85,0,0,0,0,0,0,0,0,73,54,47,87,0,0,0,93,81,0,0,66,0,48
0,53,0,0,0,58,70,0,73,91,41,60,69,58,0,59,68,0,51,59,0,0,0,0,0,0,47,0,47,65,0,0,0,62,0,0,74,0,0,65,0,70,0,0,0,0,30,83,0,0,65,68,0,0,62,51,0,0,0,0,0,0,48,49
49,29,0,0,0,0,0,52,0,0,0,0,0,0,37,68,0,0,0,0,0,0,0,0,0,0,0,45,60,0,0,0,0,0,55,0,0,0,0,46,0,0,0,63,0,0,0,50,0,61,63,0,0,0,0,0,81,0,0,0,0,0,90,0
0,0,0,0,71,0,0,95,70,0,0,0,86,93,0,0,39,0,0,0,0,0,0,100,0,0,44,0,50,0,19,83,67,0,69,80,0,0,0,96,0,0,0,57,0,72,0,0,57,0,49,55,0,0,0,61,0,0,33,0,0,45,0,0
0,0,0,0,57,62,84,42,0,0,64,117,0,105,74,65,65,0,0,0,0,0,74,0,0,0,0,0,67,0,95,0,0,0,65,0,0,0,0,0,0,0,83,78,0,0,0,0,50,0,64,0,73,87,0,0,66,0,0,0,0,0,0,41
47,93,0,0,0,0,0,0,0,0,62,0,0,0,91,77,0,0,15,0,61,76,47,52,0,29,0,0,43,80,0,62,96,0,74,0,52,62,0,0,0,0,73,0,0,0,0,0,0,0,0,0,81,0,34,49,86,0,0,74,0,0,0,0
0,0,0,0,63,0,0,0,0,0,0,51,58,61,0,0,58,0,64,0,0,0,0,53,0,81,0,0,80,74,0,83,0,0,72,0,0,0,0,0,0,0,0,0,0,0,69,0,0,0,0,71,0,56,0,0,10,0,0,0,0,75,0,0
34,0,60,0,0,0,0,0,0,91,0,0,0,41,0,97,0,0,0,0,0,0,0,0,0,0,0,0,52,0,0,0,0,70,0,19,0,0,50,0,0,0,91,68,27,0,0,0,0,45,28,0,0,87,0,0,0,0,0,0,68,0,0,0
0,62,0,0,60,0,0,0,0,0,0,64,0,0,0,0,0,0,69,0,33,0,0,0,0,0,85,0,0,0,0,0,57,0,0,106,0,0,0,0,0,0,0,0,0,0,0,71,79,0,59,67,0,0,0,0,70,0,0,0,0,0,58,41
0,94,0,0,0,0,0,80,0,0,50,0,23,0,0,0,84,85,66,0,0,0,0,0,0,0,0,65,93,56,62,0,0,0,56,0,70,95,0,0,0,47,0,0,0,0,90,0,0,0,93,71,67,0,57,0,0,21,70,0,79,70,0,0
60,79,0,75,0,0,0,0,0,28,0,0,69,0,0,0,51,71,0,82,0,0,0,0,0,0,0,0,0,0,0,0,0,0,69,0,0,0,0,0,0,0,0,0,62,0,70,48,0,0,0,88,0,48,0,0,0,0,0,0,0,58,0,0
46,64,0,127,0,0,0,81,0,0,0,0,0,0,0,0,81,62,78,0,39,0,0,91,97,0,0,60,0,0,0,0,0,72,0,0,0,0,0,0,0,0,0,0,0,0,73,92,60,0,83,0,0,74,0,0,74,56,0,0,0,74,77,0
0,108,0,0,94,79,0,0,76,75,49,0,0,0,78,0,0,0,0,0,0,79,69,93,0,0,0,0,0,0,0,0,0,63,87,0,77,116,0,0,40,0,43,0,0,0,68,67,65,81,0,0,0,0,0,0,0,0,0,0,0,0,68,0
0,0,44,0,82,0,0,0,0,0,0,0,34,0,0,0,0,0,82,0,70,0,0,0,69,0,74,49,27,0,0,0,84,0,0,0,0,70,0,58,0,0,0,0,15,0,0,0,0,42,57,0,69,0,0,78,0,63,0,0,46,57,0,0
0,0,0,0,0,54,74,0,102,0,82,0,0,0,89,44,84,0,0,0,0,55,73,0,34,0,0,0,0,0,0,0,0,0,0,0,0,0,0,49,0,0,0,0,0,59,17,77,64,0,53,46,77,0,0,0,83,0,34,85,0,0,0,0
0,0,0,90,0,0,0,0,72,0,0,0,0,0,47,61,0,0,0,0,0,0,47,0,0,0,0,0,0,0,0,81,75,0,0,0,61,0,0,63,0,0,0,0,0,0,52,0,0,65,0,0,56,0,0,0,0,0,0,74,37,0,0,30

83,17,0,0,0,0,0,0,0,0,0,0,0,0,0,0,0,0,0,0,0,0,0,63,0,0,81,0,0,101,0,0,0,0,0,68,0,0,0,71,0,0,0,0,0,0,0,0,0,0,0,40,65,0,0,0,0,0,0,0,0,50,0,27
95,60,76,46,0,0,0,0,0,57,82,0,0,0,0,29,0,58,0,0,0,0,0,35,0,0,0,76,0,40,0,0,0,105,78,0,0,46,56,0,0,60,0,0,0,80,1,0,0,0,0,0,0,0,0,0,69,0,0,49,65,0,0,0
0,53,0,36,53,53,36,0,0,0,0,0,0,0,0,0,64,73,0,0,0,42,0,0,0,70,0,51,0,0,0,0,98,83,0,0,0,57,98,0,0,0,66,0,0,0,0,62,68,0,0,0,0,50,25,0,0,0,0,40,0,0,58,0
0,0,44,96,0,0,0,0,0,48,0,0,0,33,0,99,0,0,0,0,0,58,0,0,0,61,35,0,34,0,0,0,0,38,0,0,0,0,0,0,0,63,44,0,0,29,65,69,49,90,0,92,0,0,0,92,0,0,0,0,68,0,0,72
0,0,53,0,81,0,0,0,0,0,0,0,0,54,0,0,43,0,0,0,0,0,78,0,0,0,0,0,0,69,0,66,0,0,85,0,0,0,46,0,0,0,49,0,0,0,76,0,0,59,0,70,0,0,0,0,0,62,0,0,72,0,0,85
0,0,0,0,0,0,0,0,0,82,39,0,0,0,0,0,0,0,0,0,0,0,0,30,0,0,0,65,0,0,0,51,62,0,0,0,0,61,76,0,0,0,0,54,0,0,0,0,0,0,0,0,0,0,0,54,0,61,0,0,0,62,0,0
0,0,0,53,0,0,0,76,0,47,0,79,45,66,102,0,0,0,0,0,0,0,0,0,75,0,0,0,0,14,0,0,73,42,0,62,58,44,0,0,85,0,0,0,0,0,58,0,0,0,0,0,53,0,0,89,0,0,0,0,0,35,0,84
0,0,40,0,98,52,0,0,58,65,0,66,0,0,0,0,0,0,0,91,0,96,0,0,0,0,68,0,0,0,0,53,80,0,78,0,45,11,0,0,0,0,0,0,0,44,0,63,46,0,0,72,0,0,0,0,72,59,0,0,0,0,28,0
0,60,0,0,0,65,0,0,83,51,0,96,0,0,0,62,127,63,69,47,36,0,31,0,0,0,0,93,0,0,0,0,0,0,0,0,0,48,0,0,78,33,0,0,0,0,88,0,0,0,0,0,0,0,0,60,0,0,69,0,56,0,97,77
0,0,0,0,98,0,0,0,0,0,0,47,0,97,0,39,0,0,0,126,0,0,0,0,0,0,0,86,86,0,0,0,0,0,0,0,0,0,81,0,0,0,0,0,0,0,0,0,0,0,0,0,57,0,107,0,122,0,0,51,0,73,0,62
0,19,0,0,0,85,85,0,90,0,0,98,0,0,0,0,0,0,0,0,0,0,52,0,0,0,0,0,0,71,80,0,0,0,0,0,0,46,0,0,0,0,0,50,0,0,0,0,0,46,0,0,0,0,0,0,77,0,50,67,0,0,54,0
0,0,0,64,73,77,59,0,0,0,0,0,0,55,73,0,53,95,0,0,0,0,64,0,0,0,34,0,0,0,0,37,0,0,0,0,67,0,0,46,0,72,0,0,0,46,0,0,119,0,0,0,0,78,80,61,0,51,0,0,79,0,0,40
92,0,55,17,0,0,0,38,57,0,0,0,0,0,48,0,0,39,20,61,0,71,0,0,0,0,69,0,0,0,0,0,60,53,0,0,0,0,0,0,0,0,0,0,45,96,0,0,74,0,0,0,56,0,0,63,62,0,0,0,0,0,0,0
87,102,0,0,51,0,0,0,0,56,102,82,71,0,0,0,0,84,0,0,84,0,0,0,0,0,0,0,103,0,0,0,28,0,0,0,0,68,97,0,0,0,0,0,0,0,0,0,55,0,0,0,0,57,0,32,43,0,84,0,0,55,0,66
0,0,69,0,0,0,0,45,0,51,0,61,91,0,75,0,73,20,42,0,75,0,0,0,0,0,0,0,69,0,0,0,0,0,0,50,0,0,0,0,0,38,0,0,79,0,0,69,70,0,0,0,120,0,0,35,44,0,0,0,47,0,56,0
0,67,40,0,0,88,0,0,0,0,0,0,0,0,0,59,0,43,0,0,0,0,64,58,0,0,85,52,0,60,0,54,0,0,0,0,0,0,0,0,0,0,0,0,0,86,0,0,0,0,0,0,0,0,0,0,0,0,0,0,0,0,0,54

84,0,52,0,68,0,0,0,0,58,0,85,0,0,0,58,48,0,0,0,0,85,59,0,0,0,0,34,0,0,48,50,0,0,0,0,0,0,0,0,0,58,0,0,0,0,0,76,0,0,0,0,43,0,77,0,0,0,0,0,0,0,0,0
0,0,0,0,0,0,0,0,0,58,0,0,0,0,60,0,0,56,80,0,0,46,84,0,0,53,52,37,60,41,0,0,0,0,83,97,35,0,0,96,0,0,0,0,26,0,0,0,0,0,0,0,0,0,0,59,0,0,54,0,0,0,0,51
43,66,0,0,0,0,0,0,0,0,0,0,77,0,0,0,0,0,71,0,0,0,0,68,0,0,0,0,71,0,88,0,0,55,57,84,0,0,0,0,0,59,18,0,0,0,0,0,0,0,0,0,21,0,0,0,0,0,0,0,0,0,88,23
0,79,0,33,0,62,118,48,82,0,0,0,0,0,0,0,0,0,66,0,0,100,0,58,0,0,83,0,0,69,0,0,0,0,81,62,0,0,0,0,0,70,39,0,0,101,0,0,58,0,64,71,0,0,62,97,0,0,24,0,0,0,122,0
0,0,56,98,0,0,0,0,62,0,0,0,0,0,53,40,0,0,0,0,0,0,0,0,0,55,0,0,62,0,103,49,0,0,0,0,84,0,0,44,0,0,47,52,0,0,75,0,77,0,0,0,0,0,0,0,0,0,0,0,59,0,0,0
55,0,0,0,0,0,0,0,0,78,80,65,0,0,0,0,0,0,44,55,0,0,73,43,0,56,87,66,0,69,79,0,80,0,20,0,0,61,0,0,0,61,0,48,0,67,61,0,0,0,68,0,0,0,0,81,0,21,0,0,85,0,0,0
83,0,65,0,0,0,0,0,0,0,0,0,0,0,0,63,0,0,56,0,0,0,0,74,77,49,0,87,0,0,0,0,0,0,0,44,0,65,0,108,0,0,0,0,0,0,0,0,0,73,0,0,0,62,0,0,0,0,0,58,0,0,0,0
0,48,61,0,0,74,0,68,0,111,0,83,0,0,0,53,0,0,53,0,0,73,0,0,0,53,0,0,37,0,0,90,0,0,0,59,0,0,0,0,0,0,86,34,0,0,86,0,49,0,0,0,74,0,0,54,0,37,0,41,24,95,0,0
0,0,0,0,71,84,0,0,0,0,0,0,0,0,0,0,28,0,0,69,0,0,81,0,0,0,0,0,0,0,0,0,0,0,55,72,0,104,0,0,0,0,102,58,0,0,0,0,86,91,59,99,0,36,0,0,0,0,0,0,38,0,0,56
0,47,0,87,0,0,0,0,0,120,0,0,0,0,0,0,52,0,0,0,83,0,0,70,93,40,87,0,55,0,47,0,0,0,0,0,84,0,74,0,96,0,0,0,0,0,0,0,0,0,0,0,51,0,0,0,0,0,66,0,0,65,43,0
0,0,58,0,88,0,0,4,0,65,0,0,0,79,44,82,0,0,0,0,0,105,0,0,0,86,0,0,0,25,0,0,0,0,0,0,70,77,0,0,0,0,75,0,0,0,75,0,0,0,0,0,0,56,65,70,0,0,0,0,0,46,31,0
80,72,0,0,98,0,0,65,63,0,61,0,50,0,0,0,0,0,72,0,0,0,0,61,0,0,0,0,0,62,0,0,70,0,52,0,47,53,0,0,46,82,63,0,39,0,0,95,0,0,58,0,0,88,0,0,0,0,82,0,0,0,0,0
0,0,0,66,83,0,0,0,0,0,0,0,0,0,0,0,0,0,0,0,0,105,0,0,0,0,0,0,0,0,73,0,0,0,74,0,30,0,58,0,0,0,0,0,0,0,38,34,0,0,0,0,73,0,0,0,0,0,0,0,0,65,0,0
0,0,0,0,0,0,0,0,0,0,59,0,67,33,0,0,65,0,0,57,0,0,0,0,0,0,78,41,0,0,58,77,0,0,0,0,53,62,0,0,0,0,0,45,0,0,0,0,0,44,0,0,0,0,0,0,57,0,0,0,0,0,0,58
88,0,60,0,0,0,0,0,0,0,0,0,0,0,0,72,0,0,0,0,0,68,96,0,0,0,0,0,66,0,98,0,0,0,0,0,0,51,0,60,38,0,0,0,0,0,62,0,0,0,0,0,0,0,0,0,0,0,0,90,36,0,55,59
0,0,0,0,94,0,78,0,43,0,59,0,0,0,50,0,94,0,47,64,0,0,0,0,84,85,78,0,0,77,0,43,0,0,0,0,0,49,0,30,0,0,0,39,0,0,0,0,0,0,0,0,0,65,0,0,23,0,75,75,0,27,86,0

68,0,0,0,0,77,90,0,0,0,0,0,49,0,0,0,84,44,0,0,22,0,0,44,0,116,0,48,0,92,38,0,0,86,0,0,0,0,0,0,0,46,0,70,0,66,87,0,0,0,22,0,0,0,0,63,0,0,0,0,79,0,0,0
42,0,0,60,0,0,0,0,0,0,55,0,85,52,0,89,78,0,0,0,0,0,114,0,0,0,0,76,0,0,0,0,0,0,0,69,0,67,0,0,0,0,0,0,0,76,47,0,0,0,0,53,96,0,70,0,0,0,0,0,0,0,0,0
52,56,77,0,68,34,55,0,0,0,90,0,87,57,0,0,0,64,0,0,0,42,0,0,0,79,0,54,0,80,0,29,70,0,0,0,0,0,0,0,0,90,0,0,0,0,56,0,51,0,0,0,60,68,0,66,0,0,63,0,0,0,75,0
0,0,0,0,0,53,63,0,0,70,0,44,0,39,0,0,0,0,0,113,41,0,0,83,0,71,48,0,74,0,0,67,0,0,0,0,0,0,66,0,0,0,0,0,0,0,55,0,0,0,0,0,0,0,0,90,0,0,0,0,57,31,60,0
0,0,0,0,0,39,0,65,0,0,0,0,0,101,0,0,0,0,0,0,0,0,0,24,82,68,0,0,0,0,0,0,0,56,0,0,70,0,0,81,0,0,96,78,53,39,0,0,0,0,76,0,0,64,0,88,42,0,0,0,0,0,0,0
0,0,0,85,24,0,0,85,0,0,58,0,0,84,80,0,0,0,108,0,48,0,0,34,0,0,62,0,0,0,0,0,0,0,69,50,0,0,0,65,0,0,56,0,71,0,0,0,0,0,53,92,55,0,0,0,0,76,0,0,76,0,62,76
0,0,28,72,0,98,80,62,0,0,66,31,0,0,66,77,0,0,0,0,0,0,64,0,0,0,61,0,0,0,0,0,0,57,44,0,39,64,0,70,33,0,55,0,0,0,0,0,27,0,0,0,0,0,0,0,61,0,0,0,0,81,69,0
45,0,53,0,0,0,0,0,64,0,0,0,82,0,0,43,102,80,0,0,0,0,84,0,0,0,0,42,0,59,0,0,0,0,0,0,0,63,0,0,0,0,0,51,0,102,0,54,0,0,0,0,0,0,0,32,0,83,0,0,73,0,0,82
76,0,0,37,44,0,0,53,0,0,0,74,0,62,0,56,0,76,65,0,0,0,59,0,0,0,59,0,31,0,67,53,0,49,0,0,96,65,0,0,0,0,0,0,0,0,0,86,0,0,0,0,0,0,0,0,0,0,0,0,0,0,0,47
43,47,0,0,0,33,85,52,0,33,0,0,0,0,0,0,51,46,0,0,72,35,0,74,0,34,0,0,0,0,0,0,48,0,0,0,0,0,0,0,0,0,0,0,0,0,0,84,54,0,46,40,0,0,0,0,0,0,0,0,67,0,87,0
0,61,0,0,0,57,0,0,0,91,74,73,0,0,0,47,83,0,0,0,36,0,0,0,0,0,70,0,45,0,0,0,0,0,0,0,0,74,0,0,73,49,0,0,0,0,0,0,0,48,0,0,0,57,39,0,0,0,0,72,0,0,87,0
0,0,0,0,0,78,46,53,0,0,58,0,0,39,0,0,0,0,84,0,70,0,0,86,0,0,67,44,35,0,0,0,83,0,0,0,0,0,55,0,0,0,0,63,97,0,0,64,0,0,85,0,0,67,0,0,0,102,0,0,0,0,0,57
96,0,27,0,0,64,0,32,45,0,0,0,0,51,0,0,0,0,0,0,0,0,0,0,64,0,0,0,0,33,0,0,0,61,50,73,0,68,55,66,0,0,76,87,0,65,76,72,0,89,0,81,61,0,0,0,0,69,0,44,0,0,50,0
0,0,0,0,0,92,0,0,77,71,100,0,0,0,79,0,0,56,0,32,0,0,0,0,0,0,0,0,0,0,0,0,0,0,0,0,0,57,20,46,0,0,62,0,0,0,0,0,0,87,0,90,0,0,69,85,0,34,0,0,0,0,66,0
0,52,64,0,0,0,64,0,0,0,0,81,0,0,0,0,0,0,0,0,0,0,0,0,0,59,0,0,0,50,0,0,0,0,65,67,0,0,0,0,0,0,0,90,0,70,0,0,0,0,0,0,101,0,0,0,0,0,85,0,54,0,0,70
0,0,61,0,81,0,0,0,0,0,0,0,0,0,0,76,0,88,0,0,0,75,47,56,0,0,0,0,0,0,56,87,69,0,0,0,0,0,72,86,0,70,0,0,58,0,53,0,0,0,55,0,0,38,0,34,0,0,0,65,0,0,0,0

0,0,0,40,0,63,0,0,0,0,0,0,40,0,0,0,31,71,0,0,50,0,0,79,0,0,0,0,90,0,0,0,0,0,94,0,40,74,59,69,49,0,0,0,0,81,0,0,75,32,35,87,66,0,0,0,0,0,0,94,0,61,79,50
0,0,0,0,67,0,0,0,107,85,65,0,0,0,0,0,71,78,70,0,52,0,0,0,0,42,0,0,0,0,0,0,0,0,0,0,82,57,57,0,0,95,0,0,62,40,0,0,0,58,0,0,34,100,41,68,0,0,0,58,90,0,0,0
0,45,0,0,0,0,0,80,0,0,0,0,58,0,0,59,0,0,0,0,0,0,0,93,0,0,0,0,0,0,0,0,0,0,0,91,0,66,76,75,0,0,0,0,0,0,0,68,94,0,82,0,0,0,0,0,0,76,36,0,0,88,73,0
0,95,0,0,0,0,60,85,0,0,0,0,0,55,72,0,0,0,0,0,0,62,68,0,0,0,24,87,0,37,57,0,0,0,0,84,0,30,0,61,0,0,0,0,76,0,91,0,49,91,28,0,47,82,0,0,0,0,57,0,0,64,0,0
0,21,63,0,0,0,0,0,0,0,57,59,0,0,0,0,0,74,0,0,0,0,0,81,85,0,0,0,0,0,0,0,66,0,0,0,0,0,0,0,0,46,0,0,63,92,58,89,0,0,72,0,13,0,0,63,59,58,71,0,49,34,0,67
77,0,0,63,0,76,0,65,0,0,0,0,0,0,0,0,48,0,52,0,0,63,0,0,0,0,73,44,0,0,0,0,0,59,0,0,0,0,0,77,39,0,54,0,50,0,0,0,0,73,0,0,0,0,82,0,0,0,0,0,80,0,0,0
0,51,46,0,0,0,0,31,0,36,0,0,35,0,0,0,0,0,67,0,106,0,0,0,0,25,65,0,47,0,0,0,0,0,0,73,0,0,0,44,0,0,93,0,0,0,0,56,0,0,0,38,0,0,0,0,0,0,33,111,0,0,0,0
61,34,0,91,0,0,0,0,0,0,0,0,0,0,82,0,0,0,42,79,96,0,0,0,0,70,74,0,0,0,0,0,0,0,0,0,46,0,0,0,0,0,0,0,0,60,0,0,33,0,0,0,31,0,0,0,72,94,0,0,66,0,0,0
0,0,0,74,0,69,62,49,0,51,0,95,0,0,0,82,57,0,89,39,0,0,0,0,0,0,0,69,57,70,0,0,88,0,0,46,69,0,0,0,63,0,0,87,90,0,64,0,0,87,0,0,67,0,0,0,0,51,0,0,0,0,0,0
0,0,0,0,0,0,0,42,46,0,0,0,0,0,0,0,0,0,56,0,88,30,0,0,0,0,13,0,41,76,0,0,55,57,0,0,0,0,0,0,0,0,91,0,54,54,64,0,0,0,0,0,38,0,76,0,32,0,0,32,67,51,0,64
0,50,0,0,67,0,0,0,58,47,0,0,52,0,91,0,0,0,0,62,0,0,0,0,0,0,0,52,0,66,0,0,22,0,76,0,0,112,90,0,0,58,43,0,0,0,0,0,0,45,0,0,0,0,51,0,51,0,0,0,68,72,60,0
0,0,47,0,0,52,0,0,0,0,80,0,0,0,58,0,0,0,98,0,0,0,0,0,0,0,82,90,0,0,0,0,0,0,0,0,81,0,0,0,0,0,0,0,0,76,0,0,0,0,51,0,64,0,42,73,97,0,0,0,0,0,0,0
53,0,61,0,0,0,0,0,0,0,0,39,0,0,0,60,0,0,0,0,0,0,0,0,0,0,0,80,82,59,0,0,0,0,92,0,0,59,0,0,0,0,41,0,0,0,74,50,114,0,0,0,0,0,0,0,70,0,47,0,0,0,64,0
0,0,0,0,0,78,0,45,0,0,0,55,0,49,0,0,74,0,0,0,0,0,0,0,0,0,0,66,0,87,57,70,0,85,102,0,0,67,0,44,0,64,58,0,39,0,0,0,0,0,82,28,0,70,0,0,0,0,0,0,0,84,0,74
52,0,0,0,85,0,0,52,0,79,95,0,0,40,102,59,0,57,0,0,0,0,0,0,0,0,0,51,68,0,72,89,0,98,0,0,0,73,0,44,0,0,45,65,0,49,64,79,0,0,75,0,66,82,0,55,0,0,0,0,0,0,24,0
0,0,0,0,90,62,0,82,96,41,0,67,0,60,38,0,53,0,0,67,0,0,0,73,0,0,0,0,75,0,0,0,0,76,0,0,42,74,0,68,76,0,0,64,0,37,0,0,84,49,0,0,0,0,0,0,0,0,19,0,63,0,99,0

0,0,0,102,0,0,0,0,0,0,0,0,0,0,94,41,0,67,67,61,0,0,0,0,0,0,0,0,0,0,0,0,0,0,0,0,93,0,0,0,0,114,0,0,0,0,0,0,51,74,0,0,0,0,0,0,0,72,0,0,0,86,54,0
0,0,0,0,0,0,0,0,49,0,0,38,0,0,72,0,0,0,47,0,13,0,45,0,102,73,0,0,0,0,0,0,0,32,54,72,0,0,0,0,0,0,0,0,0,0,0,0,0,53,0,73,53,0,30,0,111,0,51,0,0,0,0,0
0,0,0,75,80,0,0,79,0,41,0,0,0,0,0,0,37,55,0,0,82,0,64,0,0,0,0,0,33,62,0,0,20,0,0,0,0,76,0,76,0,0,65,0,0,0,0,0,0,24,86,0,0,55,0,56,0,0,0,0,0,33,0,62
76,0,62,0,0,105,0,83,0,0,0,0,86,0,0,0,0,0,0,0,0,0,0,0,0,103,0,0,0,0,0,0,0,121,0,0,0,0,50,0,0,95,0,50,0,0,0,68,0,0,64,0,42,0,0,73,0,0,0,55,72,0,29,67
0,0,66,0,0,0,65,0,0,0,51,0,0,0,0,84,0,0,0,0,40,0,0,0,0,0,0,0,0,0,0,0,0,0,0,0,0,0,0,54,0,0,0,0,0,0,69,0,0,37,0,55,0,0,68,89,0,0,86,0,78,81,0,62
0,0,95,0,53,0,0,0,0,0,61,73,0,0,0,0,82,29,87,0,0,0,0,0,0,0,0,0,0,0,0,0,0,0,50,0,0,61,55,0,61,0,87,0,0,55,0,0,85,61,91,74,50,0,0,0,0,0,0,0,0,0,0,0
0,0,0,62,24,0,0,0,81,34,0,0,0,42,25,0,0,0,0,0,0,0,0,0,105,0,72,0,56,0,0,0,55,0,65,0,0,0,0,0,0,93,0,0,0,79,0,71,66,0,0,0,0,64,0,0,67,0,0,0,0,0,0,0
42,87,50,0,0,0,0,78,51,0,0,0,53,0,41,0,0,0,0,67,0,43,86,0,0,0,62,0,61,34,0,88,0,0,85,0,0,0,47,0,0,56,0,49,50,56,0,0,0,0,0,0,0,0,0,0,0,0,0,0,0,61,0,0
0,0,0,0,0,0,97,0,0,0,84,70,0,0,0,86,0,0,70,0,34,0,0,0,0,45,0,0,0,0,0,0,35,0,0,0,0,46,0,0,0,0,0,0,0,73,0,0,76,70,69,45,37,0,0,0,0,0,58,0,0,0,46,0
0,0,0,0,102,0,65,85,62,76,43,64,0,74,0,26,0,0,77,0,0,0,83,0,0,0,0,68,0,64,0,0,0,0,57,41,0,0,95,0,0,0,0,0,0,0,0,0,0,0,0,17,0,0,0,0,93,0,0,93,0,0,0,0
31,0,57,0,63,0,0,0,0,0,0,97,0,50,57,106,0,42,0,0,0,0,77,0,0,82,0,0,68,0,82,0,0,0,66,0,79,64,0,0,26,0,0,0,0,75,0,0,68,0,0,0,0,0,0,0,0,0,95,0,0,0,0,0
35,0,0,0,0,0,0,0,0,0,52,0,35,0,0,0,0,0,0,68,65,56,0,39,42,0,0,0,0,0,0,0,0,0,0,0,0,62,39,0,0,0,0,0,0,0,0,0,0,0,0,0,0,93,0,0,59,20,0,0,72,0,0,0
37,0,0,0,0,0,64,0,0,72,0,0,68,52,0,57,0,0,0,73,76,0,0,0,0,61,0,0,59,74,0,0,22,83,100,46,37,0,0,0,0,78,0,0,0,0,66,0,0,0,0,0,79,0,51,0,52,0,0,73,0,0,0,0
0,0,0,0,71,110,0,0,0,57,0,0,0,0,0,0,0,0,60,0,0,0,0,0,0,54,0,0,0,65,66,58,0,54,0,56,74,72,0,0,0,0,0,0,75,52,0,0,102,0,0,66,70,0,0,0,0,54,0,51,0,0,100,0
0,0,0,0,0,91,0,50,0,0,0,98,0,75,87,0,54,0,64,85,52,0,0,0,0,0,0,0,0,100,52,0,0,76,0,69,76,76,0,0,0,0,0,58,78,0,0,60,0,61,0,0,0,0,79,33,0,0,0,54,0,0,0,0
0,0,0,0,32,0,69,0,0,0,0,91,0,0,90,0,0,65,0,79,0,66,93,0,0,0,0,84,66,0,78,56,88,0,0,0,24,0,0,66,0,66,0,0,99,71,79,0,0,0,0,62,0,0,0,52,0,57,0,36,0,0,70,0

0,64,0,0,48,0,59,55,37,0,0,0,0,0,0,0,46,0,44,0,0,104,0,23,0,0,46,0,0,0,0,0,0,0,0,0,66,0,104,0,49,0,38,41,53,0,0,0,0,0,0,0,0,0,0,0,0,49,0,0,37,0,74,0
0,40,0,0,0,0,0,0,0,99,71,0,0,61,0,0,70,32,0,0,44,84,0,0,0,64,0,50,67,70,0,0,0,108,54,0,0,0,0,56,0,55,61,0,64,0,0,32,0,0,62,0,38,0,80,0,49,0,66,0,0,0,0,47
0,0,67,0,0,0,0,0,67,86,0,0,0,0,0,51,86,0,0,0,0,0,0,0,0,35,0,0,53,74,0,0,34,0,0,46,0,21,0,0,23,0,0,0,0,82,55,0,44,28,0,85,0,0,0,33,0,80,0,0,0,0,0,84
0,0,0,74,0,0,0,0,0,0,0,0,0,70,0,59,77,0,0,26,0,0,0,0,45,99,77,0,89,0,41,0,0,0,0,0,0,0,67,61,0,62,58,0,0,0,0,0,0,0,76,0,0,0,0,67,0,0,41,28,0,0,0,0
0,0,0,65,61,0,0,0,0,48,0,0,0,0,0,0,0,0,0,0,0,0,0,90,0,0,0,75,0,0,0,0,0,20,0,71,88,0,0,0,0,0,0,0,48,0,0,92,0,0,0,0,80,0,52,0,0,0,0,0,0,0,0,84
37,0,60,72,0,0,69,67,0,0,34,0,55,0,48,0,0,0,0,0,0,0,0,0,66,87,0,0,0,91,0,47,0,84,71,0,0,75,0,48,0,0,59,0,0,81,0,0,62,68,0,0,95,56,0,0,84,0,44,0,0,96,97,0
73,0,0,0,52,0,0,36,50,0,0,0,0,0,84,0,86,0,65,0,0,46,0,0,0,0,0,0,0,0,0,0,0,100,0,39,0,0,0,0,0,0,0,0,0,0,0,0,0,0,0,51,0,0,0,92,0,0,79,0,41,0,103,0
0,54,92,0,0,0,0,53,0,0,0,0,0,0,85,68,0,0,0,0,50,0,0,0,0,0,44,65,0,0,0,0,0,0,88,84,83,0,36,58,0,0,0,77,0,0,0,0,88,0,0,0,52,0,58,0,72,56,0,0,53,42,74,0
71,0,0,83,0,0,57,56,0,0,0,0,45,87,0,0,0,0,85,100,0,0,0,0,12,39,0,0,0,0,0,0,0,49,0,37,0,66,51,0,0,0,0,0,0,0,0,71,62,0,0,0,85,0,72,36,0,73,111,0,0,0,76,0
77,0,81,46,76,60,0,62,0,0,40,43,0,0,0,0,48,0,0,0,0,0,0,0,0,0,0,72,0,0,0,88,0,0,88,0,0,0,0,69,73,0,50,0,0,49,0,53,0,87,0,57,70,60,0,0,0,0,78,41,47,0,62,0
0,0,0,0,0,34,0,0,0,0,0,30,0,0,64,0,0,0,0,0,0,0,85,0,48,0,0,0,72,0,0,0,0,108,74,0,73,0,77,59,0,39,0,0,0,0,0,0,0,0,0,0,59,0,0,0,24,43,0,0,65,0,105,0
0,0,93,0,0,88,0,0,0,0,0,62,0,0,56,0,0,84,0,72,0,20,0,0,105,57,0,0,0,86,0,0,0,0,0,0,0,0,0,0,64,0,0,0,87,0,0,0,47,0,0,0,0,0,0,0,0,0,0,72,0,0,71,58
0,57,0,0,0,0,73,0,0,0,96,0,43,71,52,63,0,69,0,0,0,38,0,0,83,0,48,0,0,0,70,0,61,0,0,0,0,0,0,68,0,0,0,0,52,0,94,0,0,102,74,0,86,68,59,0,29,0,79,0,0,57,0,0
0,0,42,28,0,54,40,36,0,0,0,48,0,0,0,0,56,31,0,0,0,49,0,70,79,0,0,0,0,0,0,51,70,50,0,58,0,0,67,0,0,0,0,84,0,0,0,70,0,0,0,0,0,0,0,0,56,0,0,69,0,0,0,0
46,0,0,0,65,0,0,46,73,0,0,0,0,0,0,0,0,0,0,0,76,0,0,0,43,0,67,40,40,58,38,0,93,77,0,79,0,0,0,0,0,0,0,0,0,0,0,53,59,0,0,74,0,0,0,0,0,46,0,0,0,0,0,0
0,0,0,0,0,0,0,0,0,0,0,0,0,0,0,0,48,0,0,64,0,0,0,82,0,0,0,0,0,0,57,0,60,0,0,0,65,0,0,0,0,0,0,0,0,0,35,0,0,0,0,43,58,0,37,0,0,0,0,0,0,72,62,40

86,0,88,44,0,62,0,0,73,0,0,0,80,0,0,0,53,0,0,0,0,0,0,69,0,0,0,73,0,0,0,81,0,0,63,0,0,0,0,0,0,0,0,85,98,0,42,0,0,0,0,0,0,0,91,0,0,0,0,0,85,0,0,0
0,0,0,42,86,0,0,0,0,0,0,0,0,54,0,31,0,0,0,0,76,0,41,0,0,0,0,0,0,67,72,0,45,76,0,0,0,0,32,0,0,29,0,0,56,0,0,0,31,0,75,0,0,0,0,0,0,0,0,0,0,0,0,0
0,0,0,0,0,0,64,48,0,0,0,0,0,0,0,0,0,0,71,72,0,0,0,0,0,0,0,81,38,0,0,0,0,0,0,0,0,0,0,54,0,77,0,0,60,0,0,30,0,0,0,0,67,0,55,0,93,69,0,0,0,0,0,123
0,0,55,0,0,0,74,0,0,0,0,48,0,0,0,0,0,0,65,0,107,0,0,32,57,0,0,47,0,0,80,0,81,76,0,0,51,66,0,0,0,0,0,0,0,0,42,66,57,76,0,0,79,0,82,0,0,0,0,19,0,0,0,0
0,0,0,57,0,66,0,0,0,0,0,24,0,0,61,0,0,0,0,0,0,81,40,75,0,0,75,0,67,0,0,0,0,0,62,0,0,0,0,0,0,33,46,0,60,58,0,0,0,0,87,0,0,0,0,41,0,99,0,0,0,0,0,0
0,69,0,0,0,48,0,0,0,0,0,0,0,64,0,0,0,0,59,0,0,0,0,0,0,0,0,0,0,52,0,56,56,47,0,50,0,0,0,0,0,0,0,0,0,0,0,103,0,0,0,33,49,0,74,0,0,78,54,0,94,0,0,54
0,0,0,46,0,98,0,51,49,68,0,65,0,52,0,0,0,0,0,43,0,0,78,79,51,0,0,67,0,0,0,45,0,0,22,0,0,0,67,63,0,110,56,21,80,0,0,84,39,0,0,0,0,0,0,0,0,63,0,0,0,0,43,76
76,0,0,0,0,44,76,0,0,57,0,0,0,89,0,0,0,62,0,0,0,0,79,69,0,0,36,0,0,0,0,0,46,0,0,0,0,64,0,41,0,0,49,66,0,0,0,104,0,0,0,0,75,0,0,0,106,73,0,85,0,103,0,64
0,0,51,0,62,0,0,0,0,0,0,43,0,0,0,53,0,0,0,0,0,0,0,77,0,0,0,61,0,33,76,0,74,69,0,60,50,0,0,0,0,0,72,0,0,0,0,44,0,79,0,89,30,0,0,0,0,0,0,0,0,0,0,55
68,0,0,0,0,56,0,0,69,0,0,67,0,75,0,0,63,0,0,53,0,100,0,0,0,0,0,0,0,70,0,0,0,0,52,0,0,0,93,0,0,70,0,0,67,0,51,70,0,0,0,0,0,48,55,63,83,88,58,74,0,0,99,0
0,0,0,20,52,0,85,0,0,0,94,79,0,0,0,111,0,0,33,0,0,66,0,0,0,33,44,0,0,85,0,0,60,0,0,0,0,0,0,0,78,79,0,0,0,81,0,0,0,0,69,0,57,68,0,0,0,0,0,0,0,0,81,31
0,0,0,0,0,0,0,0,37,69,90,0,0,0,67,28,35,0,0,0,0,54,0,106,66,0,0,0,0,0,0,0,73,79,0,0,0,0,0,0,0,0,0,0,0,0,0,67,57,0,0,0,0,79,0,103,0,49,0,0,66,0,97,0
0,0,0,0,0,94,0,0,0,0,0,0,0,0,53,69,0,0,0,0,0,0,0,83,0,0,0,0,66,0,0,0,0,58,0,65,0,0,98,43,57,0,27,0,0,0,94,0,65,61,74,0,0,0,65,0,60,0,51,0,62,0,0,0
0,0,0,43,0,58,0,0,0,69,84,0,0,0,0,0,81,73,0,0,84,0,0,0,0,61,0,77,0,0,63,83,0,0,0,0,0,82,0,0,0,0,0,56,53,27,0,87,0,0,0,0,68,0,75,0,0,40,0,62,0,0,0,113
0,58,0,0,73,44,52,58,0,0,0,0,94,0,73,0,0,0,0,68,0,0,0,0,0,0,0,0,22,0,0,40,0,0,0,0,0,0,0,0,0,57,0,0,70,0,61,0,64,0,0,75,0,48,75,84,0,63,0,0,50,0,0,0
96,0,92,0,0,0,0,0,0,0,0,0,0,56,0,0,0,0,0,0,71,87,0,0,0,0,0,0,0,77,0,27,66,0,0,105,0,0,80,0,0,86,0,68,0,102,0,0,0,0,0,0,0,0,0,67,0,79,93,0,0,64,0,0

50,0,74,0,0,0,127,0,0,0,0,69,0,78,0,0,0,0,0,0,0,0,0,61,37,90,0,85,0,0,0,89,75,0,0,0,0,0,0,0,52,0,46,0,0,0,85,0,0,0,0,0,0,0,0,0,50,31,93,37,0,75,0,73
0,62,89,0,79,0,0,70,43,0,29,48,90,0,0,0,0,30,0,0,0,61,0,0,0,0,68,0,0,0,0,0,0,0,0,0,0,0,0,72,0,0,78,0,101,75,0,67,0,0,0,39,0,68,70,0,0,0,116,67,0,0,107,0
66,0,0,0,0,0,89,0,67,10,0,0,0,56,0,114,0,0,82,40,0,0,0,36,82,61,63,0,0,0,0,0,0,0,0,0,0,0,64,44,0,0,0,0,0,0,0,0,52,70,0,0,0,99,0,0,64,87,0,0,61,0,0,0
0,0,0,0,0,0,0,48,0,47,67,82,0,0,0,0,0,45,0,0,71,0,0,0,0,0,0,0,57,0,0,0,0,0,0,0,0,0,0,30,94,30,99,0,95,0,0,65,71,0,96,0,0,0,0,0,0,0,0,0,0,0,0,0
0,0,96,0,0,0,0,0,55,69,0,69,49,50,0,0,0,0,90,0,0,0,0,75,61,0,77,47,0,0,0,0,41,0,73,27,68,0,0,76,70,0,84,0,55,0,0,52,62,0,0,0,0,0,0,84,0,0,0,52,0,0,0,0
0,0,44,0,0,99,0,0,55,0,62,0,0,0,0,69,0,0,0,99,0,0,0,0,0,0,0,92,0,0,0,0,0,0,0,0,0,0,0,0,0,0,0,85,71,75,0,0,0,0,0,0,0,0,0,47,0,0,47,82,69,74,0,0
0,0,0,0,0,0,0,0,49,0,0,0,105,0,0,74,89,0,0,0,0,57,0,0,53,0,0,0,53,0,0,59,0,0,0,0,0,71,0,0,0,64,0,0,0,68,60,0,70,0,0,0,0,0,0,0,0,0,68,56,51,78,0,0
0,0,0,0,0,70,0,0,62,0,0,39,0,0,0,71,0,0,29,0,0,0,0,0,0,98,0,0,74,0,0,0,0,0,0,0,0,0,0,108,31,0,0,65,0,85,0,0,0,81,0,85,55,98,0,0,0,33,0,0,0,55,0,54
0,0,0,0,69,0,0,0,0,52,0,40,38,94,0,0,48,0,38,48,0,0,0,0,0,0,0,60,0,0,60,0,0,56,0,0,59,59,0,84,58,80,0,0,0,87,0,0,65,0,43,0,0,0,0,0,69,0,68,0,0,44,0,24
0,101,0,0,0,0,79,0,0,0,0,0,0,0,0,0,0,0,0,0,43,0,47,0,0,0,0,0,0,0,0,0,79,0,0,66,53,0,0,55,0,0,0,0,0,0,0,0,48,0,0,69,0,0,0,79,0,57,0,0,0,0,0,0
0,0,52,0,0,57,0,0,0,0,0,0,0,0,0,0,0,91,0,0,22,0,61,62,37,0,0,50,0,0,0,0,0,0,66,49,0,0,0,0,0,0,0,0,0,0,0,0,0,67,0,0,0,0,61,50,0,35,0,2,0,0,0,59
0,0,0,0,38,0,0,34,0,0,0,51,0,0,0,0,0,95,48,0,0,0,40,0,0,0,0,0,71,0,0,0,0,0,0,0,44,65,58,0,39,53,0,0,0,0,0,55,0,54,87,0,0,68,0,50,0,0,0,0,0,0,0,0
0,0,35,0,0,0,0,58,57,0,85,0,0,0,0,0,0,57,0,0,0,0,52,0,0,0,39,0,52,67,0,0,0,0,73,0,0,0,29,0,66,81,73,0,0,0,0,0,99,0,0,0,0,0,0,0,0,0,0,0,0,0,22,38
0,0,0,0,0,0,64,0,0,0,0,0,0,0,0,0,47,0,0,0,80,0,0,0,97,0,58,50,0,0,0,47,0,0,64,65,0,0,78,0,0,59,0,0,79,0,47,57,89,0,58,0,0,0,92,0,0,83,107,70,98,0,0,75
0,0,0,0,54,0,0,0,0,0,0,0,0,62,0,0,0,0,33,0,0,0,0,72,74,63,45,0,0,0,61,0,0,0,0,0,0,0,0,0,39,0,35,0,0,0,0,0,0,85,0,75,0,50,90,0,0,0,0,7,76,0,0,0
0,0,89,0,58,0,0,66,0,0,0,0,0,78,0,50,0,0,68,77,89,0,0,0,0,59,0,0,0,0,0,0,0,0,0,58,0,63,0,63,58,0,0,0,0,0,0,0,0,0,0,0,0,0,0,0,52,0,97,64,0,0,0,0

0,0,0,0,0,0,0,0,0,0,0,0,0,0,0,0,0,0,57,0,0,104,92,0,66,0,0,0,0,0,0,51,0,0,21,0,0,0,67,0,50,51,92,0,0,0,0,0,0,44,43,98,0,0,0,0,0,0,0,64,0,49,47,0
117,0,0,0,10,94,76,0,0,56,0,64,0,0,64,0,0,0,0,0,0,0,0,0,58,0,0,0,0,0,0,81,0,80,0,0,60,0,0,56,59,0,0,0,0,0,0,0,0,0,0,53,0,0,0,50,0,0,0,48,0,53,80,0
0,0,0,0,0,91,0,52,0,65,0,0,0,78,0,0,51,0,0,0,56,0,0,0,0,0,0,62,0,41,0,45,79,0,0,0,0,0,0,64,0,0,54,0,34,0,0,0,56,0,0,0,0,47,0,55,55,0,0,0,83,24,0,0
0,0,83,43,0,0,0,0,56,0,3,0,0,0,0,0,0,0,0,0,0,0,0,0,0,0,0,0,0,0,0,0,0,0,35,0,0,69,63,0,0,34,54,0,52,0,0,0,0,0,67,101,61,0,0,0,0,0,0,68,103,0,0,0
0,37,0,0,0,78,0,0,0,60,0,0,0,0,50,72,0,0,0,0,0,0,75,0,36,0,0,0,64,0,0,0,0,0,57,0,34,0,0,44,0,71,0,0,0,0,0,0,0,48,0,0,0,62,79,0,0,72,59,0,0,86,57,0
43,31,48,69,82,0,0,0,0,0,52,78,53,0,0,35,0,0,0,0,0,0,0,0,90,0,72,43,66,0,0,69,0,0,0,0,87,0,0,0,0,0,0,0,0,0,71,0,0,0,0,65,0,125,35,0,0,46,41,0,0,0,0,0
52,58,0,0,0,0,0,0,0,0,0,0,0,78,0,81,39,33,52,0,0,0,0,83,0,0,0,0,89,0,0,84,0,0,0,90,0,70,0,0,75,0,0,0,0,0,61,0,32,0,0,0,29,52,69,71,0,0,0,43,0,0,0,0
0,0,0,0,0,0,0,0,0,0,0,0,0,50,0,0,0,0,80,0,0,0,0,44,69,0,0,74,0,63,0,0,0,48,0,0,0,0,0,0,0,0,0,0,0,0,73,0,0,0,78,35,58,76,86,0,81,0,0,0,0,76,0,64
0,20,0,0,81,0,67,0,0,66,0,0,27,0,0,0,0,57,0,51,0,0,69,0,0,0,35,0,78,0,82,0,0,97,0,0,0,58,90,35,70,0,0,0,0,65,49,0,90,0,0,0,0,71,29,0,73,0,0,0,21,0,0,0
0,0,0,0,62,0,69,0,43,0,0,125,0,60,0,59,0,0,0,36,0,0,56,0,0,0,0,0,69,0,74,0,0,0,0,73,0,0,94,0,67,73,93,88,0,0,0,0,45,0,113,0,27,90,49,0,0,53,0,68,67,0,0,0
0,0,64,70,0,0,0,0,0,0,0,0,80,70,0,0,0,0,0,0,0,0,71,0,0,63,51,0,75,0,0,65,0,0,0,0,0,0,17,0,0,0,67,0,0,0,61,0,0,75,76,100,74,0,0,75,54,0,40,0,0,0,0,66
66,0,0,0,54,64,0,0,43,0,0,70,45,0,0,0,0,63,0,0,0,0,0,0,0,0,84,0,0,62,0,55,0,0,0,76,0,0,0,0,0,0,0,0,0,75,0,0,0,0,0,0,52,0,0,0,0,0,0,0,0,0,73,84
0,0,0,0,0,0,0,58,0,0,0,0,105,0,93,0,0,0,0,66,43,0,0,0,64,0,0,0,0,65,0,0,0,41,56,0,0,0,0,73,0,63,59,0,0,88,0,0,0,0,0,0,0,0,0,0,62,0,0,0,0,67,0,0
0,77,0,63,0,0,0,42,0,0,0,94,0,0,0,0,48,48,0,0,0,0,0,0,0,0,57,90,0,0,0,77,70,0,0,0,0,0,0,0,49,0,0,0,93,68,77,0,29,0,0,0,0,0,64,62,0,0,71,0,0,0,58,0
89,0,0,0,0,83,35,0,0,49,90,0,56,0,0,0,62,76,80,47,69,0,74,0,0,47,0,0,17,0,63,36,100,43,0,0,0,90,58,0,0,0,39,95,0,0,0,0,0,0,0,0,80,53,0,0,0,0,0,55,0,0,29,37
42,0,0,0,0,0,80,89,0,54,0,0,71,39,96,0,0,0,0,0,0,0,0,0,0,0,77,0,0,0,97,0,0,0,0,0,65,58,0,0,0,0,0,0,82,0,100,0,0,0,86,0,75,44,0,46,34,0,0,0,0,0,0,65

0,0,90,0,0,0,72,86,0,0,0,78,0,0,53,0,0,0,64,46,0,63,0,55,0,0,21,0,80,0,0,58,62,91,0,0,84,0,35,0,47,101,0,0,118,0,77,0,55,0,71,0,0,0,0,0,0,0,0,0,0,0,0,0
36,0,0,0,0,0,0,78,0,0,0,73,91,76,0,65,0,54,58,53,0,83,0,75,0,65,0,0,0,0,0,49,0,92,0,0,0,0,67,0,0,0,0,0,79,54,0,0,0,0,0,0,0,48,0,59,0,0,0,83,0,0,0,0
0,81,0,0,0,0,0,67,0,0,0,0,48,69,107,71,100,0,0,0,0,0,64,0,0,0,0,0,0,0,58,0,0,0,75,0,79,79,0,0,49,0,0,95,0,0,0,0,0,0,0,46,64,0,0,69,0,0,61,0,67,0,0,0
0,0,0,51,0,52,39,0,0,0,76,72,61,0,0,0,0,0,0,0,0,0,0,84,72,0,0,0,0,39,59,0,91,0,0,66,0,0,77,0,0,0,0,0,58,0,37,0,0,28,0,0,0,0,0,0,78,0,69,0,0,49,77,0
0,0,0,79,0,0,0,0,0,0,0,0,0,48,0,0,67,0,0,0,41,0,0,0,62,81,0,52,0,60,0,0,0,0,0,0,97,0,53,0,0,0,73,50,0,0,0,0,47,0,0,0,0,0,0,0,89,44,0,0,61,0,0,0
64,0,68,0,0,0,0,92,91,81,0,0,54,0,0,64,0,0,0,0,0,0,0,52,37,0,0,35,26,0,44,0,0,43,0,91,0,0,0,0,0,77,0,0,0,0,66,49,76,0,67,64,49,0,0,65,0,0,0,0,0,0,0,0
0,88,0,67,55,0,87,0,0,67,0,0,0,79,0,61,0,0,0,61,0,0,0,39,0,0,37,0,0,0,56,0,0,90,0,79,0,56,0,41,0,88,0,0,50,44,0,0,0,0,0,0,0,65,17,44,0,93,0,0,0,0,0,0
55,0,0,31,0,0,0,44,0,0,0,0,0,78,0,68,77,0,79,0,0,76,0,0,58,0,0,0,0,0,0,11,75,0,0,0,0,91,0,87,0,0,0,33,0,0,0,0,0,0,54,0,0,0,0,0,0,73,0,0,33,0,0,0
0,0,0,0,0,0,0,0,93,0,71,0,0,0,0,60,73,94,0,45,0,0,0,0,0,0,86,0,92,0,0,112,0,0,0,57,89,0,0,0,79,82,0,0,35,0,0,78,0,36,0,0,0,0,0,0,0,0,0,0,0,72,58,0
47,0,0,63,58,0,0,0,0,80,0,0,0,0,0,0,83,0,0,0,70,0,0,0,0,76,0,0,58,0,59,63,0,0,0,0,71,0,0,0,0,0,0,0,0,0,0,0,0,0,0,0,87,33,75,72,0,0,0,0,48,42,0,0
0,0,88,0,0,0,0,0,0,0,47,44,0,61,63,0,51,0,0,0,0,55,86,0,0,0,0,0,0,0,0,0,0,0,0,51,0,78,0,0,0,0,0,0,0,0,0,0,0,0,0,0,50,0,0,55,78,0,0,55,42,0,0,0
0,0,76,45,0,0,0,0,0,0,71,0,95,45,0,0,0,59,0,0,0,63,0,80,62,62,0,0,0,0,0,0,21,29,0,0,74,71,40,0,0,0,0,0,0,0,0,0,67,0,0,0,0,0,0,0,65,35,56,0,0,0,0,0
98,0,0,0,0,55,0,87,84,0,90,0,0,47,0,0,61,46,74,0,88,0,0,0,0,0,0,0,0,0,0,0,58,0,50,0,0,73,0,0,0,0,0,0,0,0,79,0,0,57,0,0,0,0,0,82,0,0,0,0,0,0,0,61
0,0,0,0,0,0,0,0,0,64,0,0,0,0,0,0,57,34,0,0,0,0,0,46,0,0,39,0,0,0,0,90,56,0,69,0,0,0,69,0,0,0,68,0,0,0,0,0,0,0,0,0,0,78,0,0,0,0,30,0,66,0,0,52
0,0,0,55,0,0,0,0,0,0,24,0,0,39,0,0,91,0,0,49,0,69,65,48,57,102,0,0,73,0,0,0,73,0,0,0,0,44,0,31,72,104,72,0,55,0,0,0,0,115,52,0,0,0,0,0,0,0,55,0,0,0,0,0
0,0,68,87,0,0,93,0,0,0,0,55,44,0,0,0,0,0,0,0,0,101,34,0,0,0,0,53,0,43,0,0,79,0,0,0,0,0,0,0,0,0,0,0,0,0,0,48,0,0,0,0,0,0,0,78,90,53,0,75,0,90,0,0

0,0,0,0,0,0,0,0,0,47,0,0,0,0,0,96,68,43,63,0,0,0,0,0,0,79,65,0,0,0,0,0,0,0,37,0,0,0,0,0,0,0,0,0,0,52,72,34,80,59,0,73,93,0,0,53,44,0,0,0,57,77,98,0
0,0,0,46,0,100,0,20,107,0,0,0,0,0,0,0,0,53,0,0,0,0,0,0,96,0,0,70,0,0,0,0,75,0,0,0,67,0,73,97,0,0,0,0,0,69,79,100,0,95,0,52,0,0,0,0,0,0,0,43,0,96,73,0
0,0,49,0,70,0,0,0,55,4,0,0,0,0,0,0,0,19,98,0,0,0,45,60,0,72,0,0,0,0,0,0,0,66,0,80,0,67,0,45,0,0,0,0,38,0,71,0,99,0,37,0,0,80,0,0,0,0,0,0,78,0,62,0
44,0,50,96,52,0,0,82,0,0,0,0,0,0,0,0,51,41,0,0,76,58,0,0,0,0,0,0,98,63,0,0,42,0,0,47,82,0,66,80,51,47,0,48,0,0,0,0,0,0,106,24,0,0,0,38,0,0,0,0,98,0,0,69
69,0,87,69,0,0,76,51,0,22,60,0,0,0,0,0,89,0,0,0,0,0,96,0,0,60,69,71,0,62,0,0,0,0,0,0,0,0,94,74,0,0,0,0,0,0,0,0,67,0,0,0,0,0,107,42,0,0,0,0,0,0,0,57
0,65,0,40,100,0,0,25,59,62,0,0,0,0,64,0,0,0,123,0,0,0,0,79,92,0,0,0,0,0,0,55,0,43,67,53,0,0,88,0,0,0,67,35,0,0,0,94,0,44,72,0,63,0,0,64,70,0,0,0,93,0,68,48
35,0,0,0,0,0,81,98,96,0,0,0,0,0,0,0,60,0,0,0,0,0,0,43,0,0,95,45,0,47,82,0,0,57,0,20,0,54,0,0,0,0,0,0,0,0,0,0,71,0,0,0,0,66,74,55,0,72,0,0,0,0,0,21
37,0,49,52,73,104,32,0,61,0,71,0,37,80,56,0,56,0,82,0,51,0,51,0,49,0,0,0,53,0,0,0,0,0,0,0,0,0,0,0,0,0,55,0,0,0,0,0,84,0,0,0,0,0,85,0,80,0,0,0,70,55,89,0
0,0,72,0,0,0,70,64,0,0,57,0,76,0,33,0,0,63,0,0,0,0,0,61,0,81,0,94,65,0,0,40,50,0,0,86,0,72,47,0,0,51,28,0,0,0,0,66,0,0,0,48,0,0,0,40,0,0,0,0,48,51,70,0
0,0,0,0,0,0,0,0,0,0,0,0,0,0,61,0,0,78,60,58,0,0,0,0,0,0,0,0,0,62,0,43,63,81,0,0,53,68,0,0,0,0,0,0,0,52,0,0,77,0,0,0,0,0,0,0,0,66,75,0,0,62,47,74
0,0,0,58,56,0,65,0,75,0,74,0,0,0,0,0,0,43,0,0,0,53,60,0,47,0,0,0,0,0,0,84,0,0,51,0,40,0,0,0,0,0,0,0,0,82,0,0,0,0,69,0,0,0,0,0,0,0,0,0,91,65,59,65
0,48,0,72,79,0,61,0,61,0,71,0,0,0,0,0,0,0,63,0,70,0,80,61,0,0,0,0,0,81,53,32,60,0,79,0,0,31,53,0,50,53,58,0,0,78,72,95,0,105,113,0,89,0,0,0,0,93,0,0,62,0,84,0
9,0,84,0,0,0,56,0,0,95,0,77,0,127,0,0,0,0,0,42,0,0,0,53,57,0,0,0,0,87,65,0,74,0,0,0,0,38,0,0,0,38,0,0,0,66,0,0,0,76,0,0,0,0,0,0,0,62,0,78,0,0,0,59
0,76,83,0,0,76,0,0,0,0,0,0,110,0,0,51,0,0,58,56,0,50,0,73,0,64,0,38,36,54,0,74,58,0,0,0,70,53,0,58,0,0,0,0,0,0,0,0,64,52,62,0,46,0,76,0,39,41,33,0,0,35,0,0
0,0,0,0,46,126,0,75,0,0,34,0,0,0,73,0,0,0,0,50,0,0,0,52,0,0,0,0,0,0,0,0,0,58,0,57,80,0,74,0,52,0,0,0,22,0,69,0,70,0,44,0,31,0,0,50,0,0,0,0,0,0,23,0
0,0,0,0,81,0,0,0,0,54,0,0,94,94,0,0,0,0,0,0,0,76,0,0,0,0,0,0,74,0,0,70,0,0,0,0,0,41,103,0,81,57,0,0,0,0,0,0,0,83,0,0,0,40,78,0,0,85,0,58,0,0,0,0

0,0,0,0,0,79,37,42,0,0,91,70,0,103,0,0,82,0,0,0,0,0,0,0,0,0,0,0,62,0,0,0,0,0,0,0,63,61,0,69,0,0,0,83,0,101,0,0,49,0,51,0,54,0,0,0,0,29,54,90,0,41,0,92
0,35,0,80,58,0,0,0,0,75,0,70,83,0,0,0,0,0,59,0,57,0,0,0,0,0,0,0,85,58,0,0,0,0,0,0,0,0,0,61,0,0,0,22,0,36,0,0,0,0,0,0,79,0,38,0,0,67,0,0,0,0,0,0
0,72,0,0,0,0,0,0,0,0,58,0,45,0,77,0,0,0,0,0,93,95,0,0,0,0,0,74,0,0,61,44,0,0,72,0,92,68,0,17,0,0,0,68,0,0,0,0,0,76,66,0,0,0,0,0,0,79,0,0,0,0,0,109
0,0,68,55,40,54,62,0,0,0,64,69,102,0,0,97,0,59,0,0,0,52,0,0,0,49,0,83,0,0,0,0,0,0,0,0,48,0,0,0,0,0,80,0,0,0,0,0,0,0,0,0,0,0,0,0,0,68,69,0,0,0,0,0
0,0,62,0,58,0,0,92,0,88,49,0,48,0,0,0,62,0,0,0,75,0,0,0,0,0,0,0,0,0,0,59,0,0,109,46,54,70,0,0,0,0,66,0,0,41,0,0,0,0,65,0,0,0,0,51,0,31,0,0,0,0,51,0
0,0,69,0,79,0,30,0,0,72,66,0,0,0,36,0,41,0,42,0,74,0,0,0,67,0,0,0,0,0,58,74,0,0,0,0,0,0,69,0,0,69,0,0,0,0,0,60,53,70,47,0,0,62,79,0,0,0,0,0,46,0,53,0
0,85,45,0,0,0,0,65,0,0,86,0,0,0,0,0,0,97,77,0,0,0,43,0,39,71,69,79,0,0,0,0,45,0,0,0,0,0,59,0,0,0,0,0,0,37,0,0,65,0,55,52,0,70,81,82,0,0,34,0,0,0,0,76
54,0,0,0,83,0,0,52,0,0,0,56,0,0,0,0,90,90,0,0,70,87,0,0,0,41,0,0,0,0,0,0,0,0,0,63,0,88,44,77,0,0,0,68,0,0,0,0,0,0,0,63,0,54,40,69,0,0,0,0,0,0,0,92
66,72,75,0,52,0,0,0,0,0,0,0,0,0,0,102,80,0,0,0,81,73,0,0,0,53,0,82,91,60,0,0,0,0,0,0,0,41,0,55,0,21,0,58,101,0,0,0,0,73,0,0,0,51,0,0,0,47,74,0,0,0,0,0
65,0,0,0,0,65,0,0,0,0,0,0,0,63,0,0,21,0,0,0,0,0,0,0,72,0,45,99,0,0,65,0,72,58,0,0,70,0,0,0,102,0,0,0,0,0,0,80,71,96,0,0,0,64,0,79,0,52,0,0,0,0,0,0
0,0,0,60,62,0,0,0,0,79,0,0,0,94,0,0,0,0,0,0,0,0,0,0,0,0,0,0,62,0,0,0,84,0,45,0,53,0,0,0,74,0,0,0,0,27,57,0,0,0,56,0,0,0,0,0,57,0,35,0,0,0,57,0
0,0,0,54,0,0,75,0,0,0,0,0,0,77,0,0,0,0,0,0,0,0,0,0,81,49,0,0,0,118,0,0,81,90,0,60,74,0,69,48,0,0,66,79,48,0,0,0,61,0,58,0,0,0,83,40,0,66,0,54,0,0,0,0
0,0,0,0,55,55,0,0,0,0,75,41,34,0,0,0,0,0,0,52,0,0,0,0,77,0,0,0,86,0,0,59,0,40,0,76,0,0,0,0,55,0,0,0,50,97,0,0,0,0,0,93,0,0,0,0,89,72,0,0,0,0,68,103
0,0,44,0,0,0,0,98,59,0,0,0,0,13,0,0,0,0,0,0,0,0,0,0,66,0,0,57,79,0,82,0,72,0,0,0,0,0,0,0,0,0,0,78,105,0,0,47,90,0,0,0,0,0,64,0,0,0,73,0,88,0,71,0
0,0,58,0,0,0,60,99,60,0,0,0,0,69,0,63,0,0,87,0,0,0,0,0,0,46,95,0,0,0,0,0,39,0,0,0,0,0,0,45,0,74,0,0,0,0,0,0,0,0,0,52,0,0,0,0,0,0,53,111,67,0,0,84
77,0,0,0,63,0,0,0,83,0,0,0,64,59,0,0,0,0,81,0,0,0,31,49,0,0,54,0,67,0,51,87,75,93,0,0,0,0,0,0,0,0,0,46,0,0,0,0,105,0,0,0,0,0,91,0,83,0,49,0,41,0,0,0

0,36,0,0,0,0,0,57,0,57,0,0,0,0,0,0,0,81,51,0,0,0,0,30,0,0,0,0,0,0,55,0,0,0,0,0,0,61,0,0,0,0,0,96,0,0,64,0,0,0,86,0,0,0,0,62,0,0,66,0,0,67,0,0
0,0,0,0,0,0,0,0,33,0,0,0,0,56,4,0,0,55,0,61,69,0,0,0,0,0,0,68,75,0,0,0,0,52,0,30,0,0,62,0,0,0,0,0,0,51,0,68,78,0,0,0,0,0,0,71,0,0,0,0,0,0,0,0
0,0,40,0,0,0,0,0,0,47,0,0,0,0,0,0,0,0,0,0,0,0,0,0,0,19,0,29,25,0,0,0,61,0,29,0,81,0,0,66,0,54,0,0,0,0,0,0,90,43,0,75,0,25,0,0,0,86,0,0,73,0,17,52
0,0,0,0,33,0,0,0,0,0,88,0,0,54,0,70,0,0,0,0,0,0,0,0,0,0,56,0,0,0,67,0,99,0,0,0,86,0,0,0,0,44,0,0,0,0,0,83,0,0,64,0,0,0,0,0,86,83,0,0,48,0,47,0
0,0,0,0,0,0,0,0,0,38,0,0,0,0,0,0,0,64,0,0,0,61,0,0,94,0,78,90,0,0,0,43,54,0,0,102,0,68,62,0,71,0,0,101,0,72,0,59,0,0,62,0,0,86,0,0,0,57,0,0,87,56,62,0
56,0,88,83,0,48,51,0,49,34,83,87,0,0,67,0,0,0,0,0,0,0,0,0,38,0,0,0,0,0,0,77,0,0,0,48,0,96,0,0,0,0,0,0,0,0,0,0,0,0,83,0,0,0,0,0,50,0,0,49,0,58,0,0
0,0,43,0,0,0,0,0,0,0,0,0,0,0,92,0,0,0,35,79,51,0,0,0,86,0,0,0,83,0,75,67,69,0,77,0,0,73,0,0,0,0,0,0,0,0,76,0,0,0,0,0,0,0,32,0,0,0,0,63,0,0,0,0
0,0,75,56,68,0,0,0,0,0,0,0,0,0,0,0,0,0,78,0,74,0,0,59,0,0,0,0,0,0,72,0,59,66,78,0,0,0,0,89,0,79,74,22,0,0,0,0,0,65,0,0,41,0,62,42,0,62,0,0,0,0,0,64
0,45,72,76,0,0,0,76,0,56,0,66,64,72,0,50,0,0,43,70,0,57,0,106,0,0,0,0,0,40,0,0,0,50,0,0,64,50,0,0,0,0,0,76,0,58,0,75,0,0,66,0,0,0,95,0,48,65,33,0,0,68,66,0
0,0,0,0,50,0,0,50,48,0,65,0,0,0,0,0,0,0,0,59,62,56,0,0,0,0,0,56,51,0,0,0,85,0,0,77,0,84,0,0,0,0,64,82,0,0,0,51,0,0,0,64,0,0,0,0,0,84,0,0,87,0,53,0
0,0,0,0,0,0,0,0,48,0,0,79,0,94,0,0,0,0,0,86,62,0,86,0,0,0,0,0,0,80,0,0,0,0,19,0,0,0,0,0,0,0,0,0,0,0,0,0,0,85,0,0,0,0,0,0,51,0,0,0,0,66,0,38
32,0,0,65,49,57,0,70,0,0,0,0,0,0,0,73,104,51,0,0,71,25,0,0,0,103,0,0,84,35,0,0,0,110,85,67,43,0,0,56,37,0,39,0,0,0,0,0,0,67,65,70,0,75,0,0,0,0,0,0,0,0,74,0
0,53,0,0,0,52,0,0,0,0,0,66,43,56,54,59,58,0,0,0,0,0,0,82,67,0,0,0,0,0,0,0,0,0,0,52,70,95,49,73,0,54,0,0,0,73,51,0,0,0,0,64,0,0,43,0,62,0,55,0,0,58,0,0
0,0,0,0,0,87,48,0,0,0,45,0,38,86,0,0,0,74,0,0,0,0,0,0,93,0,0,0,81,0,69,0,0,0,0,0,0,0,0,0,0,0,0,0,0,0,48,0,0,0,0,0,0,0,0,0,0,0,0,0,0,0,0,76
0,0,49,0,0,0,0,0,0,0,88,0,0,82,0,0,0,0,0,0,0,0,0,76,0,0,56,0,0,0,0,0,0,0,0,82,0,0,0,0,0,92,0,0,64,0,0,0,0,0,66,0,46,0,0,0,46,84,0,77,0,50,0,0
0,0,0,0,0,0,0,0,0,0,0,0,0,0,71,65,0,82,0,66,87,0,0,0,0,23,0,0,76,74,76,49,0,35,38,46,0,0,0,0,0,0,66,0,0,0,25,0,0,0,0,0,28,0,50,0,0,0,0,65,70,36,0,0

0,0,0,54,0,0,71,0,58,0,0,62,0,0,74,0,46,76,0,0,0,0,0,0,0,0,0,0,61,54,0,0,0,65,90,0,0,80,0,0,0,80,45,0,82,38,0,80,0,109,40,0,0,0,0,0,70,0,0,0,0,0,0,81
0,0,0,0,0,0,0,70,0,0,0,79,0,0,40,0,0,0,0,0,0,50,0,0,0,0,0,62,76,0,82,0,0,0,0,0,0,0,0,0,0,0,0,34,0,0,0,0,0,76,0,0,0,0,0,0,0,0,0,0,53,0,0,0
64,98,0,0,85,0,52,0,0,98,0,0,0,0,0,0,0,0,0,0,0,0,0,33,0,0,0,44,47,0,0,0,85,0,0,0,0,0,0,0,54,0,0,0,0,0,0,0,0,0,62,58,0,41,0,85,0,0,0,0,22,0,0,60
63,77,0,0,51,0,79,67,0,86,28,0,0,0,0,62,0,0,55,72,0,0,0,79,0,88,0,0,46,89,63,0,68,0,0,0,0,0,0,59,0,0,0,77,0,0,0,0,0,0,75,0,73,84,0,0,0,0,60,0,0,0,0,64
0,37,0,0,80,0,72,0,0,48,71,16,36,0,0,0,0,87,15,51,0,0,23,0,0,0,60,0,0,0,0,0,0,0,0,71,0,64,90,0,76,0,0,81,31,0,62,55,0,0,0,0,0,0,0,0,111,0,0,44,0,0,0,0
59,0,0,0,0,0,0,0,0,0,61,61,86,54,96,0,0,0,0,0,0,96,0,0,0,78,0,0,67,0,0,0,0,0,0,0,0,0,70,0,0,0,0,0,68,0,19,83,0,36,0,0,67,0,56,0,0,101,0,0,0,0,0,0
0,61,0,0,51,0,0,0,0,54,70,0,0,0,44,54,0,63,0,0,0,0,0,0,68,81,0,0,22,57,0,0,71,0,0,0,0,0,31,0,0,87,100,52,62,0,78,62,0,0,0,0,0,0,0,0,0,0,0,0,0,0,0,0
0,0,59,0,41,74,0,0,93,0,71,0,0,70,0,0,0,64,79,0,64,0,88,0,0,0,0,0,0,0,0,0,0,0,115,86,0,0,0,0,59,0,0,0,61,0,82,0,0,0,49,0,0,75,0,0,0,0,89,0,0,0,0,69
0,0,41,0,0,0,0,0,0,85,0,0,0,0,0,0,0,57,0,0,81,100,58,64,0,0,0,0,69,0,0,0,85,0,0,0,0,0,0,0,0,0,0,59,0,0,24,0,0,67,0,0,52,0,54,0,66,0,0,0,0,54,62,0
45,0,56,0,70,0,0,71,0,0,0,0,76,55,110,61,0,0,61,0,0,0,0,0,0,0,0,0,0,70,0,0,0,67,75,0,0,77,0,0,0,57,57,0,84,0,58,0,0,86,0,0,0,0,0,37,9,0,34,0,0,0,45,0
36,0,0,26,0,0,0,0,0,71,0,38,0,64,63,0,0,0,0,0,84,0,0,0,0,0,86,0,0,0,0,0,59,81,51,0,0,0,0,0,0,0,0,36,0,0,0,0,0,33,0,0,0,0,0,0,0,0,0,66,0,0,0,0
0,38,0,0,0,0,0,68,0,64,0,77,0,0,40,0,0,0,0,86,0,0,0,0,0,72,0,77,48,0,0,0,41,0,0,0,56,0,57,50,0,0,0,0,0,70,0,58,0,0,0,0,0,0,0,0,0,0,0,0,0,48,0,0
50,43,0,45,55,0,0,0,0,0,0,0,0,75,0,105,68,62,58,0,0,54,0,0,0,0,57,0,0,0,0,58,0,0,0,0,72,63,62,0,0,0,0,0,0,0,0,0,0,0,95,0,0,0,0,0,70,47,106,67,63,0,0,0
0,0,0,0,0,0,81,0,74,0,0,83,0,0,0,0,0,41,0,0,0,64,0,79,0,0,0,99,0,0,0,0,76,0,0,0,0,45,72,0,0,0,0,0,0,0,0,87,0,0,11,0,0,0,0,58,0,0,0,0,40,52,0,43
0,0,0,0,61,0,0,0,50,48,78,0,0,0,0,0,0,77,0,84,64,0,0,0,0,0,99,0,0,0,45,0,45,75,48,69,0,0,0,0,91,0,53,0,0,0,0,0,54,50,0,76,0,89,36,0,57,82,85,67,0,0,0,0
0,0,0,98,0,62,0,65,0,0,0,0,0,0,0,0,0,0,50,0,0,0,44,85,0,74,0,78,0,0,44,44,0,0,0,0,0,0,0,0,0,63,0,69,32,0,0,81,61,0,75,0,36,59,0,0,0,73,0,0,61,0,0,0

0,0,75,0,0,71,92,48,59,0,0,65,0,0,49,0,73,0,67,0,0,35,0,0,0,30,0,0,63,0,0,20,67,50,0,0,99,41,77,61,0,82,0,0,22,0,0,103,0,0,0,0,0,74,0,0,0,0,61,43,0,31,0,0
0,0,99,0,36,0,75,92,0,72,0,105,0,0,0,0,0,0,62,0,0,67,0,55,0,0,85,39,0,0,0,66,38,0,0,67,21,0,0,0,79,0,0,0,0,0,0,0,0,0,74,37,0,0,63,0,52,38,0,0,0,94,0,0
56,58,0,62,0,0,0,0,0,0,0,28,55,0,0,0,0,0,74,0,47,0,0,0,0,47,89,0,0,0,72,0,0,0,0,0,0,0,52,0,0,0,0,0,0,81,55,0,119,0,0,79,127,0,0,89,78,0,54,0,0,0,51,0
0,0,0,60,0,44,0,54,0,0,0,0,0,0,94,0,21,0,58,0,0,58,0,0,83,0,52,0,0,44,79,0,0,0,28,0,0,0,27,38,0,87,78,43,62,0,0,0,0,0,0,0,0,0,0,0,67,0,0,36,76,50,0,0
71,0,0,0,0,0,0,0,0,0,48,0,0,52,0,0,0,0,0,49,0,0,64,0,71,0,0,0,0,99,0,0,0,57,0,0,0,0,49,0,73,0,0,0,47,43,62,0,0,0,75,0,0,0,0,0,0,70,0,0,86,0,0,0
0,77,0,0,69,74,38,0,0,31,90,58,0,54,0,38,0,0,53,74,0,29,54,0,75,0,0,59,86,73,0,40,0,0,0,0,0,0,0,53,0,0,0,66,0,0,0,0,0,0,0,33,0,82,0,0,0,54,0,0,0,0,53,0
65,0,0,0,55,0,73,0,0,49,0,0,0,0,101,0,51,117,0,0,22,80,0,0,0,0,0,0,0,68,22,0,0,0,87,67,0,0,0,0,0,0,0,0,38,0,0,0,61,0,0,0,0,0,0,0,0,64,0,65,0,0,0,104
0,0,0,35,0,0,0,0,0,0,0,68,0,0,0,0,93,0,0,0,104,0,0,0,0,0,0,0,0,0,0,0,78,0,66,16,0,0,0,0,73,0,58,0,0,0,63,0,70,0,102,33,0,0,49,26,0,0,53,0,0,0,0,0
0,0,62,0,0,53,0,0,0,0,0,0,80,0,58,0,0,0,0,0,52,0,0,0,29,0,0,0,116,0,65,0,0,61,0,57,71,0,0,40,0,46,0,0,82,0,72,27,74,41,0,0,0,86,0,0,0,0,0,68,79,0,0,0
0,0,0,0,0,28,0,0,0,0,0,0,0,0,0,0,0,0,0,0,0,0,0,82,0,86,0,0,0,0,51,0,0,0,0,80,0,0,60,0,0,0,0,61,63,79,0,0,0,108,80,88,0,0,0,45,0,0,0,0,0,0,0,0
41,0,0,0,0,71,47,0,0,0,0,0,0,97,0,0,0,0,0,77,0,0,38,0,0,0,0,58,0,0,48,55,101,104,0,54,0,44,0,0,0,0,0,0,78,0,82,0,0,108,0,47,35,45,74,0,0,49,89,0,0,0,0,62
0,0,0,0,55,0,0,59,82,0,0,0,0,0,0,0,0,0,0,30,0,0,93,0,0,0,0,0,0,0,84,57,43,0,0,0,0,42,0,87,85,0,0,0,0,0,0,69,0,0,0,0,0,0,0,64,0,0,0,56,0,0,0,0
0,0,0,0,0,55,100,66,0,0,71,0,0,0,0,0,0,66,0,0,53,50,31,0,0,0,0,0,0,0,34,0,57,0,0,0,0,0,56,0,0,0,0,94,0,0,0,62,25,0,59,0,47,0,0,53,0,0,47,0,0,0,0,35
0,0,67,0,0,0,0,0,0,64,0,55,0,0,0,52,0,0,0,0,0,0,71,0,0,0,82,40,0,0,0,0,0,0,62,54,0,0,0,60,0,0,0,0,0,0,0,68,0,97,0,87,0,45,0,0,68,0,0,0,76,0,55,0
0,0,0,0,76,60,0,63,58,0,109,0,0,0,0,0,99,0,0,0,23,52,0,0,0,0,0,0,0,0,0,40,91,0,0,0,0,91,0,0,0,88,55,0,0,0,0,0,0,0,0,63,30,98,23,0,65,81,67,70,102,0,0,0
0,0,0,0,0,0,0,0,78,0,81,90,80,79,85,83,0,0,0,0,56,0,74,0,0,0,0,0,0,0,0,0,0,0,0,0,0,0,0,0,0,0,0,0,0,0,0,0,0,0,0,76,69,37,76,0,0,49,0,0,32,0,79,0

63,61,0,0,0,79,0,0,0,75,0,72,52,0,0,53,44,0,51,0,0,0,0,92,74,0,45,73,0,0,87,0,0,71,0,0,0,0,0,0,0,0,0,41,77,0,0,0,0,0,0,0,40,0,55,85,73,0,0,57,0,0,0,0
62,0,34,36,71,0,82,31,0,0,0,34,0,45,0,0,0,72,0,0,0,37,52,0,0,0,83,0,0,0,0,0,0,52,0,62,67,0,0,0,94,0,0,56,0,0,65,0,0,88,30,0,0,0,0,0,49,59,0,0,0,56,0,0
0,0,0,0,67,0,0,0,0,0,0,0,71,0,0,64,0,0,0,69,36,94,61,0,0,0,0,0,0,0,0,0,60,0,0,0,0,0,0,0,103,0,0,0,0,0,69,82,87,0,0,0,0,0,85,0,69,0,76,0,0,0,0,0
0,0,0,51,45,0,0,0,0,0,0,0,82,0,40,54,62,0,0,0,0,0,0,0,62,0,0,0,0,88,0,0,59,0,30,0,0,0,0,0,0,0,6,21,0,0,0,73,0,70,100,0,0,33,0,72,0,76,44,51,0,62,0,45
0,0,0,0,0,81,0,0,0,0,0,0,0,69,76,45,0,66,0,30,0,0,51,0,87,0,0,0,0,0,0,0,0,0,47,55,0,0,0,0,0,44,0,0,0,0,0,0,58,0,84,0,64,0,62,0,0,0,0,16,86,0,40,0
58,53,0,0,0,0,0,0,0,41,0,0,0,56,97,0,0,0,0,0,0,0,0,35,0,0,0,79,64,0,0,0,0,61,61,0,0,0,0,79,0,53,42,67,54,0,0,0,0,0,0,0,0,0,49,66,68,0,0,54,0,0,0,56
0,95,0,72,0,66,0,0,0,0,0,0,0,75,0,0,0,50,0,0,59,0,0,0,0,0,72,0,0,66,0,0,0,0,0,0,0,63,0,78,0,0,26,58,0,0,0,43,68,42,0,0,0,0,76,0,0,43,0,0,0,102,0,0
0,49,0,0,37,0,0,0,22,0,0,0,0,0,49,0,48,49,89,0,70,0,0,0,0,80,28,0,0,63,0,0,0,0,0,47,73,54,57,61,0,86,0,70,0,0,70,0,90,0,0,75,0,0,0,0,0,0,0,0,64,0,53,97
0,0,0,0,0,0,69,0,0,0,41,22,0,0,0,49,62,61,0,0,0,0,0,88,0,0,82,0,0,74,0,53,0,0,41,80,59,0,0,41,0,0,0,0,54,0,0,50,0,65,0,22,0,0,0,0,50,0,67,56,0,0,0,0
0,0,0,120,0,60,0,0,0,43,0,0,54,0,0,0,0,0,0,105,0,0,47,0,0,0,0,0,59,45,0,76,78,0,0,0,0,45,0,0,0,27,0,0,0,0,0,108,0,0,0,0,0,0,0,0,0,0,0,0,0,110,0,0
0,0,0,0,0,0,0,0,0,34,74,0,0,104,0,84,0,0,0,0,0,0,0,0,75,53,0,51,63,0,0,0,0,54,0,0,0,0,80,0,0,53,0,0,0,0,72,0,46,82,0,83,0,95,0,0,0,92,0,0,0,0,0,0
0,0,0,0,0,68,40,62,0,0,0,0,0,83,36,0,0,0,0,0,37,0,74,40,0,77,0,95,0,0,34,0,0,0,0,48,50,0,0,83,0,73,27,0,61,0,0,66,0,0,0,0,0,0,73,0,0,0,0,63,100,0,64,65
0,0,65,0,70,58,103,53,0,0,0,0,0,0,0,46,0,72,0,49,43,0,0,0,0,0,90,86,0,0,0,54,92,0,0,82,0,0,0,0,0,0,0,55,0,0,0,0,0,47,0,0,0,0,78,0,0,0,0,78,64,0,57,0
0,0,0,40,0,71,63,0,0,61,70,0,0,0,0,86,0,0,0,51,41,73,54,0,0,0,0,0,0,0,0,0,40,38,34,48,0,76,0,0,63,0,77,0,0,0,0,0,54,0,68,0,0,0,0,73,76,0,0,0,0,0,0,56
0,0,0,0,0,0,0,0,97,92,0,0,0,0,0,67,80,33,0,0,0,0,0,0,0,0,38,57,0,0,0,0,0,0,0,0,0,71,0,0,0,60,0,51,36,92,32,0,0,0,0,0,106,82,0,68,0,0,0,0,0,0,72,63
0,0,42,0,0,85,0,0,0,0,0,39,95,64,53,0,0,66,61,0,0,39,0,87,75,39,54,0,49,44,0,74,60,0,42,0,34,0,0,0,0,113,0,0,0,46,0,73,0,0,0,0,0,0,77,80,0,0,0,58,0,0,0,0

40,75,0,0,0,0,0,0,0,61,0,107,0,0,50,0,0,0,0,57,0,0,65,0,0,0,60,68,0,0,0,0,0,0,0,0,0,0,62,0,0,0,0,0,0,46,0,0,0,54,81,53,0,0,0,72,0,63,0,70,0,0,90,55
0,67,0,0,0,0,0,0,0,0,75,86,0,0,72,61,0,67,74,77,98,0,0,0,0,0,60,0,0,65,0,112,0,59,0,61,0,59,0,107,0,0,0,0,0,62,0,0,46,0,35,61,0,84,102,0,0,0,30,66,0,0,0,0
63,88,0,0,0,0,0,61,0,0,0,61,0,73,0,0,16,0,64,0,42,0,0,51,0,69,73,56,0,0,0,0,0,0,0,0,0,0,0,44,0,0,0,0,73,0,0,0,75,0,0,94,0,16,0,94,0,0,0,0,0,0,0,62
0,0,100,72,0,0,98,0,82,60,0,80,40,0,40,0,0,0,0,49,0,0,0,0,39,0,81,0,0,0,0,0,0,53,38,0,53,0,53,101,0,58,0,0,0,112,83,0,0,63,0,0,0,70,31,0,69,0,37,68,0,0,54,0
0,0,0,0,0,0,0,0,87,0,0,0,51,33,0,0,0,0,0,71,93,0,62,0,0,0,0,80,0,62,0,0,0,0,0,0,0,33,0,48,0,0,0,0,0,0,65,0,0,0,0,0,0,0,0,55,70,0,74,0,0,40,0,0
0,0,0,68,63,0,0,74,0,0,0,0,86,0,0,92,0,0,67,62,0,0,0,46,0,0,0,0,0,51,0,0,47,0,0,0,0,0,0,0,45,0,0,0,0,0,0,0,0,0,0,0,47,0,0,0,23,0,0,0,0,0,0,0
0,0,0,0,0,0,0,0,0,0,0,0,73,0,68,25,0,0,0,0,52,0,63,59,0,0,0,0,61,61,55,0,60,0,0,0,0,0,0,51,66,4,0,74,0,0,61,40,78,0,0,41,0,80,0,36,0,0,0,81,0,0,65,0
0,64,0,0,0,0,0,47,0,0,0,52,42,0,0,0,0,0,0,0,0,48,0,0,67,81,0,55,0,0,0,0,0,0,30,0,0,0,53,56,0,71,0,0,0,0,0,0,72,0,0,0,0,63,0,0,0,110,0,0,85,0,46,0
0,111,0,0,0,0,0,0,0,72,0,0,0,0,0,82,0,67,0,0,0,0,88,92,0,57,0,0,0,76,0,83,0,0,0,75,0,75,78,104,0,0,84,64,0,0,0,78,0,24,0,0,0,66,0,82,0,31,43,0,0,62,0,0
0,57,36,0,0,0,56,0,50,0,74,0,0,0,0,0,35,0,0,0,0,54,56,0,0,65,0,52,0,0,0,0,0,0,0,46,57,0,0,49,49,0,47,0,0,0,0,0,0,96,0,37,55,0,0,0,0,66,0,0,64,0,0,0
0,0,0,0,69,0,0,0,0,0,51,39,68,0,0,80,0,0,0,0,57,0,0,57,0,0,0,0,28,0,0,48,0,0,36,0,0,0,0,0,0,0,0,0,96,43,0,0,0,0,81,64,50,87,87,0,0,0,0,0,63,0,0,0
59,0,0,0,0,0,0,0,0,0,0,0,0,0,0,0,55,78,0,0,35,52,0,0,0,37,0,80,0,0,0,0,62,0,0,0,0,0,0,0,33,0,0,0,0,0,0,0,0,104,0,0,0,55,0,0,91,0,0,0,0,66,0,0
0,0,73,80,74,0,0,0,0,0,0,0,0,0,0,63,0,0,0,0,0,72,0,49,0,69,0,0,0,89,0,73,0,0,0,0,42,0,0,0,76,0,0,39,0,0,0,0,0,58,0,0,0,0,0,0,0,0,0,95,0,0,47,0
0,70,0,73,0,70,0,0,34,0,0,0,0,0,0,0,61,93,0,0,0,0,0,77,54,73,88,0,0,119,76,0,0,0,0,0,99,67,0,0,107,67,0,76,0,0,0,0,0,0,38,0,0,78,0,0,83,0,0,51,0,53,0,52
0,0,89,0,0,52,0,0,43,0,0,0,59,0,85,0,0,0,0,0,44,0,62,0,0,0,0,0,0,59,56,0,0,49,0,0,0,0,0,46,0,51,0,12,47,0,0,73,93,0,41,0,59,0,37,0,0,77,0,0,0,0,0,0
0,0,0,0,0,0,50,0,0,61,0,0,0,0,94,0,57,0,0,76,0,0,0,0,62,0,0,0,60,0,0,0,0,46,0,0,0,0,0,0,0,0,84,0,0,0,44,0,50,0,0,0,0,0,0,0,71,48,74,80,0,0,0,0

0,53,66,0,0,0,0,0,85,0,0,85,0,0,0,0,0,0,0,65,0,0,0,0,0,0,0,0,0,95,0,0,0,0,0,0,42,39,0,94,0,0,0,0,0,0,0,84,0,0,0,106,0,53,0,0,0,0,0,0,49,0,0,0
95,76,90,0,0,0,0,54,59,0,0,40,80,0,0,92,0,0,0,0,56,0,0,87,74,0,0,0,47,0,76,70,68,70,64,0,0,0,0,0,46,0,0,0,37,79,0,0,0,0,0,79,76,0,0,26,0,90,0,0,91,68,0,0
0,0,0,73,0,0,0,72,48,0,50,0,58,0,71,0,0,0,66,63,63,0,0,0,0,68,0,38,0,47,0,0,79,0,0,0,0,0,0,0,0,0,0,0,44,64,78,0,0,67,0,0,0,0,0,65,54,0,37,0,102,0,0,0
71,0,0,0,0,0,85,0,0,0,89,0,0,105,48,0,0,0,64,0,54,0,76,0,0,67,0,65,0,32,0,0,0,0,41,0,60,0,0,0,0,0,57,0,0,0,87,0,0,101,43,30,0,70,0,0,32,96,0,75,81,0,71,0
42,76,0,0,0,47,59,0,0,59,55,0,0,0,0,0,0,0,0,0,61,0,77,0,98,0,0,55,0,0,48,61,0,0,54,0,38,60,0,0,0,0,0,0,0,68,0,121,0,0,0,58,0,0,0,0,0,0,0,0,0,0,0,0
59,0,0,0,83,68,0,0,0,0,100,0,0,0,63,0,0,65,0,52,0,54,0,0,60,58,74,0,0,0,76,33,0,0,0,0,0,0,78,0,94,37,70,0,87,0,0,0,0,0,0,71,101,0,0,0,0,0,40,0,0,74,0,47
0,0,72,0,0,51,0,0,0,0,0,47,70,0,33,0,0,0,0,81,34,0,0,0,0,0,0,39,59,0,0,37,0,0,39,0,48,0,0,50,0,0,0,0,0,0,0,51,0,89,0,50,0,0,55,39,59,59,0,0,0,0,0,83
0,0,0,0,0,0,114,0,49,0,0,0,62,61,0,0,89,73,27,0,0,74,67,67,99,66,0,20,0,0,0,0,0,0,46,0,0,0,0,0,0,47,0,66,0,66,0,0,0,0,0,0,71,0,83,51,74,0,63,0,0,0,0,0
83,0,53,0,0,83,0,0,75,0,0,60,0,0,58,0,77,0,0,67,0,0,0,0,53,0,0,0,0,0,0,61,0,0,0,96,0,30,57,0,58,0,0,0,0,77,0,0,0,0,0,0,0,57,0,0,47,0,0,0,0,0,0,0
0,0,0,0,39,0,0,92,0,0,0,0,0,0,0,0,0,0,52,0,0,116,0,65,0,0,0,0,0,0,0,47,92,55,0,88,0,0,0,0,35,0,0,0,0,0,0,0,76,0,0,0,0,56,0,64,67,0,0,66,0,0,58,0
0,0,0,0,60,0,0,36,0,71,0,0,0,75,0,0,0,0,0,0,83,64,82,0,0,0,0,0,0,0,0,0,79,48,0,31,0,0,0,0,0,79,54,0,0,0,0,0,0,0,0,0,51,0,0,0,0,0,43,0,0,0,42,41
0,0,0,0,91,0,0,0,0,0,74,0,0,0,0,0,0,0,0,39,45,0,0,0,0,56,0,0,0,53,0,0,0,0,0,38,0,59,0,0,0,0,0,70,66,53,0,0,0,0,63,0,0,0,0,52,0,0,0,0,77,0,36,0
0,0,0,0,0,0,0,94,0,76,61,84,0,61,40,0,0,65,71,0,0,0,0,59,0,0,59,0,0,0,0,0,0,0,0,0,0,0,0,0,0,0,0,0,0,0,0,28,0,0,58,0,0,0,55,0,0,0,0,0,57,0,0,0
0,0,64,0,0,0,0,0,0,0,87,0,0,0,0,0,0,0,21,0,0,20,0,0,0,0,112,0,0,0,0,0,0,76,0,0,0,0,48,0,0,0,0,0,105,81,0,89,24,47,0,0,60,63,50,0,0,0,0,0,0,81,0,0
0,0,0,45,0,73,0,0,0,77,0,0,0,47,0,0,58,0,62,0,0,0,0,0,0,0,50,0,0,0,0,47,0,0,0,0,0,58,0,0,0,50,97,47,0,0,0,0,84,0,0,58,0,0,0,63,0,0,0,0,0,0,0,61
0,70,79,0,0,70,0,87,0,0,0,0,52,0,0,0,0,0,0,0,0,0,58,50,0,0,0,123,0,82,32,81,0,0,0,0,0,0,0,69,85,0,0,0,0,0,0,0,0,0,0,0,0,0,0,0,0,0,0,0,65,0,0,0

79,52,54,0,56,0,13,35,0,69,90,68,0,32,71,86,0,0,0,85,0,0,0,69,0,0,0,34,0,0,0,0,0,73,0,72,0,63,0,0,72,0,0,0,0,55,0,0,0,0,0,61,0,78,0,0,0,63,0,59,0,0,0,68
0,50,0,0,0,0,0,69,0,0,0,0,44,0,0,0,0,0,45,0,40,0,53,89,63,0,0,0,81,0,0,0,83,61,0,0,0,0,0,66,0,0,0,0,0,0,0,40,0,0,37,72,66,0,0,0,0,49,82,65,72,0,54,16
0,21,0,0,0,0,74,0,0,52,0,0,0,48,63,0,0,0,33,0,0,0,0,0,79,0,0,68,66,0,0,0,0,0,83,0,88,0,0,0,0,0,0,0,0,94,0,0,0,0,67,0,0,0,0,0,0,83,0,0,0,58,80,0
0,0,68,39,0,41,0,0,0,0,0,0,0,0,0,0,0,0,0,0,76,35,0,0,50,56,0,0,97,101,0,36,0,0,0,0,0,0,78,0,0,58,0,0,69,0,107,0,0,89,65,32,0,0,0,52,32,0,0,65,53,26,0,105
59,74,66,82,74,73,0,0,0,0,0,0,0,0,0,0,0,0,69,85,89,0,0,0,62,63,0,80,0,0,0,79,43,0,0,0,0,0,0,79,0,0,0,0,0,0,0,53,56,0,0,0,0,0,0,51,64,0,65,42,0,0,0,0
0,0,0,0,0,0,0,0,0,0,0,0,0,0,0,0,0,0,103,0,55,0,0,85,0,0,0,0,49,26,0,0,0,82,0,0,26,0,0,0,0,0,64,0,0,0,0,53,0,0,0,0,0,101,44,0,66,0,0,0,0,0,68,0
74,0,0,0,0,0,0,70,0,74,0,63,0,0,0,0,0,0,0,0,0,0,0,0,97,0,77,0,0,46,47,0,0,0,89,0,0,0,60,58,0,106,54,64,0,0,0,0,0,0,0,0,0,0,0,81,47,0,0,0,0,71,59,80
0,76,0,0,87,81,0,31,0,58,0,60,77,0,59,0,0,62,0,0,0,0,0,0,87,0,54,0,89,38,0,0,0,0,0,0,0,0,0,0,59,0,0,0,0,81,0,0,0,0,0,59,0,0,0,0,0,0,0,20,0,0,0,0
32,0,0,45,0,83,0,116,0,0,0,0,100,20,75,0,65,0,0,0,52,0,0,0,0,0,0,0,0,0,62,24,0,0,0,0,0,0,0,0,0,61,0,64,0,0,52,0,20,75,56,0,0,0,0,0,0,61,0,45,0,0,0,79
84,0,0,0,60,0,0,77,0,0,0,79,0,0,0,0,0,0,85,0,0,0,0,96,62,0,0,0,0,0,0,0,0,77,0,0,72,68,58,0,0,57,72,82,44,0,37,0,0,0,0,0,0,0,0,0,0,103,0,0,0,71,52,0
0,0,35,74,0,0,0,0,0,0,33,72,0,36,0,0,81,55,9,0,53,0,56,0,0,0,57,0,0,0,0,0,39,0,0,0,58,0,0,74,0,88,0,68,0,0,0,50,58,0,78,76,0,0,60,24,0,53,0,0,0,0,0,0
76,0,0,0,47,0,76,45,62,0,98,0,0,0,108,0,70,60,0,0,0,0,0,0,0,0,64,0,56,0,0,63,0,77,65,0,104,0,0,53,0,0,0,0,0,55,0,0,0,0,0,0,0,0,0,74,80,0,0,0,0,0,88,0
39,71,0,0,0,0,0,0,0,56,0,0,0,0,105,0,0,0,0,0,0,0,0,0,0,0,0,0,0,51,0,44,94,0,0,0,0,0,93,69,68,0,0,78,36,0,0,75,0,0,0,0,0,67,0,97,89,68,0,0,0,0,58,40
0,76,82,95,0,0,0,0,0,0,0,0,0,0,0,0,0,68,0,0,0,77,0,69,0,0,43,67,38,0,0,0,0,62,0,0,0,0,0,0,0,0,0,89,0,68,0,0,0,14,0,102,70,87,0,0,54,0,0,0,0,88,49,68
0,0,0,0,0,0,0,72,0,0,0,0,0,63,0,0,0,0,0,0,0,0,0,0,0,0,60,71,52,0,0,63,51,0,81,70,0,62,0,0,69,0,70,46,44,0,0,0,0,0,68,0,79,0,0,63,85,32,0,0,77,0,58,0
0,0,126,0,45,84,44,78,0,0,65,0,0,0,83,0,0,50,73,0,0,0,0,0,0,40,0,0,0,0,0,0,0,0,0,0,0,44,0,0,0,0,66,34,76,0,0,0,37,0,74,0,0,0,0,0,104,75,100,0,0,0,0,0

0,0,48,0,35,70,0,0,0,0,0,0,107,0,0,0,0,48,0,0,68,0,0,0,0,62,49,0,0,0,0,0,0,0,0,0,0,0,0,0,0,0,0,0,0,38,0,0,56,0,0,60,43,0,64,61,0,0,74,0,81,0,81,0
60,26,0,0,0,61,94,51,0,0,0,0,74,67,0,0,48,0,40,0,0,0,0,49,0,0,0,0,0,23,0,0,0,69,62,0,0,0,0,0,0,90,0,0,0,0,47,0,0,49,0,0,65,28,0,0,52,0,38,0,92,61,0,86
0,74,59,66,0,0,0,0,0,0,0,0,46,61,0,76,91,0,0,0,87,66,35,63,80,0,0,0,0,84,0,62,77,0,47,67,71,55,0,0,0,56,0,0,86,0,0,98,80,0,0,0,0,0,0,0,0,0,56,0,0,51,0,62
0,0,49,0,68,0,0,0,68,0,0,88,68,0,71,96,39,0,61,0,70,0,42,56,57,0,80,0,0,87,0,75,0,83,0,0,0,0,0,0,0,0,0,0,0,0,0,0,0,0,0,0,0,73,59,0,0,0,0,0,0,45,0,0
0,0,0,0,0,0,94,71,0,0,49,71,60,0,67,0,0,83,0,51,0,0,0,0,0,0,0,69,0,66,0,0,0,0,0,52,0,0,0,54,0,72,65,0,66,0,0,0,66,61,69,0,0,0,0,0,98,0,0,0,0,0,56,0
0,0,76,86,61,62,0,89,43,75,0,23,0,0,0,0,0,0,0,70,0,0,0,87,0,0,0,70,0,65,0,0,0,0,55,52,0,0,74,0,0,0,0,87,57,0,0,0,0,0,0,0,53,40,46,0,44,0,0,0,71,0,71,0
0,0,48,0,53,0,0,0,41,0,0,0,0,0,0,65,0,69,0,86,0,0,0,44,0,70,0,0,0,0,0,57,28,0,48,0,0,0,0,0,0,0,0,0,35,0,0,0,0,0,38,0,0,58,0,0,77,101,0,0,0,0,0,0
94,81,0,0,0,61,0,78,0,0,0,0,31,72,0,0,45,0,0,0,0,0,0,0,0,66,0,0,0,0,0,0,74,0,0,0,98,0,0,0,89,0,0,0,54,54,68,0,0,0,0,0,0,0,42,0,79,0,0,0,0,0,0,0
0,0,0,63,0,0,0,0,0,0,79,58,85,0,0,0,60,43,45,0,105,0,0,0,0,0,0,77,114,0,0,65,0,0,0,0,0,93,0,0,0,0,0,0,0,67,0,39,0,0,0,0,0,0,0,71,0,52,89,68,0,0,57,62
81,77,0,0,0,0,104,0,0,66,0,44,0,0,0,0,28,0,0,54,0,0,39,0,0,0,0,0,0,0,0,71,0,0,0,0,0,0,0,0,44,65,0,0,0,0,47,0,0,45,42,0,0,0,0,0,52,47,0,0,0,0,0,0
0,47,0,0,66,0,60,76,0,0,0,0,0,0,0,94,0,0,0,0,0,0,83,0,0,0,77,0,0,0,0,0,43,0,0,0,0,0,81,0,0,61,89,70,58,40,0,64,0,0,35,62,47,73,82,0,0,0,0,0,37,0,0,0
0,0,67,0,0,58,0,72,0,76,0,0,0,31,64,0,0,0,0,57,0,0,0,0,81,98,84,0,63,0,80,0,0,52,0,0,0,0,0,39,0,0,0,95,0,0,0,0,0,30,0,0,0,0,31,0,27,0,0,0,0,0,59,0
0,0,0,0,0,0,0,0,65,60,0,0,0,0,62,0,49,82,48,49,83,0,0,0,0,0,0,77,71,0,0,84,58,0,0,0,0,0,0,0,68,0,0,0,0,0,0,0,0,72,0,0,0,0,0,0,81,76,0,0,0,0,0,0
0,0,0,52,45,0,0,72,67,0,78,55,0,85,0,0,0,0,0,0,97,53,0,24,0,66,0,106,0,68,0,0,0,75,0,0,0,99,0,75,0,0,0,0,125,0,0,44,63,0,64,0,0,83,0,0,0,0,0,72,45,66,39,0
46,0,0,0,0,62,0,0,0,71,0,0,61,91,47,0,0,0,75,0,0,80,0,0,0,0,0,65,0,0,53,0,0,61,0,0,81,0,0,0,57,0,40,0,0,0,0,0,30,0,0,0,0,0,0,0,73,0,73,0,0,0,100,0
0,70,0,57,0,0,0,0,0,0,0,0,0,50,0,0,0,0,0,0,73,0,0,0,64,0,0,0,0,0,0,83,0,0,0,0,0,0,27,0,0,0,77,0,0,0,0,78,63,0,60,0,0,57,0,80,72,0,0,0,76,0,0,0

0,0,0,0,0,97,39,0,0,0,66,0,0,66,51,0,0,0,50,0,0,54,0,64,0,0,0,0,0,29,0,0,0,78,0,0,0,0,0,0,0,63,82,0,0,46,60,0,43,65,0,0,51,47,0,74,0,0,0,0,0,0,0,52
0,52,30,0,0,0,0,0,85,0,0,64,0,73,0,0,0,0,58,0,44,0,0,0,0,49,0,0,89,0,0,0,63,0,0,0,33,45,0,90,61,67,0,0,0,0,25,0,0,0,0,94,0,81,0,83,0,41,0,0,0,0,63,0
0,0,0,73,0,0,0,0,0,0,90,0,0,0,0,0,54,0,0,55,0,0,0,61,0,0,0,0,0,66,74,0,0,0,0,0,0,0,0,52,0,0,0,0,0,0,0,0,0,0,91,0,38,74,0,0,0,69,0,72,34,0,58,69
0,0,64,59,0,0,0,0,50,76,0,0,62,0,56,0,0,0,71,0,0,40,0,0,51,0,0,0,64,0,0,0,0,69,0,0,49,0,0,0,43,0,0,0,0,0,53,0,69,30,82,0,0,43,0,42,0,0,0,0,0,0,78,0
62,0,98,0,0,0,0,0,46,0,0,0,0,42,0,0,0,0,0,0,0,0,0,81,0,0,0,72,68,0,87,0,0,0,0,0,51,0,0,0,0,42,0,0,0,0,46,0,92,0,70,0,0,77,0,85,0,0,0,0,0,0,0,0
60,0,87,0,0,0,0,0,0,0,49,0,0,85,103,0,0,0,0,0,0,0,79,63,0,0,0,0,0,0,17,0,0,0,0,0,0,54,0,0,56,73,75,63,0,0,0,0,90,45,0,0,0,0,51,68,0,0,39,69,0,0,0,0
0,43,0,62,0,0,0,66,73,0,0,70,0,58,48,74,0,0,0,0,0,77,0,0,0,64,0,0,0,0,25,0,0,16,63,0,68,0,0,0,0,67,65,50,0,0,0,67,88,104,72,102,82,0,0,0,74,0,0,0,0,0,36,0
0,0,62,0,0,0,0,0,29,0,0,0,59,0,0,57,0,0,0,0,0,72,0,42,68,70,68,76,0,0,0,0,60,0,0,0,0,99,0,0,0,0,0,0,66,0,0,0,0,0,0,0,0,0,0,0,0,65,0,0,59,0,0,0
69,0,0,0,107,0,0,0,0,72,25,0,0,0,0,0,67,67,0,0,0,70,0,0,0,0,0,56,0,0,0,0,0,0,57,0,0,0,0,0,0,0,0,0,0,0,0,40,35,0,0,0,85,0,62,66,0,80,0,0,0,0,76,65
57,0,94,0,82,0,0,0,0,83,0,81,0,79,0,65,0,0,0,0,0,49,13,0,0,52,65,0,0,0,0,0,0,55,0,0,0,81,0,0,0,0,0,41,0,0,0,0,0,0,0,0,0,0,71,66,0,0,78,0,0,59,0,41
60,77,0,0,0,0,0,0,0,0,0,0,0,0,0,0,0,53,61,33,54,0,0,52,84,0,0,0,36,67,0,0,0,71,50,0,0,52,0,0,0,0,0,32,0,43,0,104,55,0,0,49,50,0,0,52,0,91,90,61,0,0,0,32
47,48,40,0,0,0,0,0,92,0,0,0,0,0,81,0,56,0,49,49,0,0,77,0,0,62,86,77,52,89,0,0,0,0,0,0,0,0,60,0,65,0,46,0,0,0,73,0,0,0,0,35,84,57,85,0,0,0,0,0,51,0,43,0
0,0,23,0,0,103,0,0,0,0,0,85,0,0,0,85,0,0,0,0,0,0,0,0,0,38,0,29,82,0,0,0,47,0,0,0,0,0,0,0,0,0,0,72,0,55,102,0,0,74,0,0,0,0,0,0,0,0,0,0,0,40,26,0
62,0,0,0,0,0,0,111,55,0,93,0,0,83,0,0,58,0,60,0,0,88,0,66,0,0,0,92,0,96,54,58,0,0,0,0,0,0,0,57,44,0,0,31,0,0,73,0,0,0,0,54,0,0,0,106,70,0,0,0,0,60,88,0
80,0,0,25,0,0,0,53,0,77,69,71,56,0,0,0,0,0,0,0,0,38,34,0,47,0,0,0,0,0,0,0,55,53,0,0,98,0,42,48,0,0,80,86,58,66,0,0,0,68,0,0,0,0,51,96,54,0,0,0,0,0,0,0
0,0,0,0,0,0,14,0,0,76,65,90,0,40,59,0,0,72,0,0,0,30,0,0,0,0,47,0,0,73,0,59,0,74,0,50,0,0,0,0,0,62,0,0,0,0,39,63,0,67,0,0,0,0,0,0,77,0,0,0,0,0,0,0

0,0,0,0,108,0,43,96,0,0,0,0,38,51,0,0,0,0,0,102,0,69,44,0,0,0,0,0,0,0,0,43,40,0,0,0,53,0,0,54,78,0,59,0,0,76,0,0,0,31,0,0,0,0,0,0,0,0,0,0,0,0,41,0
0,0,0,0,0,80,0,0,0,82,60,0,0,0,0,71,0,0,0,0,0,27,28,54,0,0,41,0,45,44,88,0,0,0,0,0,0,0,0,0,0,0,0,0,24,0,93,0,0,0,0,58,0,0,68,0,0,67,0,0,63,26,90,0
0,68,43,0,0,75,0,0,0,0,75,0,39,0,0,0,0,0,43,74,62,0,0,0,0,88,0,0,50,0,0,60,0,0,0,0,0,39,0,82,0,70,0,67,0,0,53,0,0,0,0,0,0,0,0,0,0,66,0,69,93,0,64,54
9,0,0,0,0,0,52,0,0,0,76,0,0,50,0,83,0,31,0,70,0,52,0,58,0,81,78,0,0,46,74,0,0,0,0,0,64,0,0,0,72,0,0,0,0,0,0,93,0,0,0,0,59,0,0,0,62,0,0,0,74,0,80,91
0,0,0,81,74,0,0,0,0,62,57,0,0,0,0,79,0,47,67,0,0,0,0,47,0,0,0,38,0,82,0,92,0,0,0,87,39,0,0,0,0,41,46,36,0,0,67,78,0,61,0,0,0,0,0,0,36,0,0,0,89,0,79,71
0,0,0,0,0,0,0,0,0,0,0,0,0,0,0,59,0,88,0,0,48,0,59,43,0,0,0,0,0,0,82,0,0,0,0,0,0,76,0,0,70,51,58,0,0,0,0,0,0,71,0,77,0,91,0,0,0,66,71,0,0,0,0,0
0,0,0,0,46,0,0,80,0,0,71,72,68,0,0,0,0,0,53,68,0,0,0,84,0,0,0,51,0,55,0,0,0,47,0,0,0,72,0,95,0,0,59,68,0,0,0,80,0,0,0,0,0,0,75,0,111,0,0,0,54,0,106,23
0,69,0,0,39,93,0,59,80,0,0,0,62,0,0,0,0,0,57,0,69,0,0,0,0,0,61,0,0,0,76,0,0,0,0,0,0,0,0,0,0,0,0,0,0,0,0,71,0,0,0,49,0,100,62,40,0,0,0,0,0,63,0,0
0,0,0,81,71,0,0,67,0,52,0,74,0,0,0,0,0,0,0,0,0,76,53,0,76,66,92,0,67,0,0,0,0,0,0,84,0,69,0,0,0,0,79,53,0,0,0,0,0,0,49,0,53,0,53,0,0,63,0,0,28,0,69,0
0,82,72,0,0,89,61,0,0,0,0,50,0,0,0,72,0,0,0,0,0,0,25,0,0,0,0,0,80,66,0,80,0,36,23,0,61,0,0,0,0,0,0,0,40,0,65,0,0,0,71,0,0,0,64,0,0,0,44,0,66,72,0,73
0,0,0,61,0,56,64,0,64,0,0,0,0,0,0,0,0,0,0,0,51,59,65,0,0,0,0,0,0,0,0,0,0,73,0,0,57,63,0,37,0,0,72,0,0,0,70,0,0,0,0,0,0,78,0,0,0,0,0,0,46,0,0,0
0,0,0,80,75,81,0,0,115,83,0,0,97,41,0,72,0,0,0,68,0,0,81,85,50,0,0,25,64,94,0,0,0,0,0,0,54,65,62,0,60,0,0,0,0,0,58,0,0,0,0,64,57,0,0,0,56,0,0,76,71,84,0,0
0,0,0,21,0,0,0,0,0,0,0,0,0,0,0,0,47,0,0,0,0,77,0,0,86,0,0,0,56,0,89,0,0,0,0,0,0,81,0,0,0,0,0,0,0,0,0,0,0,0,0,43,0,0,72,0,0,0,0,0,0,110,0,0
0,95,68,0,0,0,0,0,0,63,0,0,0,0,0,0,67,0,30,0,0,0,0,0,0,69,79,0,0,58,79,0,94,0,0,0,0,0,0,0,50,0,0,82,73,74,34,0,0,58,0,0,0,0,0,0,0,72,66,0,36,0,0,0
66,0,0,52,0,0,0,0,0,0,0,84,0,0,0,0,0,0,0,0,0,48,61,0,0,68,0,0,0,86,0,0,87,63,0,0,0,0,0,0,65,0,0,80,15,0,68,0,0,0,0,73,0,0,0,89,74,0,0,76,0,0,0,0
0,0,0,83,43,0,0,0,41,0,0,50,0,0,80,67,43,0,0,0,116,49,0,79,0,0,0,0,0,0,0,0,69,70,0,50,0,0,56,0,0,0,0,49,0,0,46,63,41,0,20,0,0,0,0,0,0,0,0,0,0,0,47,0

0,77,0,0,95,0,42,40,40,0,0,57,0,73,0,81,46,60,59,0,0,0,0,0,0,0,80,0,0,0,57,0,53,0,0,91,0,0,0,57,56,58,0,0,0,59,0,0,0,0,0,64,0,0,85,0,51,36,0,0,48,0,0,0
0,0,65,0,57,0,92,0,0,0,0,66,0,0,0,28,0,0,40,0,0,0,48,88,97,0,53,0,0,38,0,65,0,0,0,0,80,84,0,0,69,73,68,0,58,0,0,72,0,96,0,72,0,0,0,0,65,0,0,0,0,0,0,0
0,0,0,0,0,0,0,46,0,0,0,0,0,0,0,0,0,0,0,0,0,0,0,80,0,0,0,0,48,0,0,94,54,0,70,0,0,0,0,0,0,77,0,0,55,0,0,0,0,0,0,0,0,0,0,0,64,0,0,0,0,0,0,0
0,0,0,72,0,0,0,44,0,0,0,0,0,51,0,0,0,0,0,0,113,0,0,0,28,0,0,61,0,0,0,0,0,56,0,77,0,0,0,0,0,87,0,0,0,71,0,0,0,57,0,0,0,0,0,36,0,0,0,0,0,0,0,0
66,0,0,66,0,0,0,0,0,61,0,67,89,0,0,78,0,0,0,68,0,0,0,0,0,0,0,0,69,103,0,0,0,0,0,0,0,0,0,0,0,0,0,0,0,0,71,24,0,58,0,106,0,0,47,0,82,0,77,0,0,50,47,0
0,71,60,63,0,0,0,39,65,0,0,0,0,115,0,0,75,0,0,0,0,0,0,109,0,0,0,0,66,0,0,0,0,0,0,0,0,58,69,80,85,40,0,0,48,0,0,0,0,0,0,0,0,106,0,75,0,73,0,0,0,0,0,0
0,74,0,0,48,0,0,0,51,112,62,0,0,0,0,0,58,0,0,0,0,0,0,99,0,0,48,0,0,0,0,42,0,0,0,77,54,0,67,66,0,0,0,44,62,76,0,0,0,0,0,111,32,0,0,0,0,0,0,0,0,0,0,0
0,14,0,22,0,0,48,64,99,56,0,0,80,0,0,0,0,0,66,88,0,0,68,48,0,0,0,91,0,0,0,0,0,0,0,0,0,0,0,0,52,0,0,0,0,0,66,0,73,0,0,0,0,0,0,0,0,0,96,0,0,0,0,0
0,0,0,0,78,76,55,0,0,67,71,0,21,0,84,0,0,34,0,0,0,0,49,0,0,0,0,0,0,63,35,0,0,0,0,0,62,0,0,67,0,0,35,0,89,0,95,0,57,34,0,0,63,50,0,0,0,0,0,0,0,0,70,0
0,0,0,0,0,76,0,0,57,0,119,0,0,0,0,0,0,0,0,0,86,63,48,0,0,0,74,0,54,0,0,0,0,0,0,0,0,0,0,0,0,0,52,0,58,0,42,76,0,0,0,0,40,0,80,82,89,0,0,0,0,54,0,0
0,0,74,51,0,0,27,0,0,0,0,0,0,0,0,29,0,63,0,68,50,0,0,0,0,0,67,64,83,0,56,0,0,56,0,0,60,0,86,0,0,0,53,54,0,73,0,61,0,0,0,0,69,0,0,0,0,0,83,0,0,39,34,0
0,0,0,0,0,49,0,74,0,0,44,0,0,97,0,101,0,0,0,93,42,0,78,93,0,0,34,0,0,34,0,0,53,0,0,0,55,0,72,43,0,0,0,0,0,39,65,0,0,0,0,27,0,0,0,0,0,0,0,0,0,62,0,0
0,0,55,0,0,0,68,0,72,69,55,0,0,0,0,73,71,0,0,0,0,78,0,63,83,0,0,86,86,37,0,0,0,88,22,0,0,0,0,46,0,0,0,0,0,0,0,0,70,0,54,0,0,0,0,106,0,74,0,0,0,55,0,0
0,0,79,0,0,0,0,69,0,77,0,72,0,0,0,0,0,0,0,0,0,0,82,0,0,0,0,0,0,37,72,83,0,56,72,57,0,0,0,0,0,0,0,0,62,0,0,87,0,0,0,0,0,0,0,0,72,0,0,0,72,0,0,24
0,0,86,0,39,0,91,0,0,0,0,80,0,0,34,0,0,0,0,77,0,0,51,0,0,0,29,68,0,65,85,0,0,70,0,0,69,54,0,0,0,0,0,0,79,0,0,76,0,106,0,79,0,56,50,0,0,0,0,41,0,58,0,36
0,0,0,88,0,0,71,0,0,0,89,69,0,0,67,0,0,0,0,0,28,39,0,0,82,0,0,0,0,85,0,0,61,90,0,53,82,37,0,67,89,0,0,0,0,65,87,0,0,0,63,0,0,82,0,0,0,0,0,0,0,0,0,0

0,0,0,0,42,0,0,0,0,0,57,0,0,90,0,0,0,0,68,44,0,0,60,0,0,0,0,52,100,0,97,0,0,0,0,0,69,0,0,0,0,0,57,0,0,0,0,0,0,0,83,0,39,0,0,54,0,74,0,0,20,0,0,0
0,0,0,115,49,67,0,0,44,0,64,0,0,0,0,0,0,0,0,0,42,0,0,0,0,87,46,0,0,0,105,0,0,0,70,0,0,72,48,36,0,91,70,0,0,0,0,0,0,93,37,0,0,0,0,0,0,63,0,36,0,70,0,0
103,0,0,0,0,0,65,66,0,0,71,0,0,0,0,0,52,0,0,0,64,0,0,79,0,0,0,0,0,44,0,0,0,0,0,0,0,0,0,0,88,0,52,0,0,54,0,0,0,0,75,0,95,0,0,0,0,50,89,0,0,0,0,0
0,81,0,62,0,0,56,0,71,84,95,0,0,0,0,0,0,70,0,0,43,0,0,0,0,70,64,0,0,0,0,57,0,0,0,0,0,0,0,78,0,0,0,37,0,0,47,48,0,0,0,0,0,0,0,80,0,0,78,0,71,0,0,0
0,0,72,0,0,66,0,0,0,39,0,0,55,0,43,72,0,0,0,13,0,75,55,0,0,105,78,88,0,0,80,0,0,78,63,0,0,76,0,0,0,87,0,0,0,58,40,0,0,57,0,0,0,0,83,0,0,0,0,0,0,63,0,0
0,49,74,51,0,78,0,0,0,0,0,0,56,0,0,58,61,0,0,0,61,0,0,48,43,0,0,0,0,0,0,0,71,0,0,0,0,40,0,56,29,0,0,0,60,0,0,0,63,0,0,0,0,65,0,0,0,0,0,22,72,0,0,72
70,0,0,53,0,0,54,0,0,0,0,0,66,94,0,90,0,0,0,0,102,0,81,84,71,0,45,0,69,0,69,56,0,0,0,0,67,31,67,50,0,0,0,86,0,0,0,66,67,0,0,0,0,0,0,86,0,0,58,0,0,0,0,0
0,0,0,0,73,28,18,0,0,0,67,45,0,0,0,78,52,51,104,0,0,0,0,99,0,0,62,0,68,0,0,0,0,50,0,0,0,0,64,0,0,0,0,87,0,0,54,0,0,0,49,0,0,0,67,0,0,0,0,0,69,79,0,0
0,0,0,0,0,0,0,45,0,0,0,0,0,72,0,0,91,0,0,0,0,0,71,0,78,0,0,0,82,0,0,0,68,0,0,0,0,0,0,0,113,0,0,0,0,55,110,0,60,0,0,0,0,0,0,63,0,0,0,0,0,0,0,87
53,61,50,0,0,0,0,0,0,50,0,0,0,74,0,0,0,0,0,0,0,0,0,0,0,0,62,69,0,92,0,0,0,0,0,31,28,0,0,0,0,0,68,0,0,0,0,0,0,0,95,0,0,0,0,0,0,0,0,0,0,0,0,56
0,0,59,64,0,0,0,0,0,0,0,0,0,0,0,57,68,0,0,0,0,0,0,101,68,0,0,56,0,0,74,0,0,21,0,84,0,79,79,0,79,0,0,0,0,77,85,0,0,0,0,68,0,28,0,0,92,0,0,0,0,68,92,0
0,55,0,63,0,0,73,0,0,57,0,0,0,0,0,0,0,0,45,0,93,0,57,0,55,0,0,0,60,0,0,0,0,0,0,104,57,75,72,66,0,0,80,0,51,0,0,0,0,0,88,0,73,0,96,81,0,0,0,0,0,67,0,0
37,0,105,14,0,0,60,0,89,0,0,0,61,0,0,94,75,0,63,71,0,0,0,0,0,56,0,0,0,46,0,0,0,0,0,0,66,0,0,0,0,0,73,0,21,0,0,0,0,0,47,0,0,0,7,48,0,0,0,0,0,76,0,0
0,77,0,0,0,0,80,62,0,0,0,0,62,59,0,0,72,0,31,46,0,0,0,0,59,0,70,0,0,67,0,0,40,69,0,0,46,0,0,0,0,0,0,0,0,0,0,0,0,0,62,0,0,0,0,0,0,82,0,0,74,44,0,0
0,75,0,0,93,0,0,0,0,0,0,0,0,0,57,0,0,0,0,67,81,0,0,0,0,51,0,0,0,0,61,0,0,0,0,0,91,47,0,0,0,0,74,0,0,0,0,43,0,0,45,99,86,0,0,0,62,0,93,0,0,0,50,0
0,0,0,0,0,0,0,79,0,60,47,0,0,0,0,0,0,0,0,63,0,0,0,37,0,67,0,0,0,0,73,0,0,72,0,0,62,0,0,0,0,89,0,70,64,78,66,0,0,0,31,0,0,56,72,0,56,0,83,92,0,0,109,0

0,0,57,0,32,46,0,0,0,59,0,0,0,0,0,0,0,86,0,0,69,0,55,101,0,0,0,0,77,0,0,76,0,0,68,54,0,67,0,0,0,69,0,0,0,0,34,0,43,0,61,0,0,0,0,0,0,0,0,0,54,0,0,88
0,0,0,0,0,0,0,25,79,54,0,25,0,0,71,0,0,0,0,0,77,0,0,0,45,0,0,46,63,0,0,0,77,0,0,0,0,78,0,0,44,0,0,0,0,56,0,82,0,81,0,0,48,0,39,0,64,0,0,0,0,63,0,0
61,46,0,0,0,0,48,38,0,21,0,0,60,100,0,0,50,0,0,0,0,0,0,87,0,0,0,0,0,0,0,0,0,0,0,19,0,0,0,0,0,82,87,0,68,54,30,0,65,0,0,0,0,0,0,0,0,77,0,0,0,0,53,0
0,0,55,0,0,0,0,0,0,0,0,0,0,0,0,66,122,0,79,0,0,0,0,0,0,0,30,0,0,0,111,0,0,0,0,73,0,100,0,92,0,0,0,0,0,72,68,0,0,0,0,0,64,0,0,52,0,88,24,0,0,0,0,0
0,0,0,0,0,0,49,53,0,0,0,0,0,0,90,0,0,0,0,0,0,0,0,0,0,54,0,0,112,0,0,0,0,57,14,40,0,89,0,41,0,0,58,103,59,0,0,0,0,0,0,0,0,52,0,0,0,76,41,88,78,103,0,0
82,25,43,0,48,82,0,35,79,57,0,0,0,47,0,0,0,0,84,0,63,0,0,0,0,0,70,0,73,0,0,44,0,65,0,89,0,0,0,0,0,0,0,53,94,0,0,49,0,0,0,89,0,0,0,43,0,0,61,0,85,0,56,0
0,0,0,0,0,46,0,0,76,83,0,0,0,0,0,0,70,0,0,0,27,0,70,72,0,0,0,0,67,0,0,0,70,0,42,0,0,0,0,0,0,0,0,0,0,102,0,0,0,64,0,0,0,84,74,0,0,68,0,69,0,0,0,0
35,0,0,0,0,0,0,0,0,81,0,72,0,83,80,0,0,0,71,0,0,98,0,0,0,0,0,83,0,0,0,0,0,0,0,23,21,0,59,0,0,82,59,49,0,0,0,0,48,0,72,50,0,79,67,0,0,0,0,0,0,0,0,40
0,81,91,106,0,31,66,0,0,0,0,88,60,0,57,0,62,0,0,33,0,35,0,34,0,0,106,0,89,0,0,57,0,56,45,0,0,0,0,0,78,112,0,0,60,0,0,52,46,87,0,0,68,0,0,33,59,0,55,0,0,55,0,68
74,0,40,0,0,0,0,0,0,53,0,88,0,0,0,94,0,0,75,0,0,44,0,0,0,78,0,0,60,0,0,59,0,0,0,73,0,0,26,108,75,0,0,27,58,0,54,0,43,103,0,42,71,0,0,0,0,40,0,0,81,0,0,35
46,0,0,44,0,0,0,0,31,0,0,0,107,0,0,0,0,0,0,40,63,0,0,0,73,0,55,84,0,0,0,0,0,31,0,0,23,0,0,0,60,0,98,0,53,0,0,0,0,90,78,0,0,0,0,0,44,0,0,64,0,57,0,0
0,0,0,0,80,0,0,0,0,51,0,0,0,0,0,0,0,0,59,0,84,0,0,68,0,0,63,0,0,65,0,76,0,0,0,101,103,0,30,0,0,0,39,0,0,0,0,0,0,0,0,0,54,66,0,0,0,0,0,0,28,0,0,0
75,0,0,0,0,0,0,95,0,0,0,69,96,101,0,91,0,87,0,0,0,0,0,0,0,0,0,0,0,0,83,0,0,0,59,0,0,0,77,0,0,0,0,0,64,0,0,0,0,0,37,0,0,0,0,0,0,0,0,0,0,0,0,62
88,111,0,0,0,0,0,0,0,0,71,65,45,0,0,91,0,0,0,22,0,77,0,0,0,0,69,50,68,0,61,0,88,33,0,0,0,0,0,0,0,68,0,0,0,0,0,57,0,0,66,0,60,84,79,0,61,29,0,77,0,0,0,29
0,0,54,0,0,0,0,0,68,0,0,104,68,0,0,0,0,72,0,0,47,30,0,93,0,70,0,95,0,0,0,0,0,0,0,33,0,0,66,0,0,0,85,0,0,0,65,0,0,0,0,0,0,0,0,0,0,78,56,80,0,0,63,0
0,23,0,0,68,0,0,36,49,84,0,0,0,0,0,0,76,0,84,76,50,0,0,0,0,17,0,0,0,0,72,0,0,0,0,79,0,77,75,76,0,58,0,0,0,0,0,0,0,0,0,0,0,78,0,49,0,0,0,27,0,0,0,0

83,72,65,0,0,119,103,0,0,0,0,0,75,0,0,0,67,0,33,0,58,0,0,54,65,111,0,0,60,0,0,0,0,97,56,0,0,0,0,0,0,0,58,0,0,0,70,0,57,0,0,66,39,0,61,0,0,0,0,0,43,0,0,0
0,74,0,0,0,0,0,0,0,0,0,98,60,0,0,91,70,0,0,0,0,95,0,64,0,0,37,0,0,0,0,0,0,0,0,70,0,0,0,0,0,0,0,0,83,0,63,0,0,0,89,80,0,79,53,0,0,83,0,0,0,0,0,0
57,0,62,0,0,0,0,0,82,0,0,0,0,0,75,66,0,0,52,88,0,0,0,70,0,40,77,112,0,0,77,77,0,0,0,0,0,0,0,0,0,78,0,0,0,0,0,0,27,56,0,0,61,57,0,0,84,52,0,49,0,0,0,49
0,0,0,0,33,0,0,0,0,0,78,0,0,0,0,98,0,0,0,0,0,83,0,0,0,106,47,0,0,0,0,0,0,0,51,0,64,37,0,0,0,0,0,0,0,0,0,0,55,63,0,0,86,0,0,0,0,0,0,91,79,64,0,0
61,0,0,61,0,0,0,0,0,74,0,0,0,51,0,0,0,0,91,0,68,0,86,0,0,0,0,0,0,0,0,58,0,0,45,75,0,0,0,63,0,51,49,0,0,0,0,0,0,0,0,0,0,0,76,48,0,70,0,75,0,0,0,0
0,0,0,0,0,50,0,0,81,55,74,0,0,0,0,0,0,0,85,0,0,60,38,69,63,0,0,44,103,0,0,0,0,97,0,0,0,0,77,0,0,63,0,0,0,0,0,0,0,72,0,0,78,0,26,0,0,58,0,0,0,93,0,0
0,45,0,0,0,0,0,24,0,78,77,0,100,0,0,0,86,80,0,47,0,79,0,83,0,54,0,98,93,0,0,0,0,67,0,0,0,58,0,0,45,0,0,89,0,0,0,0,59,0,0,74,0,0,0,0,0,0,0,0,107,0,0,41
53,0,57,79,0,0,0,0,30,0,0,70,0,0,0,84,114,0,0,0,79,21,0,0,87,86,0,0,0,0,0,0,0,99,0,0,0,54,0,0,0,45,0,0,0,0,49,62,0,0,0,0,0,61,51,0,0,79,81,0,45,0,61,45
0,0,0,0,0,0,0,0,92,0,0,0,0,38,0,0,0,0,0,0,0,0,0,0,46,81,0,0,0,50,68,70,0,100,62,0,61,0,0,94,0,48,0,0,0,0,0,0,0,0,0,80,0,54,0,0,0,69,0,0,0,0,0,48
54,79,92,0,0,0,100,41,0,0,0,0,0,0,37,0,33,48,100,0,95,60,0,0,0,0,61,0,0,63,24,0,63,0,0,0,0,60,57,0,0,67,22,0,0,45,0,55,0,0,0,0,0,57,0,66,0,97,0,64,0,0,0,0
59,51,0,67,0,0,72,48,0,0,90,0,0,0,0,0,0,0,0,0,0,0,0,0,66,100,79,0,0,0,0,0,49,0,0,0,0,0,0,25,0,0,0,45,0,106,0,41,0,0,0,0,52,0,47,75,59,67,0,0,0,79,0,46
0,49,0,51,83,0,54,0,0,0,81,0,0,0,65,65,0,89,0,0,0,0,0,0,0,0,56,67,0,0,0,47,0,0,0,55,0,0,52,51,0,40,0,0,0,9,0,0,0,0,81,0,75,0,0,0,0,69,80,0,0,70,0,0
86,84,77,0,0,70,0,0,0,89,0,0,0,0,0,45,0,0,73,0,39,0,0,0,0,52,56,79,0,0,0,109,75,0,48,56,47,0,0,0,76,67,0,0,0,0,60,56,0,0,61,49,0,88,0,0,0,0,0,0,0,0,0,0
0,0,111,0,60,57,79,0,0,0,0,0,0,73,0,0,87,91,0,0,18,0,0,72,103,0,87,83,0,0,0,0,72,86,0,81,0,24,0,0,0,117,0,40,0,0,0,64,63,0,53,81,0,0,0,0,37,0,0,0,0,62,77,0
69,0,75,0,0,0,0,67,0,0,58,0,47,0,0,76,0,0,0,0,0,1,0,76,0,0,0,0,0,0,0,54,0,0,0,92,0,0,0,0,0,62,71,0,0,50,0,72,0,0,92,0,0,65,0,0,104,11,0,0,32,45,0,0
89,20,82,0,0,46,0,0,86,87,0,75,107,0,0,0,0,0,0,0,0,57,0,0,0,0,0,0,0,0,0,0,71,0,0,80,0,105,0,0,0,0,0,78,0,0,91,50,0,0,43,0,64,0,0,0,0,89,0,0,0,0,0,55

65,0,0,52,0,76,0,0,0,0,51,0,0,0,67,0,34,0,0,0,0,0,64,45,0,0,0,0,110,0,0,64,0,0,81,0,0,63,0,0,0,0,0,0,0,44,0,0,0,0,0,0,0,62,34,63,73,78,77,0,0,0,0,15
0,0,0,78,63,45,0,0,0,84,94,0,0,0,0,0,0,66,0,0,0,0,72,48,57,0,0,53,0,38,0,0,0,0,0,0,0,0,0,0,0,0,47,60,0,40,0,69,0,65,97,72,81,76,78,48,0,77,0,0,46,93,0,24
0,0,0,53,0,0,0,36,0,68,108,0,0,90,0,81,77,68,0,0,0,0,0,77,0,0,0,0,0,0,0,0,0,0,0,0,0,0,0,0,0,25,0,0,59,0,0,0,0,33,76,0,0,0,0,0,81,0,0,0,0,0,37,0
0,0,77,52,67,0,0,0,49,0,0,0,0,0,0,79,0,0,0,78,97,0,0,0,0,0,0,0,0,0,36,0,0,0,0,7,0,64,0,0,0,0,0,77,60,0,0,82,0,83,0,69,0,0,0,0,74,0,87,89,0,0,70,0
0,45,0,90,0,0,0,0,0,0,0,0,0,0,86,0,21,88,0,0,0,0,0,0,0,35,35,0,0,0,0,47,0,80,0,55,0,0,88,0,34,0,0,0,0,0,0,0,0,0,0,0,80,0,82,0,0,0,0,0,0,33,0,0
0,0,0,0,0,0,0,0,116,0,82,77,49,66,66,0,30,62,60,0,0,0,45,0,78,81,53,0,0,0,0,102,62,0,65,17,0,0,0,50,0,0,0,0,0,0,0,79,0,0,0,0,79,0,0,0,0,0,0,0,0,0,0,0
0,0,0,84,74,58,0,0,0,0,0,0,0,0,0,0,38,0,0,0,0,0,0,68,0,0,61,89,0,53,0,0,0,0,0,78,0,0,0,83,0,0,54,0,0,0,0,0,93,107,96,0,0,0,0,0,0,67,0,0,0,39,0,0
0,0,0,0,0,49,0,0,0,0,40,0,0,0,0,0,0,0,0,0,0,0,0,0,0,0,0,0,0,74,0,0,0,0,0,0,0,0,90,85,0,64,0,0,0,0,0,0,0,56,50,0,71,68,23,83,0,0,91,0,53,0,0,0
75,39,0,84,0,0,0,0,0,83,53,0,71,62,0,0,0,0,21,0,0,68,0,0,0,0,0,0,45,0,0,0,0,0,0,0,0,0,0,90,66,0,0,93,66,0,0,0,0,0,0,38,0,44,58,0,0,0,107,0,0,0,39,0
42,0,0,0,0,84,0,0,0,0,0,0,0,0,49,0,0,27,0,81,0,0,0,0,0,0,66,0,0,55,0,0,0,0,0,54,0,39,78,0,0,0,0,0,0,22,0,94,0,65,81,0,0,0,49,0,0,0,88,0,0,44,0,0
0,0,0,0,47,0,0,0,54,0,0,0,0,0,0,0,48,56,91,0,0,0,0,0,0,65,0,0,0,0,0,0,90,0,0,51,0,84,0,0,0,0,0,68,0,58,0,0,0,0,0,0,0,0,0,0,26,74,65,0,63,63,53,49
0,0,0,60,0,0,0,81,0,50,0,0,69,0,0,0,84,0,0,0,70,52,0,82,57,54,39,88,0,71,0,25,0,58,0,0,0,40,0,0,0,0,0,0,0,0,99,42,0,0,0,0,0,0,0,0,0,27,108,0,0,0,0,0
30,11,0,0,0,0,0,74,75,0,0,95,0,0,0,0,0,0,0,53,57,92,0,0,0,0,0,0,0,0,72,0,0,42,0,59,0,0,0,31,0,0,0,0,0,0,0,0,0,0,0,0,0,0,32,67,50,0,0,50,0,0,0,0
0,85,87,0,0,85,0,0,0,0,28,0,52,0,57,0,50,0,0,78,0,0,0,98,67,0,41,51,0,0,0,0,0,0,56,0,98,64,0,0,0,61,0,0,0,0,65,0,0,63,72,0,0,0,0,0,58,79,0,0,0,91,0,54
0,0,0,0,0,0,0,0,0,0,0,74,0,0,53,52,0,67,0,0,66,0,55,0,82,0,22,0,66,0,0,0,0,68,0,51,0,0,0,0,0,0,0,0,0,81,0,48,52,0,0,0,0,0,0,0,0,0,0,0,0,61,0,0
0,0,0,0,0,0,0,92,0,0,0,0,0,0,0,0,0,88,92,0,54,0,0,0,0,0,81,0,0,0,61,0,0,0,0,47,63,0,52,55,0,0,76,0,57,0,0,0,0,86,0,38,0,0,0,0,82,0,0,0,93,0,0,0

0,68,0,0,0,0,0,0,0,0,0,0,0,47,55,0,0,0,0,0,0,75,75,68,0,64,0,0,90,0,0,52,0,0,0,0,0,60,0,0,0,0,0,0,0,39,0,45,30,0,0,0,0,48,0,63,0,0,0,0,83,0,69,0
0,0,74,0,57,84,0,54,0,0,4,0,0,60,0,0,47,49,73,0,0,0,0,0,0,0,0,21,0,0,0,0,0,0,0,0,75,0,0,0,27,0,0,110,0,0,91,0,53,0,0,0,65,0,73,0,78,0,0,0,0,0,0,75
68,87,0,0,66,0,26,63,0,0,0,0,0,0,0,0,0,0,0,59,0,0,0,0,0,0,0,66,0,0,0,0,0,0,0,0,80,0,0,0,49,0,0,53,0,0,0,0,0,62,0,0,61,74,0,45,63,0,0,78,0,0,0,34
0,0,0,0,0,0,93,35,55,0,0,71,0,78,106,0,55,0,0,0,0,0,0,0,0,0,49,0,64,82,0,0,25,0,0,52,0,0,63,0,0,73,65,0,0,0,0,71,0,64,66,0,81,0,0,0,0,0,0,85,0,0,0,76
0,65,0,0,0,0,79,0,0,0,0,0,0,0,59,0,70,48,0,0,53,87,0,0,80,0,49,0,0,0,0,0,0,0,0,0,0,88,0,0,91,0,0,0,0,0,0,0,97,0,89,83,34,72,0,0,0,0,0,0,0,0,0,0
0,0,0,40,59,0,0,0,0,0,0,95,0,67,0,101,0,0,61,0,65,37,0,0,0,42,53,0,82,79,0,0,53,0,0,0,0,0,0,103,0,0,0,0,0,71,0,0,0,0,0,57,0,75,89,30,0,65,0,0,0,0,0,55
21,0,88,0,0,30,0,0,0,0,0,0,53,68,0,0,0,0,40,0,0,0,74,92,0,56,0,0,0,0,0,0,0,0,0,0,0,0,0,0,0,65,0,0,0,0,0,60,0,0,37,0,44,93,74,0,95,0,0,0,39,0,59,90
0,0,81,84,0,0,0,72,0,92,0,0,0,0,0,37,120,0,0,0,0,0,0,0,65,0,96,0,0,63,0,0,75,0,69,81,58,53,0,0,59,0,0,0,0,0,94,0,0,0,0,100,0,0,0,0,0,51,64,72,0,0,0,0
0,0,0,102,41,0,47,45,83,0,73,0,0,0,0,0,88,0,0,0,0,0,56,89,0,48,0,0,0,0,83,0,0,81,0,0,55,79,0,0,87,31,25,0,0,0,0,27,0,66,0,0,0,0,34,0,0,0,0,0,51,0,0,0
0,0,68,0,0,0,71,0,0,55,0,0,0,79,0,0,0,0,74,64,0,0,76,35,94,73,56,0,81,0,0,0,0,60,70,0,0,0,0,0,0,0,0,0,0,0,0,0,49,59,0,0,0,0,0,0,0,0,55,0,0,0,0,0
0,0,0,0,0,0,103,0,84,73,0,0,0,0,0,69,0,0,30,38,0,0,0,0,0,0,58,0,28,53,0,0,0,65,0,0,0,76,0,0,70,0,0,0,0,0,0,0,92,96,0,0,0,0,53,0,105,83,0,0,84,0,56,0
0,0,0,0,0,0,0,0,0,88,0,0,85,0,0,0,45,44,0,0,101,0,68,68,0,0,0,0,0,82,0,0,75,0,0,66,0,0,0,97,0,80,0,0,0,0,0,0,0,72,0,0,0,0,0,0,0,0,0,59,0,0,0,21
73,44,0,31,0,96,112,0,0,65,0,0,0,102,61,71,0,0,0,57,0,0,0,74,0,0,0,0,0,79,0,0,0,0,0,0,0,22,0,0,52,86,74,39,0,88,53,0,0,0,0,0,0,61,74,0,0,0,69,0,0,0,0,0
67,0,0,100,0,0,0,0,0,73,0,28,125,0,64,0,0,0,0,38,0,0,0,67,0,0,52,69,0,0,0,0,0,116,0,74,0,0,0,82,0,43,0,74,0,33,0,0,0,0,0,0,0,0,49,0,0,0,0,0,0,78,0,0
0,76,0,111,0,0,0,0,0,0,0,0,0,50,0,14,89,104,63,0,0,0,84,0,63,0,0,0,0,0,0,73,0,0,0,0,0,0,0,0,95,0,74,0,0,51,0,0,0,0,0,50,86,0,42,0,85,81,0,0,0,0,71,0
0,0,0,74,0,56,0,0,79,35,39,41,0,72,0,0,0,0,0,0,0,0,0,0,0,0,0,0,0,0,0,86,0,0,71,0,0,0,0,81,0,0,0,0,0,0,0,0,76,0,0,0,0,0,0,0,25,0,0,0,0,0,0,0

0,0,0,58,0,0,0,75,0,0,0,0,62,0,45,0,0,0,41,0,0,0,0,0,0,46,80,67,0,38,0,0,70,53,66,0,85,0,0,82,0,58,0,78,0,0,44,0,24,0,0,0,0,0,0,0,90,0,0,61,41,83,0,0
55,0,0,97,0,0,0,78,0,0,0,0,0,65,0,0,0,46,0,0,0,0,0,0,0,0,0,0,0,0,0,0,0,0,0,0,0,0,0,63,0,0,0,73,0,0,90,61,59,0,0,0,0,0,33,0,0,0,30,57,81,0,0,0
0,0,0,0,0,48,0,0,49,0,47,57,0,0,0,0,0,0,53,0,0,0,88,82,0,69,57,0,0,49,60,52,0,0,38,0,0,0,0,0,0,71,0,0,0,0,0,0,0,0,0,45,67,0,0,0,47,62,90,0,0,0,56,53
0,0,51,0,0,57,76,0,0,0,73,0,44,0,0,0,76,0,0,0,0,0,91,0,0,60,69,0,60,0,0,83,0,0,0,92,0,0,0,0,56,0,0,0,53,0,0,0,20,61,0,0,12,0,0,33,50,0,76,0,0,0,0,0
0,0,0,0,0,0,0,0,45,63,0,0,65,38,65,51,0,0,0,0,70,77,0,0,91,51,84,0,0,0,55,56,0,32,0,0,69,0,0,0,0,0,0,81,0,0,0,74,0,0,0,0,0,0,0,65,69,0,0,0,44,0,53,43
70,0,0,0,0,0,0,55,0,0,0,0,0,62,0,0,0,0,0,50,0,0,0,0,0,68,0,0,61,45,86,0,0,68,68,0,0,0,0,0,0,0,0,52,84,52,36,0,0,0,30,0,0,94,0,0,0,0,0,0,0,0,42,107
0,90,0,0,0,77,0,0,0,0,0,67,59,0,56,0,0,0,0,0,49,0,0,0,52,77,0,72,0,0,0,0,0,0,0,0,0,0,0,64,0,0,0,0,0,0,0,0,0,0,0,81,62,0,0,38,57,0,0,0,0,0,77,86
0,38,0,0,0,0,0,0,0,0,0,0,0,53,0,0,0,50,0,55,73,0,0,45,0,40,0,0,0,0,0,0,0,79,0,47,0,77,0,0,0,93,0,0,0,0,0,0,25,0,0,0,0,0,77,0,0,73,0,0,0,54,0,0
41,0,0,0,57,52,0,52,62,91,0,60,0,66,43,58,96,57,76,0,0,0,0,0,0,0,61,74,39,0,0,0,0,36,0,0,87,0,83,78,77,44,0,74,0,62,0,0,0,0,0,0,0,52,0,67,71,66,0,77,0,0,0,0
0,70,0,0,98,0,60,75,0,0,0,0,0,0,0,35,0,51,0,0,0,0,67,0,58,60,0,70,0,127,0,59,0,0,0,59,97,0,0,95,64,50,0,0,72,74,71,0,0,0,0,0,0,49,0,57,0,48,110,90,0,82,0,0
67,53,0,0,47,0,0,0,75,73,0,0,0,34,0,52,0,104,0,0,0,0,0,0,0,0,0,50,0,0,0,0,61,0,0,0,0,73,53,0,0,0,0,0,48,0,76,0,0,71,68,0,0,0,0,77,52,0,0,0,0,0,69,69
0,84,0,0,0,0,52,109,0,0,0,72,63,0,121,0,0,0,0,0,87,0,51,0,59,0,61,0,0,0,75,0,0,0,0,0,0,0,22,70,0,0,84,0,0,0,0,0,0,0,0,87,38,62,0,73,0,0,0,83,0,0,0,0
0,61,0,100,0,0,0,0,0,65,77,0,0,89,0,97,0,0,0,34,0,18,0,0,0,59,0,0,64,0,0,0,74,69,0,51,76,0,83,0,0,0,0,0,0,0,32,0,73,26,90,51,0,80,0,69,126,82,0,0,0,0,0,0
0,51,0,0,0,0,0,0,0,0,79,0,0,58,73,93,0,0,92,0,87,0,0,0,0,0,0,0,0,0,0,56,0,0,0,0,0,0,49,34,0,84,0,0,0,0,0,0,0,0,0,99,0,79,0,0,71,71,66,0,89,79,0,92
0,0,0,0,0,0,0,0,0,76,73,68,0,0,0,0,0,23,0,60,0,0,0,85,0,0,0,0,0,58,42,0,35,29,0,0,0,0,57,0,0,52,54,0,0,89,0,43,47,0,0,0,0,68,0,0,0,82,26,59,0,0,0,51
63,0,0,64,0,0,0,0,0,89,0,43,89,78,21,0,0,0,0,0,0,0,0,0,56,52,82,0,0,0,0,50,0,0,0,41,0,83,0,0,0,0,0,59,37,0,0,0,0,48,0,0,0,0,0,0,84,0,0,0,68,0,68,0

0,54,0,0,75,82,0,0,0,0,0,0,46,0,0,0,0,0,76,0,0,0,56,45,36,0,0,0,41,70,89,59,0,55,59,0,0,87,0,0,41,95,69,15,0,90,42,0,0,0,86,0,0,22,0,54,0,0,0,0,59,0,86,65
0,42,0,0,71,0,0,82,70,0,0,0,0,0,71,0,70,0,64,0,0,0,0,0,0,0,0,0,0,0,76,0,0,0,51,65,90,0,0,0,0,51,0,0,0,57,0,0,0,0,0,0,0,0,0,0,0,0,0,0,0,52,0,0
0,0,0,0,0,0,0,0,50,0,45,0,0,0,0,0,0,0,35,0,0,0,88,0,107,0,0,0,0,0,77,0,0,0,0,0,0,0,0,80,0,0,0,0,15,50,0,0,0,0,0,68,0,0,0,0,0,0,0,0,0,0,36,0
66,0,0,0,0,0,0,0,0,0,0,0,0,0,0,0,0,0,95,0,0,24,0,54,0,81,0,0,70,0,0,0,0,0,0,0,0,0,84,46,59,0,0,0,0,0,0,0,78,57,0,0,0,0,68,40,57,0,38,96,63,0,77,56
0,21,0,68,0,69,0,53,89,0,0,0,0,85,0,0,0,0,0,63,0,0,0,0,61,0,0,0,52,0,55,0,0,68,67,0,0,53,79,64,0,0,0,22,0,85,0,0,0,70,0,56,0,102,80,0,21,77,0,70,0,0,75,0
0,0,67,0,65,88,61,29,45,47,63,0,0,77,0,0,102,0,57,0,64,0,0,0,0,0,0,0,61,0,0,37,63,0,0,0,92,99,0,0,0,0,0,0,0,39,0,74,0,0,0,62,67,0,0,0,0,0,0,0,0,0,71,53
55,0,45,0,0,0,0,51,62,125,90,0,0,0,0,63,55,100,74,0,48,0,59,86,0,41,0,61,0,81,0,0,0,0,0,0,63,0,0,0,0,0,0,0,0,0,74,0,0,0,49,0,73,60,57,90,61,0,0,0,0,0,0,100
0,0,48,96,0,58,0,0,0,0,78,0,56,0,0,0,0,55,0,0,0,0,0,0,0,0,92,0,0,0,0,0,0,77,0,0,61,0,0,0,45,0,78,0,0,25,58,0,0,0,0,0,84,0,0,0,67,0,0,0,0,0,0,0
0,0,64,0,0,0,0,84,0,54,47,84,50,0,0,53,0,0,0,0,0,51,73,0,71,0,70,0,0,49,68,58,0,0,0,0,0,80,90,0,0,127,0,0,0,0,0,54,54,0,61,0,0,75,69,0,0,0,0,0,94,81,0,32
0,47,81,0,0,57,0,0,0,0,0,0,0,0,0,0,59,0,0,0,0,0,55,0,0,0,20,0,0,0,0,0,69,0,0,0,0,26,0,0,0,0,0,0,0,0,0,94,37,0,56,0,0,0,77,0,0,0,0,0,43,42,0,47
0,0,0,0,32,0,0,0,24,53,72,25,0,0,0,0,55,69,0,0,0,0,0,0,84,40,0,0,0,94,0,0,0,55,0,0,0,52,90,70,29,0,53,0,0,0,49,0,0,50,0,0,43,31,0,0,0,0,0,0,90,92,0,0
0,0,0,59,0,0,0,0,0,0,0,0,0,0,72,78,0,86,67,0,0,0,0,52,0,104,0,0,0,66,80,0,53,0,0,0,0,71,90,0,0,0,0,0,0,0,0,0,0,0,48,0,0,56,0,0,0,0,46,0,78,0,0,57
0,0,0,0,0,0,0,34,0,0,0,0,0,0,0,0,0,0,0,0,0,0,84,0,0,0,0,0,0,58,0,0,0,60,0,0,79,76,0,0,46,0,0,0,0,68,81,0,0,0,62,0,0,0,0,0,40,0,0,0,0,0,72,0
0,0,0,54,0,0,0,0,0,66,0,0,92,0,0,80,0,32,79,0,0,58,0,0,63,0,0,47,0,0,0,0,0,72,0,0,0,0,0,0,88,0,0,0,0,36,65,0,0,110,0,0,0,95,0,0,73,0,0,0,0,61,0,58
81,0,0,58,0,106,115,82,0,0,76,0,0,0,82,0,0,0,68,103,71,0,0,0,0,111,22,0,53,80,0,74,0,0,0,0,99,80,0,0,38,0,67,62,0,0,61,74,99,0,0,0,0,0,74,0,72,0,0,0,0,85,0,0
84,0,0,0,81,27,0,0,44,0,46,0,0,73,73,0,0,0,0,0,49,0,0,0,49,0,65,83,0,0,51,0,0,0,0,82,0,25,0,0,76,0,35,0,94,0,0,0,0,0,0,0,69,51,0,0,58,0,0,0,0,0,43,0

87,0,0,0,0,0,0,0,0,0,60,0,0,74,65,69,0,0,0,44,0,0,0,0,85,0,54,74,0,0,0,0,0,0,89,67,30,0,0,42,0,0,0,0,0,0,0,0,0,71,31,0,0,106,0,0,0,0,0,0,0,0,0,0
69,0,0,17,0,0,0,79,0,0,0,0,0,0,84,0,0,0,0,0,0,0,0,33,0,72,0,74,0,0,85,0,0,0,0,0,49,9,0,0,0,0,0,0,40,0,0,0,0,0,0,0,88,0,0,0,89,0,0,56,100,0,0,0
0,0,82,0,0,0,0,58,0,77,86,0,49,95,0,49,0,66,0,0,78,0,56,98,0,72,0,54,0,0,0,58,0,0,0,0,34,0,74,0,0,71,0,82,0,0,90,0,0,0,0,23,0,0,0,88,0,0,41,0,0,0,0,96
0,40,0,66,0,0,0,53,50,0,71,0,0,70,0,64,54,0,0,0,0,98,0,0,108,0,48,0,0,0,0,58,75,0,46,68,0,0,0,56,0,0,0,0,53,38,0,0,49,0,0,0,0,0,0,0,90,0,65,0,0,62,0,0
0,0,0,0,0,58,0,80,64,0,0,62,72,0,0,31,0,0,0,51,15,0,0,0,0,103,0,0,0,0,0,48,0,0,0,0,0,0,0,75,0,72,0,0,0,0,0,0,0,59,0,0,38,0,0,55,0,0,0,84,0,0,68,0
0,0,69,0,0,26,0,0,0,0,0,51,0,0,0,76,83,0,0,0,55,0,0,48,0,0,0,106,58,0,86,0,0,0,0,0,0,0,0,0,0,90,0,0,0,0,0,0,0,0,0,0,0,49,0,0,0,0,0,0,47,0,0,0
88,64,0,0,54,0,47,0,0,0,0,0,0,38,0,0,0,96,0,0,76,0,0,0,0,97,61,0,0,0,112,0,0,83,115,0,48,0,0,84,34,0,80,38,56,0,41,0,0,0,76,0,0,47,0,0,0,31,94,0,0,67,127,0
0,0,0,0,0,71,31,53,52,0,86,0,0,0,54,0,0,50,0,0,0,0,0,0,74,87,68,0,0,0,56,80,0,74,0,0,0,55,0,0,0,0,79,0,0,0,0,0,0,54,0,0,79,0,81,0,0,0,0,52,0,0,46,0
0,0,0,0,0,0,46,0,0,0,0,0,0,71,0,0,0,0,0,0,0,0,0,44,0,60,0,0,0,0,0,0,0,0,69,85,0,0,46,0,81,0,0,0,0,65,68,0,0,0,70,0,0,0,0,0,0,0,0,41,0,0,0,60
79,66,0,0,0,0,59,41,0,69,0,0,0,99,0,42,0,0,75,0,45,0,0,41,0,30,0,0,0,0,0,0,0,0,0,0,0,0,0,82,0,46,88,0,0,0,0,0,80,0,56,40,57,0,0,0,0,65,0,0,87,0,0,0
0,0,45,0,0,0,0,0,0,0,51,0,0,0,0,30,0,43,0,0,0,51,0,104,69,0,86,0,51,57,0,0,54,0,55,0,80,0,0,54,0,0,0,104,0,50,0,0,0,0,29,0,0,0,0,0,62,55,68,0,0,0,39,0
58,0,0,72,0,0,0,0,0,71,0,0,0,0,79,0,0,0,0,0,0,37,68,0,0,0,0,0,0,0,0,0,0,0,0,0,0,0,0,65,0,0,0,0,73,0,0,63,0,0,0,0,0,0,0,0,0,0,0,63,0,42,46,64
0,0,0,0,46,0,69,0,0,90,58,0,80,44,58,0,0,0,0,0,0,0,85,0,0,0,0,39,0,64,0,0,0,0,60,0,0,24,89,0,59,42,0,0,60,81,0,0,0,46,61,0,0,0,0,0,60,0,0,49,0,18,0,0
40,77,54,0,0,0,77,0,0,0,29,0,0,0,0,0,0,0,0,92,84,0,44,0,77,0,0,0,78,64,0,54,63,82,0,0,59,0,0,0,0,0,0,0,47,0,29,0,0,50,0,78,82,0,0,56,0,0,0,0,64,81,0,0
0,55,71,74,0,0,52,0,0,62,0,0,0,0,0,0,0,0,0,0,84,0,17,0,0,0,0,0,0,0,0,0,74,0,0,35,0,61,32,82,0,60,0,0,0,73,0,0,0,0,0,98,0,0,0,0,0,0,0,56,0,85,0,0
0,0,65,0,0,0,72,42,0,70,0,0,75,0,0,0,0,0,0,0,0,81,0,0,0,0,0,52,0,0,0,62,0,0,0,0,0,83,38,46,55,46,0,0,0,0,89,78,0,0,0,0,0,15,0,62,0,0,0,0,0,0,0,0

66,0,0,0,36,0,0,0,80,58,87,0,0,86,0,0,89,0,47,0,44,0,31,0,40,0,68,0,0,81,0,86,0,0,0,65,0,46,0,0,0,0,0,77,0,0,0,113,0,0,0,43,0,0,0,54,0,0,64,0,0,0,70,0
0,0,35,0,0,0,67,0,0,0,0,0,0,56,0,43,63,46,98,0,63,0,0,67,0,0,0,0,0,0,0,76,0,0,71,0,0,52,0,0,70,0,0,74,0,84,0,0,0,103,0,74,0,65,55,67,0,0,0,0,0,0,69,0
57,50,0,0,0,0,0,92,86,0,0,0,0,0,0,0,0,0,0,0,0,0,44,52,0,0,77,0,0,74,73,83,65,65,0,74,38,0,69,0,0,0,0,111,56,0,0,43,105,0,85,49,67,0,0,0,0,0,0,27,83,0,0,57
0,0,0,61,0,0,70,0,0,0,0,0,0,0,0,66,42,0,0,0,0,0,0,0,0,68,0,0,39,52,0,0,36,0,0,0,0,0,0,67,0,0,0,25,0,74,0,104,0,83,0,0,0,0,0,0,73,57,0,0,0,0,86,0
0,0,0,55,49,66,0,0,0,0,0,75,65,0,0,0,0,0,0,76,0,0,106,0,0,0,49,0,55,57,49,0,0,0,0,0,0,0,79,0,0,62,0,0,0,0,61,0,0,0,50,0,0,71,55,82,0,0,0,36,0,0,0,0
0,58,0,0,0,0,0,56,0,53,0,0,0,56,72,0,0,0,68,0,90,0,0,0,0,0,0,41,0,0,82,55,0,66,0,0,0,0,0,0,36,68,0,76,36,0,0,0,0,59,59,0,88,0,0,0,0,0,0,0,0,0,63,0
0,0,80,26,0,52,46,0,105,70,0,0,0,0,49,0,42,0,0,0,0,0,31,0,67,0,0,79,0,0,0,0,79,40,0,0,0,93,46,0,0,72,0,32,0,0,0,0,0,0,78,0,53,0,76,0,0,0,65,0,0,37,47,93
0,0,0,0,0,94,91,87,0,0,0,0,0,0,69,0,59,0,0,0,0,0,0,0,0,0,0,0,0,0,0,0,61,0,0,55,0,0,82,0,0,0,0,60,0,0,0,0,0,54,0,0,0,0,0,0,0,40,0,0,0,0,0,0
0,0,83,0,0,0,0,0,98,0,0,0,0,61,0,90,0,0,0,0,20,0,56,77,0,0,0,0,0,0,0,0,0,52,0,0,0,0,0,0,39,0,38,59,0,87,0,0,0,0,0,0,73,0,0,0,0,75,0,0,0,0,0,76
72,0,0,0,46,0,0,85,0,0,0,60,0,73,0,0,52,0,0,0,0,0,74,0,0,0,78,77,0,0,0,0,53,0,0,0,76,78,0,72,0,88,0,0,0,0,0,0,0,0,0,0,0,53,56,46,0,0,0,0,0,0,66,0
0,0,0,0,0,0,0,86,0,0,0,0,0,0,86,0,0,58,27,58,0,0,0,0,60,82,0,0,0,0,0,0,77,0,0,0,42,41,0,58,70,0,0,0,0,0,0,0,0,0,55,0,0,93,0,0,71,0,0,0,0,65,75,0
79,0,38,68,0,0,0,0,42,0,0,52,0,0,81,111,0,0,0,85,0,91,0,0,81,0,0,50,0,0,0,105,0,0,74,0,75,65,64,0,0,0,91,65,68,0,43,0,0,0,0,0,0,0,0,66,0,0,0,0,0,0,57,0
0,50,0,55,81,0,57,97,63,0,0,0,0,0,0,0,64,0,0,0,0,0,39,55,44,65,0,0,0,0,0,57,100,59,0,0,34,0,0,0,78,73,94,0,80,0,0,71,0,0,0,15,0,0,66,0,0,0,62,0,0,60,0,0
0,0,0,0,0,0,0,82,0,65,0,46,0,0,44,0,0,0,0,45,0,19,0,0,0,0,0,60,0,0,0,0,0,0,0,60,0,0,35,0,0,0,72,0,44,0,59,0,34,8,0,66,0,0,0,71,0,0,0,81,51,0,0,0
82,0,0,0,0,0,0,0,0,0,58,69,0,57,71,0,0,71,0,0,0,98,0,42,68,0,0,0,0,0,72,0,0,76,70,42,0,0,0,0,0,0,65,48,0,0,0,0,0,76,0,0,0,0,0,0,0,0,84,84,0,82,0,78
0,0,0,0,73,31,0,35,0,0,0,0,0,102,0,0,0,49,0,0,0,74,0,0,0,0,59,36,0,0,0,0,48,0,0,80,0,0,0,0,0,52,0,50,73,53,0,0,0,0,0,0,0,63,0,0,0,0,0,74,0,0,0,0

0,0,0,51,50,0,0,0,70,0,0,0,52,49,0,0,0,0,0,0,94,0,0,0,0,74,62,76,0,64,0,0,0,0,0,0,0,0,0,32,78,69,109,0,49,89,85,0,64,0,0,0,0,0,9,0,0,87,0,0,77,0,88,0
35,65,0,0,0,0,0,63,84,0,0,35,0,0,0,69,0,0,56,0,52,67,0,0,0,69,59,32,69,77,0,0,0,0,71,0,0,0,68,73,0,0,0,0,0,106,0,0,104,0,0,75,0,0,0,0,0,56,54,0,83,0,27,0
46,38,0,0,0,70,18,49,0,0,0,0,0,0,88,64,0,36,0,62,103,52,52,40,76,0,0,82,0,0,0,0,51,0,0,70,0,0,0,36,74,0,0,0,0,0,64,53,68,0,0,0,0,73,0,0,0,0,0,0,0,0,0,82
0,0,81,45,75,92,51,0,0,37,0,0,75,0,0,0,0,0,0,74,0,34,0,0,0,0,68,0,50,106,0,0,0,0,67,0,38,91,107,53,0,0,32,0,0,67,0,58,0,0,0,78,0,0,0,0,0,0,0,0,0,0,0,0
0,0,54,82,0,0,56,54,67,0,89,0,0,0,0,0,0,0,0,0,0,0,0,0,0,0,0,0,0,0,0,0,70,0,0,0,0,0,73,67,0,0,56,0,69,0,0,0,0,0,0,0,0,0,86,0,0,0,0,69,47,0,0,0
0,0,0,0,84,71,0,0,0,0,0,66,0,0,0,0,0,0,0,80,0,110,0,0,0,60,0,0,0,0,0,0,26,0,0,0,0,0,0,0,0,45,0,70,0,0,0,76,0,0,73,56,0,0,0,47,0,0,0,0,0,0,0,0
0,0,0,0,73,77,0,81,0,0,75,67,0,0,0,66,0,67,56,0,0,76,0,63,0,61,0,0,77,0,0,51,61,83,64,0,0,0,55,78,0,0,80,56,91,60,0,59,0,93,53,70,0,62,0,0,0,0,0,0,0,34,0,0
0,0,0,0,51,71,0,0,0,0,0,0,0,0,0,63,0,66,0,0,0,0,0,0,0,0,61,0,0,0,0,82,0,0,69,0,71,0,0,0,49,0,0,0,69,0,58,0,57,0,0,0,0,0,0,0,0,101,80,68,69,59,0,0
0,0,0,0,0,0,0,84,0,0,0,0,0,0,0,0,0,62,47,0,0,0,0,0,0,81,0,44,0,0,0,47,0,71,0,0,80,63,0,65,0,38,51,0,89,0,41,32,79,80,0,0,0,0,0,0,41,62,62,0,86,0,49,44
51,0,0,0,0,67,51,0,0,59,82,71,0,0,27,0,0,0,0,81,0,0,0,0,0,40,57,0,0,44,0,0,73,0,61,53,104,65,0,0,0,0,0,0,0,85,59,0,0,0,0,0,106,0,0,0,0,0,103,69,0,80,78,0
66,4,66,0,115,86,42,0,0,63,0,54,0,0,0,0,0,0,0,0,0,51,0,0,0,0,0,0,0,79,49,55,0,0,0,0,0,0,58,0,33,0,0,0,0,0,0,75,46,50,83,0,59,0,71,70,64,0,0,0,84,0,0,54
0,0,0,0,0,0,0,0,0,0,0,75,0,0,0,0,26,0,0,0,0,0,0,0,0,54,0,0,0,0,65,0,0,0,23,97,0,50,73,0,0,0,0,0,0,83,0,0,0,0,0,0,0,33,0,0,67,0,0,73,0,66,0,0
100,29,0,0,0,0,0,0,0,85,0,66,0,70,44,0,0,0,59,81,0,0,0,61,82,63,0,0,0,0,84,84,50,0,0,49,0,56,0,0,0,0,0,64,0,0,0,0,0,0,0,0,0,0,0,0,0,0,0,73,60,80,0,0
0,14,81,0,0,44,0,0,0,0,0,31,0,0,91,0,0,0,0,0,0,0,0,0,0,0,0,17,0,0,0,48,0,0,0,0,61,0,73,0,0,0,0,0,0,0,0,0,0,0,0,0,0,72,0,0,0,0,0,0,0,92,47,0
0,0,0,0,0,66,73,0,0,0,36,0,0,0,0,30,0,0,37,0,0,0,0,0,0,0,0,0,0,0,0,0,70,0,0,0,0,0,76,0,0,68,71,0,65,0,77,0,62,71,0,46,23,0,125,0,0,0,0,0,0,0,0,0
105,0,0,0,0,0,80,0,0,85,0,0,81,0,0,64,0,99,0,51,79,0,38,0,28,0,73,41,0,0,50,69,0,0,32,0,0,74,64,0,61,0,0,0,0,0,0,0,45,0,75,0,61,117,60,0,43,0,0,0,86,0,0,0

0,64,0,0,0,0,0,28,44,48,83,0,0,70,0,0,0,0,0,0,0,101,0,0,0,0,0,0,0,0,0,53,0,64,88,0,0,79,0,0,79,64,0,0,34,0,0,0,58,0,0,0,56,0,69,0,0,0,67,0,0,0,0,0
52,0,93,0,70,81,89,0,0,0,0,0,0,0,76,0,73,0,0,0,67,0,127,0,0,0,30,0,0,76,0,55,0,0,42,60,0,0,0,51,0,0,0,83,55,0,0,0,0,56,59,0,76,0,0,69,62,0,0,0,60,0,0,0
0,0,0,0,0,0,0,0,0,0,0,0,55,91,82,0,70,0,67,0,58,35,0,0,0,0,0,42,90,0,78,0,55,0,53,0,74,15,0,0,50,74,0,15,0,51,0,0,0,0,0,0,0,0,0,70,0,0,52,0,0,0,0,51
0,58,0,0,126,0,0,42,0,0,0,71,83,0,82,0,59,0,0,0,70,82,0,57,0,0,0,0,0,0,0,0,28,64,56,45,0,47,0,0,0,23,0,0,0,0,0,46,0,0,0,94,0,0,72,0,0,0,0,0,68,0,0,0
0,50,69,0,0,56,0,0,0,0,0,0,0,0,0,0,0,85,0,0,101,0,0,0,0,0,17,0,0,0,28,0,0,0,0,0,0,0,58,0,45,63,78,0,0,0,0,0,73,0,54,0,0,0,44,0,76,66,26,0,0,86,0,0
0,56,0,77,0,0,0,0,0,43,0,0,0,0,88,0,0,0,87,0,90,0,0,0,86,60,0,94,0,0,0,0,0,0,0,0,0,0,0,0,53,76,0,62,0,0,62,0,77,0,60,69,0,64,74,0,0,84,69,0,0,0,0,29
55,49,0,86,0,0,0,0,0,0,0,82,43,0,0,0,0,0,74,0,0,0,0,0,67,0,0,75,0,0,0,0,0,0,0,59,75,58,0,0,0,46,0,0,0,0,0,0,44,0,0,0,43,0,0,0,0,0,73,0,0,72,0,54
0,58,61,0,59,0,0,0,62,0,0,0,0,0,65,36,0,0,0,0,32,45,0,0,0,0,91,0,0,0,0,0,0,0,0,48,0,96,0,0,0,87,0,0,0,112,0,36,0,32,0,0,32,0,57,0,85,0,72,0,0,60,54,0
0,0,0,0,0,57,0,0,0,76,0,0,0,0,24,62,0,0,0,0,0,0,62,0,0,49,0,53,57,0,0,0,0,0,57,0,70,0,90,0,48,66,47,0,53,0,0,60,71,72,0,0,60,0,98,0,0,0,53,36,0,0,0,0
0,57,0,72,0,47,0,0,49,58,0,0,0,67,0,0,0,74,71,52,0,83,61,0,0,0,0,0,0,0,0,69,0,0,0,44,60,0,0,69,0,0,0,33,0,0,0,84,0,0,0,0,0,0,0,0,64,62,0,0,0,0,0,0
0,0,0,0,0,0,97,0,0,0,0,0,0,45,0,0,63,0,82,0,0,0,0,0,0,0,0,0,0,0,0,0,0,0,0,74,0,0,0,0,63,0,0,87,70,0,0,0,0,0,0,0,0,0,76,0,0,47,40,49,0,48,0,0
0,45,55,107,60,0,0,59,0,0,0,0,0,0,0,0,0,62,0,0,0,47,105,83,0,0,51,0,34,62,0,0,0,57,0,0,0,86,0,0,0,0,0,68,47,0,0,73,0,0,0,0,67,0,0,0,64,0,0,0,16,0,0,0
73,0,0,0,0,0,61,0,0,64,0,0,84,45,0,0,0,55,0,58,0,0,0,83,0,0,49,0,0,0,0,0,0,0,0,0,0,46,0,89,0,82,0,58,0,73,0,0,0,0,65,73,0,65,0,0,0,41,0,41,0,0,0,0
0,65,0,83,0,0,0,0,0,44,0,66,0,0,0,0,96,0,70,0,30,0,54,0,0,38,0,0,0,0,0,0,0,0,0,0,0,0,0,31,0,66,73,0,82,0,0,0,53,92,42,0,0,0,0,0,0,0,0,0,0,46,0,0
0,0,0,0,65,0,0,0,81,0,0,81,0,57,0,64,0,0,98,0,0,0,0,48,73,77,0,0,0,64,0,102,68,0,0,26,0,41,0,0,0,61,34,0,0,64,0,0,76,65,0,0,0,0,0,0,0,0,0,0,0,0,0,0
0,0,0,102,0,0,43,0,71,64,0,94,77,0,0,77,0,0,0,88,91,0,88,94,0,0,0,0,0,0,0,0,52,77,50,83,56,49,0,0,77,0,0,0,66,0,99,0,0,0,0,0,68,0,0,70,0,102,0,0,0,0,0,0

0,70,0,0,0,34,59,0,50,0,0,78,39,0,61,0,0,0,0,79,73,94,56,70,58,39,0,0,0,0,39,0,0,0,0,0,0,68,0,0,73,0,0,99,95,0,0,0,80,0,0,0,0,0,82,0,0,0,0,0,0,0,0,0
0,0,0,0,0,103,84,0,0,0,66,70,0,33,67,0,0,0,0,82,0,82,56,0,0,0,58,0,0,0,0,37,0,0,0,0,0,0,0,0,0,0,0,0,101,48,0,0,0,85,39,0,0,91,0,48,0,0,0,0,72,0,92,0
0,0,74,58,0,0,0,0,0,0,0,0,0,0,0,0,64,0,0,52,0,0,0,0,36,0,0,66,0,0,0,0,74,54,0,63,0,106,56,0,96,0,0,0,0,0,0,59,0,0,98,0,67,0,62,0,0,0,0,0,0,50,69,85
0,5,70,75,0,0,70,59,0,0,0,0,0,89,0,0,64,0,0,0,0,83,37,0,60,25,35,86,53,52,82,63,48,0,0,60,0,0,0,0,0,0,64,0,0,0,0,75,0,0,0,76,0,0,0,57,0,0,0,0,0,0,91,0
0,0,0,0,0,0,0,94,0,80,0,0,0,0,0,0,0,76,0,0,37,86,0,0,0,0,31,0,0,0,78,0,0,76,0,0,93,0,0,0,0,49,0,0,0,75,67,35,38,0,0,41,77,0,0,0,0,0,102,43,0,0,0,0
66,0,0,68,86,0,67,24,65,71,91,0,75,69,0,0,0,68,0,42,0,0,0,0,0,0,0,0,46,49,101,0,37,0,0,0,0,0,93,51,83,0,0,0,0,0,0,0,0,0,0,55,100,0,0,56,0,0,54,0,0,87,66,0
0,0,0,0,0,0,89,0,50,78,0,0,102,0,66,23,0,10,0,0,86,0,0,0,0,63,0,91,0,0,78,0,0,0,0,0,114,0,0,75,0,84,0,0,0,0,39,0,23,46,0,57,0,0,83,0,47,0,0,68,35,0,0,0
0,0,78,0,0,25,0,74,0,0,0,0,0,73,0,75,0,110,0,58,41,48,0,0,0,0,0,0,122,0,0,0,85,94,64,0,68,66,54,78,74,123,0,0,0,0,0,36,0,0,0,0,40,0,0,0,95,0,0,74,0,0,0,0
0,0,0,0,61,0,0,0,48,0,0,68,0,0,0,0,0,0,72,0,0,0,0,0,0,0,0,0,92,78,0,0,0,0,0,0,69,0,41,56,39,60,66,0,54,101,0,0,0,0,56,0,0,0,0,0,0,0,85,59,0,0,0,46
53,0,0,0,38,64,11,65,0,0,0,0,0,0,0,0,0,64,86,0,0,53,70,0,81,0,0,73,35,0,0,0,65,0,61,0,62,0,46,0,64,0,77,0,0,22,0,0,0,88,0,0,0,0,0,0,58,0,89,0,0,0,45,105
0,78,0,0,59,0,0,0,0,0,0,0,0,0,50,0,0,0,41,41,0,0,0,0,0,0,0,100,19,0,87,0,0,0,0,0,55,0,0,0,0,0,0,0,0,0,61,0,0,0,0,107,0,0,0,0,0,70,0,0,0,63,83,0
0,0,0,0,91,0,0,0,0,0,83,0,53,95,49,0,64,0,54,0,107,0,0,0,0,51,46,0,0,0,69,0,0,0,0,0,70,73,0,0,0,0,79,0,0,0,0,0,0,33,0,0,0,0,63,67,24,0,0,0,45,41,0,60
0,0,47,0,0,0,79,70,104,68,72,0,94,0,0,0,0,35,61,0,0,0,81,0,0,0,0,0,0,38,0,0,0,0,0,68,0,67,0,0,0,43,0,0,0,0,0,0,0,0,0,0,0,74,49,91,0,0,0,0,0,62,0,0
74,48,0,101,0,0,0,0,0,0,0,85,0,0,0,0,0,55,60,0,0,0,0,0,0,0,56,0,0,0,73,0,0,80,0,71,0,0,83,0,0,0,0,0,33,0,47,15,0,0,0,0,119,50,0,0,0,0,0,0,0,69,70,0
64,0,0,55,61,0,0,73,0,82,0,0,0,0,0,0,0,0,0,0,82,0,0,72,93,0,0,0,0,0,88,0,37,89,0,0,0,57,62,0,0,33,0,0,52,0,60,0,0,0,55,0,0,0,0,0,0,38,0,0,0,0,0,71
0,48,0,0,70,49,0,93,0,0,0,0,67,0,0,0,75,0,88,0,54,0,0,0,0,0,0,97,0,0,0,95,0,0,0,0,0,0,79,0,0,0,0,0,0,0,0,0,0,0,0,0,0,0,0,98,79,77,0,84,45,48,0,0

0,0,0,0,0,0,54,0,0,0,57,0,65,33,0,71,0,0,0,0,0,0,0,0,0,47,0,46,36,0,0,0,0,112,52,63,50,0,0,60,0,0,0,0,0,0,0,0,0,0,0,0,0,0,82,0,52,0,65,0,0,0,64,0
61,0,0,0,0,38,67,61,71,0,0,0,0,25,0,0,0,76,71,0,0,0,0,73,70,0,80,0,80,0,66,47,71,64,26,0,0,0,71,21,48,0,43,0,0,0,66,0,0,0,0,0,0,0,0,0,0,0,70,84,0,0,22,0
0,0,0,0,0,44,0,112,0,0,48,96,0,0,0,0,0,0,100,0,0,0,0,96,0,63,0,0,0,0,0,0,0,0,0,0,0,68,68,0,0,52,0,0,0,50,0,111,0,0,0,0,0,61,0,0,0,0,0,0,0,0,0,0
0,86,30,0,0,87,0,64,0,0,0,0,100,88,0,66,0,68,0,0,71,78,0,0,67,76,0,0,0,0,0,0,0,78,0,0,0,0,0,0,72,0,0,0,0,0,84,64,0,92,79,69,0,0,0,0,65,0,0,0,0,0,64,0
0,60,0,0,0,0,0,0,0,56,0,0,76,0,0,0,0,79,0,0,0,69,0,0,71,70,0,0,0,50,20,0,0,0,0,0,0,0,0,0,0,0,70,49,0,0,0,0,89,0,0,0,0,0,0,0,0,0,0,0,0,0,0,0
82,49,58,0,0,38,0,0,0,0,0,54,0,0,42,0,0,28,0,57,58,0,0,91,0,0,0,0,0,80,0,0,0,0,0,0,0,54,0,0,0,0,0,0,68,0,0,0,36,0,68,94,0,65,0,0,0,0,88,50,0,0,0,0
0,0,56,0,0,79,0,0,0,0,0,0,0,66,0,68,0,0,0,0,80,0,82,84,0,102,66,69,47,66,0,0,65,0,0,43,0,81,0,68,68,0,0,0,0,58,0,81,81,0,79,0,0,0,0,0,0,0,0,88,0,0,0,0
0,0,76,50,0,76,0,42,0,40,0,0,0,0,0,0,0,0,0,0,108,0,0,0,0,44,103,0,0,0,0,0,0,0,72,0,82,37,50,107,61,73,0,0,0,70,0,0,0,0,0,0,0,0,0,42,79,0,0,75,0,0,6,0
97,0,0,0,0,0,0,0,49,0,0,0,0,0,0,0,0,0,0,0,0,0,0,0,66,66,0,0,0,0,0,62,0,0,0,0,0,0,0,0,0,0,80,75,0,0,0,0,0,0,79,0,0,0,40,0,70,0,0,0,0,0,0,0
83,0,88,0,0,68,0,46,62,0,56,0,0,93,70,0,0,0,88,0,0,0,0,0,58,0,0,0,52,0,0,48,0,0,58,0,51,76,0,0,33,0,0,41,0,0,0,0,0,69,0,0,78,98,70,75,53,62,0,0,72,0,0,0
36,52,0,0,63,0,56,0,0,0,76,0,0,0,0,70,83,0,0,0,53,64,0,0,0,0,0,0,74,0,0,0,0,0,0,0,98,0,50,0,0,0,0,0,0,0,0,0,0,91,0,0,27,0,69,49,0,75,0,0,63,0,72,0
68,0,69,46,0,0,0,0,0,0,0,0,0,0,72,0,0,0,0,0,24,0,0,0,0,77,0,0,0,0,0,0,0,86,0,81,0,58,59,0,83,47,0,0,0,0,51,0,0,0,0,0,0,0,70,0,88,0,0,0,89,0,0,0
0,0,0,0,68,0,0,0,0,0,53,0,0,0,0,0,0,0,0,0,61,0,0,88,0,0,0,0,50,0,0,0,0,0,83,59,75,0,0,112,0,0,0,0,0,100,89,0,0,0,48,0,0,0,62,0,0,41,0,0,0,0,0,0
0,78,0,0,64,84,66,0,83,70,0,93,0,0,0,0,0,94,0,0,77,0,0,0,0,0,0,89,0,61,0,0,53,0,0,0,0,0,0,0,0,0,0,0,57,0,64,0,0,110,0,41,69,0,0,57,76,0,0,0,68,0,0,0
0,57,0,0,0,0,71,0,0,0,0,79,0,0,22,0,0,0,0,0,0,64,0,0,61,91,53,0,0,111,40,0,0,0,0,0,0,0,0,0,0,63,62,0,0,0,21,0,85,0,0,58,84,0,0,0,73,0,100,0,0,0,0,66
56,0,29,0,0,0,0,0,0,0,0,0,0,0,0,50,0,0,0,0,0,0,0,0,0,0,0,0,0,0,20,0,0,34,0,0,0,65,0,101,0,76,0,0,0,0,0,0,0,0,0,0,0,0,0,55,0,0,0,69,0,0,0,0

74,0,91,0,0,0,0,0,0,25,59,0,77,0,0,82,68,0,0,59,85,0,0,0,0,0,0,59,101,75,0,0,49,91,70,81,0,40,0,48,0,34,0,0,0,34,0,42,0,0,0,0,0,46,0,0,0,86,78,73,0,0,0,0
58,0,0,79,0,46,0,55,0,0,0,0,111,0,0,0,0,0,0,0,0,0,0,0,0,34,0,0,0,62,60,74,85,79,0,0,0,0,0,0,0,65,0,0,0,0,0,67,0,0,0,74,0,0,102,81,70,0,0,0,0,76,0,0
0,68,0,0,0,0,0,0,68,0,0,0,0,0,0,0,94,0,0,54,0,78,43,0,0,0,0,0,56,0,0,82,0,0,49,75,0,38,0,0,64,0,46,80,0,0,0,0,0,76,0,0,0,91,0,0,0,0,0,0,0,58,0,0
0,0,47,0,0,0,0,37,90,0,0,49,0,24,0,0,0,66,0,58,0,57,0,0,91,0,75,0,80,63,0,0,0,0,0,72,0,0,0,54,0,0,0,0,0,0,0,0,0,0,0,0,0,0,0,47,0,0,76,72,0,0,0,0
0,49,99,80,74,52,0,0,0,85,47,86,91,49,0,0,0,54,0,0,60,0,0,0,0,69,0,89,87,0,0,0,0,0,0,0,0,0,0,65,0,0,50,57,0,0,62,61,0,0,0,89,103,0,0,0,52,59,0,0,0,25,0,0
0,98,0,47,0,0,72,0,0,0,0,0,0,73,0,0,0,0,0,69,0,0,0,0,0,0,0,30,22,0,44,45,0,52,0,0,0,0,71,0,63,0,0,70,0,0,0,0,79,0,78,40,0,55,0,52,0,53,0,77,64,58,57,0
0,0,0,110,0,65,0,0,0,53,0,0,74,70,52,0,0,0,31,0,90,0,86,49,0,0,97,0,0,0,0,0,65,0,0,0,0,61,0,41,0,37,0,0,74,0,0,0,99,0,84,55,53,0,0,0,0,83,57,0,59,0,75,0
0,0,100,0,0,0,93,0,0,0,0,54,52,102,0,71,0,70,26,0,42,0,0,56,0,23,0,0,0,0,107,0,49,0,68,0,0,0,0,0,0,0,0,0,36,0,60,0,0,0,0,89,65,0,0,0,0,0,71,0,0,0,71,0
0,0,0,0,58,0,0,0,0,0,62,19,83,0,0,67,0,0,95,0,75,0,0,0,0,0,0,0,0,65,40,76,49,0,0,0,0,0,0,0,73,81,0,0,0,0,22,0,0,95,68,62,59,63,33,0,40,0,59,0,0,32,0,0
0,55,0,88,0,40,0,107,0,74,0,0,57,0,0,0,52,61,65,0,61,0,0,0,62,62,69,0,60,80,83,88,0,0,0,0,0,0,0,44,0,0,0,80,0,0,0,0,0,0,87,71,32,104,0,0,0,0,0,41,0,0,0,81
63,0,81,57,0,0,54,0,79,72,0,0,0,52,0,0,0,0,0,0,0,55,0,52,72,0,89,0,0,0,0,59,56,0,0,0,0,0,56,0,0,0,0,0,0,0,62,85,0,0,50,38,28,0,0,61,0,71,0,41,0,61,0,0
0,0,0,0,0,0,0,0,0,0,0,84,80,63,0,0,46,46,94,0,0,0,0,81,99,0,0,0,0,0,0,0,0,0,0,54,59,49,0,55,55,0,0,57,79,0,0,0,0,0,0,0,0,0,0,0,0,0,51,59,0,0,0,45
0,0,0,62,46,0,81,0,0,0,0,47,0,0,86,0,0,0,0,0,0,0,35,0,0,30,0,61,0,0,0,0,0,87,0,0,0,87,104,0,0,0,57,79,0,70,0,0,0,0,0,0,57,82,0,52,0,0,0,68,0,0,0,0
52,0,0,58,0,0,0,0,0,0,0,0,0,0,79,88,0,70,0,44,80,0,90,0,66,0,0,0,0,0,86,0,0,0,47,0,0,0,0,0,0,100,0,0,0,0,0,0,0,52,0,0,0,106,0,0,0,0,0,0,51,0,76,58
67,0,73,0,44,0,51,39,0,0,0,0,0,0,0,0,0,0,46,90,0,0,0,0,59,0,69,0,74,0,52,72,0,0,0,0,52,109,77,0,0,59,49,0,0,0,0,0,110,18,40,0,0,0,58,0,58,72,0,57,0,66,0,0
55,41,0,0,0,66,57,0,0,110,0,0,74,0,0,0,0,0,0,0,46,0,0,0,0,0,58,0,45,47,0,0,0,81,0,0,0,69,105,0,60,44,0,0,0,0,99,71,0,0,0,0,0,0,16,24,0,0,0,0,0,0,75,0

40,27,0,62,0,0,0,0,55,0,0,0,0,0,0,0,0,0,0,64,0,92,73,0,0,0,0,0,0,47,55,0,0,0,0,82,0,0,0,94,67,0,94,0,0,0,0,77,0,0,0,0,0,37,83,71,0,0,49,83,0,0,0,0
60,0,0,0,0,66,0,0,0,0,0,0,62,99,64,0,22,0,51,38,0,0,0,66,0,0,0,39,89,0,0,0,83,77,0,0,0,0,70,35,0,73,0,0,0,0,57,32,0,71,0,0,0,0,0,0,55,0,76,0,0,0,0,0
0,0,0,41,0,0,0,66,0,0,0,50,67,0,47,0,60,56,0,0,97,0,0,0,77,0,81,0,80,0,0,64,35,48,55,0,86,37,0,84,0,85,0,35,106,0,0,53,0,74,77,0,0,0,96,100,39,0,59,62,0,0,54,0
76,0,0,0,0,0,0,0,0,0,0,0,0,0,0,0,58,65,0,53,0,0,0,0,0,44,71,0,0,13,0,50,0,0,0,0,0,0,0,0,0,0,0,105,0,0,0,83,59,0,16,0,0,0,0,0,0,0,63,0,64,0,55,0
41,50,0,56,0,0,0,48,0,0,42,0,0,0,0,0,80,0,23,78,0,66,31,0,37,0,0,0,0,0,0,0,0,70,0,0,0,0,56,0,0,0,61,68,0,53,62,0,0,64,82,0,0,99,0,0,0,0,0,0,0,52,0,0
51,43,0,0,39,0,82,0,0,76,0,0,63,0,0,0,77,58,0,41,0,0,0,0,0,0,63,0,0,0,0,64,40,0,64,59,0,0,0,0,71,65,81,0,0,35,45,0,34,58,0,0,0,0,0,0,0,0,0,0,0,0,0,0
0,0,0,0,80,0,0,0,0,50,0,0,60,0,115,67,0,0,0,0,55,0,85,0,0,0,0,45,0,0,0,0,0,0,0,0,0,49,0,0,0,0,0,0,0,0,0,0,0,0,39,74,76,39,86,0,0,0,74,72,0,69,0,0
0,0,0,0,0,0,0,0,0,0,0,0,41,0,0,0,0,0,0,44,0,92,41,0,0,0,0,43,73,0,74,68,75,0,55,0,97,0,0,63,0,0,0,0,37,120,86,0,0,0,0,39,75,0,48,0,0,66,0,62,0,78,73,81
62,0,0,0,0,57,56,0,0,0,0,106,62,0,68,0,30,65,0,0,0,0,0,0,0,0,70,0,0,73,0,0,0,0,0,0,0,0,0,0,0,55,0,0,0,0,0,0,53,58,54,0,38,0,0,69,0,0,70,65,0,70,0,0
68,0,0,51,0,0,0,23,0,71,0,0,67,0,55,0,0,0,0,0,87,88,0,30,0,0,50,0,51,54,0,0,56,46,0,45,120,0,0,0,0,0,0,0,0,0,92,0,0,0,0,0,45,0,38,0,0,62,0,0,0,67,0,0
0,0,0,58,0,0,28,65,0,41,54,0,0,86,0,0,56,0,0,0,0,76,0,87,0,74,0,85,0,0,54,46,101,62,0,0,68,0,0,0,43,0,0,0,0,56,0,82,0,0,0,46,88,31,39,56,0,59,0,73,0,0,0,0
87,74,0,59,0,55,99,52,0,0,0,0,0,0,0,0,0,63,0,0,0,0,0,84,64,0,0,0,0,0,97,0,64,0,0,0,0,0,58,0,0,0,58,0,0,93,0,45,48,0,0,47,0,0,0,0,0,0,18,0,75,0,0,68
0,40,0,0,0,19,0,0,0,0,66,0,0,0,0,0,0,51,0,0,0,0,0,82,0,104,80,0,0,0,0,0,45,0,0,0,0,0,0,0,0,0,62,0,0,0,0,64,0,0,0,0,0,0,60,0,0,0,0,0,0,0,0,18
46,0,0,0,0,0,0,0,0,40,47,0,0,0,0,0,62,0,0,0,0,0,0,0,51,0,85,0,0,0,0,0,0,93,74,0,0,103,53,0,72,0,0,0,0,0,0,0,56,0,67,53,0,48,0,0,0,0,0,0,63,0,0,29
0,0,91,43,0,34,0,77,60,0,0,0,0,102,0,0,0,0,0,106,0,74,0,0,0,0,70,0,0,0,0,0,0,48,0,0,52,92,0,57,0,0,0,0,0,40,96,0,0,0,0,83,0,0,0,0,0,0,0,56,0,0,0,0
0,0,0,0,0,0,0,0,0,51,0,0,59,0,48,64,0,61,0,0,0,66,0,0,0,0,0,0,0,0,64,72,48,0,0,0,0,0,43,49,68,0,84,0,82,72,0,0,57,54,0,0,73,0,0,0,0,0,0,85,0,0,0,71

0,0,0,0,66,64,0,81,60,0,0,0,0,0,0,0,0,0,78,45,0,0,0,0,66,0,0,0,96,66,0,0,0,0,0,0,0,0,0,0,27,0,0,0,52,0,0,0,66,0,0,0,70,0,55,0,0,0,0,74,0,70,75,88
0,67,0,0,0,57,0,0,0,0,75,0,0,82,69,0,0,63,0,69,60,0,37,0,0,56,0,0,0,0,63,0,43,71,62,72,0,0,0,78,0,0,67,0,0,0,0,38,0,0,0,0,61,48,0,0,0,0,41,37,43,0,78,63
0,0,48,53,0,48,109,0,61,0,47,0,0,0,81,0,0,0,0,0,0,0,0,69,0,0,0,0,31,0,0,67,0,0,88,0,0,34,0,0,0,73,15,0,77,55,0,0,0,0,0,0,0,0,0,0,108,75,0,54,0,50,0,0
0,0,66,66,81,0,0,0,0,0,0,106,0,0,0,39,0,54,0,0,0,97,0,81,0,0,81,62,80,0,98,0,96,0,0,0,0,0,0,88,0,0,0,0,50,0,0,0,61,0,0,0,0,40,0,0,0,0,0,88,39,0,0,47
0,0,0,0,0,36,88,0,59,0,0,0,65,0,0,0,0,0,0,0,0,68,0,0,0,0,0,0,0,0,91,0,0,77,0,0,0,0,0,107,46,63,0,0,0,0,0,0,0,82,0,89,0,0,83,0,95,0,0,46,0,40,50,24
84,73,74,0,0,0,0,0,0,0,0,0,25,0,0,0,0,0,0,0,0,83,32,0,0,0,0,0,0,45,0,0,0,46,0,72,90,0,103,0,0,70,0,0,59,0,0,62,0,0,0,0,0,77,0,0,0,0,0,0,0,0,0,72
0,13,0,0,0,37,0,0,0,0,0,0,59,0,81,0,0,62,0,0,0,78,0,0,36,0,53,0,81,0,0,0,0,0,0,0,44,0,0,0,0,61,75,0,0,0,0,21,0,0,0,0,0,0,0,0,0,24,61,37,0,0,0,0
38,0,0,72,0,0,0,0,0,64,0,0,0,0,0,0,95,0,0,0,0,0,0,0,48,0,0,0,69,0,57,37,0,0,0,0,0,0,0,44,0,94,0,74,56,0,0,0,0,0,0,0,28,0,82,0,73,0,0,60,0,0,0,30
0,76,0,0,0,0,56,0,0,0,74,0,53,51,76,0,76,0,72,0,0,0,0,0,0,53,0,0,0,0,90,0,48,0,0,0,0,0,26,41,0,108,0,49,0,0,0,40,95,48,0,68,0,0,0,0,0,0,0,0,35,70,35,0
0,0,0,0,0,74,88,57,0,63,0,0,0,54,72,61,0,0,0,9,82,0,0,0,0,99,56,0,64,0,0,0,79,45,0,0,0,0,55,0,29,0,0,0,60,0,0,65,0,0,0,0,0,53,0,0,62,0,0,0,0,0,0,103
0,0,0,71,0,64,0,0,0,0,0,0,0,0,56,0,0,0,41,53,74,88,0,0,0,0,98,0,0,74,39,55,0,0,0,85,0,0,49,0,0,0,0,0,0,0,0,0,0,50,0,0,52,0,0,79,0,0,82,0,0,0,74,83
0,0,47,48,0,0,68,0,0,0,0,0,65,0,0,0,0,60,0,0,0,0,0,0,0,50,0,72,90,0,0,0,0,0,81,0,61,44,0,0,0,74,0,0,65,70,0,0,61,68,87,0,65,0,0,55,0,0,0,0,0,0,0,0
43,98,0,61,0,52,0,75,86,0,0,0,0,0,0,0,0,72,0,0,0,0,0,0,0,0,0,0,105,0,0,67,0,0,0,65,0,0,0,0,0,39,0,0,0,0,0,0,21,0,0,0,0,0,0,0,0,50,66,72,0,45,0,0
0,0,60,0,0,0,0,0,0,78,0,0,73,0,0,71,41,103,96,0,0,85,0,0,0,0,0,0,0,0,0,0,0,68,0,0,0,76,0,0,0,0,0,0,72,0,0,44,0,0,83,0,0,46,0,0,0,0,0,0,0,0,0,0
0,0,0,55,60,0,0,0,61,0,58,0,73,0,0,89,0,79,0,95,0,0,0,0,0,34,0,0,0,0,0,0,0,0,48,0,0,0,0,0,60,0,0,0,0,46,0,0,0,0,30,0,0,0,53,74,75,0,20,71,0,65,0,82
0,93,0,0,0,0,0,107,0,0,0,0,76,0,0,0,0,0,71,0,60,0,0,0,0,0,0,0,0,0,0,52,65,0,61,0,0,0,0,64,0,0,74,48,0,0,0,57,0,0,0,47,0,0,0,46,0,0,0,0,61,0,0,0

0,0,0,0,95,0,39,0,0,0,0,0,0,0,0,83,58,0,0,0,74,0,0,0,66,0,0,0,0,86,0,0,71,0,0,0,0,26,0,0,60,0,0,0,0,0,0,0,0,0,0,0,0,0,0,0,75,0,49,0,97,0,0,94
0,0,57,0,0,0,0,0,43,0,0,0,0,0,96,55,0,0,0,0,93,0,47,0,88,73,0,66,0,51,92,0,0,73,0,0,125,42,0,67,0,0,0,41,44,0,0,75,0,76,94,0,0,0,0,78,0,0,0,0,0,0,45,99
0,0,0,0,0,0,0,0,66,0,0,0,0,0,0,74,0,0,0,70,0,81,0,0,0,20,0,24,0,0,0,40,0,0,0,58,0,0,51,77,51,103,0,0,0,0,0,0,0,39,0,0,0,0,0,0,54,0,0,0,80,0,0,0
73,0,37,0,0,56,87,0,0,70,0,88,0,0,89,0,95,0,0,0,0,44,82,0,65,0,0,0,0,0,0,0,0,51,62,0,72,0,0,0,0,0,0,0,0,0,111,0,49,0,0,69,0,75,0,0,0,0,0,61,56,0,73,41
0,69,0,0,0,0,46,0,0,0,0,81,0,0,55,0,0,0,0,0,0,0,80,0,0,0,0,0,0,0,0,0,0,0,0,0,0,0,0,0,0,0,70,59,0,58,0,37,0,0,0,62,87,0,98,0,0,79,0,0,0,0,0,0
45,0,71,76,0,0,0,56,42,0,0,71,0,41,73,0,0,83,0,0,0,0,46,0,0,0,0,0,0,0,0,55,0,0,77,0,0,0,0,0,0,0,0,60,43,0,0,0,0,0,0,0,0,74,0,53,0,0,72,0,0,0,56,71
0,0,0,49,0,0,89,0,12,41,0,0,0,0,0,0,70,28,0,0,0,0,0,0,89,0,0,0,0,0,53,0,68,0,0,0,0,0,0,0,56,0,0,0,0,0,24,0,0,0,70,60,0,0,0,0,0,0,0,0,86,0,0,0
0,0,0,0,0,46,0,0,77,49,0,0,47,0,72,0,63,0,60,0,0,0,0,0,0,0,0,0,0,0,0,0,62,70,77,49,0,0,0,48,0,0,0,0,53,0,0,0,0,0,0,38,0,0,0,0,0,67,0,93,0,56,0,0
0,0,0,0,0,44,0,0,0,0,0,0,0,0,0,0,0,65,0,0,0,56,0,71,0,0,38,0,86,0,0,76,0,57,0,65,45,37,0,0,75,0,0,56,0,0,0,0,60,0,0,0,69,0,0,61,90,0,77,0,0,0,67,0
80,0,99,0,74,0,0,0,0,0,0,0,0,0,0,0,73,0,0,0,34,0,0,26,0,0,100,0,68,84,76,77,0,0,0,68,35,74,0,38,0,32,59,0,0,90,0,0,0,0,0,77,0,0,0,0,39,53,52,0,27,57,57,98
76,0,86,0,76,0,0,0,0,0,0,0,0,0,0,31,0,0,0,0,0,0,0,40,34,0,0,0,0,0,0,70,0,0,0,0,86,0,0,0,0,68,59,0,66,0,23,78,61,81,0,0,37,0,0,41,82,42,72,0,50,0,0,0
56,0,83,0,0,55,0,41,0,103,87,0,0,23,0,0,0,0,0,0,68,0,0,0,108,42,0,0,49,0,0,0,0,0,73,0,81,0,0,72,0,0,0,81,63,0,84,0,0,89,0,0,0,67,0,93,0,0,0,80,78,0,46,0
0,0,0,0,0,81,0,0,81,71,0,0,77,0,0,0,0,0,60,0,0,32,0,0,0,0,58,0,61,68,80,0,0,0,0,0,100,0,0,60,0,0,53,0,61,0,0,0,0,0,0,0,58,0,0,0,0,69,0,0,0,72,0,0
72,0,65,0,0,60,51,0,0,0,0,0,0,74,58,0,0,63,0,0,48,63,114,0,53,121,64,74,24,0,0,0,0,0,0,0,0,0,67,0,76,0,0,48,0,61,0,0,0,0,61,0,79,0,61,0,85,65,47,75,0,97,0,0
0,87,87,0,0,0,68,0,0,0,0,16,0,0,60,55,80,0,0,0,0,85,0,0,27,0,0,77,0,43,89,0,0,53,0,54,0,68,0,0,0,0,0,0,0,0,0,0,84,0,63,0,0,0,0,0,0,0,36,0,0,0,51,0
0,0,22,0,71,52,0,62,0,0,82,0,0,0,59,81,0,0,0,78,39,0,0,53,0,0,0,0,72,0,0,0,0,0,0,0,72,0,48,42,0,40,0,0,0,0,0,30,0,0,0,0,0,46,0,0,0,0,0,0,64,0,0,112

0,0,0,0,78,0,0,0,61,0,0,0,0,0,0,73,88,0,32,0,0,0,0,0,0,0,0,95,0,0,0,0,0,68,0,0,0,0,0,71,63,0,52,0,54,0,0,0,0,0,0,51,0,83,0,0,0,0,0,63,0,0,0,0
0,90,56,0,0,0,0,0,0,0,0,87,0,0,0,0,0,0,66,0,0,50,0,0,60,78,0,0,0,67,0,48,0,0,0,0,64,0,76,0,0,68,0,0,0,0,0,0,70,44,68,0,0,92,0,81,0,0,0,0,58,0,0,0
0,0,76,0,0,0,0,0,40,0,0,53,0,0,0,0,47,65,0,0,0,0,0,0,0,94,0,0,0,0,31,0,0,62,0,0,0,0,72,0,0,0,0,86,0,0,0,0,0,0,0,0,0,72,56,0,0,0,0,0,0,0,77,0
68,0,0,91,0,0,43,56,0,0,0,71,0,0,0,0,0,0,0,0,24,0,100,0,68,83,0,0,0,71,0,0,0,0,0,21,0,0,72,0,0,0,65,0,98,0,0,0,0,66,0,0,0,0,0,0,50,0,0,64,0,0,64,0
51,2,0,0,0,0,65,0,0,0,0,0,20,52,81,0,0,0,93,0,0,0,0,0,0,0,61,0,0,0,82,0,35,0,0,0,0,0,0,0,0,0,60,0,0,63,0,88,0,0,0,0,63,0,0,0,0,0,0,0,0,0,0,68
0,0,0,22,0,0,0,0,0,0,53,62,45,0,0,0,0,38,46,0,0,0,0,0,0,0,0,0,0,0,53,0,0,0,0,69,84,0,0,71,45,0,0,0,0,61,0,0,50,50,0,0,0,0,44,0,0,0,0,0,0,0,65,0
32,0,0,0,0,0,0,0,0,0,0,0,0,62,0,0,0,0,0,0,0,0,0,0,0,0,0,0,57,0,0,0,43,0,37,0,18,0,0,71,70,0,0,50,0,30,0,0,0,0,50,33,0,56,0,0,74,0,0,0,0,0,0,0
75,0,0,0,46,44,0,83,0,67,69,0,0,0,60,0,0,57,0,0,0,0,0,64,0,0,82,0,0,0,62,0,0,0,88,0,0,54,0,0,0,0,0,86,0,0,0,0,0,98,0,0,0,0,0,0,61,0,0,70,0,0,0,89
0,0,84,65,0,0,91,66,0,0,0,0,0,0,70,80,0,35,0,0,65,68,0,0,0,0,0,0,58,0,0,0,64,0,81,0,0,0,63,91,0,0,0,0,0,33,62,92,0,0,0,61,0,45,0,0,77,0,0,73,0,0,0,0
91,0,0,40,0,0,0,66,86,0,0,0,0,0,0,72,0,0,0,0,67,0,57,0,39,56,0,0,0,0,0,51,41,0,0,67,0,0,113,0,89,0,0,0,80,65,0,0,33,27,0,0,0,0,0,57,0,0,0,0,70,0,0,63
0,0,0,0,0,0,0,84,0,0,61,0,0,0,91,0,0,0,61,0,0,72,76,0,0,48,0,0,0,0,0,0,46,0,0,93,0,75,60,0,0,0,0,0,0,73,0,0,0,61,0,0,60,53,0,0,0,0,43,0,0,0,69,0
0,54,0,0,0,0,54,0,79,31,0,0,0,0,65,66,85,0,0,0,0,0,67,0,0,83,53,0,0,0,0,0,0,0,0,95,0,36,0,0,71,49,0,51,0,0,0,0,0,0,0,0,0,0,0,0,0,0,81,0,0,0,0,81
0,98,0,0,0,0,62,54,65,54,0,0,0,66,46,0,0,0,51,0,0,98,51,0,0,0,0,0,0,63,0,65,61,0,0,0,0,0,0,0,0,0,0,0,0,0,0,75,0,0,0,0,40,0,0,0,0,0,0,0,0,44,39,44
59,48,65,0,69,0,76,0,0,0,0,0,0,66,62,0,76,0,74,64,0,0,0,74,0,64,63,13,0,103,32,59,67,0,0,88,84,31,52,0,0,0,0,0,0,0,0,72,0,0,0,0,0,76,49,0,80,75,0,79,0,66,0,0
0,0,0,0,0,0,40,45,0,93,0,0,0,0,79,49,0,0,0,0,37,0,87,37,0,0,0,0,0,53,51,76,78,0,48,0,0,0,0,0,0,70,36,0,0,0,0,83,0,75,0,71,0,0,0,0,0,0,0,0,0,58,0,68
0,0,0,0,0,0,0,0,0,0,0,0,0,74,72,0,0,0,0,0,0,0,63,0,0,0,51,0,0,0,0,0,0,0,0,93,0,0,0,46,0,51,0,0,0,0,60,0,17,85,88,0,0,0,77,91,0,0,0,69,0,0,0,0

0,0,0,0,0,0,0,0,71,60,56,0,0,97,0,0,0,0,0,48,0,0,0,45,0,44,0,0,31,60,0,72,0,0,0,0,41,0,0,0,0,0,0,0,0,76,0,53,0,0,0,0,0,0,50,0,0,0,0,0,0,0,53,0
0,55,112,35,0,0,0,0,55,0,68,0,30,0,71,0,0,0,76,0,27,0,0,0,0,0,73,0,78,0,0,0,0,0,0,0,0,0,0,0,43,0,0,54,0,0,0,0,0,0,0,0,0,69,59,0,55,0,0,0,0,0,0,0
78,89,0,0,0,35,0,0,53,0,0,76,0,64,0,60,0,44,0,0,0,0,0,67,0,0,68,0,52,41,87,0,0,0,0,79,0,0,0,0,0,0,0,45,8,0,0,0,61,0,0,0,0,0,0,0,0,0,50,0,0,0,49,0
0,0,0,0,0,88,0,58,0,0,0,81,44,47,0,77,0,42,54,0,77,0,0,104,0,0,0,0,0,0,0,0,0,0,0,0,0,0,32,0,0,94,0,0,73,0,0,0,0,0,0,0,50,63,0,0,40,0,77,94,0,36,0,0
64,0,46,56,0,44,0,0,0,0,70,0,0,0,0,0,0,0,0,0,0,0,0,108,0,0,80,51,0,0,0,69,0,0,0,0,61,0,55,108,45,0,0,0,0,80,76,99,0,64,0,0,0,66,0,72,0,0,0,0,0,0,71,0
0,0,82,0,0,0,0,0,0,0,0,67,67,0,0,0,0,0,0,0,0,0,40,0,0,0,49,0,45,101,0,0,0,0,0,106,0,0,0,0,0,0,0,0,0,106,0,0,0,67,0,0,0,0,0,0,61,32,0,63,48,0,0,59
0,0,0,0,46,0,77,0,0,0,58,0,0,34,0,0,72,0,0,0,0,0,0,0,0,0,0,84,0,0,0,79,0,0,90,0,0,54,0,0,0,0,0,0,0,50,0,63,0,76,0,0,0,0,0,34,89,0,63,51,0,37,0,0
44,87,64,0,0,50,85,0,0,0,91,0,89,0,48,0,81,0,86,0,0,0,51,46,0,0,0,0,58,65,65,61,0,0,0,56,0,0,0,0,0,0,30,73,109,81,0,69,53,0,0,88,0,0,0,0,0,0,76,92,86,57,0,0
0,0,35,0,77,0,0,60,0,80,0,72,52,0,0,0,0,0,0,82,76,0,0,0,48,0,0,59,0,35,20,0,0,73,0,0,0,0,0,34,0,77,0,0,0,0,89,0,0,0,0,0,0,0,0,17,0,0,0,0,0,0,0,0
0,63,0,0,85,70,70,71,0,0,44,0,0,0,0,0,0,0,0,97,0,0,0,0,44,0,79,68,23,0,81,114,0,71,0,105,0,0,82,64,65,82,0,49,72,0,0,0,35,0,0,64,80,0,0,0,76,0,0,0,0,0,0,0
0,0,91,58,0,0,0,0,0,0,98,57,0,0,98,0,0,29,0,82,92,0,0,0,0,69,63,24,66,0,0,0,0,40,71,0,0,0,53,79,0,0,69,0,0,0,0,0,111,36,0,66,0,0,0,34,79,0,0,0,40,0,0,0
41,0,0,0,96,0,0,0,0,0,0,0,61,0,0,0,0,0,40,0,0,0,0,61,0,78,51,0,0,0,0,0,0,53,73,0,0,0,0,0,37,72,0,0,0,0,0,0,0,0,0,54,34,105,0,0,0,61,24,0,72,0,0,75
0,42,0,0,0,0,35,0,0,0,55,0,54,0,0,77,0,0,0,0,0,0,46,0,0,0,0,47,0,0,0,0,0,0,0,0,45,46,0,0,0,0,70,55,0,0,0,0,0,0,0,73,35,0,0,0,0,0,87,0,71,69,0,0
32,0,32,74,0,0,0,0,0,0,0,0,0,0,0,0,66,40,0,92,0,0,0,0,0,0,0,0,0,0,0,0,0,0,0,58,61,37,0,0,0,0,0,75,0,0,64,0,0,0,0,37,0,0,0,76,33,0,33,0,0,0,0,0
0,0,0,0,0,0,0,0,0,31,0,0,0,0,0,0,0,0,0,0,0,0,62,0,61,0,76,0,0,0,43,33,0,0,0,0,61,0,0,0,0,0,0,0,0,0,85,0,0,0,0,0,0,0,0,0,0,0,0,0,0,0,76,0
62,0,0,0,92,0,0,0,0,0,0,0,0,0,0,0,0,0,59,0,54,70,0,54,0,77,0,0,0,0,31,0,68,75,0,0,0,43,72,0,0,0,0,85,0,0,18,0,0,0,18,0,81,0,87,0,0,0,0,0,0,0,58,51

98,0,97,0,62,83,0,107,0,0,0,99,0,60,0,50,0,0,0,0,0,80,0,0,0,67,0,0,0,0,0,0,0,0,48,0,0,65,0,0,0,0,0,0,0,70,0,0,0,0,0,0,45,70,45,0,0,0,0,46,0,0,68,71
0,0,0,0,43,33,0,0,68,0,0,0,93,0,0,68,14,65,0,84,53,0,0,0,0,63,56,0,0,51,0,0,0,72,0,0,0,65,0,39,50,0,0,0,0,95,41,0,0,0,0,0,0,0,0,0,0,0,0,0,0,0,81,0
0,0,78,0,0,51,0,0,0,0,0,69,0,0,0,0,0,8,73,48,61,67,0,0,43,69,67,0,0,0,0,0,0,0,0,55,0,0,0,48,0,0,0,72,80,0,0,0,0,0,71,0,0,0,58,0,0,49,0,0,0,0,0,81
0,63,0,0,0,46,0,0,0,0,0,67,77,0,0,0,0,81,0,0,0,0,0,0,0,0,104,0,0,65,0,88,0,74,33,88,0,0,0,0,0,27,0,0,0,0,0,0,27,41,0,0,0,0,0,0,0,0,0,0,56,41,0,0
91,0,30,0,0,0,0,0,0,42,0,0,0,0,0,0,0,0,99,0,80,44,0,0,0,0,57,0,0,0,77,0,0,0,0,0,0,0,0,0,0,0,0,0,75,54,0,0,0,0,58,0,62,69,0,0,0,0,0,0,50,0,0,0
0,0,42,0,0,0,0,92,65,0,0,0,50,0,0,50,0,61,0,0,99,0,0,109,0,67,0,0,0,78,0,61,56,43,0,47,49,0,0,0,0,0,0,54,0,0,0,65,0,0,0,0,0,0,0,55,0,54,0,0,0,63,0,0
72,0,0,0,0,0,105,0,38,0,0,0,68,0,71,0,0,38,0,0,0,0,0,0,0,0,69,103,0,0,65,40,0,0,0,0,0,73,0,0,0,0,0,0,0,0,0,0,62,0,0,73,0,0,29,57,0,0,0,0,0,0,0,0
0,0,50,0,0,0,0,0,0,0,0,0,83,67,0,89,0,0,0,0,0,0,0,0,0,70,0,64,91,0,0,0,0,0,62,0,0,0,0,0,69,56,72,0,86,0,0,0,85,35,0,77,0,86,84,0,0,0,0,0,0,0,0,0
57,0,0,0,0,0,0,0,0,0,0,0,0,0,0,0,60,0,0,0,0,0,0,0,0,73,48,0,0,84,0,0,0,0,0,55,0,0,41,0,0,0,0,0,0,0,0,0,35,79,0,0,68,0,0,0,39,0,50,0,0,62,0,0
76,0,0,40,64,0,77,68,0,0,0,0,0,0,0,0,0,65,0,57,95,0,0,0,61,0,0,0,0,63,0,0,63,0,81,78,0,0,61,0,0,75,0,0,70,60,70,0,32,86,0,0,69,0,0,114,65,65,0,0,53,0,66,0
119,0,0,0,0,0,0,0,0,0,40,97,0,0,0,0,0,27,0,0,0,0,0,0,0,85,0,0,0,0,0,48,0,0,0,0,0,37,0,0,0,0,0,0,0,45,0,0,57,0,65,0,0,0,0,66,109,87,0,73,0,0,0,79
0,0,0,0,0,26,65,0,0,56,0,45,50,34,0,0,71,0,0,0,0,0,0,0,0,0,0,0,60,0,71,70,0,56,0,53,77,57,82,0,0,0,0,81,65,0,0,70,60,0,0,0,0,0,0,68,0,25,80,0,0,0,0,0
45,0,0,0,31,82,0,0,59,52,60,0,0,76,0,0,0,0,0,0,0,99,0,0,0,0,27,0,36,0,0,0,47,0,0,0,0,66,0,0,0,0,81,47,0,75,0,41,0,0,0,0,71,0,0,0,0,97,58,0,0,0,0,73
0,0,0,57,60,51,0,0,86,0,0,0,0,0,87,0,0,52,0,0,0,94,55,0,0,0,0,70,0,0,66,0,0,0,87,0,0,0,0,0,33,29,0,77,41,0,34,90,61,0,0,0,69,0,0,0,75,0,80,76,0,0,0,40
0,0,0,0,82,93,61,0,0,0,0,60,61,58,0,0,0,0,0,39,58,0,0,0,0,0,73,0,37,0,89,0,0,0,0,0,0,0,0,69,0,0,51,0,36,0,0,0,49,0,0,0,17,52,0,0,63,71,19,110,0,0,91,0
0,0,0,0,0,0,0,63,87,0,70,0,0,74,0,0,49,0,0,0,66,0,0,82,0,80,0,0,0,0,81,59,0,44,0,0,0,0,0,92,0,35,0,0,0,0,0,0,57,0,47,0,47,0,0,0,0,0,0,0,84,0,0,0

0,0,0,38,0,0,0,0,0,0,0,0,0,0,0,0,0,0,41,85,0,0,0,73,0,0,0,0,0,0,95,68,0,0,0,0,0,0,0,0,0,80,78,75,0,0,49,48,46,96,0,0,0,0,62,0,42,0,0,0,0,60,61,0
79,0,0,102,0,0,0,0,0,46,0,0,0,0,0,0,0,85,0,0,0,39,0,0,0,0,0,0,57,82,0,0,0,75,0,0,86,0,0,0,0,48,0,39,75,0,0,0,0,0,81,0,40,0,53,42,38,0,0,0,0,0,42,0
0,0,0,0,0,0,41,44,100,47,0,0,0,78,0,0,0,0,0,0,0,61,0,82,0,83,45,0,0,58,0,0,78,0,33,44,0,0,66,0,0,0,0,0,0,0,0,0,0,0,0,74,0,0,73,0,0,0,0,88,0,0,63,0
0,0,0,0,58,0,0,0,0,55,0,0,48,0,0,0,0,0,0,46,48,67,0,0,0,0,73,0,35,0,0,0,0,0,0,0,0,0,0,0,0,0,0,0,0,77,0,0,0,0,0,61,0,0,0,97,54,0,0,58,75,0,71,0
0,0,0,0,0,0,0,61,91,0,0,0,77,0,0,0,0,0,0,0,58,41,0,0,86,0,0,0,0,0,68,84,77,0,89,47,0,0,46,0,46,0,0,0,0,0,0,0,0,0,112,0,0,0,0,0,63,0,0,0,0,0,0,28
0,0,86,0,73,0,0,0,53,0,0,0,0,0,0,0,0,0,0,0,64,92,0,0,59,41,75,0,0,54,0,0,0,48,0,0,29,0,0,51,50,0,73,78,0,0,0,0,0,0,85,0,67,50,0,49,58,67,0,54,0,0,0,0
66,0,29,0,0,0,0,57,44,0,61,66,27,83,0,35,0,0,0,0,79,0,0,0,0,0,0,0,67,0,0,52,0,0,46,0,0,0,0,0,0,0,0,0,0,0,70,0,0,96,0,0,0,36,0,72,0,56,0,0,0,0,0,0
71,0,0,0,0,0,57,0,0,0,0,0,0,78,0,0,75,0,0,0,0,0,93,0,0,0,0,0,0,0,0,0,0,63,0,0,93,0,0,0,0,59,0,66,73,69,0,105,0,0,0,105,66,0,0,63,0,51,0,0,0,0,0,0
0,69,0,39,0,50,0,0,76,0,0,0,0,0,0,0,0,0,0,0,0,0,0,0,0,0,0,0,109,0,0,0,0,0,41,0,52,21,54,0,0,40,94,58,0,57,0,0,0,0,0,83,0,43,0,0,69,0,111,50,49,0,17,0
0,0,0,0,55,0,0,0,0,77,0,0,67,0,0,0,50,0,0,0,0,0,61,0,0,0,0,0,0,0,0,82,0,82,108,63,0,0,0,79,0,0,75,0,43,71,0,0,0,0,0,0,0,60,0,101,102,0,83,0,0,73,0,52
0,0,74,0,0,0,84,0,67,42,0,0,0,0,67,0,33,0,0,0,0,65,71,37,0,73,0,0,0,0,0,94,78,49,0,0,0,0,0,0,0,43,0,0,0,0,0,0,0,0,0,0,0,0,0,0,0,85,0,0,0,0,0,0
53,0,0,0,58,0,0,0,0,0,0,0,74,54,0,0,0,0,66,0,0,0,0,0,53,87,0,0,0,61,0,76,91,0,0,0,0,64,0,0,0,0,0,0,29,0,48,44,84,0,0,0,0,101,0,68,0,0,0,0,0,0,0,0
0,0,43,0,0,0,81,0,0,0,20,0,0,0,0,61,0,89,0,0,0,48,0,0,0,85,61,0,0,0,0,0,0,0,50,0,0,0,0,0,0,0,77,0,0,0,68,0,0,73,0,51,0,68,0,0,0,78,0,0,0,0,66,0
85,0,63,102,0,0,0,0,0,0,0,0,0,0,0,0,92,66,79,0,0,0,0,0,102,0,0,0,74,0,0,0,88,72,0,0,46,0,0,0,0,0,32,53,73,0,50,40,0,0,66,84,0,0,0,82,0,0,0,0,0,0,0,0
0,0,0,0,0,67,0,0,50,0,36,0,0,0,62,0,66,0,74,0,0,0,0,0,0,0,0,53,0,0,51,0,0,60,0,47,0,0,0,0,0,0,68,53,0,0,51,0,83,59,0,89,56,0,88,62,0,0,0,0,75,0,59,68
0,0,57,71,82,0,0,0,59,75,0,0,0,0,0,0,33,77,66,0,0,0,81,89,0,46,62,0,0,0,70,0,0,60,0,0,56,0,0,0,58,0,110,0,0,0,40,18,67,0,0,0,0,0,0,0,0,0,0,65,0,82,0,0

0,0,49,47,59,0,0,0,0,0,0,0,0,40,0,89,0,0,0,56,36,84,0,0,0,0,92,48,0,0,0,99,71,0,68,0,0,0,67,0,39,0,0,0,0,61,74,0,0,64,0,61,0,0,0,0,0,0,50,82,0,0,94,0
0,109,82,0,0,60,0,66,0,0,0,0,0,0,22,0,71,0,0,68,77,87,0,0,64,83,0,0,0,0,47,0,33,0,0,64,68,86,0,69,110,0,0,0,0,0,0,0,0,87,0,44,70,0,0,0,0,0,63,66,87,48,0,83
0,0,83,0,0,0,44,63,75,38,0,0,0,0,0,32,0,60,100,0,0,0,0,0,99,35,0,0,0,59,80,0,0,70,0,0,0,79,0,0,0,83,0,0,91,56,0,0,0,0,58,74,74,0,0,0,0,0,0,0,0,0,60,0
77,75,93,77,50,0,0,71,0,0,0,0,41,0,0,55,0,0,55,0,66,56,0,55,0,0,0,0,0,91,0,91,0,0,0,0,0,51,19,66,0,51,55,0,67,0,0,0,0,54,0,54,0,81,0,0,0,52,58,0,80,85,0,71
29,0,0,0,0,62,0,56,0,0,56,47,99,0,0,70,45,0,0,78,0,0,79,0,0,51,0,81,0,52,84,50,0,0,0,0,0,0,0,64,0,112,0,0,66,93,0,49,0,23,101,0,0,0,0,65,0,0,0,0,0,0,0,0
0,0,0,0,0,0,0,56,0,66,0,63,0,93,0,0,105,0,0,67,0,0,72,0,0,60,0,43,0,0,0,0,0,0,64,0,0,0,70,0,0,62,0,59,0,0,0,0,0,0,72,0,0,0,0,0,0,0,0,0,0,0,111,54
0,39,0,90,0,77,41,62,0,0,51,0,41,3,0,42,0,0,0,0,0,0,59,0,0,0,0,0,0,0,0,0,39,65,0,0,78,0,66,69,54,0,0,47,0,0,0,71,0,0,0,31,0,93,0,0,72,27,0,0,0,0,0,0
76,0,0,0,101,83,43,0,0,0,49,0,0,0,54,9,0,0,57,0,0,0,0,0,0,0,0,0,0,65,0,0,0,68,48,0,61,0,72,0,64,0,0,65,50,0,76,0,0,82,0,0,0,0,0,47,0,0,0,77,0,0,0,0
0,0,0,0,20,72,0,0,0,0,0,69,0,0,61,0,0,0,0,0,103,0,0,0,0,0,0,69,0,0,0,58,54,98,64,61,0,0,0,58,0,0,0,0,60,0,0,0,0,0,0,0,84,0,0,87,27,0,0,0,103,0,0,0
0,0,0,0,82,0,0,0,0,0,0,0,0,126,0,0,0,0,0,0,0,0,0,0,0,59,0,0,0,0,118,0,55,0,0,0,0,0,36,0,0,0,0,0,0,0,0,75,0,0,0,0,0,0,0,0,0,0,0,0,57,0,0,0
0,0,117,59,0,0,0,0,0,46,50,58,0,0,0,0,82,0,0,0,0,64,0,0,69,0,0,0,0,0,0,50,93,0,59,0,0,0,0,49,0,0,76,88,40,0,0,84,83,73,41,0,0,0,22,71,0,0,70,0,0,0,0,0
79,0,0,0,35,14,0,0,0,0,0,0,0,49,0,0,0,0,0,43,0,0,96,67,0,0,0,0,0,0,118,0,0,0,0,35,0,0,0,53,0,0,0,0,0,84,54,40,0,0,93,69,47,0,0,51,0,0,61,0,0,0,0,0
0,0,0,63,0,67,84,38,0,0,0,0,78,50,0,73,0,0,0,0,99,0,0,0,0,0,0,0,0,0,65,47,0,63,80,0,0,0,0,76,0,0,0,87,83,0,0,51,44,46,66,0,0,0,0,0,0,78,81,0,17,79,0,0
0,80,43,0,0,0,44,83,0,75,0,0,0,0,67,60,69,0,35,0,0,0,0,28,0,47,41,0,0,0,0,59,63,79,0,0,0,0,69,0,0,0,0,0,66,0,0,0,0,88,74,0,0,0,0,73,0,53,69,0,0,0,61,0
79,0,102,0,8,0,47,56,0,24,67,0,59,0,0,93,42,0,25,66,0,0,30,77,0,96,0,73,0,79,0,56,0,103,60,0,0,83,0,0,0,66,0,105,46,0,0,35,0,0,0,0,0,65,0,0,0,0,0,0,0,0,0,0
0,0,0,76,57,0,0,46,0,0,0,0,0,0,0,0,0,72,0,78,51,0,109,0,70,0,0,38,0,0,0,0,0,0,0,39,0,0,0,100,58,0,0,89,0,0,50,0,86,97,0,0,0,0,0,65,0,0,0,0,0,0,0,0

73,0,102,42,0,0,0,62,0,0,0,0,42,0,0,0,0,0,0,0,59,21,0,0,0,0,0,0,36,0,0,0,0,89,0,0,0,0,78,0,0,0,0,0,68,0,80,0,0,35,0,79,0,0,80,79,0,68,0,0,0,0,63,0
0,0,0,92,0,0,87,104,0,101,0,0,0,0,0,0,0,0,0,0,0,46,0,60,52,0,66,62,0,0,65,0,0,0,0,0,0,78,0,0,0,77,0,75,0,25,69,0,0,0,0,0,0,93,0,50,0,0,0,110,0,0,45,0
83,0,64,86,0,50,0,0,0,0,45,0,0,0,0,0,0,0,0,101,0,0,0,0,0,0,0,0,79,75,0,63,0,64,66,71,0,0,61,0,0,29,0,105,32,0,0,49,0,0,63,61,67,61,47,59,67,0,0,55,0,55,0,61
60,0,80,0,31,51,0,69,72,0,0,49,0,58,0,0,50,0,0,75,0,0,0,61,0,0,53,0,0,0,0,0,56,0,0,47,0,0,0,0,0,77,0,0,0,0,0,63,38,0,0,0,76,40,75,0,0,73,36,0,0,0,0,0
0,54,0,0,0,61,0,0,107,0,114,0,77,0,83,32,0,0,0,0,64,0,0,89,0,0,0,60,0,0,0,0,70,0,0,0,82,0,77,0,0,0,0,103,0,0,0,0,0,0,42,40,0,0,0,0,0,48,0,0,0,0,0,0
54,59,0,0,64,0,0,65,0,46,0,0,59,0,49,0,62,0,85,0,0,67,0,62,0,0,0,0,42,49,49,0,71,0,33,0,82,0,66,0,0,0,50,0,0,58,0,87,0,0,0,0,53,0,0,83,0,0,0,0,0,0,0,0
0,74,84,55,0,58,41,0,0,42,50,0,38,0,0,0,0,88,0,0,38,0,69,0,0,58,82,0,0,0,0,28,0,75,0,0,67,0,0,0,61,0,101,0,0,57,0,0,0,36,0,68,0,0,0,0,0,0,0,60,59,72,69,0
0,0,0,0,0,92,0,0,0,65,62,46,0,53,39,0,0,0,57,0,0,0,0,0,42,0,0,0,61,0,0,0,0,0,0,0,0,0,0,0,51,0,62,63,0,0,69,0,63,0,45,0,0,0,0,56,0,89,0,98,0,47,76,48
0,0,63,61,0,0,0,0,60,0,0,0,0,78,92,0,0,0,52,78,0,0,57,54,0,0,0,52,0,57,0,0,0,0,0,40,0,0,0,0,0,42,0,0,0,0,0,35,0,34,0,0,0,0,50,106,0,0,0,57,0,0,0,103
0,0,59,0,0,0,0,73,0,0,0,40,0,70,0,0,0,0,0,0,0,0,0,0,57,0,0,0,53,0,0,0,60,0,49,0,0,0,0,0,0,0,71,0,0,0,0,0,0,0,0,0,0,59,0,0,0,0,0,0,0,0,0,0
0,45,0,0,0,0,0,0,42,0,0,0,67,0,0,0,0,0,0,0,0,0,54,38,0,0,0,0,0,49,0,42,84,0,0,0,0,0,0,0,0,78,0,0,0,81,0,0,0,62,0,0,56,0,0,0,0,0,0,0,114,0,0,84
68,0,55,82,0,0,0,74,68,0,0,36,87,43,0,0,0,0,0,0,0,81,62,0,0,0,0,47,0,0,0,72,76,0,67,0,0,0,0,0,0,0,0,52,0,0,0,44,0,0,0,0,0,0,0,70,76,0,0,0,0,0,0,60
74,0,72,0,0,0,46,0,0,0,53,47,0,0,0,0,0,112,0,0,0,0,57,0,53,0,0,0,0,0,0,0,0,74,0,0,0,0,0,88,0,0,0,56,0,0,0,85,0,0,0,0,0,69,62,0,0,0,0,0,0,0,83,43
0,0,0,0,58,96,0,0,0,50,0,97,0,0,32,62,60,0,0,0,0,57,0,0,0,0,0,0,65,0,69,0,0,0,87,0,59,56,0,0,0,71,0,0,0,75,0,0,99,0,0,65,0,38,0,59,0,68,0,0,0,0,0,0
0,0,71,0,0,0,0,0,0,72,0,74,62,0,96,0,0,0,0,73,90,63,0,106,60,0,0,0,0,0,51,0,0,51,80,0,0,0,0,94,73,0,0,70,67,0,0,50,0,77,18,0,0,0,74,0,0,0,0,0,0,0,90,47
78,0,0,83,0,0,0,0,0,0,67,0,0,62,0,0,0,0,0,0,0,76,0,0,0,49,76,80,0,65,0,0,0,94,0,0,0,0,80,0,0,0,0,60,0,77,94,0,0,0,0,0,0,62,0,0,0,0,82,0,0,0,0,0

0,0,0,82,0,0,0,0,0,0,0,0,0,0,0,0,0,25,13,0,0,0,55,64,0,71,0,69,0,0,0,0,0,0,91,47,0,61,0,0,0,0,0,0,71,0,48,0,0,0,51,0,56,0,35,73,0,0,97,50,0,0,0,0
0,0,71,33,0,0,0,0,67,0,0,0,0,0,0,0,39,0,0,48,74,0,0,0,0,91,0,0,51,70,0,0,62,0,0,0,0,0,0,52,0,51,0,34,0,93,0,46,0,52,65,0,0,0,0,0,0,0,0,0,0,62,57,0
86,61,73,0,0,0,0,59,0,0,79,0,0,59,0,0,0,0,0,0,56,0,0,0,0,63,0,0,0,0,0,58,0,0,0,0,0,0,0,31,94,0,0,0,0,47,0,77,0,0,0,52,0,0,65,67,0,0,0,40,0,0,0,75
0,0,68,35,50,0,0,0,0,51,0,0,102,93,0,59,0,0,0,64,0,0,94,16,51,0,0,0,0,66,29,0,71,0,0,0,20,81,0,0,0,0,0,76,67,0,0,43,0,0,62,0,0,0,0,81,0,64,0,0,0,0,0,88
40,0,0,0,0,0,0,0,0,37,0,0,0,0,45,0,0,0,0,0,0,30,0,0,58,0,38,0,43,49,0,0,0,52,0,74,64,87,0,0,63,0,62,60,0,77,40,74,0,0,42,0,80,0,66,99,0,0,56,54,0,0,0,0
0,81,35,47,0,0,0,0,0,0,0,0,0,0,0,63,0,105,35,0,0,62,0,0,41,82,62,23,0,0,0,40,0,0,0,0,0,0,0,0,0,0,0,95,0,0,0,0,65,0,0,0,0,0,77,0,0,0,0,0,0,54,0,0
0,50,0,0,0,0,101,0,0,80,0,54,0,0,0,0,54,69,0,0,0,82,0,53,0,0,0,0,0,60,0,0,0,0,0,0,0,0,0,0,0,0,59,0,0,79,0,0,46,69,0,0,0,0,0,56,52,0,0,42,0,0,0,0
0,0,0,0,59,73,36,0,0,0,0,85,0,0,0,0,77,0,0,0,0,0,74,103,0,0,0,0,0,47,0,87,0,0,60,0,85,0,0,0,52,0,0,52,95,0,0,47,0,0,0,0,0,0,41,84,0,0,0,64,75,0,0,0
0,94,0,0,0,67,0,59,0,0,0,0,0,0,0,0,0,0,0,37,0,0,0,0,35,68,0,0,94,0,0,0,73,0,68,0,0,57,0,0,0,0,0,0,53,78,0,43,0,0,63,0,63,0,0,0,0,0,0,82,0,0,0,0
0,0,59,66,83,0,0,0,0,0,0,56,0,0,0,0,0,0,0,0,63,0,0,0,55,0,0,0,0,0,0,81,46,41,0,60,0,0,79,49,0,0,0,0,0,47,24,43,0,0,0,79,82,80,0,90,47,50,68,73,0,0,47,43
0,0,0,0,0,0,0,0,0,0,0,0,69,0,74,44,72,0,0,60,0,0,0,0,72,0,97,0,77,0,0,70,52,73,90,55,0,0,0,0,62,49,0,52,0,0,0,0,0,0,0,0,0,0,72,0,0,0,0,0,0,54,0,0
0,65,63,32,0,0,0,0,0,0,0,0,62,0,0,0,63,0,0,67,63,0,0,67,85,0,0,0,0,0,0,0,0,0,0,0,0,0,66,0,74,0,0,0,0,0,0,0,0,0,0,50,0,0,0,0,0,0,12,0,0,0,96,52
0,99,0,0,0,41,0,0,70,85,0,90,0,53,0,0,57,0,54,61,56,0,0,0,42,0,0,0,73,65,0,59,0,0,0,0,0,0,0,0,0,0,0,74,49,50,0,0,0,0,86,0,0,0,0,0,0,36,0,0,0,116,72,0
0,0,0,0,66,0,0,24,0,0,0,0,0,0,49,67,0,51,0,0,0,35,0,0,74,0,0,0,97,0,80,0,0,0,88,99,0,0,0,0,0,88,0,0,0,20,0,85,0,0,58,43,44,0,0,0,0,0,0,51,65,0,0,0
0,0,0,69,0,0,78,0,0,43,0,24,0,0,0,0,0,0,61,0,0,0,54,0,0,0,0,0,0,0,0,0,49,85,0,76,0,50,0,87,0,0,0,0,0,0,0,0,0,0,0,0,58,0,0,33,0,0,0,0,0,0,39,39
0,0,0,87,0,0,45,0,0,59,0,0,0,0,0,0,0,0,0,103,65,0,0,43,76,0,0,0,96,108,0,12,0,49,80,0,0,0,31,65,0,0,0,0,0,0,39,0,83,0,86,0,0,0,0,0,0,0,0,0,0,67,54,60

0,29,61,0,0,0,0,56,80,61,0,0,90,0,0,0,0,71,60,0,0,0,0,0,0,51,0,0,0,0,0,73,0,0,0,63,0,0,60,0,53,0,82,0,0,0,48,0,0,0,0,0,0,0,0,57,0,0,86,0,0,0,0,0
0,0,0,64,0,58,76,89,0,0,0,0,56,0,79,0,0,29,0,0,0,69,0,0,67,0,0,0,0,0,0,0,0,0,0,0,75,0,103,0,0,0,49,0,0,73,0,77,0,73,0,0,0,0,0,0,0,70,49,81,0,52,0,40
48,54,0,0,0,0,0,37,0,0,77,0,0,68,0,0,29,0,0,81,75,79,0,70,73,0,0,0,63,0,0,0,0,82,73,0,87,0,0,0,38,0,0,46,33,0,0,76,0,0,0,0,0,0,77,0,0,0,0,0,0,0,0,0
40,0,40,0,0,0,0,0,0,0,0,71,0,62,0,31,0,0,0,0,0,0,0,71,0,57,0,0,0,0,0,0,74,38,0,0,0,41,96,53,99,0,0,0,68,40,0,0,0,0,0,0,64,0,0,0,0,83,0,63,0,0,0,0
0,42,0,0,34,0,0,68,56,0,0,0,0,0,0,65,0,0,0,0,0,0,46,0,65,0,81,18,66,0,0,0,0,0,76,0,0,0,0,53,0,0,0,0,0,0,19,0,0,21,0,0,0,33,88,0,0,0,0,0,26,0,85,75
109,53,0,0,86,0,0,0,0,0,0,0,0,0,0,0,0,58,0,63,0,0,0,0,0,60,0,0,70,0,0,77,0,0,73,0,0,55,55,55,0,0,58,0,0,0,0,36,0,53,90,0,0,0,43,50,0,0,62,0,0,0,0,0
0,0,0,0,73,0,69,32,55,0,0,67,0,0,0,53,0,76,0,96,0,0,0,0,55,85,0,0,90,69,69,0,0,50,80,0,0,0,91,0,0,0,64,0,37,0,0,59,0,0,0,0,0,0,0,66,75,41,0,46,0,0,70,127
0,0,0,56,0,0,0,0,0,57,0,0,0,0,0,71,0,0,60,85,0,0,0,55,0,85,0,0,77,0,0,74,60,0,0,80,0,51,0,0,0,0,0,0,0,0,0,69,0,0,0,49,0,0,0,0,0,45,0,0,0,0,0,105
0,0,74,89,0,0,0,0,0,40,0,59,0,0,0,0,28,0,68,0,19,64,0,0,0,0,10,51,0,0,0,73,74,69,0,0,30,0,0,0,0,76,39,0,0,87,0,0,70,0,0,0,61,64,0,0,0,67,41,0,0,0,74,0
0,0,0,0,0,0,0,96,61,55,0,72,0,80,0,0,0,68,0,0,0,0,0,0,81,55,60,0,0,0,0,0,0,0,60,0,0,0,0,0,0,0,0,0,0,0,0,0,46,0,0,0,60,108,0,77,65,0,75,0,0,0,0,71
0,0,0,53,79,0,0,0,60,0,0,0,91,42,0,71,0,0,0,0,0,0,0,0,86,0,0,0,0,58,0,0,70,19,75,0,0,0,53,51,50,37,0,0,0,44,37,0,52,0,0,0,0,0,100,0,0,99,0,0,0,50,0,0
0,0,0,0,0,0,0,0,54,0,38,0,0,42,0,0,59,0,0,118,0,35,24,0,91,47,0,0,0,0,0,0,0,0,98,0,61,0,0,66,0,0,0,0,66,0,18,0,80,0,0,0,0,0,0,38,89,0,0,0,0,0,85,0
94,0,0,0,60,0,0,62,72,0,0,0,66,77,0,0,0,0,92,0,51,0,95,72,0,70,0,0,0,0,0,43,78,0,73,0,0,0,71,35,0,0,0,0,0,73,0,0,0,46,0,0,91,0,0,0,0,0,0,0,68,58,0,0
0,0,0,0,0,0,65,57,0,0,0,0,0,0,0,0,0,0,0,0,0,0,27,0,0,0,0,0,0,0,0,75,0,0,34,0,96,53,0,0,48,24,78,57,82,92,0,0,0,0,0,80,0,69,0,0,0,0,0,57,0,34,0,0
0,0,0,62,0,0,31,27,0,0,0,0,46,76,67,0,0,0,0,56,58,0,57,0,72,0,0,0,0,0,0,57,0,54,0,0,0,0,0,0,0,88,0,103,0,90,0,114,0,80,0,0,0,81,41,0,66,0,32,0,0,61,0,0
0,0,0,0,0,0,0,0,0,0,40,0,0,0,0,0,26,0,0,48,0,0,0,0,76,0,63,0,0,79,61,0,0,0,36,0,0,58,0,66,0,81,34,0,0,43,0,0,0,0,0,82,0,0,0,0,0,32,0,55,0,82,0,0

61,0,0,0,91,0,0,55,0,51,0,0,57,0,51,0,0,39,0,0,0,0,0,0,74,0,0,0,0,0,0,63,0,0,0,52,0,39,0,0,0,79,43,72,0,0,77,0,83,64,0,49,0,54,0,99,47,0,58,0,0,0,0,73
0,0,0,0,0,83,0,0,76,70,66,0,0,0,46,80,0,0,55,0,96,0,0,0,0,0,0,0,0,0,0,0,0,54,66,0,0,0,0,0,0,62,0,67,0,67,0,103,0,96,0,0,0,0,0,0,0,0,0,67,0,0,0,0
0,0,82,0,0,0,0,83,56,39,56,0,61,0,0,0,0,0,103,0,0,0,0,0,0,0,71,0,0,0,0,0,43,0,0,0,0,0,0,0,0,0,0,0,102,0,0,0,0,0,0,0,0,0,0,50,57,69,0,0,79,0,41,0
0,0,0,0,0,0,0,0,0,0,0,0,0,0,0,0,0,0,62,0,0,0,0,0,0,0,0,0,42,0,0,0,0,0,0,0,0,0,0,99,69,0,0,84,0,55,0,0,0,55,0,0,0,0,54,12,99,0,60,0,0,25,0,73
0,97,48,0,0,0,0,71,0,0,75,0,0,0,0,0,0,0,0,0,68,0,93,59,0,0,0,0,70,0,0,0,0,43,0,0,62,0,0,0,93,0,0,0,0,45,0,0,88,0,0,0,74,0,85,42,0,0,45,71,0,71,0,52
94,90,0,50,0,0,0,0,0,32,0,0,0,0,0,0,0,0,0,0,0,48,79,0,0,0,0,50,0,0,0,0,0,0,0,0,0,71,0,61,0,0,0,0,83,0,0,0,0,0,0,70,0,0,47,0,85,0,75,50,0,0,35,83
0,32,0,0,0,69,88,75,64,0,0,0,60,0,0,45,0,51,0,0,0,0,0,0,82,83,0,0,64,0,0,0,0,0,26,0,0,70,84,0,0,60,0,0,0,97,54,0,0,0,54,0,0,86,0,0,0,0,0,60,0,0,0,0
0,0,0,0,91,0,0,0,0,0,86,44,0,0,0,86,0,0,69,0,75,44,0,0,50,0,0,0,0,0,0,0,0,0,0,71,70,0,0,0,107,0,0,0,0,0,0,0,0,0,0,0,60,111,0,0,76,0,0,0,0,0,0,80
0,78,0,0,0,80,0,36,0,0,0,82,0,0,61,72,81,0,0,0,65,98,0,0,0,0,0,39,0,0,0,0,0,0,34,0,44,0,0,0,40,0,38,0,0,0,0,0,0,58,72,63,0,71,0,0,0,51,0,0,38,0,0,0
83,0,68,0,0,0,124,87,86,0,0,0,0,40,55,0,99,0,0,103,0,0,77,84,0,0,0,0,66,0,0,0,49,0,0,0,0,0,0,0,87,0,0,68,0,0,0,0,0,0,0,36,67,80,0,0,0,0,0,46,0,80,0,68
0,0,0,0,0,0,0,0,63,95,0,0,0,0,0,0,0,77,0,0,0,43,68,78,34,109,0,59,60,0,0,0,0,68,0,0,0,70,66,0,0,0,68,0,0,84,66,0,55,101,0,0,0,0,0,0,0,41,0,48,82,80,0,0
0,74,0,90,0,69,25,63,80,0,0,0,0,52,0,0,0,0,80,0,0,0,0,70,75,0,0,76,0,0,0,0,0,0,0,0,0,0,48,0,64,0,0,82,0,0,0,58,54,0,87,0,0,0,79,0,0,0,86,60,0,0,0,0
0,76,0,85,0,0,31,0,50,90,0,0,64,0,0,111,0,0,99,0,0,0,63,0,0,35,65,0,0,0,0,0,0,0,70,0,0,0,0,0,0,0,0,0,72,0,0,49,0,0,0,0,0,0,73,0,35,0,0,0,0,0,0,0
0,65,0,0,0,0,0,0,76,0,0,61,0,0,55,0,0,0,0,0,0,0,34,0,56,0,60,0,0,0,0,35,0,33,0,0,39,0,102,0,0,61,0,0,64,0,62,0,0,0,64,0,0,62,0,0,0,0,84,62,0,95,0,0
75,79,0,0,0,0,70,0,0,0,0,44,0,0,92,0,0,0,0,24,0,69,0,0,64,0,0,0,79,0,63,0,35,0,0,0,0,0,0,63,53,68,0,0,0,43,0,67,0,0,72,46,0,48,0,0,90,0,98,0,0,41,0,0
0,0,0,0,0,0,0,0,0,26,0,70,0,0,72,73,69,0,85,0,0,0,0,0,43,0,0,78,0,0,0,0,0,0,0,0,0,49,0,105,0,0,0,0,0,0,47,0,66,89,0,0,0,40,0,0,0,0,0,0,83,78,66,0

61,0,0,0,0,0,71,0,0,0,0,0,52,0,0,76,0,0,0,0,0,79,109,0,0,56,79,31,85,0,0,0,0,0,0,0,0,0,0,0,0,0,71,0,0,66,0,0,0,0,0,0,0,0,0,0,96,0,93,0,0,0,0,0
0,0,0,0,0,0,0,0,0,0,0,0,0,0,0,53,0,0,0,0,0,0,0,0,0,0,0,0,81,0,90,0,0,0,0,0,0,0,0,43,0,0,0,0,0,38,0,0,78,0,0,76,0,0,0,89,0,0,60,0,74,0,0,0
0,0,0,0,72,0,0,94,58,0,55,0,0,0,0,63,0,0,0,0,0,0,0,71,40,100,0,0,0,0,0,68,0,93,0,0,0,0,54,110,0,0,0,0,0,0,71,65,0,0,0,0,34,53,0,0,0,0,0,65,0,0,0,0
50,35,0,0,59,0,0,69,79,44,35,0,56,0,0,35,0,0,0,0,63,0,0,0,0,0,51,0,0,75,0,0,0,0,0,0,0,0,0,71,0,49,0,0,0,0,72,59,0,0,0,35,0,53,0,0,0,96,98,0,0,0,0,51
0,0,55,0,0,0,0,58,0,55,39,0,83,67,81,0,0,0,0,0,82,65,0,0,0,62,0,0,0,0,0,0,0,0,0,49,0,0,47,74,52,91,0,0,60,0,0,71,0,0,41,80,0,0,0,49,0,0,0,0,0,0,74,44
57,0,43,0,0,0,0,0,92,38,0,46,44,0,0,52,0,0,0,0,0,0,0,110,0,68,82,0,0,54,68,0,0,0,0,0,0,0,0,0,0,0,0,0,14,25,0,58,0,63,65,0,0,0,0,94,0,0,0,0,0,70,0,0
94,0,58,0,0,0,0,0,0,38,0,0,0,0,0,0,0,0,0,76,43,0,0,0,41,0,0,0,0,0,0,90,0,103,0,89,0,0,0,0,0,84,35,50,12,0,65,0,0,0,0,0,0,0,43,0,0,0,0,0,0,73,0,76
0,0,0,0,55,0,0,56,0,0,77,0,70,56,0,0,0,28,0,31,0,0,44,0,77,0,0,0,0,0,0,0,52,0,0,48,0,39,41,0,0,0,0,0,67,0,0,0,0,88,0,0,0,0,0,0,0,0,0,0,0,49,0,0
0,53,0,0,0,60,0,0,0,0,0,0,125,0,0,0,0,0,0,0,0,0,69,70,0,0,98,0,0,115,0,39,53,0,0,0,0,0,0,0,0,37,0,0,0,85,0,0,0,59,0,0,70,65,68,0,0,0,0,0,88,0,0,0
65,0,0,0,0,0,0,0,53,0,0,0,0,0,0,0,0,0,45,79,0,0,76,25,54,0,0,0,0,66,84,84,44,0,0,87,0,61,0,0,0,0,0,0,0,0,0,0,0,0,0,0,75,36,63,0,0,0,0,0,87,0,0,40
42,83,75,57,0,59,0,0,0,51,0,69,0,0,62,75,0,39,0,0,59,0,0,0,0,0,0,0,0,0,0,68,89,38,47,61,0,0,0,0,0,0,0,0,0,0,0,0,65,0,52,0,0,0,0,0,84,0,0,47,94,0,0,0
0,44,70,0,0,0,0,101,121,0,0,0,0,0,0,0,0,0,0,64,0,0,80,40,0,0,0,0,0,0,0,0,82,0,65,0,0,0,57,0,0,65,30,0,0,0,0,93,0,0,51,0,0,0,0,0,0,0,0,0,49,0,38,82
0,0,0,0,0,0,0,0,39,0,90,52,0,0,0,0,84,0,70,0,0,50,0,0,72,54,0,77,0,0,67,69,94,0,0,0,0,0,0,0,58,0,0,0,0,0,0,98,0,0,52,0,96,0,94,0,90,0,0,0,0,0,0,0
45,104,72,39,0,18,0,0,56,52,53,0,0,0,39,0,0,0,0,0,0,0,54,0,0,0,0,54,0,0,0,0,0,57,54,0,0,91,64,0,0,0,58,90,0,0,0,49,57,0,50,56,68,0,71,83,0,0,0,52,0,0,0,0
0,0,0,0,0,0,0,0,58,0,0,0,75,0,0,0,0,0,73,63,106,76,0,0,101,0,0,0,0,0,0,0,0,0,0,45,0,0,94,0,91,0,0,0,56,0,0,0,87,0,0,0,0,99,9,0,0,0,0,24,0,0,0,0
78,34,68,0,0,0,0,0,81,41,0,0,34,0,0,0,0,42,0,0,0,0,25,0,86,0,0,0,0,0,0,55,0,0,0,0,0,35,0,0,0,0,29,0,100,0,0,0,0,0,43,0,0,0,0,0,70,0,0,0,0,87,0,0

0,0,0,0,0,47,0,0,0,0,83,65,106,54,0,0,0,51,56,0,0,0,0,0,0,71,48,0,58,0,51,0,0,0,0,0,0,44,68,0,0,0,0,42,0,77,0,72,0,0,0,0,0,0,89,64,0,0,0,0,0,96,0,0
87,0,0,72,0,0,0,0,50,64,0,0,0,43,0,0,0,0,0,0,51,45,0,29,54,0,0,71,0,0,0,0,0,0,0,0,44,0,0,0,53,81,0,77,0,0,0,45,52,0,0,72,0,0,0,46,0,0,79,0,0,0,0,0
0,0,56,0,0,0,0,0,0,89,69,0,0,0,0,0,0,0,0,0,63,0,73,0,0,0,0,0,74,0,0,0,47,0,0,0,0,84,101,81,0,66,40,0,61,0,0,0,0,0,0,0,0,0,0,83,0,89,0,0,0,0,52,0
0,0,0,0,0,0,0,75,16,0,48,0,0,0,0,0,0,0,0,0,0,0,0,0,49,0,0,109,83,0,78,67,0,0,0,0,108,0,40,0,30,0,0,0,94,0,58,82,0,0,0,0,69,0,0,58,0,0,0,0,72,0,0,0
0,0,0,0,0,0,79,72,0,92,0,0,0,0,0,0,0,0,0,75,0,0,0,0,51,63,0,0,0,73,78,0,0,0,46,79,0,94,107,86,0,0,73,0,50,0,81,0,82,0,0,61,0,0,0,0,0,0,0,44,0,0,71,0
56,0,30,0,56,0,90,0,86,0,0,0,0,0,0,65,0,60,75,38,34,72,0,57,0,20,0,0,65,30,0,0,92,0,0,42,0,0,0,0,0,0,99,60,0,0,59,0,0,80,0,0,0,0,58,0,0,64,53,0,77,0,30,22
82,43,0,73,0,0,0,0,0,44,49,0,79,0,0,74,0,0,0,0,0,0,61,79,68,0,0,21,58,0,52,0,0,57,75,0,0,0,0,0,0,0,0,49,0,0,0,0,0,0,0,102,0,0,0,67,0,83,0,46,54,0,0,0
0,68,0,51,0,0,0,66,0,0,0,0,38,0,0,36,0,62,0,0,0,87,0,0,0,70,0,62,0,55,0,0,53,0,67,0,81,80,0,0,43,67,78,37,0,0,0,0,44,100,0,0,101,0,31,41,0,0,0,0,0,93,0,0
0,65,86,43,0,0,0,0,0,78,0,0,0,0,0,0,47,0,77,0,0,56,0,0,82,0,0,0,39,43,0,90,0,100,0,0,0,0,0,0,0,0,0,0,0,0,31,0,0,0,0,0,92,0,0,0,0,0,0,0,0,0,0,0
0,61,0,0,0,0,0,0,0,0,0,72,0,63,0,0,0,0,0,0,0,0,0,0,0,0,0,0,0,58,67,64,0,67,0,0,0,0,0,91,0,0,0,0,65,0,106,0,0,84,0,0,0,0,68,0,0,38,0,60,58,0,0,0
0,0,0,0,0,0,69,0,0,0,87,0,0,61,88,51,0,0,56,0,0,0,0,0,66,0,0,0,0,0,84,70,0,87,29,66,73,0,0,0,48,0,0,0,0,0,0,0,0,57,0,0,0,53,71,72,93,0,0,0,0,0,0,0
0,0,0,0,0,0,0,0,0,0,0,0,0,61,0,63,44,0,0,78,0,0,0,74,0,0,0,0,0,79,0,56,0,0,56,0,0,0,0,88,0,0,27,0,63,0,0,0,0,0,0,0,0,0,0,63,58,57,0,53,0,0,0,0
60,0,31,82,0,0,0,0,0,0,48,111,76,0,0,69,87,0,0,0,0,0,89,0,0,0,0,0,102,65,81,0,0,0,96,67,0,0,0,58,0,0,61,67,58,0,52,0,0,0,0,34,0,0,0,0,0,0,0,0,87,0,77,0
0,0,60,0,45,0,0,0,0,0,0,62,0,0,0,44,0,0,0,42,66,0,0,0,63,0,0,0,0,0,45,56,77,0,0,53,0,75,0,0,0,0,0,0,0,0,58,0,0,0,25,0,62,0,66,0,0,0,0,0,0,0,0,0
0,60,0,52,0,84,0,68,0,0,0,0,0,85,59,0,53,0,0,0,0,0,0,50,0,0,0,0,0,0,72,0,0,0,74,0,104,0,0,67,69,0,46,74,26,58,0,0,0,65,0,0,0,0,0,0,0,51,31,78,0,0,0,72
0,0,0,0,0,93,65,0,0,38,0,0,66,0,56,0,0,0,0,54,0,0,0,78,67,0,43,0,81,87,0,0,0,47,54,69,69,0,56,99,82,0,50,0,62,0,0,0,0,76,0,0,68,79,0,0,96,0,92,0,0,0,0,0

0,0,95,0,19,84,85,71,0,40,0,46,0,0,0,0,0,0,0,0,0,0,108,0,0,0,104,0,0,0,0,0,0,0,0,0,0,0,0,0,0,73,0,0,30,95,0,78,0,0,0,0,0,86,0,0,0,0,0,0,0,0,0,93
0,62,0,0,69,66,0,0,75,80,0,0,65,0,78,0,0,0,105,0,0,0,0,74,58,0,0,0,0,0,0,55,49,0,49,0,0,0,0,0,0,0,61,0,79,59,0,0,0,0,0,71,36,0,0,66,0,0,0,0,0,0,0,0
77,57,0,0,0,55,0,0,56,0,0,0,0,0,35,0,51,0,0,0,0,0,0,0,0,0,47,0,53,0,0,0,69,0,61,71,75,95,0,68,64,0,0,0,48,0,0,0,0,0,0,0,0,23,0,0,0,0,73,0,0,0,0,0
0,44,0,0,0,0,0,59,0,100,0,0,0,0,0,0,97,0,74,0,0,0,55,0,0,0,0,0,0,0,0,0,48,0,0,0,0,78,0,0,0,0,0,35,50,0,0,0,0,31,0,66,0,0,0,0,0,100,78,0,0,66,0,0
0,0,0,0,0,85,25,78,59,0,0,0,22,0,64,57,0,0,66,0,0,0,33,0,0,0,0,49,0,0,54,0,42,0,0,0,0,0,0,69,0,59,0,0,0,0,0,43,50,67,0,0,0,0,0,0,83,0,61,75,0,0,0,35
0,36,42,89,0,77,0,0,77,0,0,0,72,0,0,0,0,51,0,76,0,42,0,0,0,0,0,50,0,31,0,0,35,0,96,115,0,47,0,0,0,0,71,0,61,96,0,73,68,0,0,0,0,0,67,0,92,0,65,39,0,0,0,0
0,0,0,66,0,70,66,42,0,0,0,0,74,0,0,39,86,113,75,0,0,0,0,34,102,0,0,0,77,0,0,0,37,0,61,91,0,0,0,40,35,91,0,64,0,57,0,78,0,34,0,0,0,0,41,0,0,48,0,54,0,0,82,0
45,0,0,0,0,0,0,52,0,50,0,0,0,0,0,0,94,0,0,0,0,89,14,0,0,90,89,84,0,0,0,0,0,0,37,0,53,0,0,64,87,0,0,0,82,0,0,0,0,51,0,0,70,0,47,0,0,0,47,0,57,0,0,103
0,0,0,0,44,0,0,0,58,75,0,0,71,63,0,0,0,0,0,50,0,0,96,52,53,0,61,0,28,63,54,54,0,0,61,0,0,0,33,18,86,0,70,0,0,0,61,0,0,0,0,94,0,0,0,0,78,54,0,0,0,50,0,44
47,0,0,0,0,59,0,51,0,46,0,0,0,16,0,0,0,70,0,0,0,0,69,0,0,0,0,0,0,0,77,0,0,0,92,0,0,0,0,0,67,0,0,66,0,0,39,0,66,0,0,81,47,0,0,0,0,0,0,0,31,0,53,0
101,0,50,68,0,74,0,51,0,86,0,0,0,88,0,0,81,0,0,37,0,0,0,0,0,81,0,17,0,0,0,0,0,0,0,0,38,46,0,0,0,0,0,0,0,25,0,0,45,0,0,0,0,0,79,64,0,0,0,0,0,0,62,56
0,0,61,0,0,74,0,0,51,0,0,0,0,43,0,38,16,0,70,0,0,73,0,0,0,0,43,97,76,0,16,0,0,0,0,0,0,43,0,3,0,0,0,102,0,0,98,0,53,0,103,61,0,0,58,0,0,78,0,82,0,0,52,71
84,0,0,37,70,61,55,102,0,0,0,0,0,0,67,0,0,0,94,0,86,0,0,85,0,55,0,0,0,106,0,0,0,0,0,0,0,0,0,0,51,48,0,0,0,0,0,0,24,59,71,63,50,70,0,0,49,0,0,0,0,0,0,0
22,0,40,106,0,59,0,0,0,65,0,0,0,0,0,101,0,0,0,91,0,73,0,59,0,0,0,0,0,42,68,0,0,0,97,0,92,0,0,63,0,0,0,47,0,73,0,0,61,0,26,0,0,0,0,0,32,0,0,0,71,77,0,0
0,89,0,0,0,0,71,89,92,91,72,46,0,0,0,0,56,0,0,0,0,0,59,62,66,0,0,80,0,32,69,53,0,0,59,0,0,0,0,0,0,0,0,0,0,87,73,75,0,0,48,90,0,0,0,0,0,77,0,104,0,0,0,0
0,40,0,107,0,102,0,0,0,0,0,0,53,25,104,0,68,0,0,88,0,0,0,0,0,92,0,62,0,0,90,36,101,0,69,37,0,0,0,0,89,0,0,0,0,0,44,0,0,0,79,8,0,0,61,19,0,0,0,0,0,0,40,0

56,64,0,0,48,0,0,0,90,0,61,0,0,0,0,0,0,0,0,0,48,35,0,0,0,0,0,0,0,0,0,0,80,78,73,0,0,72,0,0,65,0,0,78,0,0,0,0,85,0,61,0,81,51,0,0,0,0,0,0,0,48,0,0
63,76,0,0,0,0,0,40,53,0,0,0,0,0,0,0,0,0,0,0,46,0,90,0,103,0,0,74,0,0,0,65,0,0,0,0,0,0,50,0,0,0,0,0,0,0,85,0,65,58,0,0,0,0,0,0,73,0,64,0,50,88,0,0
0,67,57,85,0,64,80,0,80,0,0,83,0,59,0,69,0,65,0,0,0,0,83,0,44,43,70,0,0,0,66,80,0,78,69,0,0,0,73,0,0,0,0,0,0,0,0,0,0,0,0,50,0,0,0,0,0,0,0,0,0,0,54,0
0,0,0,72,0,0,0,0,0,0,0,0,80,0,0,0,0,0,51,0,0,0,0,0,0,0,70,0,0,0,0,0,0,0,62,82,74,0,45,0,0,0,0,0,88,56,0,0,0,55,66,49,25,0,0,0,0,0,0,0,45,0,0,76
0,0,0,0,0,0,0,25,0,0,32,37,0,0,0,0,73,102,0,0,0,70,0,0,0,60,49,84,0,0,41,82,0,78,32,70,52,0,0,100,0,0,58,51,71,0,0,0,0,69,127,70,0,0,42,0,0,0,0,0,0,0,0,0
0,0,0,0,0,47,0,0,95,0,0,0,0,48,72,0,78,0,107,53,0,60,75,0,101,0,0,0,0,0,74,0,0,0,0,0,0,0,100,0,0,0,0,0,0,0,0,64,0,0,0,0,0,105,96,0,0,0,0,66,0,73,0,86
0,71,0,0,0,59,64,0,0,76,0,0,0,0,73,0,81,0,0,0,0,88,0,0,0,0,77,0,70,53,0,0,60,57,0,0,0,51,0,0,0,100,0,0,59,0,0,64,0,0,0,0,72,0,0,0,0,88,0,54,0,0,86,43
0,0,0,83,57,0,0,68,55,0,0,80,31,0,0,87,0,0,0,0,0,0,55,64,0,0,90,0,0,0,0,66,0,0,0,66,0,0,0,0,0,0,0,0,0,0,24,0,0,0,0,42,0,0,0,64,0,0,0,0,53,0,0,0
0,0,0,0,0,0,9,72,0,0,0,0,75,37,0,83,94,0,0,0,0,0,0,53,0,29,0,62,28,0,70,0,55,0,59,0,0,33,99,0,0,33,0,0,80,0,0,0,0,0,73,0,0,66,0,0,0,0,56,84,0,0,0,44
75,0,0,0,0,0,0,0,34,0,0,56,0,49,83,0,67,0,0,74,0,0,86,61,0,0,0,48,0,102,70,0,0,0,0,0,0,0,0,73,0,0,0,0,0,0,0,0,0,0,0,0,0,0,0,0,27,29,0,0,50,0,0,63
0,0,67,57,0,0,0,0,85,0,0,0,0,0,0,0,82,61,53,0,64,70,64,0,0,0,0,32,69,68,53,93,76,0,0,0,0,88,0,0,0,0,0,0,73,0,0,36,0,0,0,63,0,60,80,0,0,0,64,0,0,26,0,0
0,0,91,0,0,0,0,64,108,36,0,0,0,64,0,0,0,0,0,92,0,0,0,0,0,61,56,70,0,46,0,0,0,87,0,48,0,0,0,0,85,0,0,43,0,0,0,0,0,64,0,0,0,0,43,0,0,73,42,49,0,0,56,0
69,44,0,0,0,0,0,0,0,0,64,0,0,0,0,0,0,0,0,0,0,0,0,52,0,61,0,0,92,0,0,0,52,0,0,0,0,0,76,0,0,0,0,86,0,0,0,0,0,0,0,0,0,0,0,0,0,0,0,0,52,0,0,0
0,0,0,55,0,0,0,73,0,0,0,0,0,0,0,0,82,0,0,0,0,0,0,20,0,0,28,0,0,0,0,33,0,0,0,0,21,0,73,0,25,0,0,0,0,0,0,0,0,0,92,64,0,52,86,54,48,46,0,0,27,64,66,0
65,0,27,0,94,0,0,0,0,0,0,0,32,0,0,0,0,0,0,0,0,0,0,69,0,104,0,40,0,0,55,0,0,0,0,0,0,0,0,0,0,0,0,0,0,0,43,0,68,0,0,0,110,0,0,44,23,0,0,0,0,75,0,0
63,0,0,0,0,0,0,0,0,0,0,77,0,0,104,64,92,74,61,0,91,0,0,0,64,0,0,0,0,0,60,0,0,0,0,0,0,0,0,47,36,0,0,40,0,0,0,44,0,0,0,54,38,0,0,0,0,54,0,0,0,0,0,0

43,0,0,0,0,78,0,0,0,0,61,0,0,0,0,0,21,30,67,0,0,39,0,0,27,0,67,0,0,50,0,0,0,79,77,0,80,0,0,67,0,52,83,0,70,0,0,0,0,0,0,0,50,0,0,0,0,103,68,0,72,35,0,0
53,0,0,0,52,33,0,65,0,70,0,0,0,0,0,48,80,0,0,0,0,76,2,0,77,40,0,0,0,83,65,80,0,0,0,0,45,0,0,0,0,0,83,0,0,0,43,76,0,0,64,0,0,0,64,0,0,0,0,0,0,44,59,0
0,0,53,0,0,82,62,0,0,0,0,0,71,52,0,0,67,0,0,0,0,0,0,75,53,0,41,0,80,0,0,0,0,51,0,49,0,0,0,0,0,54,47,82,0,0,0,0,0,16,0,73,0,0,82,0,0,48,0,0,68,0,92,70
78,53,0,0,71,65,0,101,0,40,0,0,60,0,70,57,0,0,0,90,0,0,0,0,32,0,0,0,0,0,0,0,0,0,0,0,0,0,0,24,0,0,0,93,91,0,0,77,0,0,0,0,0,65,0,0,0,52,0,0,0,103,0,0
82,75,0,0,70,0,0,0,63,0,0,0,0,49,0,0,0,32,71,48,37,0,0,66,0,68,0,0,0,39,0,98,73,73,0,0,30,0,0,0,0,0,0,0,0,69,0,0,0,0,65,62,0,0,0,0,30,59,0,0,0,45,0,0
0,53,75,90,0,0,0,73,0,59,0,0,78,0,0,0,53,0,0,108,0,73,0,0,0,0,0,0,0,34,0,66,0,48,57,64,0,0,0,57,51,67,0,0,80,0,0,54,0,52,85,67,83,0,0,0,40,0,0,57,71,0,0,0
0,0,0,81,0,83,0,54,0,0,94,0,0,0,0,0,0,0,0,0,0,0,56,0,0,0,69,25,0,68,33,56,35,0,0,0,0,0,23,0,0,0,56,0,58,0,0,0,0,0,51,0,0,73,36,0,0,0,85,0,56,0,0,0
0,69,0,0,0,0,58,0,0,0,0,0,0,89,0,0,0,0,0,0,0,0,0,0,120,0,0,0,47,80,0,0,0,45,0,0,0,0,0,51,0,60,0,0,0,0,0,0,0,66,0,0,0,0,0,64,0,0,0,0,0,0,0,55
0,42,0,84,0,0,0,0,0,85,0,0,0,0,0,0,0,59,0,0,0,0,77,0,65,0,0,68,0,0,0,0,0,0,0,0,0,81,65,0,97,0,109,0,0,0,42,73,67,62,45,57,0,27,0,0,0,0,0,46,0,0,0,0
0,0,71,0,86,23,0,0,0,49,0,0,0,0,0,60,0,47,52,0,0,61,0,52,0,0,0,32,0,55,0,0,0,59,0,85,0,65,0,0,0,0,64,42,82,0,0,0,0,0,0,0,0,0,90,0,0,0,37,67,69,0,0,60
0,24,74,0,0,0,75,0,0,0,0,0,56,0,0,0,0,0,41,61,63,0,50,0,0,0,44,51,0,0,0,0,0,0,0,0,70,0,0,0,67,0,0,66,0,0,71,0,0,84,51,0,44,35,0,0,0,0,0,0,0,40,0,0
78,0,74,78,0,42,0,0,0,0,0,0,0,0,0,0,0,0,0,0,0,38,0,0,0,0,23,55,0,72,52,65,0,0,0,49,0,0,0,0,0,103,63,0,0,0,79,0,0,0,87,0,0,0,0,0,77,0,0,0,0,63,0,0
0,65,0,0,35,66,0,0,68,0,0,0,0,0,0,64,0,0,0,0,0,0,49,0,0,0,0,0,0,0,0,0,0,0,0,0,0,0,86,0,0,0,31,0,0,86,38,0,0,0,0,0,22,0,0,81,62,76,0,88,0,0,0,0
70,0,0,0,0,0,0,0,73,0,0,69,57,90,68,0,72,0,0,0,0,61,0,38,74,0,0,78,0,42,74,49,0,0,0,0,0,0,0,74,0,0,0,60,0,0,0,0,0,84,0,0,0,0,74,0,0,0,0,0,99,0,0,0
0,0,0,0,45,15,0,0,31,0,0,0,0,60,0,69,0,0,0,0,0,44,0,0,71,0,0,79,37,74,0,0,20,0,0,0,0,0,0,76,71,68,0,98,0,0,0,0,0,60,0,0,0,0,0,85,64,0,0,0,0,0,63,0
0,0,0,0,47,86,0,0,40,0,0,0,0,0,73,0,0,0,50,0,74,0,0,0,0,0,32,0,74,0,0,40,85,0,36,36,0,0,0,0,95,0,0,0,0,0,0,0,72,64,0,69,0,87,0,0,0,0,0,35,30,0,65,72

0,0,82,70,0,0,79,0,0,79,0,68,0,0,48,0,75,0,64,0,0,0,0,0,0,0,74,68,0,101,0,109,0,0,49,48,0,0,61,32,56,0,61,51,80,71,0,0,61,0,64,0,0,0,0,96,77,0,52,0,0,0,0,0
0,0,70,0,0,0,0,0,0,0,0,0,107,0,0,0,63,0,0,0,42,0,0,0,0,0,69,41,0,94,0,63,0,0,67,0,78,0,0,0,80,68,84,0,0,0,0,0,0,76,0,0,0,0,0,99,0,0,0,0,0,36,51,0
0,0,0,86,0,46,0,0,72,0,0,88,0,0,90,0,0,0,0,50,0,0,0,73,0,0,0,101,101,0,0,0,73,0,0,60,0,0,0,0,51,0,0,0,0,0,0,91,0,0,0,0,0,0,75,0,0,0,54,27,64,0,93,0
53,55,0,0,0,43,0,29,0,0,0,0,0,89,0,0,0,0,0,58,0,0,0,88,0,0,0,0,0,0,0,50,0,0,49,0,0,0,40,53,0,0,0,0,0,0,73,0,0,0,0,80,0,0,0,0,0,0,0,0,62,0,0,0
0,0,70,49,0,58,0,0,0,0,0,0,0,0,0,0,0,64,0,0,0,0,68,0,0,0,0,0,0,0,62,0,0,77,57,49,86,0,0,40,0,0,65,0,0,69,0,0,0,0,52,0,0,0,0,71,48,0,0,77,0,0,0,0
0,0,0,0,78,0,87,0,57,71,0,66,82,39,70,94,0,0,0,0,0,0,38,0,0,0,0,0,98,0,0,0,0,0,0,0,0,0,0,46,0,0,57,0,103,0,0,59,51,0,0,52,0,0,0,0,0,85,0,0,0,56,0,0
77,0,0,0,117,0,0,87,46,0,0,0,0,46,0,107,55,0,0,0,82,0,0,0,0,0,0,0,0,61,0,0,0,0,64,0,0,59,86,40,94,0,50,48,64,0,61,0,44,106,0,0,0,61,56,0,0,53,0,25,0,0,0,0
0,0,53,55,110,0,0,0,0,0,0,0,0,79,0,0,69,0,0,64,97,58,0,0,49,0,51,0,0,0,73,66,0,0,0,0,0,0,55,52,59,77,90,0,0,0,0,0,0,0,96,0,58,0,0,0,0,0,0,0,0,0,0,0
82,0,0,0,0,75,0,0,75,0,0,0,0,0,0,0,0,0,0,0,0,0,0,34,0,0,90,0,73,0,0,0,0,26,0,67,0,0,0,71,37,48,0,72,50,0,110,0,0,0,108,68,0,0,0,0,89,0,56,0,62,0,0,0
0,53,88,76,0,0,0,0,0,21,0,0,0,71,0,17,0,0,0,0,0,0,0,0,49,0,69,61,0,0,0,0,0,0,0,58,0,0,76,0,51,0,46,0,0,28,0,95,0,0,117,68,60,64,0,0,0,0,68,0,0,0,0,0
0,0,0,0,0,127,65,82,0,0,0,0,0,0,0,0,0,0,80,0,0,0,56,0,0,0,0,38,0,0,48,92,0,42,0,0,59,81,0,0,0,0,0,0,0,0,0,0,52,92,66,0,0,0,0,0,0,56,0,71,71,0,0,0
58,0,0,0,67,0,0,0,0,70,0,0,0,0,0,61,0,0,55,0,0,0,0,0,33,0,0,0,0,0,0,75,0,57,0,79,61,83,0,39,50,0,0,75,0,0,50,113,58,40,0,0,41,0,0,0,0,0,65,47,49,0,88,0
0,20,0,0,0,0,0,0,0,0,0,0,112,0,0,0,74,0,0,0,0,0,81,61,0,0,0,0,92,59,0,0,0,0,110,0,0,0,0,0,0,0,80,0,90,86,0,0,0,0,85,64,0,0,76,0,0,0,0,0,0,0,0,53
0,0,56,75,58,0,0,0,0,0,55,0,0,88,0,0,0,53,0,118,0,0,0,0,66,0,75,56,0,55,50,64,0,0,0,0,0,0,0,0,0,0,0,0,0,0,67,0,0,46,0,0,0,0,0,0,79,0,78,0,0,0,0,0
0,0,0,0,0,58,68,0,57,0,93,74,73,0,0,0,0,40,78,41,49,0,0,0,0,0,0,77,0,33,0,50,0,0,0,0,0,0,0,0,0,0,0,81,0,121,117,89,61,46,0,0,0,0,0,75,0,0,0,82,0,0,0,83
0,0,45,0,0,0,0,75,79,58,0,0,0,0,0,0,71,0,0,0,0,51,0,53,22,79,107,0,34,0,67,0,65,84,91,0,0,87,0,0,0,69,0,0,0,62,0,0,0,0,0,102,0,55,0,0,0,102,0,0,0,0,78,0

63,0,0,73,0,77,66,0,0,69,0,0,58,0,38,44,93,56,0,44,64,0,70,0,0,62,0,0,0,0,0,59,0,0,19,0,0,0,0,0,0,0,81,0,0,0,69,77,0,0,0,0,0,0,0,102,0,0,35,0,79,0,0,42
0,0,0,0,0,0,0,0,0,0,0,0,0,0,0,74,0,0,0,0,45,0,0,0,79,0,75,0,56,0,64,0,69,70,0,0,63,0,0,52,0,63,78,0,0,98,0,0,80,75,0,0,0,0,0,0,0,58,0,0,0,0,0,0
0,51,0,0,89,0,73,57,49,0,0,73,0,71,0,0,47,70,84,78,78,0,0,0,0,0,24,0,0,0,0,0,54,0,57,0,0,0,0,0,0,0,0,0,0,0,0,0,0,0,55,0,0,0,0,0,0,0,0,0,0,75,56,0
0,0,0,53,0,0,0,33,0,84,0,0,95,0,55,51,0,70,0,0,0,0,0,0,0,0,54,72,0,0,0,0,0,0,0,0,0,0,45,0,64,88,73,0,0,0,80,0,0,37,0,0,79,0,73,86,0,0,0,0,45,0,0,0
0,0,0,99,70,0,0,0,73,0,0,75,46,0,106,0,46,0,0,0,0,0,0,84,59,0,0,0,25,0,0,0,0,52,0,0,71,0,0,0,0,0,0,34,106,0,0,0,28,0,0,0,0,0,21,0,0,98,58,0,0,0,0,0
0,98,88,0,0,70,0,0,53,63,0,0,0,0,0,77,0,0,0,65,66,0,0,0,42,0,0,0,0,0,53,0,0,0,0,0,62,66,0,0,0,68,55,0,0,0,0,53,0,53,0,0,0,0,69,0,0,46,22,0,0,0,0,53
62,71,66,0,31,0,0,50,79,74,81,38,0,0,37,0,0,0,82,0,0,90,0,55,59,0,45,65,0,0,0,0,0,0,0,0,0,0,45,0,0,0,81,0,42,0,0,0,0,32,0,0,0,0,0,68,55,0,0,0,0,0,63,0
0,0,50,0,0,0,0,0,0,0,0,0,0,37,68,80,0,0,0,0,0,0,0,0,0,0,0,0,78,0,46,0,0,62,72,0,0,0,74,0,69,0,83,0,0,0,0,0,53,0,0,0,0,0,0,0,0,0,0,0,0,0,80,0
0,0,0,0,0,50,0,0,0,0,63,0,58,0,0,0,92,0,0,66,0,0,0,33,0,0,0,0,0,0,0,0,55,0,25,74,0,0,0,48,0,0,0,0,58,42,78,34,0,15,32,83,0,0,0,0,0,0,0,0,0,63,41,65
0,0,0,0,0,0,0,50,60,0,77,74,0,0,0,0,72,61,0,88,0,0,0,72,0,75,0,0,0,0,0,80,0,0,0,67,0,44,96,0,0,83,81,0,0,0,0,52,0,0,0,0,61,45,0,0,0,0,71,78,0,0,39,0
0,99,67,0,0,62,49,0,0,0,60,0,62,68,0,78,74,0,0,0,40,0,0,0,0,93,84,0,0,0,0,0,0,36,26,0,0,0,0,0,0,0,0,0,73,61,0,0,0,77,0,0,63,0,0,0,0,70,0,0,0,0,13,0
0,83,0,0,0,113,0,0,48,0,86,0,0,0,0,0,0,0,0,27,57,0,0,0,0,92,0,0,0,0,0,0,0,0,0,0,45,0,0,0,85,0,0,0,0,39,47,50,0,0,78,0,71,0,0,65,89,0,74,36,0,78,0,0
0,0,0,0,0,46,93,46,0,51,0,64,0,0,0,104,0,92,0,0,0,0,0,87,0,0,52,0,101,24,0,0,0,0,0,0,0,0,53,0,0,0,0,0,0,0,0,53,0,0,67,0,73,0,69,62,0,0,52,0,0,0,47,0
0,55,0,0,0,0,0,65,58,65,0,72,0,0,0,0,0,78,0,45,53,0,0,75,72,0,0,54,99,0,0,0,0,0,0,0,0,0,47,0,67,0,23,56,0,75,0,93,0,0,65,0,0,99,0,0,90,0,0,60,0,0,0,0
0,73,0,49,0,37,58,0,0,0,32,0,47,0,0,0,90,76,0,85,0,0,69,78,0,0,0,46,22,0,0,64,62,68,0,0,0,44,0,0,75,0,0,0,0,0,0,33,0,90,80,0,0,0,0,0,0,0,72,0,36,0,37,33
78,100,0,0,0,61,0,0,0,78,20,0,0,41,0,66,0,0,88,35,46,0,0,76,0,0,0,0,0,0,0,0,94,0,0,63,0,0,0,0,0,77,68,0,0,0,0,0,0,56,0,0,0,24,0,0,61,0,0,48,88,0,0,54

61,57,0,0,34,0,0,60,31,0,0,0,0,0,0,0,0,0,0,0,0,79,72,65,46,72,77,0,0,0,0,0,83,62,0,0,57,0,0,0,0,0,0,0,0,0,50,0,0,70,31,0,86,0,0,0,0,0,80,0,57,53,0,0
0,0,35,0,0,0,0,0,73,0,0,0,0,0,0,0,68,0,37,0,0,85,32,0,0,61,0,0,34,0,0,87,69,0,0,53,0,0,0,58,0,0,0,0,51,0,0,0,78,0,80,58,0,0,0,0,0,0,0,0,0,48,0,0
0,0,0,0,0,0,0,60,0,0,98,0,0,0,0,0,0,0,0,0,69,0,41,0,49,109,0,0,0,0,0,0,67,90,0,0,0,0,0,78,0,0,59,0,0,0,0,0,0,69,0,0,76,75,72,0,88,0,0,0,0,87,50,0
0,0,47,65,0,0,0,0,0,0,23,69,65,0,0,113,49,72,0,0,0,0,0,0,0,0,56,0,0,68,0,0,38,63,0,0,0,0,50,66,0,0,0,78,0,0,0,57,0,0,0,0,0,0,0,72,66,0,0,84,37,0,39,56
0,0,41,0,0,0,127,0,0,69,0,0,0,90,57,0,0,0,0,0,76,0,0,0,0,0,41,0,45,81,67,0,66,0,0,0,0,0,0,0,68,59,0,0,67,0,0,0,74,0,71,0,0,0,0,0,0,75,0,0,0,52,0,0
0,0,56,0,35,0,80,0,0,47,57,0,0,0,75,0,120,0,66,73,0,0,59,0,53,0,0,0,0,0,0,0,0,81,0,0,46,0,0,0,0,0,0,0,63,0,0,0,0,62,0,0,0,0,0,67,60,56,59,0,0,0,0,0
0,43,0,0,69,0,0,0,0,0,0,0,0,0,0,92,0,0,0,0,0,74,0,126,32,60,0,32,0,0,0,0,0,15,0,0,48,0,0,0,0,0,0,0,63,106,0,0,0,0,0,34,74,0,0,89,0,0,0,0,0,0,0,66
0,0,84,0,0,0,0,0,66,80,71,0,0,0,0,0,0,0,62,0,0,0,47,0,0,62,78,0,0,0,67,0,0,54,104,75,0,0,0,0,97,0,52,0,0,38,0,0,0,55,0,52,0,89,0,102,125,71,0,0,0,0,69,0
0,0,0,0,0,0,40,82,57,35,0,0,0,0,94,41,0,0,0,0,0,0,44,48,0,0,0,78,72,41,0,0,0,60,46,0,0,0,0,0,0,0,0,0,0,0,0,0,55,0,0,0,86,0,84,0,0,60,0,0,71,0,0,0
63,0,89,0,0,34,0,0,0,0,0,0,0,0,0,0,0,0,77,0,88,0,0,0,0,0,0,0,78,0,0,0,97,0,0,70,0,59,0,33,0,0,51,0,0,0,0,34,0,43,0,0,78,0,0,0,0,0,0,0,0,0,0,0
0,0,29,0,63,30,86,0,0,52,117,47,0,0,0,0,0,72,0,0,55,0,55,0,42,80,0,0,77,51,0,0,0,0,0,81,0,0,80,0,0,32,0,0,90,0,66,0,59,0,53,0,0,0,0,57,43,0,0,95,0,64,0,0
0,26,0,0,0,0,0,0,72,0,0,0,0,0,0,0,0,0,0,0,0,0,61,0,66,0,0,52,0,48,0,0,0,0,64,0,71,0,0,0,60,0,0,69,62,0,37,0,78,0,43,11,0,59,0,0,0,0,0,0,0,0,0,67
0,63,0,0,0,26,55,0,0,0,0,0,0,0,0,0,0,62,0,0,0,0,0,56,0,0,88,0,0,0,0,37,0,73,84,0,31,0,58,71,0,0,69,54,0,0,0,65,17,53,0,0,40,22,0,0,37,0,0,61,112,0,0,0
0,0,0,68,0,0,0,0,96,0,0,51,0,78,68,67,0,0,0,0,49,69,0,0,0,0,0,0,40,0,0,64,0,0,81,0,0,0,0,0,65,77,79,80,83,0,31,0,0,50,0,48,78,0,54,0,86,0,68,62,0,0,0,0
0,0,0,72,63,0,23,0,87,0,59,0,0,0,0,50,0,0,0,40,45,0,0,82,0,51,40,0,0,0,0,0,60,58,0,0,0,70,0,0,0,0,46,0,0,0,0,0,0,0,0,0,0,0,0,0,0,99,53,0,42,68,0,71
0,67,0,0,0,0,59,0,0,0,0,0,0,0,0,0,0,55,0,0,0,0,0,0,29,114,0,0,0,0,0,73,0,0,0,0,0,0,73,96,0,0,71,0,0,0,36,0,0,0,0,0,75,0,44,0,0,0,0,91,96,88,0,0

83,0,0,0,0,0,0,0,0,0,0,0,74,0,0,33,0,0,0,0,0,84,0,0,0,0,0,0,0,53,0,57,92,54,0,30,0,0,0,83,0,91,0,0,77,0,56,0,0,0,74,0,0,24,0,48,0,0,57,64,91,0,0,97
0,64,0,0,0,0,77,59,0,0,0,0,0,0,47,0,0,0,52,0,0,0,0,0,0,0,0,0,0,0,0,61,0,0,88,81,0,0,0,52,74,0,0,73,59,0,0,0,71,0,0,0,0,0,0,0,0,89,0,0,70,0,0,50
0,0,0,0,0,0,58,0,0,61,42,0,46,0,46,72,62,0,0,0,88,0,0,0,0,0,0,0,64,60,0,65,40,0,0,0,0,69,30,0,0,0,0,23,84,63,0,0,0,66,0,0,0,67,0,74,34,81,39,0,0,0,0,0
61,0,0,0,0,0,0,0,0,89,0,0,0,0,0,0,0,0,0,0,0,64,0,22,0,65,0,0,0,0,0,59,0,27,0,0,93,0,0,0,0,59,0,63,0,0,37,0,66,0,0,20,0,0,0,0,0,0,0,46,0,0,75,0
0,0,0,0,0,81,0,0,0,0,0,0,0,75,0,0,61,0,0,0,33,0,0,0,0,82,95,0,0,0,51,0,0,72,82,0,56,90,0,0,92,0,0,0,0,0,0,29,0,0,0,0,103,0,0,0,0,69,0,0,0,48,0,55
0,100,36,44,0,0,0,0,80,0,91,0,0,0,45,65,0,0,0,65,0,0,0,0,0,0,0,0,0,0,0,93,0,0,67,0,56,0,0,0,0,74,0,0,0,0,7,61,80,123,0,0,0,0,0,75,0,0,0,0,0,85,44,0
0,0,0,70,0,0,62,105,0,0,0,38,0,58,0,0,0,0,0,0,0,0,0,0,0,0,0,0,39,0,0,0,77,0,0,0,0,96,0,0,96,0,0,0,0,0,0,0,0,0,0,0,21,0,57,0,24,0,58,31,0,52,0,0
70,0,0,0,0,0,73,0,75,0,0,0,0,77,0,0,34,68,0,0,0,45,50,0,93,0,100,50,63,0,0,81,67,59,0,0,63,0,0,63,0,0,71,0,0,0,0,0,0,0,90,0,36,0,61,0,0,0,58,49,0,45,86,0
80,0,0,0,0,0,0,0,50,0,0,0,41,0,0,73,0,0,0,0,81,0,0,60,0,83,43,0,0,88,0,0,71,53,0,0,58,0,78,0,75,0,0,54,80,0,75,75,54,59,0,0,0,0,0,0,0,0,0,0,0,74,50,0
0,0,0,0,0,0,0,0,0,0,0,0,0,70,0,0,78,92,70,0,110,0,47,50,0,0,0,0,68,0,0,53,0,0,0,0,0,51,84,0,32,0,49,0,0,0,17,0,0,0,0,12,64,0,0,75,0,0,55,0,0,0,0,77
4,0,0,0,0,0,0,65,71,0,71,89,84,0,0,0,0,0,0,0,0,0,0,0,70,37,0,0,0,0,0,0,39,0,86,0,0,0,0,0,0,0,0,0,0,0,0,0,53,57,0,43,0,0,0,61,0,69,100,0,62,16,83,0
0,0,64,38,78,0,36,0,0,74,0,0,0,0,100,86,0,0,0,0,0,0,0,47,0,0,0,0,0,0,57,0,47,0,63,0,0,89,0,0,0,0,56,0,0,71,0,47,0,0,0,0,0,0,0,81,0,0,48,83,96,0,0,0
0,0,0,0,0,0,0,66,0,0,61,63,92,0,51,0,0,0,0,0,40,0,38,0,76,60,0,0,0,0,0,81,0,90,0,0,0,0,0,46,0,0,99,0,70,0,0,0,0,0,88,0,0,0,98,0,0,42,0,0,50,0,0,0
0,0,0,0,0,0,0,38,63,0,0,0,0,0,0,0,0,0,0,0,59,0,0,0,51,0,0,0,35,48,0,49,0,0,0,0,0,0,98,74,61,0,78,0,0,40,53,65,74,0,83,0,0,0,49,0,0,72,0,0,0,49,0,0
31,30,74,65,0,0,90,52,0,106,0,0,72,0,0,0,0,0,90,0,46,0,0,0,49,72,0,0,0,0,72,0,0,0,0,69,72,0,0,0,0,0,0,0,0,0,88,0,0,45,51,0,79,0,0,0,0,66,60,0,66,0,0,0
0,0,0,0,0,0,0,62,0,0,0,71,0,39,0,0,49,0,0,0,80,49,0,63,0,0,0,0,0,52,0,0,0,0,0,0,0,67,0,0,0,65,42,0,0,38,0,0,0,0,0,0,0,115,0,0,0,0,0,0,0,0,70,0

0,0,0,0,38,61,22,0,80,64,0,36,0,38,72,0,0,80,0,33,0,0,85,56,0,0,60,0,89,0,61,0,0,0,40,0,0,0,0,0,0,0,57,0,0,67,0,0,107,0,0,0,0,0,0,50,88,0,0,45,0,0,0,58
0,0,41,0,0,0,0,0,0,0,0,0,81,36,0,0,0,0,0,0,0,96,0,0,0,0,0,0,0,0,0,0,0,104,0,0,0,0,0,56,0,0,0,0,0,80,0,0,0,56,0,42,0,0,0,0,0,0,0,0,0,0,88,0
40,0,0,0,90,0,0,0,0,36,0,100,0,0,0,0,0,0,56,0,0,72,0,0,0,0,72,0,0,0,54,0,78,63,68,0,0,0,0,0,0,54,0,0,106,0,53,0,75,0,0,0,0,0,60,0,96,0,48,65,0,0,30,0
0,73,0,0,0,0,0,0,0,47,31,0,48,0,0,52,65,78,0,0,0,33,0,0,0,58,73,0,0,0,0,0,0,46,0,0,0,0,0,0,0,43,91,0,95,0,0,0,0,0,0,0,0,0,88,38,0,0,84,0,83,56,0,60
52,0,0,61,94,0,0,0,46,0,0,44,0,23,0,83,111,0,97,0,0,37,0,47,80,0,0,79,0,48,0,26,0,0,0,0,91,72,0,0,0,0,0,0,0,0,0,77,0,0,0,0,0,113,0,97,40,0,0,56,0,86,0,0
0,0,0,0,90,0,0,0,0,67,0,49,0,85,0,0,0,0,0,0,0,0,0,0,0,0,81,64,0,0,0,44,0,0,0,0,0,0,0,16,56,62,0,0,0,78,0,0,0,0,93,0,74,99,0,0,74,0,72,60,0,0,95,0
75,0,17,0,75,0,0,0,0,26,80,0,0,91,0,0,89,66,56,0,42,66,0,0,0,0,0,0,0,0,0,0,85,0,73,0,0,0,0,0,0,93,64,0,49,0,0,0,0,46,0,0,43,0,0,56,0,0,0,0,66,80,0,0
0,0,0,0,69,0,0,61,0,78,51,0,0,0,0,0,78,0,0,0,62,79,0,0,0,33,0,0,0,0,0,0,0,0,77,0,0,0,0,0,0,103,68,62,77,0,0,55,61,59,0,0,0,45,0,51,68,0,0,0,0,0,59,80
61,0,0,0,0,0,0,53,0,0,0,48,0,0,0,57,57,0,0,0,0,0,0,0,80,89,0,0,0,0,51,46,0,0,0,0,53,42,70,0,0,0,66,40,0,0,84,41,62,0,0,79,0,0,92,0,37,42,87,76,0,0,0,0
62,96,70,0,0,0,0,0,0,0,0,79,0,84,0,98,86,43,0,0,30,0,0,74,50,68,49,55,0,0,0,59,0,0,0,0,67,67,0,81,0,0,0,0,0,26,0,68,0,0,49,112,0,65,0,51,0,0,0,84,0,0,0,50
89,0,0,0,0,0,0,67,63,0,0,0,66,0,0,0,0,0,0,0,98,0,0,0,66,75,113,0,0,0,51,0,0,0,0,0,70,0,91,38,0,0,0,90,0,40,0,0,0,0,0,0,83,0,0,0,54,0,51,0,0,91,0,0
82,0,68,0,0,31,83,61,0,0,0,74,0,72,0,0,0,0,58,0,0,0,0,61,0,34,0,0,0,0,0,0,0,0,0,56,0,0,0,0,0,0,52,88,0,0,0,0,0,0,0,0,53,0,44,0,48,44,88,49,0,0,0,0
30,0,0,0,0,98,90,0,0,46,0,56,0,106,0,0,0,45,0,0,0,0,46,0,0,0,0,0,0,38,0,0,84,0,0,74,81,0,0,0,84,0,70,0,0,65,0,0,0,0,0,68,75,24,0,0,0,0,87,0,87,0,0,0
0,50,0,44,0,0,0,86,0,0,0,0,0,81,0,74,0,0,0,0,80,0,63,0,0,0,0,0,0,0,0,0,53,0,0,59,0,0,0,0,74,0,0,75,0,76,0,0,0,55,71,0,0,0,0,0,0,57,0,0,0,0,0,61
0,0,0,63,0,31,0,53,80,59,0,75,81,0,0,0,47,84,59,0,0,63,0,0,56,0,0,0,0,0,0,0,0,0,0,0,89,0,0,116,0,0,0,0,0,49,67,0,0,93,0,0,0,0,0,0,0,63,0,0,0,0,0,0
0,0,67,0,0,0,0,78,0,0,0,47,0,0,102,0,0,89,0,0,0,103,65,54,0,0,84,86,0,59,0,0,70,0,0,73,0,0,0,0,0,0,0,92,57,0,0,41,0,0,0,0,0,0,0,0,68,77,0,74,0,0,0,50

0,0,45,0,0,0,0,74,0,0,0,0,0,0,48,84,0,82,0,0,0,15,0,50,0,0,63,19,0,83,58,0,0,0,0,0,0,0,0,0,0,0,0,0,0,47,0,0,0,0,0,0,0,0,38,83,0,44,0,0,0,0,75,58
20,87,0,83,0,33,62,0,0,67,75,0,60,0,52,0,0,0,0,0,100,32,0,0,78,0,53,72,0,71,0,0,56,0,0,0,0,0,0,0,0,52,0,0,0,0,0,0,58,0,93,0,0,48,0,0,72,0,0,0,42,74,0,0
79,82,0,0,0,61,0,32,89,85,0,0,64,71,0,0,0,51,0,81,0,0,0,0,92,39,0,0,0,76,88,69,96,91,0,0,72,0,0,67,0,0,49,0,0,0,0,0,88,0,0,0,0,67,83,0,62,0,0,0,0,0,94,0
0,82,75,0,45,0,0,0,0,73,0,53,31,65,0,71,0,0,84,0,63,0,0,0,70,0,0,0,0,0,90,0,0,65,55,0,64,0,0,0,0,0,60,0,0,0,0,121,0,0,0,0,49,65,0,0,68,0,0,38,0,0,0,0
0,53,0,0,50,0,0,0,0,0,52,0,61,75,0,0,70,72,87,0,0,0,0,25,0,0,0,77,0,0,0,0,0,83,0,0,0,0,0,0,0,58,0,0,0,0,0,0,62,0,0,90,0,0,0,0,0,40,0,0,96,0,71,43
0,0,96,0,31,75,0,0,99,0,0,43,0,0,0,0,0,0,0,0,51,0,0,0,84,31,0,0,90,0,0,0,0,0,0,0,73,0,0,112,0,0,0,0,0,0,87,61,77,0,0,0,0,0,25,64,0,0,71,0,92,0,0,0
0,0,60,0,0,0,0,0,0,0,0,78,0,0,59,0,85,54,0,0,0,65,0,0,0,0,0,0,0,0,0,89,48,0,0,0,51,0,0,0,0,0,0,41,47,0,106,0,0,0,0,0,0,0,0,0,0,0,0,0,0,0,80,0
0,0,0,0,0,0,0,0,0,52,0,0,0,68,71,0,0,0,0,0,0,61,0,0,0,0,0,0,62,92,0,119,0,79,0,87,0,75,91,0,0,20,0,0,0,124,0,49,0,0,60,0,81,38,0,0,87,0,0,67,0,62,0,0
0,0,0,0,78,0,71,0,85,0,0,0,0,0,0,36,0,0,76,0,0,0,0,65,54,52,0,0,0,55,0,5,0,0,0,0,0,0,0,80,0,0,0,70,0,0,0,69,72,89,48,0,0,45,0,0,0,0,0,79,0,0,102,58
0,41,41,0,34,0,0,21,0,0,0,0,0,0,0,0,0,0,0,0,0,0,55,0,74,0,0,0,0,0,0,0,98,0,102,50,0,0,0,80,36,0,0,0,84,0,40,69,0,0,0,0,0,0,0,0,0,0,0,0,0,104,77,50
0,0,32,0,0,0,0,0,54,0,0,30,72,0,39,94,0,57,0,0,24,84,0,53,0,0,0,56,0,0,0,0,0,0,0,0,0,0,0,0,0,60,48,55,36,0,59,39,0,53,60,29,0,0,0,66,0,90,48,0,0,0,0,0
0,56,97,78,51,0,0,0,0,0,0,0,59,0,0,0,0,0,0,0,0,0,0,0,89,0,0,0,0,34,0,0,55,0,40,81,53,0,52,0,0,0,0,51,0,0,0,67,0,0,73,0,67,0,45,0,0,0,0,60,53,0,0,0
0,0,0,0,0,48,0,68,10,0,0,0,83,0,0,86,53,0,0,0,0,44,0,0,24,74,0,0,0,0,0,85,0,51,35,53,57,0,0,0,0,0,0,0,74,0,0,39,0,0,0,0,0,77,0,48,82,0,0,89,0,0,0,0
0,71,40,57,0,0,0,71,0,0,0,77,0,0,0,0,0,0,0,75,0,0,0,0,65,0,72,0,0,0,0,0,50,74,0,0,0,76,0,0,0,76,0,0,0,0,0,79,0,0,72,85,0,97,0,56,0,0,0,72,45,45,53,89
0,0,87,0,0,0,0,0,61,64,0,83,0,0,0,39,41,89,0,0,0,88,0,0,0,69,0,51,0,0,26,0,54,0,0,0,73,0,0,0,0,53,0,0,55,48,0,0,51,0,0,0,0,0,45,101,92,77,0,0,0,0,31,56
0,0,97,0,108,0,0,49,0,56,18,0,0,0,0,0,89,51,85,53,0,0,0,43,0,0,80,0,0,0,0,0,88,0,0,0,0,102,48,38,0,97,0,0,26,0,78,67,0,0,56,0,0,0,81,0,0,0,0,25,0,0,0,0

68,115,61,0,57,66,0,40,0,45,80,0,81,0,0,0,0,0,0,0,0,60,0,0,64,79,0,0,0,0,0,0,81,0,52,44,0,0,0,44,0,0,0,0,0,0,0,74,65,50,0,47,0,85,0,0,0,0,0,0,0,67,0,0
0,0,0,0,0,0,0,0,0,0,0,0,0,0,0,0,43,0,0,0,0,0,0,0,0,62,72,86,61,0,0,33,0,0,62,0,72,0,70,0,0,0,0,0,0,0,0,0,48,0,0,0,0,97,0,22,0,0,0,0,0,0,0,90
0,59,0,0,0,0,0,62,83,0,0,69,0,0,0,0,52,100,0,0,67,0,0,0,0,0,0,0,0,0,0,0,0,0,66,0,56,0,81,77,0,70,0,62,0,50,77,0,0,0,68,0,65,89,0,0,0,0,60,0,0,0,98,0
0,56,36,0,0,0,0,82,0,81,71,0,0,0,0,0,0,0,0,70,0,0,0,68,62,0,0,0,0,63,0,0,0,0,63,0,0,0,0,0,72,71,0,0,0,0,58,53,0,52,51,0,0,72,0,94,87,0,0,0,0,0,0,0
0,0,0,0,0,0,0,87,0,0,0,0,0,0,0,0,61,0,0,59,50,0,0,0,98,0,0,0,0,0,63,0,59,0,0,0,0,58,0,0,0,74,81,0,0,0,57,0,0,73,0,0,0,60,0,87,0,0,0,0,0,0,30,0
0,74,0,0,0,73,0,0,0,0,0,0,0,91,0,0,0,0,0,0,60,52,88,37,0,0,0,0,75,0,97,0,33,0,0,20,60,52,68,0,0,0,0,0,0,0,0,66,0,0,0,89,0,0,0,0,35,0,0,0,0,61,0,0
80,0,0,0,0,0,0,0,0,0,86,0,0,58,0,0,0,0,35,0,0,0,46,27,0,0,0,0,43,0,0,0,0,0,0,0,45,0,81,0,38,87,69,0,0,49,0,40,0,0,0,0,0,58,0,0,29,49,0,0,61,95,70,0
0,0,0,0,0,55,93,53,0,51,28,0,69,0,67,0,0,0,0,71,0,0,0,0,0,0,0,0,56,78,53,88,49,0,0,0,0,0,0,0,0,0,0,0,0,99,0,0,0,0,0,60,23,27,34,87,0,0,0,0,76,0,79,0
0,0,0,0,26,0,82,77,0,0,0,0,0,0,0,0,0,0,0,82,59,0,0,0,97,0,0,0,0,0,73,0,0,0,0,50,0,48,0,81,50,0,0,71,20,0,46,0,0,96,78,0,0,0,0,0,0,0,0,0,0,0,62,0
59,60,63,0,0,0,0,0,0,0,73,0,0,66,0,0,45,0,0,42,0,0,76,0,0,0,62,0,67,81,33,0,0,0,0,0,55,58,0,0,0,93,0,0,0,0,0,0,0,0,54,0,0,0,75,0,0,35,0,0,0,0,0,0
0,0,0,0,75,0,39,0,0,0,0,30,0,68,0,0,96,107,0,0,53,0,65,0,0,0,0,0,0,0,0,0,0,57,0,0,0,0,65,73,0,102,0,0,0,0,0,0,80,92,0,0,0,88,0,0,74,0,0,47,0,0,0,64
0,0,110,0,0,0,0,0,0,51,53,46,0,0,46,0,0,0,67,0,0,77,0,69,0,0,37,126,0,0,0,68,0,0,67,0,0,0,0,0,0,0,46,0,50,0,0,101,0,0,0,0,0,0,0,34,100,0,0,22,0,0,0,0
59,0,0,0,0,50,0,0,0,0,64,0,13,0,0,0,0,0,0,0,0,0,46,0,0,0,0,0,0,0,0,0,0,0,58,0,73,0,0,0,0,96,0,0,0,0,0,0,0,0,84,0,31,0,0,0,0,0,0,0,0,0,0,0
0,0,0,90,0,0,0,22,0,78,0,0,0,45,0,0,0,0,49,0,0,0,0,0,0,0,0,71,49,0,62,64,0,0,0,70,0,0,0,83,0,53,90,0,0,0,50,39,73,0,0,75,61,84,0,0,51,71,52,0,71,73,0,0
0,8,0,0,63,0,52,0,0,7,0,0,0,0,0,51,75,64,66,0,0,45,102,0,0,0,0,53,0,0,69,94,53,0,0,0,25,0,0,0,0,0,0,71,73,0,76,0,0,0,0,0,97,0,40,0,0,88,0,65,73,0,32,0
0,61,0,0,0,34,43,0,0,0,0,80,75,0,0,0,75,0,37,0,0,0,73,54,95,77,64,0,0,0,0,0,0,0,0,0,0,81,0,0,95,0,0,75,0,80,0,0,70,0,0,91,0,28,0,50,0,97,0,78,82,0,0,73

0,72,0,0,77,0,56,65,63,0,0,0,0,0,54,0,0,43,0,58,0,0,0,0,89,43,0,0,0,0,0,0,69,49,0,0,64,0,0,0,0,0,0,0,0,0,53,0,73,0,0,0,0,41,0,0,0,0,0,0,14,0,0,61
0,0,0,49,0,46,0,63,0,0,0,0,0,0,0,0,0,0,0,0,39,26,0,0,0,0,0,0,54,50,0,0,0,0,0,0,0,0,0,56,0,0,0,48,0,0,0,28,0,0,0,0,0,0,76,0,87,86,0,0,76,0,0,90
0,0,97,79,0,0,0,0,0,0,59,63,0,0,0,0,0,60,0,38,0,0,0,0,0,0,0,0,67,0,65,0,0,0,0,0,0,0,0,0,0,0,0,0,43,0,0,0,24,0,0,0,0,0,0,51,0,36,0,0,0,0,0,75
0,0,0,0,0,0,0,103,0,0,0,0,0,0,0,75,79,56,68,0,0,0,50,0,60,0,0,0,0,0,0,92,55,0,0,0,0,98,41,0,34,0,0,60,62,0,39,0,0,0,0,0,41,80,0,72,0,0,62,0,71,48,61,93
0,0,0,0,0,0,0,0,0,0,0,0,0,0,0,0,0,0,0,0,71,0,0,0,110,0,0,0,84,74,0,67,35,0,0,87,0,0,85,0,0,0,27,48,0,0,0,67,0,0,88,0,0,0,0,0,0,0,0,0,0,0,0,0
0,0,0,107,0,70,34,67,71,108,92,0,0,0,71,66,62,0,0,0,0,0,0,0,0,0,0,69,0,0,0,0,0,79,83,0,53,41,0,0,0,0,90,0,0,0,0,0,0,0,0,0,43,0,0,0,0,0,0,0,0,0,0,0
0,0,0,0,0,0,0,0,48,0,0,76,0,0,0,0,59,0,92,51,90,33,66,0,0,0,0,0,0,49,0,0,52,0,80,0,56,0,0,0,53,73,0,0,80,0,42,0,0,0,0,0,0,0,0,0,87,43,0,0,0,0,0,64
0,52,100,0,87,0,0,109,0,0,0,81,0,42,92,0,0,0,0,68,61,15,0,0,76,0,0,0,0,41,0,0,58,0,10,0,0,0,0,0,0,0,0,0,0,0,0,0,0,0,0,69,0,0,0,0,0,0,62,46,75,0,0,0
77,0,0,83,0,87,67,0,0,43,0,0,0,75,0,0,67,0,0,75,0,0,60,80,0,0,0,0,0,0,29,0,0,0,0,0,98,38,0,0,36,0,0,0,0,0,112,45,0,0,0,71,0,73,0,36,74,0,0,0,0,89,0,0
61,0,0,0,43,83,54,0,0,0,0,0,0,0,0,0,89,39,0,73,0,68,0,69,31,28,55,0,0,0,0,69,0,0,81,0,0,82,64,0,0,0,62,0,62,70,82,62,0,0,0,0,0,51,0,0,71,78,0,0,0,0,0,76
0,0,0,55,0,45,89,0,0,0,90,0,0,0,0,0,75,0,69,0,0,0,0,0,0,0,76,88,0,0,40,40,72,0,0,56,72,0,68,0,51,0,0,0,0,0,0,0,0,0,34,0,0,46,0,0,0,75,59,0,64,0,0,0
0,65,0,0,0,0,67,0,0,0,0,0,0,39,0,0,0,0,97,0,0,0,67,44,0,40,51,0,80,85,0,0,0,0,88,0,79,0,100,0,0,61,46,0,0,0,0,0,65,0,0,68,0,78,75,0,0,0,0,0,0,0,0,0
0,0,0,72,0,86,72,49,0,0,74,0,0,0,82,0,0,0,0,0,67,93,0,0,0,0,0,69,0,91,55,60,0,68,0,0,70,0,0,72,73,0,67,40,0,0,78,0,90,85,0,0,0,0,0,30,43,0,0,113,0,0,54,0
0,0,0,0,0,22,0,0,0,52,81,63,0,0,83,81,40,0,0,0,0,0,0,0,0,0,58,0,0,0,63,41,0,0,85,0,0,0,32,94,0,66,59,0,0,0,0,0,82,0,0,39,0,0,0,55,64,0,0,35,81,0,0,0
0,71,56,0,67,0,0,0,0,0,62,0,0,0,0,0,0,58,58,91,0,0,48,0,0,0,65,57,0,0,0,0,40,0,52,0,0,0,0,0,0,0,0,55,0,0,60,62,0,54,0,79,0,65,60,0,0,0,0,0,0,0,0,49
0,79,0,0,58,0,69,0,0,100,0,54,0,0,0,0,0,0,54,0,0,83,0,63,0,75,0,42,0,71,55,0,88,51,58,0,0,71,0,0,50,0,0,0,0,0,0,0,0,0,54,43,0,0,27,0,0,0,0,0,42,0,0,0

0,70,31,0,94,0,0,88,0,0,0,0,51,53,0,0,49,0,0,0,0,0,91,0,63,0,57,0,70,0,44,72,0,0,0,0,0,0,70,0,0,55,74,57,65,0,0,60,0,0,0,56,0,0,0,0,0,48,0,67,76,63,0,0
72,0,0,0,98,0,0,0,0,65,0,0,0,0,0,0,0,0,0,36,0,0,0,0,51,0,0,80,0,0,0,31,0,70,0,0,0,0,47,0,0,0,0,0,0,0,0,65,69,0,0,73,69,76,0,0,45,60,38,0,0,0,0,0
62,0,47,0,0,0,0,0,0,0,0,0,0,34,0,76,73,0,0,64,0,0,0,61,0,79,0,0,64,0,0,0,0,0,0,0,0,26,0,0,0,73,44,0,0,0,0,0,0,87,0,62,84,75,0,0,0,0,0,0,54,61,0,0
0,0,0,0,0,46,77,73,0,77,0,0,0,61,0,0,58,79,0,0,0,0,0,0,64,63,0,0,0,0,0,66,78,67,0,84,0,0,0,0,0,0,94,0,52,71,76,0,0,0,0,0,0,0,0,0,71,0,0,0,51,55,0,0
0,0,0,0,0,0,0,0,0,45,0,0,64,59,0,0,61,44,0,0,73,0,0,67,67,0,0,0,0,54,0,0,76,0,0,0,80,29,0,64,32,0,0,0,0,0,0,0,66,0,0,64,0,0,0,0,0,0,64,0,0,0,0,0
0,0,0,0,37,0,63,0,0,0,0,0,91,73,83,0,0,0,0,0,0,0,0,0,0,81,33,0,0,0,0,0,66,0,73,58,0,44,0,0,0,97,76,0,0,0,49,0,0,0,79,0,0,21,0,0,0,0,0,67,0,0,0,0
0,76,0,0,70,43,0,0,0,0,0,73,0,0,0,0,0,0,98,0,81,0,0,0,0,0,0,0,39,0,0,0,12,0,0,0,76,0,0,0,0,59,44,0,102,0,0,0,110,0,60,0,0,0,0,0,0,0,0,0,81,0,0,58
0,0,0,0,0,0,0,0,60,0,57,0,0,0,0,0,54,0,0,70,61,0,0,41,0,0,0,0,70,0,0,0,53,47,0,39,0,46,0,51,0,0,52,66,56,82,59,0,0,73,0,0,0,58,0,0,0,0,0,0,0,0,88,67
0,0,0,0,87,0,0,82,66,0,0,61,0,0,0,0,0,93,0,69,0,0,0,70,55,0,51,0,0,0,0,0,74,0,0,0,0,0,0,0,0,80,0,64,43,0,0,68,0,53,67,85,0,0,0,66,51,41,66,0,0,0,0,0
82,0,77,60,0,0,0,0,0,53,84,0,61,0,0,0,42,0,0,0,0,64,0,61,71,0,0,0,0,0,0,0,0,0,0,0,0,0,0,0,0,0,0,79,53,0,0,0,0,0,74,0,73,0,0,0,0,0,0,0,0,35,52,0
0,0,0,0,111,83,0,0,0,0,13,80,0,0,0,0,61,0,0,39,0,70,0,0,0,0,0,59,0,0,0,0,57,0,0,0,43,80,0,0,0,0,0,0,0,0,0,0,0,0,59,0,14,82,0,0,0,82,0,82,0,0,76,0
0,0,0,0,0,0,0,0,0,0,83,0,0,0,62,0,86,0,0,0,0,0,0,0,99,0,0,0,53,0,100,0,0,55,0,0,70,0,76,0,0,0,0,0,87,0,68,66,0,90,58,0,0,0,0,0,0,58,58,0,0,0,44,0
0,0,0,82,47,0,0,0,75,0,0,0,0,0,68,0,0,0,0,60,0,38,0,0,85,0,61,54,62,0,0,60,0,0,0,36,86,75,0,114,56,53,0,0,0,0,0,0,69,0,0,0,54,0,34,0,0,49,0,35,50,0,0,0
0,0,98,0,0,0,0,0,44,0,0,0,0,0,0,0,0,0,0,0,0,0,0,0,0,60,0,0,0,0,0,81,0,60,0,0,84,0,0,0,34,0,0,0,0,0,0,61,69,80,0,0,0,68,0,53,0,0,0,0,91,52,0,66
0,0,0,78,0,0,0,0,76,0,0,0,0,109,0,0,60,0,0,0,0,37,47,10,0,66,48,23,0,65,71,0,0,77,0,0,0,0,77,0,74,0,0,49,83,0,0,0,0,0,76,0,72,0,65,0,95,0,0,86,0,0,21,74
0,0,43,0,0,103,0,0,46,0,0,83,92,48,0,0,0,0,59,74,66,0,86,0,31,89,0,0,0,0,46,0,0,0,88,0,0,0,37,85,46,0,0,72,0,61,0,0,0,0,0,0,0,41,0,0,79,0,0,24,0,8,0,0

0,0,0,85,0,68,0,0,49,75,74,0,0,0,0,0,0,0,0,0,0,34,73,64,54,0,0,0,0,35,0,68,0,49,0,0,0,0,0,0,0,0,0,0,81,0,64,0,0,0,0,0,0,0,0,109,0,0,0,48,0,0,0,0
0,0,89,0,0,0,48,0,0,0,67,68,63,0,0,27,0,0,64,0,76,37,0,0,0,0,69,0,79,69,0,0,0,0,0,0,54,115,57,90,0,61,0,49,0,73,0,0,0,0,0,0,0,93,77,106,0,34,34,0,0,0,51,0
0,0,0,92,38,0,0,0,34,0,0,0,0,0,0,53,0,36,86,0,0,0,0,0,0,0,0,0,0,0,62,0,0,31,0,108,0,48,0,0,0,0,95,0,56,0,0,0,0,44,0,0,0,0,0,40,71,0,81,57,0,0,79,0
0,0,0,0,0,0,0,0,0,87,0,0,36,53,92,71,83,89,0,0,38,0,50,0,0,0,45,39,0,0,61,0,0,0,0,0,0,82,39,0,0,53,0,0,0,0,84,0,0,0,52,0,0,0,0,50,0,0,0,54,57,66,0,0
72,0,0,0,0,0,66,0,49,0,0,0,68,0,82,0,0,19,74,70,0,0,0,0,0,0,0,0,0,0,63,66,0,0,0,51,0,38,38,98,0,0,0,0,0,0,51,0,62,0,57,65,62,75,64,54,0,0,104,0,0,0,0,19
0,67,0,57,63,0,0,0,92,0,0,0,0,62,0,0,0,0,0,75,0,59,0,0,0,0,0,73,57,0,0,0,0,0,0,55,51,0,70,0,92,0,0,78,0,0,22,52,0,0,0,66,0,70,0,0,0,0,60,0,0,0,79,0
0,0,0,0,66,71,0,0,0,0,0,0,0,0,0,0,79,0,0,0,0,0,0,0,0,54,0,0,52,0,0,0,0,0,0,58,0,80,0,0,70,0,68,0,0,62,0,0,67,0,0,0,0,0,39,0,0,0,0,0,0,36,0,0
0,0,0,0,0,0,0,71,76,0,69,0,0,0,0,0,0,0,0,79,0,0,0,0,0,63,0,64,0,0,62,0,0,0,0,18,0,0,0,0,0,0,0,71,71,0,0,0,0,62,0,45,66,0,27,0,0,0,34,0,0,0,0,0
51,0,0,0,0,77,0,0,0,0,44,104,0,40,0,0,0,0,0,0,0,63,0,0,0,40,0,94,0,0,0,0,0,0,0,0,0,0,0,0,73,62,87,0,0,0,0,0,69,87,0,0,0,0,123,85,0,0,0,88,56,63,0,84
0,95,0,81,0,0,44,67,100,0,0,0,0,95,0,0,0,0,0,0,0,0,49,0,0,42,54,71,0,0,0,0,0,0,0,81,0,0,0,0,0,42,0,0,0,0,58,43,0,58,0,0,0,0,92,61,0,0,89,0,0,58,69,0
30,50,0,31,45,55,0,0,0,85,0,0,0,0,69,0,0,0,0,0,86,0,0,0,0,0,91,0,0,80,0,0,0,0,68,53,38,50,0,36,50,44,0,0,0,45,0,0,47,48,0,0,0,0,80,47,0,0,0,0,57,71,78,0
0,35,0,0,63,0,0,58,0,90,0,0,0,0,22,0,0,0,0,86,60,0,0,0,0,0,0,0,0,0,58,0,43,0,0,0,0,0,0,0,0,0,61,0,64,59,77,0,53,0,0,78,70,0,18,0,54,0,0,0,0,22,0,87
58,0,0,65,40,0,0,76,0,24,0,0,0,0,0,63,0,0,0,56,0,0,0,0,0,93,75,78,0,0,88,0,0,0,0,0,0,83,0,60,0,0,0,0,0,0,0,0,0,0,0,0,91,0,0,0,0,0,0,49,0,0,0,78
0,0,0,0,0,0,0,96,0,59,0,0,0,39,0,0,0,0,0,50,75,0,61,0,0,0,0,70,79,0,0,0,0,0,0,0,50,0,0,0,0,0,63,0,0,97,0,0,0,0,95,0,0,0,0,0,0,45,33,0,0,0,49,0
0,37,0,52,53,47,0,0,0,0,0,71,0,75,0,0,86,0,94,0,55,0,0,0,69,0,0,0,0,86,45,0,0,0,0,0,0,0,54,0,0,0,32,0,0,0,82,65,56,0,0,0,0,90,0,0,0,0,0,63,76,0,0,0
0,0,70,85,0,0,0,0,0,0,0,0,0,0,40,82,0,60,0,0,0,49,0,0,0,0,0,0,0,0,89,0,74,0,49,0,0,0,0,0,0,0,87,0,70,0,0,0,0,50,0,0,69,0,0,0,0,82,0,0,57,48,0,0

0,81,0,65,0,55,70,0,0,0,0,0,0,0,46,0,77,0,7,42,0,0,0,0,62,0,0,0,0,75,0,0,80,0,0,0,32,0,0,0,64,48,10,0,44,0,0,0,65,0,31,38,0,0,0,29,0,0,0,0,0,0,39,47
0,0,0,38,0,56,0,0,82,70,0,50,60,0,0,87,0,0,0,0,0,80,73,48,0,61,0,57,0,0,0,0,0,0,0,79,0,0,57,0,0,0,0,0,0,0,0,0,0,0,0,57,0,96,0,0,0,0,63,66,45,0,0,0
0,0,0,0,0,0,40,41,0,94,0,66,0,44,0,0,0,68,0,0,0,0,0,69,0,0,0,0,0,0,0,0,0,0,37,68,0,0,0,0,0,0,83,0,0,0,56,0,0,0,0,56,0,82,52,0,71,42,0,0,0,0,79,0
0,0,0,0,39,44,0,0,52,73,0,67,0,72,46,0,80,0,49,0,0,0,49,47,69,92,82,0,0,0,0,0,0,0,0,43,62,0,73,0,0,77,0,0,54,0,0,0,0,0,0,0,0,49,0,0,62,71,0,0,55,0,0,0
0,0,0,65,0,0,0,54,0,0,75,0,0,78,65,42,0,54,33,43,0,68,0,0,0,49,0,0,0,67,0,0,0,50,0,57,0,66,0,74,0,0,0,99,0,115,61,57,0,43,0,46,0,50,67,0,60,0,0,68,62,0,42,17
59,69,66,0,0,0,0,0,0,0,0,0,0,0,0,0,0,0,0,0,0,0,0,0,0,58,49,0,0,79,0,33,49,0,0,0,0,49,0,0,0,0,0,113,0,0,0,0,0,0,0,0,74,0,0,39,0,62,0,0,0,0,0,0
0,0,0,68,0,0,0,0,0,102,0,0,0,0,0,0,63,97,0,0,0,0,0,0,0,0,0,0,0,0,0,0,62,0,86,0,0,61,83,0,0,0,69,94,0,0,0,0,36,60,0,0,0,0,0,0,46,0,0,0,0,0,0,0
0,67,0,0,0,0,0,0,65,60,25,0,0,0,0,0,0,0,0,0,0,77,0,0,0,0,0,0,67,0,29,0,0,30,64,0,0,0,0,0,72,79,0,0,0,0,0,49,0,120,0,0,0,64,0,80,0,0,0,0,0,98,40,76
0,87,88,0,0,0,0,0,0,0,38,0,0,0,0,47,46,45,0,78,0,0,0,0,98,0,0,0,45,0,14,110,85,0,73,0,0,0,0,0,91,0,86,0,0,77,0,0,104,0,0,0,0,59,0,0,0,0,0,0,0,0,0,0
58,57,0,0,28,0,0,85,0,66,0,0,0,0,88,0,72,42,0,0,0,86,0,31,0,0,0,0,85,0,0,62,0,0,0,0,63,0,0,0,0,110,0,0,0,67,24,0,0,90,0,0,0,30,0,0,54,0,69,0,34,0,0,0
0,0,56,0,33,0,0,0,0,0,60,0,0,0,0,0,0,70,0,0,0,0,69,0,0,0,80,0,0,55,0,33,0,0,0,0,75,0,0,0,0,51,0,61,0,0,63,0,0,0,0,0,0,0,0,0,66,56,80,0,0,0,52,77
0,0,0,76,0,0,78,0,0,0,0,0,0,35,0,86,0,0,0,0,30,62,0,99,67,0,0,0,0,0,0,0,0,40,52,0,0,0,0,0,0,0,0,63,0,0,0,0,0,84,0,75,0,0,93,0,70,30,73,68,0,0,0,0
0,0,0,35,0,0,0,0,71,71,0,23,0,0,0,0,0,0,0,0,0,92,66,0,0,0,0,0,46,56,0,84,0,0,0,0,0,0,54,0,51,0,0,0,0,36,0,0,60,0,0,59,92,0,0,0,42,57,0,0,0,0,0,0
0,78,42,83,0,0,0,0,0,0,82,0,0,71,0,71,0,0,0,0,47,0,51,0,0,0,0,0,0,45,0,0,54,0,0,0,61,0,56,0,41,96,0,67,0,0,0,0,35,69,0,0,0,0,0,91,0,55,60,0,0,0,0,0
0,0,0,0,0,81,0,61,0,0,0,0,0,0,76,0,0,0,50,0,47,71,0,0,0,0,0,0,0,41,0,60,0,47,0,73,0,0,0,100,0,0,0,0,0,0,77,88,78,100,0,54,0,78,85,0,0,59,0,50,0,0,53,0
0,0,0,0,0,27,0,48,80,56,0,116,0,0,0,0,0,94,0,0,0,74,0,0,0,0,0,0,46,72,0,0,0,61,0,0,0,0,0,0,0,69,0,56,0,70,0,0,0,64,0,0,0,0,0,0,0,74,80,77,0,0,0,0

0,0,0,0,0,0,38,0,49,0,59,0,45,0,0,0,0,60,0,0,0,0,0,33,48,0,0,0,46,0,52,82,76,0,0,75,56,0,38,0,0,0,0,0,0,0,0,0,0,0,103,0,0,0,0,0,83,21,0,0,0,11,65,0
67,0,0,75,81,0,0,47,0,73,127,0,0,0,0,0,68,0,0,0,0,56,52,0,0,83,51,0,0,0,69,0,0,0,60,0,0,0,68,82,0,88,72,0,82,0,32,0,0,0,0,0,0,62,0,0,108,0,97,0,0,67,0,0
0,0,0,0,70,0,0,62,30,0,0,0,39,0,0,0,0,0,0,0,0,70,0,0,0,61,0,0,0,0,0,0,0,0,0,0,0,0,0,0,0,0,77,65,56,0,85,35,0,70,60,57,0,0,85,0,0,68,87,0,0,0,0,0
93,57,0,0,65,0,0,0,0,0,0,69,0,55,0,0,0,0,0,32,68,0,53,0,64,58,0,0,61,0,0,80,0,51,0,79,0,0,0,0,75,0,0,0,45,0,40,0,45,0,0,67,86,59,0,0,0,0,0,59,0,0,0,0
0,0,64,0,0,65,0,0,0,81,0,86,0,52,0,0,0,0,45,0,54,0,0,63,54,0,0,0,0,31,0,0,62,73,0,0,0,0,0,0,0,0,0,0,91,0,63,88,0,87,0,52,0,0,0,0,0,0,52,0,0,0,51,0
0,0,0,0,0,0,0,0,0,45,0,0,0,0,0,0,86,98,0,0,0,0,0,0,0,67,0,66,0,0,0,0,0,56,64,64,0,0,67,0,0,0,0,60,0,0,58,46,60,0,0,0,0,19,31,84,0,67,0,30,0,63,0,0
77,0,0,0,99,57,80,0,0,0,56,0,57,0,0,0,92,0,0,0,76,84,0,0,39,0,0,0,0,0,0,0,0,0,0,0,0,0,0,53,0,74,0,0,59,0,0,0,0,0,0,0,59,0,55,0,0,82,23,0,50,0,73,0
42,0,0,0,0,0,0,47,0,50,0,0,0,0,0,0,0,0,0,0,67,0,0,0,0,0,0,0,57,57,0,0,47,0,0,0,95,0,0,0,0,0,0,54,81,71,0,0,0,0,0,0,60,79,26,0,0,69,47,0,0,71,0,0
0,0,0,57,108,0,0,0,49,0,0,0,0,0,0,45,0,0,0,24,0,91,0,0,69,0,39,36,0,0,0,0,0,0,55,0,0,0,0,0,81,0,0,0,0,0,0,0,0,0,0,70,0,0,78,0,0,57,0,0,0,58,0,0
0,0,52,0,0,0,0,0,0,0,0,0,0,0,0,0,0,0,60,67,49,0,0,69,0,0,0,0,73,0,0,0,0,0,0,65,0,0,74,0,0,0,0,0,57,0,0,0,0,0,63,76,75,68,44,89,0,0,86,0,0,0,0,0
83,0,0,0,0,0,0,0,0,93,0,0,69,0,0,0,0,102,0,79,0,46,0,0,0,0,0,40,0,0,0,0,0,68,44,66,0,0,0,0,0,0,28,0,0,0,0,71,0,0,0,0,0,66,52,0,0,0,0,68,0,0,80,0
0,0,0,0,70,0,0,57,0,0,0,0,24,0,0,0,0,0,0,49,0,94,0,39,0,0,0,0,0,0,56,0,0,0,70,0,0,42,33,26,0,0,71,0,0,0,0,0,0,0,0,64,0,0,0,39,0,51,0,0,0,0,76,0
0,0,54,0,0,0,0,0,0,0,0,0,0,58,0,0,0,0,70,0,0,0,0,0,0,0,0,0,0,57,0,0,0,0,0,0,0,0,0,38,0,0,61,0,0,0,34,39,0,35,0,84,61,0,0,0,0,0,77,81,0,0,0,0
74,0,63,89,46,0,89,0,0,0,0,0,0,0,0,0,73,0,0,103,0,0,0,0,0,0,80,0,0,0,34,0,0,0,70,0,41,0,0,77,70,0,0,0,0,0,0,45,0,0,0,0,0,0,0,0,0,0,66,0,0,0,0,44
0,64,0,72,0,0,0,0,0,0,0,0,0,0,0,61,36,52,0,76,64,0,42,0,0,105,52,0,45,0,0,0,0,0,0,0,0,0,54,81,74,0,0,0,67,0,0,0,81,0,0,0,94,0,0,0,0,0,0,0,0,0,51,0
0,0,0,0,0,0,64,0,0,62,97,84,0,0,26,84,0,36,0,0,0,0,0,0,78,0,0,0,18,0,27,47,78,0,0,0,0,0,0,0,0,58,0,0,0,0,99,0,0,76,0,0,0,71,0,98,0,0,0,0,99,0,74,68

66,40,0,0,79,0,0,0,36,0,0,0,0,81,70,0,80,0,0,68,0,0,0,0,74,0,0,0,0,0,85,95,0,78,0,0,0,0,0,0,90,52,50,0,0,0,0,0,0,65,0,79,0,62,0,0,0,0,0,0,0,0,0,38
32,0,0,0,0,0,0,0,0,49,0,59,0,0,30,0,0,0,0,67,0,0,60,70,0,0,0,0,0,0,0,0,0,0,0,0,55,0,0,0,0,104,0,65,0,40,0,0,0,0,54,0,0,0,0,0,0,67,67,0,0,0,0,49
46,0,63,0,51,0,0,0,0,56,0,0,0,0,0,0,79,85,45,0,42,0,66,0,0,0,67,46,0,0,0,0,70,0,58,56,72,116,0,86,0,74,52,0,0,0,0,0,0,77,0,58,0,49,68,0,0,0,0,0,0,0,73,76
0,0,0,70,0,0,0,0,0,0,0,74,99,0,0,0,114,0,0,0,49,44,0,0,0,82,0,0,0,0,56,0,0,0,0,0,79,0,0,85,0,0,0,64,0,0,0,0,46,0,0,0,0,0,0,0,0,65,0,31,0,0,0,42
24,73,0,0,0,0,67,80,0,0,0,0,0,0,40,0,54,0,0,0,84,0,97,0,0,0,0,0,47,0,69,0,0,59,0,0,0,0,0,0,72,56,0,38,0,0,0,0,0,0,0,0,0,102,77,77,0,0,0,74,60,0,0,0
0,0,93,0,0,104,0,0,0,0,0,0,68,0,63,0,0,56,0,0,0,80,0,0,0,70,0,0,0,60,47,0,0,60,0,0,0,0,50,0,74,0,66,55,0,0,0,0,0,0,67,0,0,0,79,0,0,76,0,0,0,81,55,50
66,81,75,0,0,0,0,64,84,0,0,0,0,88,0,56,45,0,0,0,77,34,0,0,0,0,0,0,0,70,81,0,0,0,0,0,43,65,61,0,0,0,0,0,0,74,0,93,0,79,79,0,88,77,62,0,0,0,78,0,0,0,67,46
0,0,0,75,59,0,0,0,38,0,93,0,0,0,0,36,0,0,0,0,70,52,31,0,0,42,0,0,0,0,43,0,41,82,48,60,0,0,77,54,0,93,74,101,0,0,0,0,46,0,0,83,0,46,64,0,0,0,0,78,0,0,42,0
38,0,0,0,0,83,0,0,0,64,0,0,75,0,50,0,0,0,74,0,72,0,0,0,98,0,0,0,0,0,0,0,47,65,0,0,0,57,0,0,0,0,0,0,0,0,0,71,73,0,38,0,0,58,0,62,81,0,93,0,0,66,0,0
0,0,53,0,0,0,0,53,39,0,54,0,73,0,0,63,53,0,46,0,0,69,0,78,0,0,0,83,69,24,64,0,0,0,53,0,0,36,58,8,0,86,81,0,0,49,0,0,0,75,0,0,45,0,0,82,0,0,0,0,0,32,0,0
0,44,0,0,0,0,0,46,0,60,0,0,55,79,54,0,83,108,0,0,0,74,56,56,0,53,47,0,0,0,56,0,0,80,0,0,69,70,0,0,0,0,0,76,0,0,0,0,0,71,64,0,0,0,0,0,54,64,51,0,0,0,94,0
74,0,75,76,0,0,0,0,0,72,0,0,0,0,0,0,95,58,0,50,0,0,0,0,46,0,0,56,76,0,0,0,50,0,0,65,0,0,0,0,0,46,28,69,0,0,0,67,0,0,51,0,0,0,62,52,75,0,83,0,0,77,0,0
0,25,0,0,47,0,85,0,0,0,0,97,89,0,34,79,0,0,45,0,76,0,0,0,0,76,0,0,0,0,68,0,0,0,0,97,55,0,0,0,0,0,0,0,0,0,0,0,0,0,0,0,0,0,61,0,0,0,65,0,0,0,0,0
0,21,0,0,0,29,25,94,62,0,29,0,0,0,48,0,0,0,0,54,0,0,0,0,82,67,0,0,0,0,80,0,0,0,0,0,0,0,71,24,76,0,0,0,81,56,0,56,60,0,0,39,79,0,0,71,63,0,0,75,0,0,0,0
0,0,0,0,0,60,0,74,0,57,63,0,71,0,0,0,62,0,86,85,0,0,0,83,56,113,0,61,0,51,0,44,0,0,0,41,0,87,0,46,0,0,0,0,0,0,47,0,0,0,0,87,0,83,0,0,0,53,0,0,56,0,0,0
56,50,89,0,58,73,0,0,54,0,0,31,0,0,0,77,0,43,0,81,0,0,0,91,0,91,0,49,0,61,0,45,0,0,71,78,0,0,0,0,0,0,0,0,124,0,70,0,53,0,0,86,0,63,66,0,42,0,0,0,40,0,0,0

0,0,0,0,0,0,0,0,0,0,72,0,0,0,53,0,0,0,0,0,0,0,0,0,0,0,0,60,0,0,80,72,0,24,0,61,0,77,0,78,0,0,95,0,0,0,0,0,59,0,0,54,0,72,89,0,0,0,0,0,0,0,66,87
0,0,53,0,0,79,49,0,0,0,0,0,62,0,0,0,0,58,0,0,0,0,0,0,54,82,80,0,0,47,39,44,76,71,0,0,68,66,59,106,94,57,0,0,0,61,0,71,47,0,0,52,64,0,0,0,0,0,0,0,57,0,0,0
0,0,53,0,0,0,0,0,65,0,0,0,0,0,37,0,0,0,0,49,0,54,0,0,0,0,0,0,0,0,0,0,0,0,0,0,0,0,0,39,0,0,0,0,0,43,0,0,0,0,0,0,0,0,0,0,36,0,0,69,37,0,0,0
32,0,0,0,0,0,0,86,0,0,0,0,0,0,0,0,55,0,0,0,0,0,0,0,76,0,0,0,0,37,0,0,57,0,0,98,0,0,0,49,0,56,0,57,0,0,0,62,0,0,0,0,0,0,65,0,0,0,52,0,60,0,77,93
0,0,0,84,0,0,83,65,0,0,0,0,0,0,0,66,0,0,70,0,55,89,0,99,0,0,0,0,61,90,0,41,0,64,0,0,0,107,0,0,0,56,0,0,0,0,0,0,0,99,0,0,0,0,0,85,0,0,0,0,0,13,0,0
0,0,0,46,93,0,0,0,0,0,0,0,0,41,0,0,0,0,98,92,0,0,81,0,0,54,46,0,0,66,0,43,61,0,0,0,0,0,0,0,0,0,0,0,16,0,81,93,0,74,0,0,0,69,53,6,0,107,0,105,47,0,0,0
0,0,0,0,0,0,0,0,0,0,65,40,0,0,0,0,89,0,0,64,0,0,0,40,37,0,0,0,67,0,97,0,0,0,37,79,0,0,0,0,54,0,82,0,0,0,56,0,0,0,49,0,41,0,0,0,0,0,0,0,0,74,0,0
0,0,0,0,62,0,0,46,0,0,73,0,0,46,0,0,0,0,0,0,53,0,47,0,58,0,78,71,76,0,0,0,0,0,0,56,0,107,0,0,0,0,0,0,0,0,0,0,0,48,0,49,76,0,0,0,0,0,0,0,0,0,0,0
81,52,0,79,0,0,0,62,0,0,0,84,0,62,0,0,0,0,0,0,0,71,0,0,0,0,0,0,59,0,0,0,0,77,0,0,77,0,61,32,0,61,53,0,65,91,57,0,0,0,68,56,0,0,95,0,10,0,0,0,0,0,0,0
0,0,96,60,76,0,0,60,0,0,0,0,0,0,68,37,80,0,0,0,0,0,75,0,0,0,43,0,65,72,0,60,0,0,0,79,0,0,0,0,0,0,0,72,0,46,65,0,0,0,0,50,0,0,0,0,0,0,0,0,0,0,0,0
84,0,0,0,0,61,67,72,35,0,43,79,39,0,0,0,50,72,55,0,0,0,0,0,0,0,0,0,0,53,0,0,66,0,0,99,0,0,0,0,62,0,0,0,0,0,0,0,0,0,0,0,114,73,0,0,0,0,0,0,79,82,0,0
0,76,0,0,0,0,0,0,83,0,0,0,0,0,56,46,51,0,62,82,80,57,46,0,0,0,0,45,99,0,74,0,0,0,0,107,0,0,0,67,0,0,0,0,0,0,0,0,0,72,0,42,0,0,0,83,0,0,0,0,0,0,0,73
0,0,0,55,34,0,0,49,65,0,59,0,0,0,0,55,0,0,0,0,0,0,0,50,0,0,87,0,0,47,82,0,0,0,0,34,0,0,0,0,0,0,0,0,0,0,0,38,74,0,0,0,0,62,71,104,0,0,0,0,0,58,0,69
0,0,0,0,0,0,43,0,0,0,49,0,0,36,0,0,0,57,0,42,69,0,0,0,0,43,51,56,102,53,65,0,0,0,0,77,0,0,0,0,87,0,0,0,0,0,74,0,0,0,82,0,0,0,0,0,55,48,57,0,71,0,0,0
93,0,0,0,47,0,82,52,60,0,0,0,0,45,0,0,0,0,0,0,0,0,0,53,0,41,64,0,0,0,79,0,45,105,64,69,0,0,0,0,0,80,48,102,0,83,0,0,0,55,0,0,72,87,0,0,0,0,0,0,0,0,59,0
0,0,0,0,0,0,0,0,0,0,0,0,0,82,83,95,68,37,0,0,0,0,0,86,41,0,0,78,0,0,53,36,0,85,0,0,0,42,0,45,0,0,0,0,0,0,0,0,0,0,0,48,0,0,0,0,0,0,0,0,0,0,48,56

0,68,0,0,0,0,46,71,0,0,0,0,50,0,0,0,0,0,0,45,0,0,46,68,0,43,63,0,0,0,0,0,0,0,0,0,0,0,0,0,0,0,0,0,0,98,0,0,94,75,62,0,0,0,67,0,82,41,0,37,0,0,0,0
0,0,0,41,0,81,0,81,0,0,80,0,0,0,75,68,0,53,0,0,0,72,0,63,0,59,0,0,0,0,63,0,0,0,0,0,78,0,0,0,0,0,0,0,0,0,0,79,92,0,73,76,58,0,57,0,80,118,51,0,45,64,0,0
0,53,0,58,0,0,41,0,64,0,0,0,0,0,0,0,57,0,0,0,0,0,64,0,0,0,93,33,0,0,71,83,89,0,0,43,42,51,0,90,0,0,43,0,0,0,0,96,0,80,95,0,70,0,0,0,0,0,0,75,0,0,0,0
70,0,0,0,0,0,87,0,0,0,76,0,69,0,0,54,0,97,0,0,86,0,72,0,49,0,72,0,0,0,0,0,0,0,0,86,64,0,0,0,0,0,0,0,99,0,0,100,104,96,0,0,0,0,0,0,85,0,0,0,74,0,0,0
0,0,0,0,0,74,0,0,0,0,90,0,0,0,0,0,106,0,0,0,75,0,0,0,63,0,86,0,0,86,0,0,64,0,0,58,0,55,82,0,0,0,0,0,0,50,55,0,0,0,42,0,67,0,0,83,0,71,0,0,0,84,0,94
0,0,86,0,0,56,0,32,0,57,0,74,0,0,0,0,38,0,0,0,0,0,42,67,0,0,47,85,0,0,0,0,0,100,0,0,0,0,42,0,0,0,56,0,55,63,0,0,0,0,0,93,69,0,0,0,67,0,0,0,0,0,84,0
0,0,0,0,0,0,0,0,63,41,82,73,51,52,0,0,88,0,0,0,63,69,0,0,50,73,0,56,0,0,0,0,0,0,0,63,0,0,0,0,0,0,62,63,36,0,0,0,0,0,0,61,0,0,54,0,0,0,0,0,0,0,0,0
0,0,78,0,0,0,0,0,69,0,0,0,0,0,0,0,0,0,0,0,0,0,0,30,0,0,69,0,63,0,47,0,51,94,0,27,0,0,0,0,33,84,0,82,0,0,0,66,0,0,0,64,0,0,0,0,0,0,0,0,0,0,0,0
0,92,75,0,0,0,0,0,76,0,17,0,0,88,0,0,0,43,0,63,82,86,0,0,0,0,0,0,0,0,0,0,0,0,0,0,19,0,0,90,0,0,0,67,0,78,0,5,0,0,75,0,0,81,74,0,0,0,33,0,0,42,41,0
0,0,55,0,64,0,0,54,0,66,0,0,0,57,0,0,0,0,0,54,0,0,0,66,66,0,0,0,66,0,36,0,64,0,0,0,0,0,73,78,0,0,0,0,0,0,95,0,0,0,0,59,0,68,0,76,0,106,0,0,64,83,0,0
0,0,0,0,61,0,0,0,0,0,0,0,0,0,0,0,0,0,0,0,0,81,0,0,43,0,0,0,0,0,0,83,86,0,0,0,66,86,0,0,0,0,104,0,0,66,0,73,0,0,0,0,0,0,92,0,0,48,0,25,0,0,0,0
99,0,0,0,34,83,0,77,0,0,0,31,0,51,0,0,0,0,0,82,58,0,0,0,0,72,0,0,0,0,0,0,0,0,90,62,0,0,0,0,0,0,46,0,0,48,0,61,62,0,49,0,0,0,54,0,86,28,0,0,0,71,0,0
0,49,0,0,0,0,82,53,63,77,0,0,0,43,0,0,0,68,0,0,0,0,0,0,0,0,0,0,0,0,0,0,0,0,0,0,0,0,0,0,0,0,58,0,0,78,36,0,0,0,75,0,24,53,81,0,0,0,0,0,37,51,0,0
0,72,0,0,0,0,0,93,0,72,63,0,78,69,0,0,0,0,72,80,0,0,0,0,0,0,52,63,0,0,0,0,0,0,0,0,0,0,0,0,0,0,0,30,0,0,0,58,0,0,76,0,50,0,0,0,49,0,0,0,68,83,0,0
0,0,0,0,93,0,0,69,0,0,96,39,0,0,0,0,0,0,26,46,0,85,0,0,0,0,0,37,0,67,0,0,0,0,57,0,0,0,0,0,0,0,0,0,67,0,0,0,0,0,0,0,74,0,59,0,0,73,0,0,0,63,44,0
0,0,88,51,0,81,52,0,0,40,94,0,0,39,0,61,0,0,0,0,0,0,0,76,0,44,0,59,0,0,0,0,0,0,0,0,0,0,0,0,0,0,0,0,0,0,0,0,55,0,0,0,0,0,0,0,0,0,0,0,0,55,88,0

55,54,58,0,0,0,88,0,95,0,0,68,0,0,0,0,0,0,0,0,0,0,0,0,54,70,39,67,0,0,0,0,45,41,0,0,82,0,44,0,73,0,0,0,0,0,0,0,81,0,0,0,0,0,56,0,0,0,72,0,73,49,46,60
58,0,32,45,0,0,93,55,0,0,76,0,90,52,31,0,0,50,0,0,0,0,0,0,0,61,23,0,0,0,0,43,0,0,85,0,64,0,69,0,0,0,69,0,0,0,0,48,0,35,0,0,0,0,93,0,0,0,0,0,0,0,0,0
0,55,73,0,0,0,68,68,0,0,68,0,0,49,0,0,0,0,0,0,0,0,0,0,0,50,0,0,44,0,0,0,93,0,0,0,87,0,0,0,0,35,71,0,0,0,0,0,0,0,55,0,0,0,99,69,78,82,0,86,0,0,0,0
72,0,0,0,0,0,0,0,0,0,0,0,0,78,0,0,0,0,0,57,0,0,0,0,0,0,0,0,96,78,0,0,0,0,76,0,0,0,59,0,0,0,0,0,0,0,0,45,81,36,40,0,0,66,69,0,0,0,0,0,58,0,0,72
0,0,0,0,0,0,0,0,0,50,52,68,93,0,0,57,0,0,0,0,75,69,0,0,48,0,0,0,82,37,0,0,0,53,0,42,0,0,0,54,54,0,61,0,0,0,40,86,0,0,0,0,0,0,0,0,54,69,112,0,63,60,99,0
0,0,0,0,76,0,0,0,0,0,43,0,0,44,0,0,0,0,0,0,0,0,0,0,0,86,0,0,0,0,80,60,0,0,59,0,0,0,41,0,0,30,0,0,0,0,0,0,0,67,36,0,0,43,0,43,0,79,52,0,0,56,0,0
0,0,57,77,0,58,0,0,0,84,0,0,0,104,0,0,0,0,0,65,53,0,48,0,0,0,0,0,0,0,0,0,0,70,87,0,0,0,0,0,0,0,50,69,61,0,58,75,0,0,0,83,0,61,86,0,56,0,0,0,0,74,49,55
72,59,62,0,0,70,37,0,0,0,72,72,83,0,0,0,0,0,0,0,37,0,0,37,0,92,53,0,0,43,0,25,0,0,0,0,0,0,0,95,0,39,0,0,0,77,0,0,0,78,0,97,0,0,59,0,39,62,52,0,0,0,0,0
60,0,0,0,0,54,0,0,0,0,66,0,81,0,100,80,0,0,0,0,0,38,0,55,0,0,0,0,0,0,43,0,0,0,0,70,49,0,0,0,80,50,0,83,98,0,0,0,76,0,81,48,0,73,0,72,60,0,0,0,0,102,46,58
0,38,0,0,0,88,0,30,58,0,0,60,0,61,0,0,47,49,0,56,0,0,0,0,53,65,85,0,0,0,0,0,0,54,65,0,0,0,69,10,88,0,0,0,0,0,0,0,0,0,0,0,77,0,0,0,0,0,0,62,0,61,0,0
0,0,0,0,0,0,77,68,50,0,0,0,91,0,0,0,0,90,0,0,74,0,0,0,0,0,0,0,0,97,0,102,0,0,61,63,98,0,77,0,0,85,0,0,0,0,0,96,0,74,0,0,93,0,88,0,0,57,0,0,0,0,0,0
0,0,0,44,47,0,0,0,0,0,0,74,75,0,24,0,0,74,0,0,0,0,51,0,0,0,0,33,0,0,76,0,0,0,65,0,53,75,0,0,0,0,0,0,0,69,0,0,0,0,45,0,0,0,0,53,80,0,0,0,0,0,0,0
0,0,0,0,85,0,0,0,0,89,0,0,42,0,0,0,0,0,0,0,0,57,0,0,0,0,0,0,0,40,84,48,0,0,0,0,0,0,74,0,69,0,0,0,0,62,0,35,0,43,0,0,30,65,53,31,0,38,0,0,0,0,0,0
0,0,0,0,0,70,0,45,0,0,0,0,0,0,0,0,0,73,81,59,39,0,58,0,0,0,72,0,0,0,0,0,0,0,65,0,99,0,0,0,0,67,0,64,83,0,0,43,0,0,43,54,0,0,0,68,0,47,0,0,71,0,0,0
83,0,70,0,0,0,0,0,0,0,0,0,64,38,69,40,73,0,0,71,0,0,0,79,0,27,0,69,0,0,0,0,0,82,59,83,0,0,0,96,0,0,28,0,89,0,0,57,62,0,70,76,0,0,0,0,0,0,0,68,54,39,0,0
0,0,61,0,83,0,0,0,0,0,0,0,68,0,0,0,0,0,0,57,0,0,0,0,0,57,0,0,77,0,0,0,0,0,0,85,31,0,0,93,37,0,50,23,0,0,0,94,73,94,0,0,40,48,49,46,65,105,0,50,0,0,0,36

0,0,0,0,33,0,0,0,0,0,34,77,0,0,0,0,70,0,0,57,0,0,61,60,67,0,0,0,51,0,0,0,55,0,0,0,0,82,64,78,0,61,24,0,0,81,42,40,0,0,60,0,0,0,0,65,0,0,36,0,66,74,0,41
0,0,0,0,0,0,0,0,0,0,0,0,41,0,0,0,52,82,100,29,0,50,70,0,88,84,0,0,0,0,81,0,101,0,69,0,53,0,0,90,86,0,0,0,0,0,0,0,0,0,0,0,0,78,0,83,0,0,0,0,0,62,0,0
73,0,62,63,0,0,64,52,76,0,0,0,0,60,0,0,0,0,0,0,0,73,0,0,0,29,0,0,0,56,71,0,28,0,0,0,0,0,0,0,0,0,0,78,0,0,0,0,0,0,44,0,67,0,0,0,22,0,70,0,0,0,0,0
0,0,63,0,0,45,50,59,0,0,36,40,0,0,0,114,0,79,52,0,0,0,0,0,71,56,0,21,0,0,16,0,0,0,67,73,0,0,0,80,0,0,0,0,0,72,78,0,0,74,0,60,0,0,35,83,0,72,87,0,0,67,90,49
0,37,0,0,0,94,0,59,0,0,16,0,0,83,0,0,0,0,0,0,0,0,55,0,0,0,0,0,0,0,0,0,29,73,0,44,0,0,0,0,0,0,52,67,0,0,0,0,0,0,0,0,0,66,0,77,0,0,46,0,56,88,0,74
0,54,0,43,0,78,0,0,0,0,0,0,0,0,0,49,0,53,55,0,74,63,0,0,0,0,0,0,0,0,0,0,0,58,41,0,0,60,69,0,0,0,0,0,0,78,70,0,0,0,85,0,0,0,0,0,0,0,76,0,54,0,0,0
0,0,0,68,53,0,0,0,64,73,0,35,0,77,47,0,0,0,0,0,0,0,0,0,0,0,69,0,73,0,0,0,0,0,34,0,0,0,0,0,33,0,0,0,0,76,0,47,0,61,0,0,78,0,45,0,79,24,0,0,0,0,0,0
0,0,53,32,0,69,0,0,0,0,50,0,55,0,55,0,0,0,0,0,0,0,61,0,0,16,0,0,70,0,0,82,0,110,0,0,50,47,0,0,0,88,0,44,0,69,47,0,0,0,67,0,0,0,0,0,0,0,0,0,0,0,70,0
0,88,0,0,67,0,84,0,0,0,77,0,67,0,0,0,85,0,91,0,0,0,0,59,0,0,0,0,0,0,0,0,0,66,68,0,0,0,0,67,40,82,61,0,0,0,86,61,0,0,0,0,0,0,0,72,0,0,0,0,0,63,0,0
0,0,0,0,119,0,0,0,74,0,0,0,0,68,0,48,0,0,39,83,47,63,0,0,0,92,62,0,0,0,0,79,0,0,0,71,71,94,0,88,0,0,49,0,0,0,0,0,0,0,0,73,0,0,0,78,0,85,0,0,0,0,0,0
48,0,69,0,0,0,0,0,76,31,80,58,0,0,0,53,37,0,0,0,0,0,0,0,0,0,0,99,49,0,0,59,0,0,0,0,0,0,0,0,0,0,38,0,48,0,0,50,62,0,0,0,24,70,0,58,0,0,0,67,58,0,0,79
0,82,0,0,0,81,0,0,0,0,0,0,0,0,78,0,0,0,0,0,21,59,0,0,0,0,0,33,0,69,32,0,68,0,0,0,0,0,0,0,0,0,61,70,0,0,0,43,41,0,0,60,0,92,0,54,0,0,0,0,0,0,0,0
0,0,0,0,65,0,0,29,61,0,0,84,0,34,0,0,94,75,49,0,61,0,99,76,51,0,34,48,85,0,75,70,0,0,0,0,0,0,0,0,0,0,0,0,0,0,32,0,95,0,0,0,98,0,0,44,36,0,54,0,73,52,78,55
0,0,0,58,0,0,88,19,98,0,0,72,88,0,61,0,0,42,0,0,0,0,51,0,0,96,0,0,0,0,0,93,0,0,76,0,0,35,0,0,0,0,28,46,70,0,0,0,0,70,0,0,88,0,54,0,92,65,0,0,0,0,0,0
0,69,0,0,0,0,96,66,0,59,77,0,0,70,0,64,0,0,45,0,60,0,52,0,0,55,0,0,0,0,58,0,55,0,42,0,56,114,0,73,0,0,57,0,80,58,0,0,0,0,63,0,0,59,0,51,0,0,0,0,47,0,0,0
0,59,0,0,0,69,68,0,58,0,0,50,0,0,0,0,0,0,80,0,0,0,0,0,0,0,95,73,0,74,0,0,0,0,0,0,0,0,0,63,0,0,0,0,45,54,0,0,0,44,0,0,0,0,0,0,0,0,55,0,0,87,0,0

0,0,0,0,0,93,0,0,0,0,0,89,0,16,0,65,0,90,0,0,0,0,89,53,89,0,0,108,0,0,0,0,0,0,0,45,0,42,63,0,65,0,0,0,0,0,0,0,54,65,0,50,0,79,0,0,82,0,0,60,51,0,0,0
33,0,0,0,76,0,55,0,0,0,0,0,0,0,0,50,0,0,0,0,0,46,83,0,0,29,0,0,0,0,0,0,0,0,79,0,68,53,33,0,0,27,0,59,0,82,0,52,0,54,0,0,0,0,0,0,28,0,0,70,0,87,0,0
78,70,0,0,60,56,0,0,0,0,0,0,0,0,0,0,61,0,0,96,0,0,69,0,65,0,0,0,0,0,72,0,0,0,64,0,0,38,59,0,91,0,0,0,0,0,0,0,0,0,77,0,71,79,0,36,27,0,0,0,63,0,73,0
0,0,0,0,0,0,0,56,0,0,0,74,0,0,105,0,0,84,84,56,0,0,77,61,66,0,0,97,64,0,0,33,0,105,0,0,0,0,0,0,0,0,92,0,59,0,0,102,35,65,0,36,52,37,56,0,0,0,0,0,0,0,0,0
0,0,0,56,0,0,90,0,0,0,57,0,0,0,38,0,0,0,74,54,0,52,0,0,0,0,0,63,0,0,59,0,0,0,88,0,0,65,0,71,0,0,0,0,0,42,0,0,0,0,0,0,0,78,0,0,0,0,0,48,0,80,0,0
0,0,0,126,0,0,0,81,0,0,0,0,0,76,0,0,72,32,57,0,68,0,0,0,100,0,0,0,0,0,0,42,0,0,47,64,86,0,56,0,0,30,0,0,0,81,0,0,0,66,84,0,0,44,0,63,0,0,0,66,0,0,0,76
44,0,0,64,0,0,83,0,0,0,63,50,0,0,53,0,0,67,0,0,83,0,0,72,0,53,0,0,0,55,0,0,0,0,13,0,0,81,64,45,0,97,0,0,29,96,0,0,0,0,0,71,0,0,0,0,0,0,0,0,0,0,0,0
0,0,0,34,87,0,0,73,0,0,0,0,46,0,36,0,0,0,101,0,0,0,80,0,0,0,0,0,0,0,0,52,0,0,0,0,0,0,0,60,0,0,0,0,0,0,77,0,0,76,58,57,0,0,0,65,0,121,0,0,0,0,0,0
0,0,0,0,0,36,0,0,84,53,0,0,0,67,0,0,0,41,0,0,88,0,0,0,0,0,0,0,0,0,0,0,88,52,0,0,0,0,0,0,96,45,0,0,0,0,0,0,47,94,0,0,0,0,0,0,0,81,0,56,0,44,0,0
0,0,58,0,0,0,0,38,0,0,0,53,68,0,0,0,75,0,56,0,0,60,94,59,0,78,0,0,0,0,0,0,0,0,0,88,66,112,0,0,0,54,0,0,67,50,0,0,72,0,0,0,0,0,56,87,0,0,0,62,85,0,0,0
81,0,0,0,0,0,0,0,33,0,0,20,0,0,66,100,0,0,71,0,0,61,77,91,79,0,26,68,0,82,0,0,0,0,0,0,0,72,0,0,59,0,76,0,0,0,0,0,0,61,0,0,58,0,0,63,0,0,77,63,0,0,73,54
27,0,0,43,0,0,53,0,0,7,58,0,45,0,0,0,0,0,0,59,87,0,92,0,62,0,0,0,0,52,72,0,87,36,38,74,68,0,59,71,0,0,0,0,30,0,50,0,0,0,0,0,71,0,0,0,0,65,0,0,47,0,0,59
0,0,60,0,89,71,84,0,77,0,0,0,0,0,0,0,72,89,72,0,0,51,61,0,50,71,63,0,66,40,36,0,0,71,103,0,0,0,0,0,0,0,54,0,61,0,83,0,0,0,0,60,0,0,0,0,0,0,0,0,0,0,0,0
0,84,0,88,0,0,0,0,0,0,102,55,0,0,0,0,0,0,0,0,29,0,0,0,0,0,44,0,81,59,77,0,0,51,0,0,0,0,0,0,0,0,0,62,0,0,0,47,0,70,0,0,0,0,0,0,0,0,0,81,0,0,0,0
0,0,0,82,77,0,34,0,0,0,48,0,24,91,0,60,48,0,0,0,0,0,0,0,0,0,66,0,73,0,0,48,0,0,0,0,54,0,0,0,67,61,0,0,69,68,44,0,0,0,77,0,62,0,0,0,0,75,75,0,0,0,65,0
0,48,0,89,0,0,0,0,68,0,56,0,65,0,64,74,0,0,0,0,0,57,0,32,0,0,0,77,48,97,0,0,0,0,0,74,0,0,0,91,0,0,0,0,0,0,119,0,43,0,0,0,0,0,0,0,34,22,0,51,0,76,0,113

0,0,68,32,0,75,0,0,0,0,0,0,0,0,0,83,0,45,0,0,0,73,65,59,0,0,52,60,64,46,0,0,0,0,0,0,0,0,0,0,0,0,35,0,0,0,0,84,0,0,0,0,0,0,0,55,0,0,76,0,0,0,47,0
0,71,0,66,0,0,0,0,0,66,0,0,46,0,0,0,0,0,0,0,75,0,0,78,75,0,55,42,0,0,108,0,72,65,0,0,0,0,0,0,0,0,68,33,0,0,0,0,79,0,0,0,0,61,0,0,0,0,79,0,0,0,0,2
0,0,0,0,50,75,0,0,0,0,66,0,0,0,0,53,66,0,31,0,91,0,30,0,41,0,0,0,62,0,0,0,0,0,0,0,0,0,43,0,59,0,0,0,0,79,0,62,0,0,0,83,0,0,0,60,0,89,0,0,0,0,51,0
0,77,0,0,0,71,0,0,0,77,0,0,89,0,0,0,0,98,83,62,0,0,0,0,0,80,0,60,0,0,40,0,0,0,0,0,0,0,0,0,0,65,0,0,0,0,0,94,85,64,0,0,47,0,0,0,0,113,0,0,0,0,0,74
0,0,0,0,0,0,0,55,0,0,0,0,0,0,58,0,0,0,0,0,67,41,0,0,0,71,0,0,40,0,0,0,84,0,73,77,0,93,73,114,0,0,63,92,58,0,0,0,0,0,54,77,61,0,77,0,41,0,0,88,44,0,0,49
0,0,0,78,0,56,0,0,0,0,0,0,44,46,0,0,58,61,0,0,0,0,0,0,0,0,84,67,0,0,0,0,102,0,0,0,39,73,0,0,0,0,74,0,0,0,0,0,0,0,0,58,0,0,0,0,0,0,0,67,0,0,0,0
0,52,55,0,0,0,0,0,75,0,89,0,0,75,0,0,44,0,0,0,0,0,57,0,0,0,0,55,0,0,111,0,0,0,0,0,33,0,0,0,0,0,0,33,50,0,24,34,0,0,0,0,0,0,68,61,0,0,0,0,38,0,78,0
0,34,106,0,0,0,0,0,0,0,0,0,0,0,47,105,0,34,52,0,69,0,0,85,83,0,0,0,0,0,0,0,0,73,0,0,0,0,0,96,0,0,0,0,0,0,0,71,81,0,0,67,58,0,42,52,0,47,0,0,0,0,106,59
0,0,50,0,62,0,0,0,0,105,0,0,0,60,68,0,48,0,0,0,0,0,0,0,67,0,0,49,91,57,113,0,0,0,0,64,0,70,85,60,80,0,0,0,56,0,0,77,0,45,0,0,0,29,89,0,72,0,0,82,74,0,0,0
74,81,0,0,0,0,75,64,0,0,0,0,0,0,99,70,57,0,95,0,0,63,0,0,63,0,65,75,0,84,0,117,76,0,0,0,0,0,0,93,64,31,0,85,0,33,0,0,0,0,0,0,0,0,0,0,0,47,57,0,0,0,0,78
0,49,76,0,77,0,0,0,67,0,0,0,0,0,0,0,0,0,0,0,0,0,46,58,0,0,0,108,0,0,53,0,47,33,0,0,0,0,0,0,0,0,0,0,59,0,66,0,0,0,0,0,0,86,0,0,71,71,0,73,0,0,0,0
0,0,72,0,0,0,49,0,0,0,0,66,0,0,0,0,101,42,0,0,0,70,0,0,67,0,0,0,38,0,54,39,0,57,0,0,87,0,97,94,0,0,0,0,0,0,57,55,63,88,0,64,43,0,41,0,0,0,77,0,0,0,0,0
0,43,0,0,0,0,92,86,0,0,0,0,96,0,20,0,0,0,0,0,0,0,0,0,34,0,0,0,0,49,0,0,66,0,73,0,0,44,0,0,0,0,0,99,0,0,0,0,0,0,17,0,0,0,0,0,0,0,0,72,82,0,0,101
56,0,0,11,0,0,0,0,0,0,75,39,0,0,0,0,80,0,0,0,0,64,0,0,0,89,0,0,0,0,0,0,61,0,0,0,0,0,67,71,0,48,108,0,0,62,0,49,63,0,0,0,0,0,80,0,0,62,75,0,0,75,0,0
0,0,0,0,0,0,0,0,0,0,72,0,0,0,0,0,61,79,41,0,0,29,0,0,0,0,100,0,66,23,0,0,37,0,48,100,0,90,33,0,0,0,72,0,69,24,0,0,0,77,95,95,0,0,0,0,0,47,0,58,0,69,0,0
70,46,82,39,0,84,0,57,0,0,85,74,0,91,0,75,0,0,49,66,0,0,0,62,0,0,0,0,41,0,0,39,99,0,0,0,28,54,0,57,54,40,64,42,0,0,0,0,0,0,0,53,0,0,0,35,0,0,0,0,0,0,0,0

0,70,0,0,52,0,0,58,0,0,51,0,18,49,0,0,0,0,0,82,0,0,0,51,0,0,0,29,0,0,0,0,0,0,28,0,0,0,55,0,0,0,94,0,0,0,0,0,0,0,0,0,0,31,101,0,0,0,65,62,0,113,87,59
0,0,0,0,0,0,0,0,68,66,0,0,0,0,66,0,0,0,0,0,27,94,0,0,0,46,80,0,0,0,0,0,73,0,69,0,0,70,0,86,0,59,57,0,0,0,0,0,0,0,74,0,0,81,0,39,0,0,0,41,86,0,0,0
0,32,0,0,74,0,0,61,0,0,75,0,0,0,0,60,0,0,22,0,0,0,48,0,92,0,0,0,0,54,0,0,27,0,0,0,0,0,0,0,0,0,0,0,99,0,0,56,44,47,0,0,73,0,0,0,0,41,71,0,83,22,0,38
0,0,57,0,59,0,0,0,0,0,54,0,0,118,0,0,0,0,0,0,0,0,80,0,76,63,0,0,0,0,0,0,85,0,51,0,0,0,0,0,101,0,0,0,0,0,0,0,0,0,0,0,0,0,69,90,0,0,0,0,0,0,83,53
45,0,0,39,61,0,0,0,0,0,0,0,0,0,70,0,0,48,0,79,0,0,0,52,72,122,0,0,81,0,0,0,54,84,0,0,0,0,79,0,0,0,65,0,0,58,0,0,48,0,0,0,0,69,44,94,72,48,60,0,0,0,0,0
0,0,0,78,94,72,70,89,0,0,50,55,0,0,0,0,0,54,56,0,0,60,0,0,0,0,66,78,0,46,49,0,73,82,0,0,0,0,55,0,102,0,0,0,65,0,0,74,78,0,0,0,63,0,52,0,0,0,0,0,84,38,40,0
0,42,0,0,40,70,0,0,0,0,33,0,0,0,0,0,0,0,0,0,76,57,0,0,0,78,0,47,0,101,52,0,75,0,90,44,0,0,82,0,50,69,71,75,0,0,0,0,0,0,0,0,0,0,68,0,59,0,0,0,0,0,0,0
50,32,71,0,62,61,0,0,0,38,0,0,0,0,0,0,0,75,0,0,0,79,61,75,0,0,0,0,0,0,27,48,44,0,0,0,0,0,0,0,0,0,0,122,0,0,0,75,0,0,0,0,0,0,0,0,0,0,65,0,0,61,0,43
68,79,0,0,0,0,0,0,0,0,53,0,0,94,71,0,0,76,0,34,0,0,0,0,0,0,0,61,0,0,0,0,0,0,0,0,45,0,0,0,0,74,0,70,81,82,78,0,0,45,0,0,0,0,0,94,13,62,40,0,0,0,0,0
0,55,0,0,0,0,0,69,74,0,0,74,99,0,0,73,83,0,62,0,0,0,71,0,77,37,87,0,0,0,96,95,0,0,70,0,0,0,0,0,0,41,0,52,73,0,0,0,0,79,0,49,0,0,0,0,0,0,0,0,0,0,43,49
0,0,0,0,0,50,53,0,0,58,0,0,0,65,0,0,0,13,56,85,0,0,0,0,94,0,0,0,119,0,0,23,0,0,0,0,0,0,0,0,68,53,0,0,0,0,0,0,65,0,59,0,0,74,80,0,0,0,57,83,40,26,0,0
0,0,0,0,0,98,0,0,0,0,0,0,71,96,0,0,0,0,0,0,0,101,0,0,57,0,0,0,69,62,57,0,0,0,0,0,77,0,0,82,0,0,0,0,0,0,0,0,112,72,0,0,0,0,0,0,79,0,0,29,46,0,0,0
0,68,0,0,0,0,50,0,0,78,55,0,0,36,38,67,52,0,45,0,0,0,0,104,63,0,60,0,61,0,0,75,0,0,82,0,0,0,0,0,0,0,0,0,0,0,0,0,75,86,0,0,79,0,41,0,62,0,0,0,76,90,0,48
0,46,0,0,0,0,0,80,0,64,0,0,0,0,0,0,0,0,92,0,0,0,54,0,0,0,58,0,0,0,94,0,59,0,0,68,0,0,0,0,70,81,0,0,85,0,0,0,0,0,53,0,67,0,0,0,61,0,0,0,43,0,0,0
0,0,53,0,0,0,0,0,0,0,0,0,0,0,0,0,94,0,102,0,0,0,101,0,29,0,0,34,0,0,0,0,0,0,0,0,0,58,0,0,96,0,0,0,0,0,67,0,0,0,79,0,0,40,53,0,48,0,0,70,0,0,0,94
0,0,0,0,0,59,0,0,0,70,107,0,0,0,87,38,0,0,0,0,0,0,0,0,55,0,0,0,0,71,0,0,57,0,0,0,0,0,0,0,54,0,66,0,0,0,0,53,48,48,67,77,62,0,0,0,0,0,0,0,0,0,0,0

0,0,0,0,0,0,0,0,0,0,0,0,0,0,0,0,0,0,0,0,29,0,0,0,0,0,45,0,41,0,0,0,0,0,51,49,0,55,0,0,0,47,0,0,0,0,34,45,0,0,50,81,34,0,0,0,59,51,0,0,0,0,0,0
80,0,65,0,71,0,72,62,0,0,61,66,0,0,88,0,0,54,0,0,0,66,81,81,0,34,0,0,60,0,36,0,82,50,0,36,39,0,0,0,47,0,99,0,0,68,0,58,70,0,74,0,0,0,87,0,0,0,0,71,0,91,0,90
52,0,0,0,0,0,0,0,56,0,87,0,0,23,0,50,62,0,0,0,0,67,82,41,0,54,0,0,0,0,0,38,0,96,0,0,0,0,68,0,0,89,0,72,0,0,0,0,62,0,0,0,0,62,0,0,0,60,0,0,0,0,0,0
51,0,0,69,0,69,0,80,0,0,0,0,0,54,0,0,0,0,0,0,0,0,0,0,0,72,48,83,0,0,0,0,105,64,51,0,0,0,0,0,0,101,0,0,0,56,0,0,0,35,0,0,0,127,0,0,0,0,0,0,0,91,0,0
0,0,62,0,0,0,0,0,101,0,0,0,47,0,0,0,0,0,0,42,66,0,0,0,85,0,0,68,0,0,0,32,0,0,54,41,0,38,67,0,53,0,65,0,0,0,0,0,0,66,0,29,0,47,0,0,0,0,50,0,0,0,0,70
0,0,69,0,50,57,0,42,0,0,0,0,60,83,40,0,0,50,34,0,62,0,0,0,0,0,53,0,0,63,59,53,0,32,42,0,61,0,0,0,0,0,79,31,0,0,0,0,59,64,75,0,0,0,54,0,39,0,0,39,0,0,52,75
0,0,0,0,48,0,0,0,0,0,0,0,89,0,0,0,0,0,0,0,85,0,0,0,59,0,0,0,0,0,74,0,30,58,66,0,0,0,0,50,61,67,0,0,90,66,0,58,0,0,51,68,88,0,70,0,104,0,48,0,0,58,0,0
0,0,73,0,0,0,0,54,0,0,0,82,0,0,0,0,0,47,22,0,0,63,0,0,85,0,0,0,0,98,61,0,0,0,0,0,0,0,58,0,111,0,81,0,0,0,42,55,0,98,76,0,0,0,0,44,0,0,0,0,0,0,0,0
23,0,0,65,59,0,0,95,48,0,63,0,0,0,0,0,0,0,67,86,107,0,0,46,0,0,0,61,0,0,0,0,0,0,44,0,0,0,0,0,0,0,71,0,0,0,0,0,0,23,0,0,0,0,12,0,72,72,0,50,69,0,81,0
70,0,0,0,0,63,45,0,0,61,48,0,0,69,0,57,0,0,0,0,0,71,0,0,0,84,0,0,0,0,0,73,65,48,0,0,44,45,0,0,52,0,0,0,0,0,76,0,0,0,30,88,0,0,0,76,0,37,0,91,0,78,0,62
47,51,93,57,68,0,0,0,0,0,0,71,41,57,0,0,0,0,70,0,0,64,79,0,0,0,67,3,0,0,0,0,0,0,0,0,0,108,0,0,0,91,77,0,0,0,57,39,65,51,49,88,63,0,0,0,0,0,0,65,88,0,0,0
0,85,0,0,0,0,0,0,0,0,69,86,76,0,0,60,0,0,0,0,69,97,0,0,0,71,0,54,0,0,0,0,53,0,0,0,0,74,44,0,0,0,0,33,0,0,0,61,54,0,73,0,29,72,0,62,0,0,0,56,0,0,0,75
0,0,67,72,0,60,0,0,0,36,85,0,0,92,0,52,0,69,0,79,0,36,0,40,0,0,0,45,0,0,0,69,0,0,0,0,0,0,39,0,0,68,0,0,0,0,0,0,0,0,0,43,0,0,0,0,0,0,0,0,0,0,76,0
78,0,0,0,0,0,0,0,0,0,0,0,0,0,0,0,42,0,0,0,0,0,0,41,0,0,0,0,92,41,78,72,0,0,0,56,0,31,0,0,0,0,0,100,0,34,0,62,0,0,65,0,97,35,0,0,0,0,0,0,0,0,0,0
67,0,0,0,58,0,0,0,61,0,0,67,56,102,0,0,76,5,0,0,88,75,0,0,61,0,62,0,0,84,59,0,65,60,0,78,0,0,0,0,0,0,0,0,66,0,0,112,0,0,0,0,0,0,0,0,58,0,0,75,0,0,0,56
0,91,0,0,0,0,0,0,61,0,0,0,0,0,48,0,0,50,0,0,79,0,0,0,0,0,44,0,82,69,70,47,0,0,0,0,0,0,83,0,0,0,0,0,84,79,0,57,0,0,46,27,0,0,0,0,0,0,33,0,0,83,39,39

0,0,0,0,75,0,30,0,0,64,0,73,0,63,0,0,0,0,100,0,87,0,0,49,0,0,59,0,0,0,0,0,0,0,0,0,0,0,0,0,0,0,0,58,0,99,50,0,0,0,74,50,0,0,0,0,13,0,0,0,49,99,0,0
0,0,89,0,0,0,49,0,0,0,78,75,69,0,0,0,0,0,0,0,0,0,0,101,46,0,0,0,0,0,0,0,0,0,64,0,0,0,0,0,0,0,0,0,0,0,0,0,0,0,0,72,0,0,59,0,72,0,56,0,0,0,0,88
89,70,82,0,0,0,56,0,0,0,0,0,36,0,0,63,18,75,57,19,0,64,0,0,0,0,74,0,62,0,0,0,41,57,0,0,55,0,0,0,84,0,53,46,0,60,0,0,0,0,0,45,0,0,0,0,0,57,0,44,0,0,0,0
22,0,0,26,0,0,11,0,0,38,0,0,0,0,0,0,0,0,0,0,86,0,0,0,0,0,0,0,0,100,0,0,48,54,0,0,77,51,127,89,82,0,75,88,0,0,20,0,0,0,0,19,0,0,0,0,69,44,0,64,0,0,0,0
92,0,37,0,51,42,0,0,115,0,0,68,0,0,76,0,62,0,0,0,0,0,88,0,0,0,79,70,0,68,37,0,0,0,65,0,0,75,95,72,0,0,0,42,40,0,0,0,0,0,78,0,0,92,0,0,57,0,0,0,0,0,77,0
69,0,0,0,66,43,0,0,0,0,0,69,68,28,69,0,82,0,0,0,46,64,44,70,0,87,0,0,0,0,0,0,102,52,88,0,0,0,56,0,0,0,0,62,0,47,0,0,0,37,66,0,46,0,42,0,0,0,0,0,0,0,0,0
64,67,0,0,54,0,0,0,0,0,0,0,69,27,0,97,0,0,65,0,0,90,80,0,0,58,0,0,0,90,0,0,0,0,0,0,0,0,0,0,0,19,0,0,0,81,0,66,0,0,0,63,66,0,0,0,0,0,0,0,0,0,0,73
0,0,0,0,64,0,0,0,0,0,0,0,82,56,0,0,69,0,42,0,0,0,0,0,0,0,0,0,0,0,45,0,0,0,37,0,0,0,0,0,0,0,0,0,47,0,0,0,0,43,0,0,0,0,0,0,52,0,0,0,59,0,0,0
0,0,0,0,0,68,68,0,26,0,0,0,0,0,97,69,0,0,0,0,0,0,0,56,0,34,0,0,0,0,0,0,0,0,52,0,44,0,74,0,0,0,0,0,0,0,0,34,0,88,0,0,66,0,0,0,0,0,0,65,0,0,61,0
0,0,0,67,0,0,0,71,0,0,0,69,0,0,0,0,0,56,0,0,39,0,0,0,0,0,0,0,0,0,87,0,0,0,0,0,0,0,79,52,0,111,0,0,0,0,0,63,32,0,0,76,0,82,0,0,0,29,66,0,104,0,0,90
0,0,0,52,0,0,0,76,0,0,0,63,79,0,0,0,0,0,72,59,0,0,0,0,46,0,0,42,81,0,0,0,0,0,0,0,106,0,0,0,0,0,85,0,0,37,40,65,72,0,0,0,51,43,0,46,0,0,32,59,0,80,0,0
0,0,0,52,0,0,0,0,0,0,0,0,0,49,0,0,71,64,77,0,40,0,0,0,37,0,0,0,0,0,23,0,0,0,0,26,18,0,47,0,0,0,0,72,0,0,58,0,0,0,0,0,0,0,88,0,0,87,40,0,120,0,85,0
0,0,0,0,0,74,0,0,0,0,0,0,0,0,0,0,0,0,0,0,0,0,81,0,0,0,0,0,0,67,85,83,77,0,51,0,22,0,0,0,0,44,0,80,0,17,0,0,0,0,67,47,58,70,29,0,0,0,86,93,0,0,62,0
0,0,74,0,0,68,0,0,81,0,51,0,75,0,69,0,0,0,0,39,107,76,0,0,92,0,72,0,0,0,0,45,0,115,79,0,63,0,71,0,53,0,0,75,0,55,0,0,0,0,0,0,78,103,0,0,79,0,0,49,0,0,0,59
32,0,0,0,63,0,0,0,0,0,66,44,0,0,59,55,46,0,80,0,32,76,0,74,0,0,0,0,0,0,0,0,0,60,0,0,122,0,0,0,0,40,63,0,0,77,77,0,0,38,0,0,0,58,0,39,21,0,0,0,0,81,0,0
0,0,47,0,41,0,39,0,44,0,74,61,0,0,0,0,0,0,55,0,0,0,0,53,78,0,0,0,0,0,64,0,0,0,43,0,0,0,60,0,0,88,0,0,78,0,42,38,0,84,0,90,0,60,0,0,0,52,54,0,0,74,83,77

0,0,0,0,0,38,0,103,53,0,0,70,0,0,82,0,62,0,0,0,67,0,0,0,58,34,0,0,0,92,0,78,0,57,0,0,0,65,0,20,80,0,0,0,81,0,0,0,40,0,88,0,0,0,0,0,66,0,0,0,0,0,0,49
0,0,100,0,0,0,50,0,0,93,58,0,0,0,0,0,86,0,0,0,0,55,22,60,0,0,0,0,0,0,0,0,0,51,0,0,0,0,0,76,0,0,0,0,44,0,0,68,0,0,45,44,0,0,0,0,0,0,68,0,0,0,82,0
0,76,0,70,0,0,101,89,0,0,0,0,0,0,75,0,0,76,0,0,0,89,0,0,0,0,69,0,0,43,0,0,77,0,0,0,0,84,54,0,0,0,0,0,0,0,0,0,90,67,0,69,0,108,60,0,0,0,0,57,84,0,0,0
0,0,0,75,0,0,0,0,0,0,90,83,57,0,0,0,0,0,20,0,0,0,57,0,0,80,41,127,90,0,63,31,93,0,0,0,36,79,0,0,81,0,0,0,0,0,89,0,77,0,56,0,0,0,0,0,49,54,0,59,0,0,30,0
0,58,76,0,53,0,0,0,0,0,97,29,0,38,0,0,0,0,0,0,56,0,0,0,0,0,0,80,0,0,58,74,0,0,40,0,0,0,0,0,0,51,0,40,0,0,0,0,0,0,0,0,0,0,0,0,0,0,0,44,0,55,47,0
0,0,0,0,0,0,0,0,0,58,0,0,0,52,0,60,0,0,56,0,22,0,0,97,0,0,92,89,87,109,0,61,0,0,0,0,0,0,0,0,0,67,0,68,0,63,0,45,0,56,0,56,0,0,0,0,0,0,60,0,0,0,78,0
59,69,64,68,0,0,0,0,0,0,34,0,49,0,58,0,0,0,34,63,10,98,0,0,0,0,38,0,0,85,0,86,58,0,0,0,0,0,0,0,0,70,0,0,0,0,0,68,0,0,0,33,0,0,0,78,0,0,55,82,0,0,0,0
0,0,0,60,48,0,0,0,0,0,0,0,67,86,0,0,0,0,0,0,0,0,0,50,0,0,48,0,60,0,61,0,0,0,42,0,43,45,0,19,0,0,0,0,0,0,75,88,0,0,65,28,61,70,0,84,51,62,87,0,100,0,0,73
0,55,59,0,0,0,0,0,0,61,0,0,0,0,80,0,0,0,62,0,0,75,66,51,0,0,74,0,67,0,0,0,0,0,52,0,0,0,0,0,92,0,76,0,0,0,0,75,0,0,0,0,0,53,0,0,74,0,0,0,0,0,0,67
67,0,51,0,0,0,0,0,0,0,0,0,0,0,0,0,0,0,0,0,0,121,0,0,0,0,31,95,0,0,0,0,0,85,49,0,64,0,0,0,0,0,53,69,15,0,0,93,0,45,0,0,0,0,0,35,0,0,0,0,0,66,60,57
47,43,44,0,0,0,47,0,0,0,7,0,72,81,0,95,0,0,62,0,0,84,0,58,0,0,0,0,0,0,0,0,0,72,0,0,0,0,0,0,0,0,69,0,76,0,0,0,38,0,0,0,90,65,95,56,0,77,0,0,65,0,59,0
0,0,46,87,43,0,0,0,0,0,76,0,0,0,60,0,0,0,0,0,0,0,0,0,0,42,71,0,6,0,0,0,0,0,0,0,0,0,0,0,0,46,0,111,67,0,0,0,0,72,0,0,0,48,0,0,90,80,0,67,0,0,32,72
0,69,85,0,75,0,0,0,0,0,0,0,0,0,0,0,76,77,0,0,78,0,0,46,0,0,0,62,66,0,0,0,0,0,105,63,0,0,0,0,0,0,0,0,0,77,0,0,0,41,28,0,0,0,70,0,0,0,89,0,0,0,0,0
45,52,0,0,33,0,0,0,0,81,0,65,46,58,0,0,0,61,0,87,58,107,0,55,57,0,0,0,0,0,0,0,0,0,0,0,85,81,73,0,0,0,0,0,74,0,0,0,79,0,0,0,0,71,0,0,41,78,80,0,49,38,74,0
0,13,0,100,88,81,0,0,0,0,0,77,0,0,0,0,0,83,68,0,0,0,0,63,0,0,0,0,46,74,0,0,31,0,76,56,0,35,56,0,0,0,70,67,49,0,0,87,66,0,74,0,0,0,0,0,0,0,62,49,0,0,102,76
0,0,0,48,32,88,0,0,81,0,0,36,0,0,52,0,93,66,60,56,0,22,76,0,0,0,0,56,0,0,0,0,66,0,59,0,0,0,0,21,61,107,0,0,0,0,0,0,0,0,0,74,34,0,0,37,0,0,0,0,0,26,0,0

0,0,0,44,0,35,0,0,0,0,74,0,0,0,0,62,0,0,0,0,58,69,0,0,42,0,56,43,0,0,0,0,72,0,0,0,0,0,0,0,43,58,54,25,0,0,0,65,50,0,0,87,0,0,0,0,0,0,0,65,0,0,0,0
0,0,0,73,0,60,0,0,0,65,53,0,0,55,0,38,0,0,0,87,0,0,0,0,45,75,0,0,21,0,0,0,51,0,0,0,0,0,0,91,0,72,67,85,0,28,0,0,50,75,0,36,0,82,71,87,0,0,82,0,0,79,0,31
0,72,0,0,0,61,0,0,0,68,0,0,0,0,36,0,19,44,74,0,0,0,0,0,0,0,0,0,0,75,0,0,66,0,0,41,0,0,41,50,0,0,0,0,0,0,89,0,0,0,0,0,0,0,49,64,0,0,0,60,0,0,74,0
0,0,0,71,0,88,0,0,0,0,0,0,0,93,45,0,0,64,99,75,0,0,0,0,0,63,0,0,39,69,0,0,0,0,62,93,0,58,56,0,0,0,0,0,71,0,0,0,0,33,28,81,0,0,92,43,0,0,53,0,76,0,0,0
0,0,0,0,101,0,0,0,0,0,0,60,0,58,0,0,0,77,0,114,0,0,0,0,0,0,106,45,62,59,0,63,0,80,0,0,45,0,42,0,0,0,0,0,63,0,65,0,0,49,0,22,0,0,0,59,94,0,0,81,84,86,0,0
0,0,62,0,54,0,0,40,0,0,69,0,0,0,49,0,49,0,0,64,0,0,34,61,0,0,0,116,15,0,0,0,0,64,0,0,0,0,0,71,0,0,0,0,0,79,0,0,0,0,0,0,54,0,0,0,0,0,100,40,0,0,66,0
0,0,0,0,86,0,81,54,0,81,0,0,0,0,0,0,36,0,0,43,0,112,0,0,0,0,0,54,0,51,0,61,0,0,0,0,0,67,0,0,0,0,62,0,0,19,0,0,0,87,0,0,77,0,0,0,0,0,0,49,0,0,0,61
0,0,0,0,0,0,68,0,74,0,0,92,0,65,0,106,0,0,0,0,70,43,0,83,49,37,63,0,0,0,0,0,67,65,0,0,0,0,0,87,0,0,64,0,0,0,0,32,29,0,0,0,77,56,54,0,0,0,0,36,0,0,0,0
0,0,0,0,0,0,0,89,0,0,0,0,0,0,50,0,0,0,0,0,0,43,0,79,53,0,0,98,0,102,0,0,47,0,87,0,73,46,0,0,0,0,0,0,0,0,50,73,0,0,0,0,27,0,0,0,0,58,54,0,0,0,0,0
85,0,0,0,0,0,0,0,44,0,94,0,99,0,0,0,0,47,40,79,98,0,0,87,0,55,0,0,0,0,0,0,0,0,0,76,0,0,0,0,78,0,86,43,0,53,0,0,0,0,0,0,70,0,52,0,58,105,0,85,0,71,90,68
0,0,0,0,0,0,0,0,0,37,77,0,69,62,83,0,48,0,0,0,0,0,0,0,23,0,0,71,0,0,0,95,0,0,0,0,0,65,0,0,0,0,0,78,0,0,0,71,0,0,0,0,22,0,0,86,0,90,0,0,0,0,62,0
0,0,0,0,0,0,16,88,0,0,0,55,42,0,0,42,0,0,0,0,0,0,0,0,0,0,0,61,0,0,0,0,0,50,0,84,0,0,0,0,0,0,0,75,0,94,0,0,0,0,53,0,0,0,0,100,0,0,0,0,0,0,59,0
122,0,96,69,60,0,0,0,43,123,42,67,0,0,0,0,0,77,0,55,0,0,93,0,0,63,0,0,63,0,0,75,63,0,0,0,0,90,29,0,0,0,0,0,49,0,0,0,0,0,45,0,0,0,0,0,79,0,68,0,75,0,0,0
0,64,0,0,0,0,0,0,55,0,79,66,97,0,0,86,0,48,0,42,0,67,33,0,81,72,52,0,0,0,0,85,0,0,0,0,0,0,98,0,0,96,0,64,0,0,99,68,0,0,0,0,0,0,45,76,0,0,81,48,0,87,0,103
0,0,0,0,46,0,60,0,0,0,0,0,0,0,0,0,69,0,0,0,73,41,0,103,68,0,0,0,0,0,0,0,53,0,0,0,29,50,88,45,0,0,69,63,0,0,0,0,0,52,0,0,0,25,0,0,0,0,0,0,81,0,0,0
0,0,42,0,0,66,0,89,0,99,66,66,0,0,0,0,0,69,42,0,0,0,0,0,0,0,85,62,0,0,0,0,0,0,0,0,38,0,0,0,0,0,60,93,0,0,0,0,0,0,0,0,0,0,65,0,0,0,0,86,0,79,81,0

61,0,0,51,0,0,0,0,67,73,0,0,0,47,0,0,61,0,0,0,0,40,0,0,0,0,0,43,0,0,0,0,107,0,0,0,0,0,94,0,0,0,79,93,57,0,0,71,0,59,53,0,57,0,0,0,0,75,0,0,0,0,0,29
56,0,0,0,97,83,0,0,0,0,0,0,75,0,56,41,0,84,0,0,0,0,0,0,0,0,0,0,0,0,53,43,0,0,84,0,0,79,0,69,0,0,0,53,0,0,0,0,0,79,64,0,0,0,0,0,0,0,0,0,85,84,0,0
43,0,0,0,0,61,0,48,0,60,57,0,0,49,0,0,0,0,0,0,0,83,45,0,0,0,0,0,0,0,0,96,63,0,73,0,0,104,42,0,0,31,0,0,0,0,0,0,0,0,0,0,37,0,0,0,0,0,17,0,0,0,0,0
0,0,51,0,0,0,0,25,0,0,0,0,96,0,0,0,0,0,0,0,70,73,0,62,0,0,0,0,0,56,56,9,0,103,0,0,0,52,0,0,0,82,0,0,0,4,51,0,0,0,0,0,0,0,94,0,0,0,0,0,46,0,0,0
0,0,0,70,63,0,0,68,0,0,0,0,42,0,70,0,0,0,0,0,0,0,0,0,76,0,0,0,0,0,75,0,0,0,0,0,19,0,77,0,0,0,0,50,29,48,0,0,0,0,0,44,0,0,0,63,0,0,35,0,11,0,0,0
0,0,0,67,0,0,0,0,0,0,0,0,34,0,0,0,0,45,0,47,27,0,0,0,0,0,48,40,0,75,0,0,0,0,0,0,0,0,0,48,111,0,0,0,0,0,0,100,86,0,42,0,48,0,76,15,0,0,72,0,0,65,0,0
0,66,0,0,69,65,0,85,63,0,52,0,0,0,0,0,54,0,0,0,0,0,0,0,0,65,50,79,52,51,111,0,0,0,68,0,80,0,0,0,0,0,0,60,0,0,0,0,0,0,0,0,98,0,0,0,0,56,0,0,0,74,0,0
0,26,0,0,42,0,0,0,0,0,0,0,0,77,78,0,0,87,0,0,83,0,0,0,0,0,0,0,34,0,0,68,48,0,0,63,0,0,0,0,0,28,0,0,0,51,53,61,49,0,0,0,0,0,0,0,0,0,87,0,0,0,0,0
0,58,0,0,0,0,69,0,0,88,21,63,0,0,0,0,0,0,89,0,81,19,0,83,36,0,0,76,0,0,0,0,84,0,0,0,0,99,61,69,0,0,62,71,65,68,0,0,0,0,0,82,40,0,74,104,78,0,0,0,97,0,0,127
0,0,85,35,67,83,0,52,0,0,0,0,48,0,0,0,0,0,0,0,0,0,42,62,0,0,0,0,79,0,0,0,0,0,0,0,95,0,0,63,49,21,0,0,0,0,0,0,0,0,0,0,81,0,0,0,56,0,0,61,45,0,0,81
57,65,0,0,0,0,51,0,0,0,0,0,98,0,78,0,41,55,0,0,0,0,0,0,0,0,0,0,78,0,0,56,57,0,0,55,0,0,0,86,93,0,0,0,0,0,0,0,82,44,79,0,0,0,0,0,0,0,0,0,0,0,79,0
33,0,44,0,0,0,0,0,0,93,0,67,0,0,0,53,0,0,0,0,0,56,68,0,0,0,0,34,0,0,0,0,0,0,0,0,0,0,0,0,0,64,0,0,0,93,0,0,0,94,60,0,0,0,0,0,0,78,0,0,17,0,0,0
44,46,0,67,0,37,0,56,0,0,43,58,0,0,88,65,0,0,0,77,61,0,0,0,0,0,0,0,0,0,0,45,0,0,0,0,0,0,0,0,0,0,0,83,0,0,74,67,108,84,0,0,0,88,0,94,0,0,0,0,48,0,41,0
0,67,0,0,55,0,63,0,68,0,0,0,82,0,0,0,0,48,0,0,0,0,0,0,0,72,60,0,0,0,0,0,84,68,0,36,91,0,0,0,81,55,0,0,0,85,0,42,0,0,0,36,0,0,0,0,0,0,86,54,42,73,0,89
0,92,0,36,0,0,0,60,85,0,0,0,0,0,0,0,64,76,0,70,0,82,38,0,0,72,38,0,0,0,0,0,0,0,72,0,78,0,0,0,0,96,0,40,0,0,0,63,0,0,71,78,0,70,0,0,56,0,0,0,0,75,0,0
91,0,0,0,0,0,70,0,66,0,52,48,84,0,0,72,0,92,0,0,0,0,0,84,79,0,80,0,0,0,49,0,59,0,0,0,0,0,0,0,35,0,74,0,52,0,0,0,0,69,0,0,0,29,0,0,77,0,0,0,0,62,66,62

63,0,0,0,0,79,0,0,0,76,0,0,0,0,0,0,0,0,0,0,0,0,0,0,0,33,0,0,75,0,0,0,0,0,0,0,0,0,0,0,0,56,0,0,59,0,0,0,0,0,0,53,0,0,0,0,73,0,50,0,29,87,0,69
99,70,0,0,76,73,0,67,0,0,0,76,60,0,0,0,0,0,0,0,0,0,37,0,0,0,75,53,75,45,0,0,57,0,0,0,77,0,68,76,58,51,0,0,85,39,0,0,0,76,0,0,74,0,48,0,84,0,0,86,59,0,0,0
77,0,0,31,0,0,0,0,0,33,0,0,0,84,0,0,0,0,54,75,0,0,0,67,0,0,14,0,0,0,51,0,0,66,0,0,68,24,0,0,0,0,80,0,0,0,0,0,42,0,0,0,67,0,27,112,0,0,68,0,0,0,76,0
0,94,0,0,0,0,0,0,0,89,0,0,0,0,21,0,0,0,74,0,0,0,0,0,0,0,38,86,46,81,0,0,38,49,88,0,0,62,76,0,0,0,0,71,0,0,0,0,46,0,95,0,0,0,0,0,0,0,86,36,0,58,0,100
0,0,60,0,65,0,0,68,0,0,87,51,0,0,0,0,73,0,24,0,0,0,88,92,0,0,0,0,54,0,0,0,46,0,69,0,0,0,0,0,41,0,0,52,60,0,67,0,0,0,0,60,0,0,77,63,0,0,0,0,0,65,0,0
50,43,62,0,0,0,0,0,49,0,0,0,0,43,0,0,15,71,0,0,0,0,0,30,0,51,0,98,49,70,0,66,0,58,0,0,0,0,0,0,70,88,0,0,62,0,0,0,0,0,15,0,0,0,0,0,0,76,70,67,0,0,36,0
59,0,0,0,60,96,0,56,60,0,0,67,0,31,41,0,76,0,0,76,0,76,48,0,0,109,67,0,60,0,52,0,0,0,55,0,0,0,0,0,30,71,0,0,0,86,0,0,0,0,47,0,0,0,75,0,89,0,0,35,90,0,0,0
0,0,0,0,0,0,50,0,0,0,0,23,0,74,75,56,0,0,0,0,0,0,0,65,0,0,60,89,0,0,0,0,0,0,75,98,0,68,83,40,44,74,0,0,0,75,54,0,0,66,0,87,0,82,0,0,51,0,43,0,0,0,0,0
0,0,0,0,0,47,77,0,0,50,59,49,79,0,0,0,0,0,0,0,37,0,0,0,0,0,40,77,0,0,63,51,66,54,0,0,0,0,62,62,0,0,0,77,72,0,0,0,0,60,0,0,0,0,57,0,0,50,0,0,0,0,60,0
0,18,0,0,50,33,69,0,0,0,0,0,0,81,0,21,0,56,0,0,0,81,0,56,0,0,0,53,0,60,46,52,61,0,62,0,0,0,0,0,0,0,0,0,70,0,21,89,0,107,0,0,63,0,0,0,0,112,0,80,0,0,0,71
64,0,0,0,0,0,0,0,68,44,32,98,0,58,0,96,0,0,0,76,62,0,0,0,0,53,0,0,0,70,62,0,0,84,0,23,102,0,106,0,34,0,0,55,0,0,0,0,0,0,0,0,71,0,0,66,0,0,61,0,0,0,0,0
0,0,0,74,0,49,0,0,100,0,0,0,0,0,0,0,91,0,0,0,0,74,85,0,47,0,100,57,46,0,0,44,0,0,0,0,0,0,119,0,0,0,0,0,0,39,0,34,0,0,0,0,90,44,0,0,0,0,61,50,0,0,0,0
0,0,0,0,0,0,0,31,0,40,0,0,0,0,76,66,0,0,0,45,0,0,0,87,66,0,0,72,0,0,0,0,24,0,0,0,0,0,0,74,70,84,0,0,56,0,0,0,79,0,78,0,80,0,0,0,0,37,0,0,0,0,0,0
56,61,0,45,56,0,44,0,0,0,0,86,0,52,0,0,86,0,0,0,0,16,0,49,0,0,51,0,0,77,0,0,0,42,0,0,0,0,0,54,62,0,0,0,0,0,0,0,0,0,0,0,0,0,54,59,0,74,74,0,0,0,0,0
0,0,0,73,75,19,0,73,27,0,0,0,52,0,0,42,0,0,0,0,0,0,0,29,41,66,0,56,36,0,41,85,0,0,0,0,0,0,0,0,49,0,0,71,0,0,66,80,51,0,0,0,0,0,0,0,0,0,104,0,53,80,0,0
0,46,0,80,59,0,62,0,0,0,77,0,0,90,0,43,0,114,0,0,0,0,27,62,0,85,0,0,57,0,59,0,0,0,0,0,0,0,0,74,0,0,66,0,41,0,0,34,0,29,33,0,0,0,0,76,0,0,77,24,0,54,0,0

35,0,82,0,0,0,0,0,51,0,0,63,0,65,29,0,0,63,0,99,0,75,0,0,0,60,0,93,0,20,0,64,0,0,0,0,0,0,0,0,0,39,46,0,0,0,0,0,0,0,0,0,0,0,73,0,0,25,0,0,0,0,62,0
0,0,0,0,0,0,0,0,0,89,0,0,50,0,0,0,82,60,0,66,0,71,71,80,88,44,67,0,0,0,0,0,28,0,0,0,56,0,0,59,0,0,0,0,91,22,0,0,0,0,0,0,55,0,0,0,49,0,0,50,0,0,0,58
0,0,0,0,0,62,0,0,0,0,57,0,0,0,0,0,0,87,0,0,0,0,0,0,0,0,0,0,0,36,80,0,0,79,57,74,70,0,0,50,0,66,0,0,0,0,0,0,0,69,0,0,58,0,44,75,0,84,0,62,0,37,67,0
0,0,51,0,0,85,0,0,0,60,0,0,0,65,98,0,0,0,0,35,0,34,0,0,0,0,76,0,0,0,81,0,0,0,0,51,0,0,0,0,0,0,0,0,0,0,0,0,44,0,0,0,0,0,72,0,0,108,87,0,34,0,0,0
0,0,0,0,0,72,0,0,0,0,0,105,0,0,0,76,0,0,0,0,0,71,86,0,0,0,77,0,0,0,46,52,0,111,0,0,0,0,0,41,0,0,0,35,0,0,0,91,0,0,0,86,0,0,0,0,53,0,0,0,0,0,74,0
0,80,35,0,46,68,0,0,0,0,0,0,44,0,0,52,0,0,56,0,63,0,0,0,0,0,33,59,0,59,0,0,0,0,0,0,71,0,61,0,45,0,0,0,0,0,0,0,0,97,0,0,45,46,0,0,0,0,0,60,84,0,0,0
65,0,0,0,0,0,0,0,0,43,0,0,0,0,70,0,0,0,0,0,0,79,69,52,44,66,0,0,0,40,33,0,52,0,0,0,0,69,0,58,0,0,0,0,0,0,0,92,78,0,0,0,0,0,42,82,76,0,0,83,55,80,0,0
52,67,0,0,0,0,74,0,78,0,0,0,0,0,0,0,68,0,0,0,0,54,0,56,0,0,0,0,0,0,13,87,0,0,0,0,35,0,0,64,0,0,104,0,0,0,0,0,0,0,0,91,0,0,41,53,0,57,0,0,89,0,0,80
100,0,84,0,0,47,61,0,0,104,0,0,0,85,73,71,0,0,0,0,0,0,50,46,0,0,0,0,36,0,17,0,35,33,0,0,0,0,69,0,0,0,0,70,0,0,0,0,0,69,0,0,0,104,0,0,49,0,84,0,35,0,81,0
0,59,0,0,57,74,66,0,0,0,0,100,0,0,0,0,0,0,68,0,0,0,0,92,69,0,0,0,0,0,55,0,0,0,0,0,0,0,0,0,85,0,0,0,0,70,43,0,0,43,0,0,74,0,0,0,88,0,0,0,0,0,0,45
20,76,0,47,0,0,89,0,0,0,0,0,0,91,79,0,0,0,0,0,0,0,0,0,0,66,0,0,0,0,70,0,0,0,58,0,45,37,0,0,0,0,0,0,0,0,0,0,74,0,54,55,101,71,0,0,0,0,0,0,105,53,0,58
0,0,76,20,39,0,0,0,73,0,0,0,0,0,52,0,41,0,0,0,0,81,76,81,0,0,52,0,0,0,76,49,66,85,0,0,0,0,0,0,0,55,0,0,0,0,40,0,0,79,0,0,86,0,0,0,56,58,60,0,0,0,0,0
0,71,0,58,0,0,0,0,86,0,0,0,0,44,54,0,0,0,0,0,105,0,0,61,0,0,0,0,49,0,0,0,0,0,0,0,0,0,31,0,0,69,0,0,0,0,0,58,0,0,94,0,42,0,87,62,0,0,0,0,0,31,0,70
0,72,0,64,0,0,48,0,0,0,0,0,0,0,0,67,77,0,0,54,0,0,87,0,0,76,0,0,51,0,0,0,0,0,0,0,0,62,0,0,0,74,0,0,84,0,0,0,0,79,61,0,0,0,46,0,0,0,0,0,0,0,0,0
0,13,0,0,0,0,53,0,0,0,0,0,24,54,0,0,0,0,0,0,0,86,0,0,86,0,0,78,0,0,0,0,0,0,0,0,0,0,0,0,0,0,0,0,0,75,0,42,0,0,42,0,53,0,0,81,0,0,0,0,0,0,0,0
82,25,92,0,0,0,0,68,0,74,0,0,0,63,0,66,0,65,0,83,54,79,0,46,0,38,0,0,0,0,66,0,49,0,0,0,0,60,0,0,0,0,0,0,0,0,0,49,56,65,66,0,0,0,0,0,0,68,0,0,0,76,0,0

0,108,0,0,0,0,0,0,0,0,0,0,0,0,85,68,46,0,0,0,110,0,77,0,47,0,66,0,64,60,71,0,0,91,0,65,53,0,94,84,82,0,0,0,0,0,0,64,58,82,26,0,0,0,0,45,0,0,0,0,0,74,53,0
74,41,0,0,81,0,69,0,42,0,0,27,0,0,0,0,0,0,0,25,40,0,0,73,0,0,45,0,0,92,0,73,0,0,0,0,67,44,0,0,0,0,0,0,0,90,54,77,74,0,0,67,46,0,0,0,0,0,0,0,72,51,0,0
0,52,0,86,0,87,40,0,0,0,0,0,0,0,0,28,37,0,0,84,0,0,95,52,0,50,0,0,0,68,0,94,0,0,73,56,55,74,0,88,0,0,0,0,0,0,59,0,0,98,0,0,0,0,0,70,69,57,0,0,66,89,0,67
0,55,0,39,0,0,0,0,80,0,0,0,65,63,64,44,0,96,0,57,0,101,0,36,63,0,0,64,32,0,58,0,0,0,0,73,0,69,103,0,0,0,0,0,0,0,90,0,0,0,0,51,0,0,0,0,79,0,80,60,0,0,58,0
0,46,0,87,0,0,0,52,0,0,0,79,86,0,0,0,0,0,0,0,0,47,0,0,0,65,0,54,80,0,0,0,18,68,68,0,0,0,0,0,0,0,0,0,0,86,0,0,74,0,63,88,48,0,0,76,0,0,0,0,0,0,89,0
65,91,55,0,0,0,0,0,53,39,0,74,0,0,49,0,80,0,0,0,35,0,0,0,0,69,0,0,0,0,0,0,0,44,0,0,0,0,0,0,65,0,52,0,0,0,0,0,63,0,61,0,0,0,70,0,0,61,63,83,0,0,0,85
0,0,47,0,0,122,0,0,0,0,48,48,0,56,0,35,91,0,0,0,0,0,42,88,0,0,0,0,0,0,72,0,0,30,107,0,0,0,47,0,0,0,0,113,0,0,0,0,0,0,67,0,107,85,0,0,0,0,0,0,0,65,79,0
59,0,0,0,0,0,59,0,0,67,0,0,0,0,0,72,0,87,23,0,0,0,0,68,0,0,0,0,0,40,84,0,0,0,0,0,64,0,92,0,0,0,0,69,0,0,0,59,57,0,68,82,0,0,0,0,0,0,0,0,24,0,0,23
0,28,0,0,0,0,37,0,64,77,54,41,84,0,0,0,67,0,90,0,72,78,55,0,0,0,0,0,0,0,0,0,106,0,0,53,0,0,74,0,0,75,0,0,89,0,0,78,79,0,62,0,87,0,58,0,0,57,0,0,44,72,81,0
0,0,54,0,0,0,96,0,0,0,0,0,0,0,0,86,50,0,0,0,26,0,0,0,71,0,0,0,0,0,71,0,0,0,0,0,91,0,0,0,0,0,0,0,0,0,0,0,47,0,0,0,55,95,0,0,0,92,0,0,0,0,0,0
0,0,0,0,0,0,60,0,46,70,84,0,0,0,0,0,0,0,32,0,0,54,68,0,22,55,0,73,73,0,42,0,0,43,19,63,0,62,69,0,54,0,0,0,0,16,0,81,0,0,0,0,0,0,0,0,0,0,0,0,0,0,0,0
0,0,0,0,0,0,0,0,105,0,0,88,43,0,0,0,37,0,0,0,0,100,0,0,0,0,0,0,0,0,0,0,0,0,78,0,0,0,81,0,36,0,0,50,0,0,0,0,0,0,0,0,0,0,86,0,49,0,0,0,0,54,69,0
0,54,0,0,0,0,0,0,64,52,0,0,63,73,84,56,0,0,64,56,0,0,0,0,0,0,0,88,0,0,0,0,0,0,0,92,0,56,0,77,49,0,0,0,97,0,0,49,72,53,62,8,0,67,0,0,73,41,0,0,0,0,0,0
0,0,0,78,0,92,64,0,0,0,0,0,0,40,77,53,0,67,0,0,73,0,0,61,0,12,0,66,0,0,50,0,34,0,0,0,66,57,0,63,79,45,0,40,0,0,0,0,0,0,0,74,0,0,62,0,0,0,0,0,0,78,0,0
71,0,75,0,0,0,0,0,65,0,0,0,0,58,0,0,0,0,109,0,77,0,0,71,0,0,54,0,0,34,0,0,67,0,0,0,0,0,61,73,0,0,0,95,84,102,87,0,0,0,0,0,39,42,0,0,0,0,0,0,0,0,80,0
0,92,61,0,0,0,0,0,80,0,48,70,0,0,0,0,58,64,0,0,0,0,0,0,0,65,84,73,0,0,82,0,37,29,81,71,85,0,60,0,0,77,0,0,76,0,0,0,0,67,0,0,83,0,0,62,76,0,0,0,0,0,0,0

0,0,0,0,0,0,0,0,0,0,0,0,0,0,0,0,0,0,0,0,117,0,0,0,55,0,72,0,0,0,0,0,0,0,48,0,0,0,0,0,39,46,33,0,0,0,0,0,0,0,0,0,0,0,80,0,0,64,0,90,27,0,87,107
0,0,55,0,0,0,73,0,0,0,0,0,0,0,57,100,0,0,0,106,34,75,0,0,0,0,0,72,54,0,0,0,0,0,0,0,50,80,0,0,97,0,61,0,0,0,0,70,0,0,0,76,0,0,0,0,42,0,0,0,77,0,0,0
0,57,0,0,0,0,54,0,61,0,0,0,0,0,89,0,0,0,46,86,0,65,73,0,0,0,0,0,0,0,0,75,0,0,0,0,0,68,0,57,74,88,0,0,0,0,60,0,0,0,0,32,68,80,0,32,0,93,0,0,0,0,0,0
80,0,0,0,0,0,63,0,0,0,0,0,0,36,53,102,39,0,0,0,0,0,0,0,104,0,0,0,94,0,0,0,0,0,105,75,0,0,0,0,0,0,0,0,41,0,0,0,0,0,49,0,59,0,0,0,0,0,31,0,0,0,0,0
55,0,0,0,0,51,57,81,0,62,0,0,0,0,0,0,0,0,0,0,0,0,38,0,0,51,0,68,0,87,0,31,0,0,0,0,0,0,0,0,0,0,0,0,0,0,0,0,0,0,0,0,35,0,0,0,0,0,0,0,86,0,0,0
0,47,0,0,0,0,0,0,0,0,0,0,0,0,0,0,85,0,0,0,0,0,0,0,0,0,74,0,80,0,0,0,0,85,0,0,0,0,0,0,0,0,94,0,0,59,46,0,0,0,58,0,76,0,56,0,0,0,49,85,0,88,83,68
59,0,0,0,46,0,69,68,84,0,73,0,0,76,0,55,57,0,55,0,0,0,0,63,0,0,0,0,57,0,0,0,0,0,0,35,0,0,0,0,0,71,61,0,0,0,0,0,0,0,0,53,0,75,0,0,0,0,68,0,46,52,0,0
56,100,50,25,0,0,0,0,0,0,0,66,0,43,57,0,0,63,43,37,0,0,46,55,0,67,0,0,0,62,65,49,0,0,0,0,0,0,58,81,0,59,55,0,0,0,26,50,0,18,83,0,0,57,0,48,0,0,61,78,71,64,0,0
0,0,0,73,57,78,0,0,0,0,0,74,0,0,0,39,0,0,67,0,49,0,0,0,75,74,0,0,0,80,0,0,73,0,0,0,0,0,0,0,0,0,59,0,61,0,97,42,0,40,0,0,43,0,0,0,0,0,88,0,79,0,95,0
0,57,0,46,0,0,0,74,0,0,57,0,0,0,69,75,0,0,0,66,0,0,0,0,0,0,0,0,0,0,57,49,71,0,0,0,0,0,0,0,0,87,0,82,43,40,0,0,0,0,0,0,0,0,61,0,0,47,0,0,42,68,76,62
0,0,0,85,0,0,72,0,0,0,0,65,0,0,0,0,0,0,0,69,0,30,0,48,0,40,54,0,0,61,0,51,0,0,0,0,0,0,0,57,76,71,21,64,40,37,0,70,0,52,0,0,0,0,0,0,56,0,0,0,0,0,0,0
89,0,0,21,0,66,0,0,47,0,45,0,0,58,0,0,0,34,67,0,0,0,0,57,0,87,0,0,0,0,0,85,0,0,0,0,0,0,0,0,0,0,28,88,0,29,0,0,0,0,91,0,0,0,0,61,54,42,0,57,78,0,0,0
0,0,0,50,0,42,0,0,0,60,80,61,0,61,0,85,34,0,0,0,0,0,0,92,0,82,0,0,56,0,0,0,75,58,0,0,66,0,0,0,45,0,0,0,0,0,0,0,0,57,0,50,0,84,0,74,116,0,63,92,0,0,0,0
95,65,61,0,0,0,0,0,44,77,45,88,0,0,79,0,0,0,0,0,0,0,0,47,67,0,0,0,0,77,0,0,0,43,0,79,108,61,0,0,69,0,64,0,79,0,0,0,0,0,83,0,60,66,0,0,0,31,0,0,0,0,0,0
0,0,0,0,65,0,36,0,0,58,0,36,0,78,0,0,0,24,0,38,48,0,73,0,0,0,0,62,0,0,0,0,75,39,0,102,0,0,0,62,0,89,0,0,57,0,0,0,0,0,24,0,22,0,0,0,14,0,0,73,0,0,0,0
0,0,0,79,0,38,61,0,0,0,74,73,44,0,0,0,0,0,0,76,80,0,38,75,0,0,0,0,0,0,0,76,0,0,0,0,0,56,59,77,0,109,0,0,51,0,87,0,79,0,69,0,76,0,45,58,0,65,0,0,60,73,74,0

0,0,64,0,0,0,0,64,0,57,76,0,0,0,0,0,0,0,0,46,0,0,88,0,0,0,0,0,0,0,63,0,0,0,0,0,0,0,0,0,0,29,0,88,0,0,0,0,0,0,0,0,0,94,0,0,64,42,0,0,0,0,80,0
46,0,88,67,0,0,0,86,0,0,71,0,0,0,0,0,71,0,82,0,0,0,0,0,0,0,75,68,42,85,0,92,0,0,0,0,42,84,0,0,82,0,72,105,0,60,0,39,78,0,0,0,0,0,56,45,0,72,88,0,62,0,0,0
0,0,0,0,0,55,0,54,0,0,0,0,0,0,61,0,0,0,45,0,0,74,0,58,0,0,0,0,0,111,0,0,0,0,0,0,0,0,61,0,0,0,0,0,62,90,82,0,0,0,0,54,89,0,0,0,0,0,0,0,0,0,69,0
32,0,0,0,0,0,0,0,0,0,0,0,0,0,0,0,47,0,65,29,0,0,0,0,47,0,0,0,0,98,0,55,0,0,0,57,67,0,39,0,35,66,50,45,0,74,0,45,76,56,0,0,76,0,41,0,47,0,0,0,0,38,0,0
0,70,56,0,0,0,0,0,0,0,46,0,0,0,61,48,0,0,0,62,86,0,36,0,0,73,0,59,0,0,0,0,0,0,0,0,0,0,0,73,0,74,77,0,0,83,0,0,0,0,0,13,0,0,69,0,0,56,0,62,0,53,0,33
0,0,0,0,0,65,78,0,47,0,0,52,0,65,42,0,0,55,0,0,0,0,0,0,50,0,64,0,0,0,0,76,0,0,0,0,74,0,0,62,0,0,0,82,0,0,0,86,0,0,73,68,0,0,0,0,0,80,0,0,0,0,0,0
0,89,0,0,0,82,0,45,0,0,62,0,0,0,85,48,0,55,0,0,72,0,81,0,0,42,0,40,0,43,0,0,0,0,0,0,0,0,0,0,0,0,0,83,0,61,0,0,71,0,0,0,69,0,0,0,75,0,76,0,78,0,47,0
0,116,0,0,0,0,0,0,0,0,0,64,0,0,0,43,0,0,0,0,0,66,42,42,59,0,0,56,91,0,0,0,0,0,0,0,0,0,0,52,83,0,0,0,0,61,53,0,57,70,37,83,0,0,0,68,0,0,49,0,0,0,0,0
0,0,0,0,75,0,0,0,69,67,68,0,0,0,0,68,0,0,76,74,0,0,42,0,0,66,0,0,41,0,66,0,0,51,59,0,0,0,69,0,95,72,0,43,0,103,0,0,0,0,0,0,0,0,75,0,0,97,44,0,0,0,73,62
0,0,62,0,81,34,0,63,67,40,0,0,0,0,61,0,0,0,0,0,0,0,80,0,0,0,0,0,0,0,39,0,0,80,109,0,0,56,78,0,0,0,0,0,0,53,0,0,46,0,0,0,0,67,0,0,0,0,0,77,59,0,0,0
0,0,0,0,0,0,97,0,0,0,0,0,0,0,0,0,38,0,0,106,95,0,77,0,0,0,0,0,63,62,0,0,0,0,0,79,33,0,0,0,55,0,0,0,67,0,0,0,0,43,0,60,0,0,0,0,0,100,0,0,65,0,0,0
0,0,0,72,95,46,0,0,0,0,0,63,0,0,0,0,26,0,44,0,0,97,43,0,0,0,0,0,0,0,78,0,0,77,0,0,87,0,0,0,0,0,0,0,79,0,43,0,0,0,86,0,0,0,0,0,0,77,0,0,72,0,77,0
22,97,45,0,0,0,0,0,81,81,0,0,0,79,71,0,0,0,73,121,56,0,0,0,0,0,66,59,0,0,93,75,48,0,0,86,91,0,80,0,0,0,0,0,0,0,67,77,103,0,68,15,48,0,0,0,0,0,0,0,0,0,58,75
68,43,0,0,0,0,0,0,77,87,0,76,0,0,0,0,0,0,60,58,0,72,42,0,0,69,0,32,0,68,0,0,0,0,0,0,0,44,0,0,0,0,0,43,82,0,0,48,33,0,0,81,0,0,88,74,0,0,0,0,58,0,101,84
0,0,0,0,0,0,0,0,69,0,0,57,0,0,0,0,0,0,0,0,0,0,0,34,0,0,92,0,63,70,46,0,0,0,0,0,0,71,68,0,59,93,0,42,0,0,0,0,0,0,0,86,56,56,0,0,0,0,0,82,0,0,49,0
0,63,0,0,0,0,67,65,0,0,0,0,0,0,59,0,0,62,0,0,54,0,0,0,0,0,0,75,41,0,0,0,38,0,67,0,57,0,0,0,57,67,0,74,0,66,82,0,0,0,0,59,0,0,59,0,0,83,0,23,0,0,74,0

57,0,0,0,0,48,0,0,59,55,61,0,64,0,80,74,0,0,0,0,0,0,0,72,29,64,28,0,0,0,0,0,0,0,24,41,0,0,0,0,67,71,0,0,0,0,0,0,0,0,45,0,0,54,76,51,91,0,0,0,0,0,0,44
0,58,0,0,0,0,0,0,0,0,0,0,0,0,50,0,0,0,0,0,0,0,71,77,35,77,59,0,0,0,0,0,0,0,70,0,0,51,0,0,0,0,0,68,0,0,60,0,0,0,0,0,0,0,64,0,0,47,0,0,0,0,56,0
0,0,85,65,0,0,0,0,0,0,0,36,73,0,0,0,63,0,0,0,0,0,55,0,0,0,0,48,0,0,54,0,0,0,0,49,0,0,0,0,0,0,0,0,0,42,59,76,0,67,82,0,0,0,0,50,33,0,0,0,0,0,67,73
0,0,0,83,0,0,0,0,0,0,0,0,0,0,48,0,0,0,0,75,71,0,0,0,0,0,78,0,0,0,0,0,0,69,0,0,0,0,0,0,0,0,75,0,0,0,0,68,52,67,0,0,0,0,0,0,0,59,65,66,0,60,61,0
0,0,0,0,0,87,0,0,0,65,0,103,67,0,0,106,0,0,0,0,75,0,0,0,50,0,0,0,104,0,0,59,70,81,29,0,0,0,58,74,70,33,0,82,49,0,0,74,0,55,0,0,0,0,0,0,19,0,78,0,96,0,0,32
0,46,38,0,0,0,0,0,0,56,0,0,0,55,109,40,0,0,0,0,0,53,16,0,0,0,0,0,0,94,0,50,0,0,0,48,0,0,0,55,0,71,0,0,0,0,45,83,0,0,74,63,0,51,0,0,0,0,0,0,0,0,49,0
0,75,0,0,0,81,0,58,0,0,66,75,0,62,0,0,0,65,0,52,0,105,0,0,0,0,72,0,0,0,0,0,0,57,0,0,0,0,0,0,75,0,52,45,0,57,51,126,0,0,79,33,0,73,69,0,0,79,0,0,83,80,0,0
0,47,0,0,48,0,0,0,0,0,0,0,0,0,71,0,0,0,78,0,41,32,0,84,0,0,79,0,66,0,62,0,60,0,0,73,0,75,62,64,0,0,0,0,0,90,63,0,0,0,0,0,0,0,0,0,44,0,0,0,0,0,0,0
48,55,0,68,99,69,93,0,0,0,88,0,0,66,0,0,0,0,70,0,0,0,0,0,0,0,0,0,0,90,0,37,0,0,0,0,0,112,0,0,0,0,0,0,0,81,0,83,0,24,0,0,0,0,0,0,0,0,0,78,0,0,0,57
0,72,0,76,0,0,0,0,76,0,41,0,0,65,0,0,54,59,0,0,0,29,78,0,75,69,0,0,0,68,67,0,45,0,0,0,0,0,65,0,0,64,0,0,0,0,0,0,58,67,0,0,0,0,0,73,0,32,0,0,66,72,0,0
54,0,0,0,0,0,92,69,66,41,60,0,77,0,0,93,0,0,44,79,0,0,45,76,0,0,90,47,0,0,0,0,0,0,0,0,64,0,0,0,0,70,0,0,0,0,0,0,0,68,0,0,0,0,0,0,0,0,0,56,0,0,56,0
57,86,89,63,0,0,53,0,0,0,0,79,0,72,0,48,0,0,83,0,0,0,0,0,0,69,0,0,64,36,0,60,0,0,48,82,0,0,0,0,0,0,0,0,82,83,0,23,0,0,0,31,28,0,0,32,72,62,71,0,31,0,0,0
0,56,0,0,0,0,0,75,0,60,0,75,0,39,0,55,0,84,0,0,0,0,82,0,0,33,0,67,0,0,0,0,0,0,0,87,0,68,75,0,0,0,0,0,95,0,0,55,0,0,57,0,0,0,0,69,0,0,0,98,0,0,0,0
0,73,92,0,0,0,0,93,0,56,0,0,0,0,51,45,0,0,0,0,0,0,60,0,0,97,49,0,0,73,0,75,46,0,60,0,0,0,67,44,0,0,0,69,0,0,73,37,0,0,0,0,0,65,50,0,0,0,74,0,67,0,0,0
0,52,0,0,0,104,67,0,99,0,0,0,77,0,0,0,82,0,0,0,0,86,0,0,0,80,0,62,65,55,0,0,0,0,0,0,0,73,0,0,73,0,0,0,0,0,71,74,89,0,87,0,73,71,46,42,0,0,0,0,38,0,0,0
35,0,0,0,0,0,99,0,0,0,69,93,0,0,85,76,73,0,59,0,55,0,0,0,0,0,0,0,0,38,62,0,0,62,0,0,0,0,0,0,0,0,0,0,81,40,81,55,0,74,0,0,0,70,0,59,0,69,39,0,0,0,0,75

0,56,0,89,94,74,0,44,28,0,0,0,0,0,0,0,0,85,0,0,66,0,0,86,0,0,0,0,0,0,0,0,0,0,0,0,0,0,0,0,0,0,0,0,41,91,0,0,0,95,76,0,0,0,0,89,76,0,0,0,96,0,0,0
61,0,0,0,0,69,0,91,0,0,0,0,0,0,0,0,0,38,0,0,73,0,62,83,73,62,63,76,0,0,0,0,70,87,42,109,0,0,52,0,0,0,0,0,0,0,0,0,88,50,122,0,0,0,0,0,0,43,86,0,0,0,51,0
0,0,88,0,0,74,79,0,49,0,0,0,0,0,0,0,0,0,55,69,0,0,92,0,85,75,0,0,0,0,0,0,0,0,54,0,0,79,0,0,0,0,80,0,0,59,17,0,0,74,69,0,48,0,71,0,0,0,67,0,67,0,0,0
58,67,0,54,0,88,0,45,0,0,40,0,0,0,0,0,96,93,53,69,53,0,0,0,0,43,0,70,0,81,73,75,0,0,54,93,0,68,0,0,0,67,33,0,0,32,78,0,57,0,0,85,0,0,0,83,0,0,78,0,0,97,0,0
0,0,66,0,0,0,0,0,0,64,0,0,86,92,0,0,73,0,0,99,0,0,60,49,0,0,0,0,0,0,63,0,0,0,56,0,0,0,56,0,0,0,0,64,43,0,0,0,0,0,0,60,82,0,0,0,0,54,0,0,0,0,0,52
0,75,0,0,85,0,0,82,0,83,0,0,0,0,0,0,0,0,0,0,0,0,0,0,73,62,0,0,92,75,0,0,0,0,29,0,66,59,0,61,0,0,0,75,0,36,0,0,0,0,0,0,91,0,48,41,0,83,0,0,67,0,0,0
0,65,75,0,0,63,11,0,0,0,0,113,0,0,0,43,0,78,0,53,0,0,0,0,35,0,0,0,0,0,0,0,0,98,0,0,0,0,0,0,0,0,83,66,0,56,91,0,0,0,0,0,0,0,0,60,0,0,0,0,92,0,0,0
0,0,70,31,63,58,0,0,76,0,0,0,85,0,96,0,0,51,36,0,0,58,0,52,0,0,0,0,0,0,0,0,61,0,0,0,0,0,0,0,83,0,63,51,48,0,0,0,0,0,0,0,0,77,0,0,19,0,0,0,0,0,46,0
63,0,0,32,35,0,63,20,0,61,0,59,0,0,100,0,0,0,23,0,0,0,69,97,0,0,0,0,0,0,0,0,0,0,0,0,0,52,0,0,77,0,0,0,0,0,0,0,0,0,0,0,0,0,95,63,0,0,60,79,0,0,0,65
0,0,0,0,0,18,0,0,0,0,73,0,50,0,67,0,80,0,91,0,69,0,0,77,0,0,51,0,0,0,105,57,0,77,0,76,69,74,78,0,0,97,0,36,0,0,0,0,0,66,85,73,0,0,0,0,0,0,0,0,65,0,0,53
0,0,73,0,0,0,0,0,0,0,0,0,0,62,54,0,0,0,0,0,0,0,61,0,0,0,72,0,74,0,69,79,13,0,45,0,0,48,0,79,0,0,0,0,0,0,0,0,0,0,73,0,0,80,70,0,0,0,34,78,0,0,0,0
0,0,0,0,0,0,47,0,0,68,0,0,0,0,77,0,125,0,69,0,43,0,34,0,0,69,0,101,0,77,0,0,0,0,69,62,0,0,78,0,24,80,0,0,0,0,0,0,0,0,0,0,68,0,59,0,0,0,78,0,0,45,0,61
46,0,0,0,0,0,0,48,0,0,0,0,0,84,0,0,0,0,63,0,47,0,0,0,0,0,97,0,0,0,0,38,56,0,61,0,52,0,0,0,0,0,0,0,0,47,0,0,0,67,0,48,0,0,0,0,0,0,97,75,0,0,67,0
0,0,87,0,0,0,69,0,0,80,0,99,49,0,0,0,0,57,44,0,40,0,0,0,0,51,0,0,0,76,0,0,0,49,0,0,0,0,0,0,71,0,0,47,32,0,64,0,0,0,0,0,53,0,0,0,0,0,55,0,0,84,0,0
0,0,0,77,0,0,56,0,0,0,0,54,0,0,62,0,0,0,43,0,0,0,0,46,0,0,0,0,61,94,0,0,0,0,0,56,62,0,0,0,0,0,0,0,60,0,0,0,85,74,0,0,0,50,0,0,43,0,61,91,59,0,0,60
0,0,35,56,0,0,0,0,0,0,0,77,0,0,0,71,64,0,0,0,0,0,93,0,73,108,0,0,0,48,48,0,0,0,0,0,86,0,0,0,0,0,0,0,83,0,0,0,0,109,0,0,0,0,0,0,0,0,0,71,60,76,0,0

0,0,0,75,54,0,0,0,0,0,0,0,85,95,94,71,70,50,59,60,90,0,0,0,0,97,26,67,0,48,0,0,0,0,104,73,60,0,0,57,0,76,0,0,0,127,0,0,0,0,0,0,0,0,87,0,100,0,47,77,0,82,80,0
0,33,81,62,0,0,0,0,0,62,0,0,51,57,43,0,71,0,66,0,0,0,55,66,0,0,0,0,0,0,0,0,0,0,0,0,0,0,52,45,0,0,0,0,57,0,70,64,64,0,0,0,0,47,0,63,61,0,0,0,0,0,0,0
0,77,26,0,47,98,0,0,0,58,0,0,52,0,47,0,0,0,0,0,81,0,0,0,75,73,0,0,0,0,0,51,0,0,0,0,0,0,0,0,0,74,0,69,0,0,0,0,0,42,0,0,0,99,0,0,0,46,0,0,75,0,0,0
0,0,0,0,0,54,0,0,0,63,0,0,0,65,0,47,0,0,0,0,0,0,0,0,0,0,44,0,80,69,0,66,0,35,0,0,69,62,0,59,0,0,57,0,89,0,0,93,0,0,0,0,66,0,0,0,0,0,58,0,98,0,60,64
0,0,0,0,0,0,0,0,0,0,86,23,36,0,59,0,64,0,0,0,0,0,60,0,70,68,0,0,0,0,0,49,41,41,0,0,0,0,0,58,0,0,93,42,71,88,0,42,84,0,0,0,70,0,0,75,0,90,0,0,0,0,0,0
110,0,0,73,0,0,66,0,72,0,0,0,0,0,0,65,60,0,68,0,0,86,0,69,0,45,0,0,62,0,0,55,0,0,0,91,0,0,0,0,0,0,82,0,0,0,0,37,0,0,0,0,0,0,93,0,0,0,0,0,0,36,85,63
0,39,90,0,0,0,0,0,84,0,65,0,0,0,0,0,0,76,0,0,0,0,52,0,0,35,48,0,64,82,0,0,0,42,0,0,0,79,0,0,0,66,0,100,0,0,0,0,0,0,0,0,0,51,74,0,0,0,0,0,0,0,0,21
0,0,57,0,97,0,0,0,74,0,73,0,0,0,0,0,0,74,0,0,0,0,0,0,0,0,0,0,62,0,0,69,0,0,0,0,0,0,0,0,0,75,0,54,0,88,0,0,0,0,0,0,0,0,97,35,0,56,0,0,0,0,0,56
0,0,0,0,0,0,80,0,0,33,48,0,0,77,0,0,0,56,0,0,0,0,72,0,0,0,0,61,0,0,37,0,83,0,0,0,0,32,0,0,60,66,0,62,62,0,62,0,0,0,70,0,0,0,60,0,0,0,0,0,0,0,0,0
0,67,50,0,0,0,0,66,0,0,0,0,0,0,60,43,0,62,79,0,0,0,0,59,0,0,0,62,0,0,55,0,0,0,0,0,0,77,64,0,34,14,0,60,48,0,0,73,0,0,69,0,0,0,0,0,0,0,85,58,0,0,0,0
72,0,0,0,0,0,0,0,0,0,0,0,60,74,56,0,0,0,0,0,0,0,86,0,0,0,37,72,81,42,27,0,0,0,97,74,0,0,70,83,0,81,0,0,37,0,80,0,31,0,0,0,0,0,0,0,0,0,0,0,0,105,52,0
39,0,0,99,0,0,0,0,55,75,0,53,95,0,0,0,0,0,0,64,0,0,0,0,103,0,0,82,0,59,0,0,35,79,0,0,0,0,0,0,0,0,0,0,0,0,0,0,38,0,0,0,67,0,0,0,0,0,0,0,94,0,0,0
0,0,0,63,63,0,28,0,58,64,0,62,89,0,0,41,0,0,59,0,0,0,0,46,36,0,56,0,38,0,0,62,0,63,0,56,0,47,57,0,75,0,76,0,0,0,0,0,45,70,0,86,76,94,0,40,0,0,0,0,74,0,0,65
0,0,0,0,62,0,83,0,0,0,0,0,0,77,0,0,45,0,0,45,0,0,0,0,0,0,0,0,0,0,84,0,44,66,54,0,0,57,0,0,54,0,0,74,0,0,56,0,0,0,0,0,0,44,0,0,0,89,0,0,76,87,35,0
0,66,58,0,0,0,92,0,0,0,67,0,100,56,0,0,0,0,41,0,98,0,0,77,59,0,76,0,84,0,0,0,0,0,0,0,0,58,68,0,0,0,0,95,56,88,0,41,84,0,102,0,0,0,0,0,0,0,0,75,0,0,0,0
69,61,0,94,57,0,0,0,82,0,0,0,0,0,0,95,61,90,0,0,64,0,41,77,0,54,0,0,80,0,48,0,0,0,0,0,0,0,0,59,26,37,64,0,0,0,84,57,59,0,66,0,44,75,0,0,0,0,0,0,0,71,0,84

78,56,0,0,0,80,0,0,0,0,21,0,105,0,0,0,0,0,0,0,45,0,0,0,0,0,0,0,0,0,71,0,59,71,74,0,0,0,0,109,87,0,100,0,0,68,0,0,0,0,24,60,0,0,35,0,0,0,0,0,0,0,0,0
0,0,0,44,61,0,0,0,73,76,86,0,0,0,35,0,0,0,0,32,0,57,0,0,0,0,0,0,0,0,0,0,55,101,0,0,12,0,63,0,0,0,0,0,0,73,0,0,83,0,0,0,0,0,0,0,0,69,0,0,0,90,0,0
0,68,0,70,79,0,79,0,0,0,0,0,0,0,59,41,0,69,58,0,0,0,0,0,0,0,43,0,0,62,0,0,0,0,0,0,69,0,0,0,0,73,55,0,0,69,0,85,0,0,0,0,60,58,0,0,0,54,0,0,66,0,0,0
0,0,0,0,0,0,0,31,0,43,0,0,0,0,0,0,0,0,0,0,0,0,0,47,0,33,0,0,0,0,65,0,0,71,31,0,0,0,0,0,97,0,0,0,61,88,72,0,0,0,0,0,0,0,45,0,44,0,0,0,0,88,0,0
86,0,62,0,0,39,88,70,74,0,88,0,85,0,0,0,0,73,62,77,0,74,85,0,46,0,0,82,81,0,35,0,0,44,0,126,83,0,0,95,0,0,0,91,0,0,0,87,0,0,0,71,74,0,0,0,0,0,60,0,0,86,0,0
0,0,0,0,51,0,0,0,0,0,88,0,0,0,0,0,76,0,0,0,0,0,0,72,0,0,0,56,0,28,0,0,0,0,0,44,0,0,119,0,0,66,0,40,80,0,0,0,0,0,0,0,70,0,0,57,0,50,72,0,0,0,0,0
0,0,0,0,0,0,0,0,0,0,75,46,0,60,0,0,0,0,0,0,0,0,51,0,0,45,0,78,69,0,0,0,46,0,45,0,0,80,0,0,0,43,0,0,0,0,46,0,0,45,77,0,78,63,0,0,0,87,0,0,0,78,0,0
0,0,0,0,0,74,61,0,84,0,63,0,0,0,0,0,0,0,0,0,59,0,0,66,0,0,66,0,73,50,73,0,0,0,0,0,0,0,0,0,0,0,0,0,0,0,0,0,47,0,0,0,79,0,0,0,40,0,56,0,35,0,0,0
0,0,65,62,0,31,0,0,0,0,0,0,98,0,82,0,62,56,0,0,0,83,0,0,0,43,0,0,0,0,59,0,27,0,0,0,0,0,0,0,0,80,0,63,0,0,62,66,0,0,0,0,0,0,47,51,0,66,39,0,0,0,24,0
92,0,89,48,0,79,0,79,70,0,0,0,0,0,0,0,0,72,0,0,0,0,0,0,0,0,0,0,89,88,0,0,0,83,0,66,0,38,0,93,0,69,0,0,92,0,0,0,36,73,23,0,0,0,0,0,0,0,0,67,0,0,0,0
0,65,0,0,0,63,0,0,54,70,0,0,0,0,62,0,0,0,92,0,0,0,0,55,0,0,0,81,86,0,67,0,0,0,0,0,0,0,0,0,0,0,85,0,55,0,0,58,0,0,54,0,0,0,65,0,0,0,0,0,0,0,52,38
51,0,42,0,66,0,50,42,82,0,0,60,0,45,0,0,0,0,0,33,0,53,55,0,0,55,0,26,0,51,0,0,0,0,0,90,0,0,0,47,0,0,0,0,0,0,0,62,0,0,0,0,0,0,0,31,83,0,0,0,0,0,0,0
57,0,0,0,87,0,67,0,0,107,0,0,0,66,0,0,0,79,0,0,0,0,0,0,62,50,0,0,59,0,0,70,54,0,52,0,0,0,0,0,0,0,0,0,113,0,31,0,0,57,0,0,61,0,59,0,0,0,0,83,0,72,0,0
0,0,0,0,41,91,0,0,0,0,0,63,0,98,43,0,0,70,0,0,0,0,70,62,67,0,0,64,0,0,0,0,98,0,0,0,0,80,0,0,0,0,0,0,0,0,0,0,70,63,0,0,21,0,0,75,0,0,55,83,77,0,0,0
0,0,0,78,0,40,0,0,80,0,0,0,38,0,44,0,38,58,0,0,66,0,72,0,89,0,77,0,0,52,0,57,0,0,0,0,0,0,81,72,78,68,0,0,0,0,0,0,0,72,0,0,0,0,0,80,0,0,0,0,86,78,0,0
56,0,0,0,0,79,37,0,41,72,0,54,77,0,75,26,69,40,0,0,54,0,0,0,0,58,0,0,39,0,0,33,0,44,0,0,0,0,0,0,0,0,0,0,0,0,0,0,48,76,0,0,61,0,0,93,0,0,0,48,49,0,0,0

0,0,0,0,0,35,0,0,0,38,0,0,0,0,0,0,0,79,54,25,53,48,0,0,0,33,60,0,0,0,95,0,79,0,0,0,0,0,0,0,0,73,42,0,0,0,0,0,0,68,0,0,0,77,76,0,0,63,0,0,68,0,45,0
0,42,85,0,77,0,42,0,0,41,0,0,17,0,0,77,0,45,60,0,0,0,0,0,65,0,0,95,0,0,0,51,0,0,0,0,66,94,0,42,0,0,0,0,0,0,0,94,0,0,0,0,0,0,68,0,67,63,0,86,0,0,0,0
0,46,71,0,104,0,0,0,55,0,0,0,0,25,0,0,47,0,0,0,96,0,0,112,0,53,0,85,55,76,0,0,0,0,0,0,0,0,66,0,0,0,0,0,0,0,70,0,0,0,0,115,0,0,0,78,0,58,0,70,0,0,0,0
0,0,0,41,0,0,0,0,0,0,0,0,78,0,86,64,75,0,0,90,0,0,81,0,0,0,70,72,0,87,62,0,0,0,0,0,67,50,0,92,0,0,48,78,0,0,0,0,0,66,0,0,0,88,0,60,61,43,0,51,0,0,54,0
0,35,0,0,56,0,64,0,0,0,0,0,0,0,66,14,0,84,0,45,0,0,0,46,39,0,34,0,80,0,53,0,0,0,31,0,0,0,0,72,66,0,0,0,0,68,0,0,0,0,0,0,0,0,0,0,0,0,0,0,95,62,0,0
0,0,0,0,0,0,0,0,0,91,75,0,0,0,0,44,0,0,0,0,0,0,0,0,0,0,0,0,0,70,0,86,0,18,0,0,0,105,0,64,97,0,71,0,61,70,0,0,37,0,0,0,0,0,105,0,0,48,0,0,0,0,0,0
84,0,48,83,0,0,53,64,0,0,0,0,0,86,0,0,0,74,0,0,0,76,0,0,60,0,57,0,0,0,0,0,0,77,0,69,117,0,0,0,0,54,0,0,0,67,85,0,0,0,74,0,0,0,0,0,0,0,0,0,0,0,0,0
70,0,89,0,0,0,0,0,0,0,0,65,0,57,33,0,0,61,71,0,0,89,0,89,0,0,0,0,83,68,0,0,0,94,0,0,0,46,0,0,0,81,25,0,0,65,0,0,0,0,0,50,0,0,0,0,0,0,0,0,77,0,46,88
0,0,77,0,82,57,0,0,0,0,0,0,0,0,0,0,0,0,0,59,0,61,0,0,0,61,0,21,0,63,68,0,70,0,0,0,98,0,35,0,0,40,0,70,0,0,0,0,0,32,0,0,27,0,57,0,0,0,0,0,0,0,0,0
73,72,0,74,44,0,0,0,0,103,0,0,0,112,0,35,0,72,0,67,0,0,70,0,0,0,0,0,0,0,0,61,0,0,0,68,0,0,0,0,0,35,0,0,0,0,0,0,0,0,48,0,60,0,31,0,0,43,53,88,41,49,0,0
57,0,0,0,0,0,0,95,36,0,0,0,0,0,0,82,0,0,0,101,69,67,0,0,0,0,0,0,0,0,85,0,0,0,0,64,0,51,0,0,0,0,0,0,0,74,54,0,0,0,0,0,0,0,0,0,76,85,67,77,0,0,0,0
0,65,0,0,71,0,0,0,0,0,59,0,0,0,0,0,48,0,65,60,0,64,0,0,0,0,97,0,0,0,74,58,0,44,0,0,0,0,0,0,0,73,0,0,0,0,0,0,97,0,0,0,0,0,0,0,0,105,0,0,0,0,40,0
75,0,0,0,44,107,0,0,0,0,0,0,0,32,0,0,0,0,91,0,0,0,0,69,0,0,0,0,0,38,0,0,62,0,0,74,0,0,0,65,42,0,0,0,0,0,60,0,0,0,27,0,0,0,25,0,0,0,0,0,0,0,0,0
0,0,0,0,0,0,92,0,0,51,0,0,0,0,0,0,0,0,0,0,0,42,0,0,0,39,0,0,0,0,72,61,90,0,0,57,51,0,0,0,0,0,0,0,0,0,44,0,0,0,74,0,57,0,0,0,0,54,41,0,0,0,93,0
0,0,0,0,94,69,0,0,0,0,69,0,75,97,0,95,0,55,0,0,0,58,60,99,0,96,0,53,0,98,61,0,0,0,0,0,55,76,70,78,0,0,0,0,0,0,0,0,0,0,72,70,86,0,106,0,0,0,0,0,57,72,0,0
0,0,0,79,0,0,0,0,0,0,0,0,68,33,0,0,0,0,24,0,0,0,53,0,0,77,0,76,0,28,79,0,91,0,0,0,0,63,0,63,0,0,62,55,0,0,49,0,0,0,0,0,0,0,58,0,24,0,0,0,0,0,0,81

0,57,58,0,0,0,0,0,0,22,57,50,0,0,0,92,0,81,0,0,0,0,60,75,0,92,72,65,0,67,44,0,0,0,0,0,0,42,0,0,0,65,0,0,0,0,124,0,74,0,0,67,0,0,0,0,25,0,0,0,0,0,109,0
0,0,0,0,0,0,52,0,94,0,99,82,0,54,0,0,0,0,0,60,0,87,60,0,0,0,0,0,94,0,0,60,0,0,100,0,71,0,0,0,0,0,35,0,69,77,41,31,39,0,0,0,0,0,0,42,0,52,0,0,75,76,0,0
79,0,85,92,0,0,24,80,0,0,0,0,0,0,0,86,0,0,0,0,0,0,0,0,0,0,0,0,0,0,0,90,0,109,56,57,0,0,0,0,0,81,0,102,0,0,0,0,0,0,0,0,80,0,0,44,0,0,0,66,68,65,0,44
69,0,0,77,0,0,58,0,95,0,64,0,0,0,0,0,0,81,0,68,56,65,0,40,0,86,0,0,0,56,0,0,0,86,0,41,0,0,39,0,0,0,0,0,76,0,36,0,62,40,48,0,0,50,0,0,0,69,60,0,0,0,0,67
0,0,63,0,0,0,30,0,0,0,0,0,0,66,72,57,0,0,78,0,32,0,0,76,0,0,0,0,0,70,86,0,56,0,0,47,0,0,0,32,80,0,0,0,64,0,64,0,0,0,0,67,0,0,0,41,0,0,0,0,0,64,0,0
0,0,0,0,98,64,59,0,63,31,0,0,0,87,0,0,0,0,0,0,0,0,75,0,0,0,0,0,78,0,0,40,86,77,0,0,51,0,59,0,0,80,0,0,0,79,0,0,0,73,0,0,0,0,89,0,50,0,0,0,0,79,75,48
0,37,0,0,0,0,0,75,0,0,0,0,0,0,80,56,0,63,0,42,82,0,0,0,0,0,0,0,0,79,0,0,83,87,0,26,0,0,0,69,51,0,0,43,0,0,63,0,50,42,0,0,0,0,0,0,65,0,47,76,111,0,75,37
0,0,0,0,61,0,0,0,0,0,42,0,0,64,0,60,0,66,0,0,59,49,0,0,81,0,0,0,0,63,0,58,66,0,0,0,0,0,0,72,0,0,0,0,83,0,0,0,0,0,52,90,0,0,0,0,0,41,0,0,0,90,79,33
41,0,83,0,0,0,52,90,0,63,0,0,68,0,0,0,0,41,0,0,0,0,0,0,0,0,0,74,49,78,52,0,0,0,77,42,0,0,53,78,0,65,72,0,0,43,0,0,0,0,0,0,0,0,0,43,0,24,0,79,85,0,0,41
30,0,0,36,0,0,0,0,93,0,0,0,0,0,0,0,106,0,0,0,103,0,0,0,81,50,0,0,83,0,0,0,0,0,0,0,0,62,0,0,0,0,0,57,0,58,59,0,46,63,0,61,0,0,0,65,0,72,0,64,0,0,91,0
0,107,73,0,95,0,77,0,0,0,0,0,0,0,0,51,0,0,53,0,0,0,57,73,0,0,0,33,0,0,67,0,64,0,65,0,100,0,0,0,98,0,0,0,0,0,0,0,0,56,46,0,0,0,0,0,0,0,0,0,0,0,0,0
0,0,0,0,0,83,0,0,0,0,0,72,0,0,0,0,0,61,0,0,50,0,0,0,0,0,0,0,0,0,0,80,0,0,0,0,25,0,0,0,0,0,74,44,0,76,0,0,60,0,0,0,0,0,77,0,61,0,0,0,0,0,0,0
45,0,84,38,0,0,88,0,0,46,0,0,0,0,0,80,0,0,68,0,0,50,79,49,0,0,41,0,67,82,0,66,31,0,0,0,58,0,0,0,0,0,0,0,73,0,0,0,0,0,0,0,0,67,0,0,44,0,74,0,0,0,0,0
0,0,46,57,0,0,0,0,42,0,71,77,0,0,0,0,0,94,0,0,0,80,0,0,73,0,0,39,0,109,63,0,0,0,0,0,0,0,0,0,60,76,34,0,0,0,0,0,0,83,0,0,68,50,67,0,0,0,49,0,64,0,0,66
0,0,60,0,77,0,44,0,0,73,48,0,65,0,34,0,0,0,80,0,0,0,0,0,53,58,0,89,79,0,0,0,0,48,0,53,0,0,0,63,46,70,90,0,0,74,0,0,0,0,0,0,0,57,39,0,0,0,0,0,0,0,68,52
0,0,102,0,0,0,0,74,0,74,0,0,0,0,35,0,0,0,0,0,0,0,0,0,0,86,0,0,41,0,0,30,0,0,0,58,0,66,0,76,0,64,0,43,0,0,0,0,0,71,0,51,0,0,0,0,0,0,71,0,0,33,94,0

0,59,64,0,26,0,0,0,0,104,51,61,0,34,0,0,0,76,34,0,0,0,74,0,88,0,0,0,0,0,55,0,0,98,0,0,0,0,0,0,0,41,77,0,0,0,0,0,0,0,66,65,0,0,0,74,0,0,0,57,0,0,39,94
89,0,0,0,76,0,0,0,0,0,0,0,45,0,94,0,0,74,0,91,81,0,0,0,0,0,0,0,47,0,0,0,0,0,91,0,0,95,0,0,57,65,60,0,65,0,93,114,87,0,0,75,47,0,20,116,54,83,0,108,70,0,0,0
0,0,84,0,61,0,0,0,0,0,0,0,71,0,0,75,0,0,0,0,0,41,0,0,82,82,0,0,0,0,72,102,51,0,33,65,58,0,58,0,0,0,90,0,0,0,56,47,0,59,0,0,0,0,76,0,0,0,0,0,0,0,0,45
0,82,0,0,0,0,29,52,91,57,0,0,0,0,0,0,67,0,0,77,0,0,41,54,0,0,0,0,73,0,0,0,0,0,69,0,0,0,0,0,89,0,74,0,0,0,60,0,0,0,0,0,90,0,51,87,0,0,0,69,0,0,0,74
0,0,0,0,81,0,0,0,86,0,0,0,35,0,0,0,0,0,43,61,51,0,70,0,0,0,50,109,0,35,27,0,63,92,0,73,0,0,0,0,0,0,43,0,0,97,0,0,0,0,0,0,87,0,74,0,0,58,48,53,0,0,57,53
0,65,0,0,0,0,0,63,0,0,38,32,53,54,26,0,76,0,0,49,0,0,0,80,71,62,0,0,82,0,0,64,0,0,41,0,0,0,0,0,75,83,77,0,0,56,0,0,33,53,82,103,0,61,60,23,0,0,0,0,0,0,72,0
0,71,91,0,0,0,60,0,0,0,0,109,0,0,0,59,0,39,0,0,0,0,0,0,0,72,0,0,0,0,0,55,0,0,0,82,0,0,0,0,0,0,24,45,69,54,0,0,43,0,0,0,0,58,0,0,0,0,73,0,0,0,43,0
55,75,0,73,0,0,0,0,0,42,68,0,104,82,0,74,0,0,91,57,0,0,127,0,39,61,0,0,0,88,0,0,0,0,0,0,0,0,0,0,0,0,74,0,0,61,63,56,0,0,107,66,49,0,42,0,0,84,0,0,60,53,0,53
0,0,0,0,0,0,107,96,0,75,0,0,61,0,0,25,0,0,0,0,87,0,0,93,66,96,0,46,0,66,82,0,37,0,42,0,51,0,0,119,0,0,0,0,0,0,0,103,0,0,0,107,0,40,0,0,0,0,0,0,0,0,0,0
0,0,60,0,0,52,0,0,0,0,0,80,73,0,0,34,0,0,0,49,0,76,91,0,99,49,0,0,0,0,0,0,0,0,85,0,0,0,0,0,0,0,0,0,0,0,0,0,0,0,0,0,0,0,0,0,62,0,21,0,0,57,17,0
73,0,0,0,69,0,74,68,0,0,0,0,0,0,0,0,0,50,85,0,0,0,0,0,0,93,0,0,0,65,60,0,0,53,0,52,0,0,0,0,54,0,0,0,0,0,0,0,39,0,0,0,0,0,0,0,0,0,0,43,66,0,0,0
0,67,36,65,0,50,0,0,65,0,62,74,0,0,0,0,46,0,0,0,0,0,67,0,0,0,0,0,0,0,95,0,72,58,0,0,0,0,0,0,0,0,0,0,64,43,0,35,77,0,31,0,0,0,0,0,0,61,68,59,0,0,0,0
0,0,0,73,0,53,37,0,0,62,0,0,0,49,0,0,0,0,0,0,0,50,0,52,0,0,0,0,0,0,0,0,61,0,0,0,0,0,0,0,0,0,0,64,0,81,0,0,89,0,0,76,0,0,0,0,0,0,0,0,0,81,0,0
0,58,86,0,0,0,0,79,0,0,49,0,0,68,0,76,32,0,0,87,97,0,63,0,72,0,0,0,0,0,0,98,39,0,0,0,0,0,0,0,0,68,0,55,0,0,68,0,0,0,0,0,0,0,53,51,53,49,0,121,62,32,94,68
0,0,0,44,64,0,0,0,0,0,92,0,0,0,0,0,0,0,52,0,0,0,59,37,0,0,0,90,0,0,0,0,0,87,0,0,0,0,0,0,81,0,0,0,0,0,0,0,59,0,44,102,0,62,63,0,0,50,93,0,0,0,0,45
0,0,0,95,55,65,0,0,85,0,0,64,0,0,0,0,0,0,0,0,0,0,0,0,0,0,0,43,0,0,0,0,0,56,0,52,0,109,0,0,0,0,70,0,0,0,0,67,0,0,0,0,57,0,0,76,80,94,0,0,0,0,0,0

0,76,0,0,0,56,49,0,0,0,0,33,0,0,0,0,0,0,0,0,54,0,50,0,61,0,97,76,0,47,36,0,54,0,0,90,0,73,0,0,0,0,0,0,0,0,0,61,0,68,0,77,0,0,0,0,0,75,0,0,0,0,0,0
0,33,39,0,0,0,98,76,0,0,0,0,0,0,39,0,0,0,46,60,30,0,0,0,0,0,0,0,0,0,0,0,0,0,0,0,0,0,0,69,0,0,0,0,0,0,76,0,0,113,35,0,0,0,108,100,48,0,88,0,0,0,0,53
44,66,0,96,0,0,0,57,0,78,69,0,0,0,64,0,0,0,0,121,0,44,69,0,0,0,63,0,0,78,0,0,0,0,0,0,65,0,58,76,0,0,0,61,65,68,0,113,0,0,83,98,0,0,0,0,83,0,73,0,0,40,0,0
0,0,0,0,0,0,65,0,0,0,0,75,59,0,0,34,0,0,0,0,0,0,0,0,0,45,0,0,0,0,47,0,0,0,88,83,0,67,0,0,0,0,0,33,0,0,0,0,0,0,0,0,0,0,0,0,0,0,0,0,0,0,0,0
0,0,0,0,0,0,0,62,0,0,39,0,0,0,0,0,0,0,72,0,0,39,78,0,0,0,51,0,57,41,0,0,57,0,0,0,0,0,93,0,0,68,94,76,77,0,0,0,108,0,0,0,41,0,67,55,0,0,0,82,0,0,0,88
0,0,0,55,0,0,60,0,0,0,0,0,54,0,0,41,0,0,0,0,0,56,98,80,45,0,0,0,0,56,0,0,0,38,42,34,36,0,0,74,0,0,0,0,0,0,0,0,0,0,0,0,0,0,0,80,0,0,0,0,0,70,0,0
0,0,0,0,0,0,0,69,0,0,0,21,0,79,80,48,45,0,0,0,0,0,0,0,0,0,0,0,0,64,56,0,42,0,0,0,0,0,60,0,0,101,0,0,0,0,0,0,0,88,89,0,0,0,0,0,0,0,0,0,89,95,66,0
0,0,74,0,0,0,0,0,0,59,0,72,0,72,65,0,48,0,0,0,69,0,109,0,0,0,0,0,64,47,32,0,0,47,0,0,0,0,64,84,57,0,65,0,61,0,0,90,76,0,0,0,0,0,0,0,28,0,0,75,0,68,0,0
54,60,0,0,53,76,0,0,0,0,0,0,0,0,93,51,58,0,0,0,85,40,0,0,0,34,0,70,59,61,0,0,0,78,0,0,54,0,0,0,0,0,0,0,0,62,84,109,0,74,0,0,0,0,0,0,0,0,69,0,0,53,36,0
0,0,0,33,0,101,0,0,0,47,62,0,0,57,0,0,0,52,0,0,0,0,0,0,67,0,0,65,61,0,0,79,0,82,0,0,0,0,0,0,0,0,0,0,0,27,0,0,0,0,0,42,66,0,0,59,81,0,0,0,0,112,55,0
0,37,0,0,0,0,40,0,0,87,64,0,0,0,55,0,65,0,0,0,0,0,100,75,80,0,67,0,0,0,56,58,0,0,61,48,0,0,0,0,0,0,0,69,0,0,0,0,70,88,0,102,0,38,0,0,0,89,0,0,81,66,38,0
86,66,0,67,0,44,83,0,0,44,94,0,0,0,69,0,0,0,37,0,0,58,83,0,0,0,0,85,0,0,71,0,0,0,0,0,71,0,62,80,0,67,0,0,0,0,0,0,0,0,0,64,19,0,0,61,0,0,45,0,0,0,0,68
0,0,0,0,65,97,78,0,0,45,0,0,107,0,0,0,0,0,66,0,0,74,0,0,0,0,0,0,0,0,0,0,0,0,105,0,0,0,0,0,0,14,0,0,65,58,0,67,0,101,47,0,50,102,75,0,85,0,107,0,0,0,0,68
0,0,36,85,0,81,0,75,0,0,0,53,36,0,48,0,58,0,0,82,0,0,77,0,32,69,0,0,66,78,0,36,0,0,56,62,0,97,0,0,0,0,0,0,0,57,0,77,0,0,0,0,0,0,0,0,0,0,0,0,0,0,45,0
67,0,0,0,0,0,59,0,0,72,48,0,67,22,60,0,0,0,0,0,0,0,0,0,89,36,0,0,0,0,76,0,0,0,0,102,73,0,0,55,0,78,0,0,0,0,0,0,53,0,45,0,40,0,0,41,0,0,0,83,0,0,0,0
0,0,80,0,0,0,77,0,60,46,0,0,0,0,85,0,0,86,0,0,0,83,0,0,27,0,0,0,0,0,0,0,0,54,0,49,0,0,0,0,61,0,0,0,0,0,0,0,0,0,0,47,0,0,0,0,0,0,0,0,68,0,0,0

0,104,0,0,0,82,0,78,69,0,0,0,0,0,94,0,0,66,48,0,0,0,83,70,55,0,0,0,0,0,0,0,0,0,0,57,0,0,0,0,101,53,0,0,67,0,0,0,0,66,44,0,0,0,0,59,0,0,0,0,0,0,0,0
60,95,0,0,0,0,0,74,0,0,0,0,0,0,0,75,0,0,49,0,55,0,0,0,0,0,45,71,48,88,0,60,0,0,0,0,0,0,79,0,0,0,0,0,61,66,61,0,46,0,0,0,91,0,0,0,0,44,0,0,0,0,0,0
47,48,40,0,90,0,64,0,0,0,79,96,0,0,72,0,65,0,0,0,0,39,36,0,0,64,44,0,0,47,0,0,0,0,0,16,0,96,20,0,0,0,0,0,0,83,0,0,0,0,59,64,102,0,0,0,0,0,0,93,63,0,65,0
0,85,24,0,78,0,0,0,0,0,0,0,0,0,0,0,56,63,0,0,84,0,64,0,0,95,0,0,0,21,0,0,0,34,73,0,0,0,0,0,0,0,0,69,0,43,35,0,0,55,51,0,78,0,0,0,0,0,0,83,0,0,0,0
82,0,0,0,0,78,0,50,34,55,0,0,46,0,0,0,0,0,0,0,81,0,87,0,0,0,0,62,0,0,57,0,23,0,38,0,0,0,0,0,0,69,0,0,0,0,0,0,0,0,0,0,0,0,47,25,71,0,0,0,0,0,0,0
0,0,0,19,66,0,0,0,0,112,0,0,0,0,81,0,0,73,0,0,0,77,0,0,0,0,72,99,0,39,0,68,0,0,65,87,0,40,0,62,0,0,0,0,48,0,75,0,0,81,0,0,43,78,79,0,0,0,0,0,0,0,0,0
0,70,0,83,85,86,0,0,108,0,0,0,0,0,0,0,0,0,55,121,0,0,0,0,0,47,85,0,35,0,79,0,0,0,0,0,0,0,0,0,0,62,0,0,0,0,79,0,0,83,67,0,0,0,64,61,0,0,0,0,0,0,0,0
71,0,0,0,0,0,0,0,0,62,0,56,72,0,50,60,0,0,54,0,0,62,0,70,0,0,0,41,50,0,68,71,0,0,50,85,0,0,0,65,0,0,0,0,16,0,0,56,46,0,58,69,0,0,82,0,0,55,67,0,0,0,0,0
0,0,0,66,0,0,0,0,61,0,40,76,0,0,0,0,0,0,45,0,0,62,0,115,0,0,0,0,0,0,46,0,0,0,0,100,0,0,70,0,0,0,0,0,0,0,0,0,0,0,0,73,0,0,0,63,90,76,0,59,36,68,0,0
0,0,0,0,0,45,22,0,67,0,0,68,67,60,92,0,0,0,0,0,79,23,0,0,57,0,0,0,80,0,0,0,0,98,0,0,0,0,60,0,74,0,0,85,102,0,0,69,0,54,93,104,84,95,30,0,0,0,0,0,0,0,0,0
0,91,81,42,0,0,68,0,0,52,79,0,0,0,0,58,0,72,0,0,0,0,0,0,83,0,0,0,94,89,0,0,0,0,0,0,0,0,0,0,0,0,0,0,0,0,22,57,0,0,0,108,0,0,104,0,0,0,58,76,0,0,0,95
0,0,63,65,0,80,0,0,0,54,74,0,0,0,0,65,0,0,0,0,0,0,0,0,0,69,68,0,22,74,49,0,40,64,0,0,0,0,0,0,0,96,44,0,0,39,70,0,0,0,54,0,77,0,0,0,57,0,0,77,0,0,0,0
77,0,70,0,0,73,0,0,0,0,58,0,73,0,0,57,57,56,0,44,0,0,0,73,0,0,0,70,0,92,86,0,0,0,0,0,0,31,72,0,0,0,0,0,0,62,0,0,0,86,1,0,0,91,77,60,0,0,44,28,0,80,0,0
0,45,95,75,0,0,0,97,0,0,94,0,95,0,0,64,0,0,41,0,0,49,0,0,0,0,0,30,0,69,0,0,0,59,0,48,0,65,28,0,76,46,0,48,0,0,0,0,127,0,0,75,92,0,0,0,0,0,53,82,0,49,0,57
0,0,0,57,0,0,0,0,0,0,0,0,0,0,0,0,67,70,63,56,0,97,0,77,0,0,0,0,59,0,0,0,0,0,61,0,0,0,0,41,0,0,0,65,0,57,0,81,0,71,0,77,0,0,0,0,0,33,82,0,0,77,0,0
0,49,72,0,61,47,72,0,0,0,87,0,0,89,0,0,0,0,0,66,0,0,0,0,40,48,0,0,0,0,60,0,0,0,44,90,109,81,0,26,68,0,0,0,0,0,0,58,0,0,0,0,70,0,80,0,0,62,56,0,0,62,0,0

0,67,0,60,13,0,0,0,75,85,0,0,0,0,55,53,0,0,53,0,0,0,0,0,0,0,79,98,73,44,0,0,0,0,0,56,0,0,0,77,76,11,55,0,0,0,0,0,0,0,0,0,52,67,25,0,127,0,100,0,66,64,0,34
0,0,38,0,0,0,60,0,0,0,0,0,0,0,0,75,48,0,0,0,38,0,0,0,0,0,93,54,0,65,50,0,0,0,54,0,0,0,85,0,0,51,0,0,0,0,80,112,96,79,0,58,0,0,0,0,0,60,0,49,0,0,0,0
92,46,0,0,0,0,68,81,53,60,68,0,0,0,0,0,0,0,0,0,0,0,0,0,0,0,0,0,0,55,0,95,0,38,0,0,46,0,0,0,0,44,68,0,13,33,62,0,0,0,0,0,84,0,0,0,99,0,36,23,0,97,0,76
0,0,0,0,43,0,87,0,0,0,0,58,0,0,0,0,96,0,0,61,0,54,0,90,0,0,0,60,0,0,0,0,38,0,0,0,29,0,0,0,0,0,52,0,0,0,0,0,63,0,0,0,0,0,39,0,0,44,73,0,0,0,0,0
0,0,65,0,77,51,0,0,0,0,0,0,0,61,0,103,81,0,0,0,0,0,0,0,0,89,0,0,0,85,0,77,92,0,52,0,0,58,0,52,0,76,0,0,0,48,0,101,84,0,0,62,64,65,0,0,0,0,0,0,0,0,0,94
0,0,0,47,0,82,0,0,0,74,0,0,0,54,0,0,49,60,75,0,0,0,50,0,0,71,0,0,42,0,0,67,0,81,0,0,40,0,0,0,0,0,0,0,0,0,0,0,88,0,0,0,49,44,0,65,0,0,0,62,72,0,0,0
0,0,0,75,0,0,0,67,0,97,0,97,0,0,93,0,32,0,0,0,75,0,45,0,0,0,56,0,58,95,0,26,0,65,0,0,0,80,0,0,0,0,17,0,89,0,0,0,0,0,75,53,0,100,73,30,0,0,0,0,81,86,0,44
0,0,0,0,0,0,50,0,0,0,0,35,0,0,47,0,53,70,0,0,0,0,0,0,65,0,0,0,0,29,56,0,31,54,0,0,0,57,0,0,0,0,0,0,0,0,0,0,0,0,0,0,27,0,42,46,0,0,63,0,0,0,102,0
0,0,0,0,0,0,0,0,0,76,0,56,0,0,0,0,49,0,0,0,0,0,0,0,78,0,0,0,0,0,0,0,0,0,78,0,0,76,0,46,0,0,95,59,0,0,0,0,0,0,72,92,0,76,68,0,0,0,0,0,63,0,0,0
0,0,0,0,64,0,0,0,37,66,0,0,52,39,0,0,55,81,49,69,0,127,88,0,0,0,61,0,68,0,52,69,0,0,0,87,0,0,0,0,0,0,50,0,0,98,0,0,24,0,41,95,87,0,0,84,0,82,0,41,103,0,0,0
0,0,0,73,43,0,0,0,62,0,0,0,105,0,47,52,0,0,0,50,0,0,0,0,0,59,0,70,0,0,0,84,0,79,0,0,0,84,0,22,0,64,0,0,0,0,0,0,0,0,55,40,0,94,0,0,0,0,73,0,75,60,64,0
36,0,0,76,63,0,58,0,69,83,0,22,0,33,0,0,0,0,0,0,0,0,69,0,0,0,0,0,0,0,0,83,0,99,59,65,0,91,0,0,0,69,90,0,0,65,0,0,0,90,0,0,0,39,0,77,0,0,72,73,0,0,0,72
0,0,0,0,0,0,0,29,0,0,76,0,0,85,0,0,0,0,0,0,0,0,36,73,0,0,80,0,0,66,0,61,0,0,0,0,0,0,68,86,0,69,0,0,0,0,40,0,0,91,61,50,0,79,0,0,68,0,0,0,0,0,0,0
0,0,0,0,49,0,0,0,0,0,96,0,0,0,0,0,0,0,62,0,0,0,0,85,0,0,0,0,0,90,0,0,0,0,0,0,0,0,28,0,0,52,0,0,0,0,57,0,0,0,0,0,67,0,0,0,92,18,92,0,0,0,0,0
98,0,41,67,0,0,0,0,59,0,0,0,0,0,93,0,0,0,74,0,0,0,0,0,58,0,69,0,0,0,0,57,0,0,0,0,55,0,0,47,0,0,0,0,43,0,0,0,0,64,0,0,0,0,65,44,0,0,0,0,0,75,0,70
0,0,67,0,0,0,0,0,66,37,0,0,52,0,0,0,0,0,0,0,0,0,71,0,58,90,0,0,0,0,0,0,44,0,0,54,0,0,0,53,0,0,0,61,0,0,0,0,0,0,0,0,0,0,46,74,0,50,59,0,0,98,0,0

76,0,0,0,0,0,0,0,0,0,0,0,83,93,0,74,0,0,0,0,0,63,68,0,0,0,0,38,0,0,0,51,0,92,55,0,118,0,57,29,0,0,0,0,0,0,0,0,0,0,0,0,0,102,0,0,0,0,0,0,68,0,58,0
0,83,0,0,27,0,0,0,82,51,50,0,54,0,0,0,39,59,0,0,79,0,0,0,103,55,0,0,0,78,0,0,0,0,0,0,70,0,50,0,0,0,52,0,0,0,0,0,35,0,0,0,0,0,0,0,0,65,58,0,92,0,115,0
0,0,0,70,0,0,0,0,0,0,69,65,0,0,0,70,0,0,0,104,0,0,0,0,0,0,38,0,0,0,0,0,54,0,52,0,0,0,0,0,0,78,0,62,0,0,64,0,0,0,0,0,0,0,0,0,0,0,50,0,0,0,0,0
0,0,0,0,0,73,0,60,0,80,56,62,51,0,0,80,0,39,0,0,62,0,0,94,0,0,0,0,0,67,0,84,54,85,61,74,68,0,58,0,0,0,0,74,56,0,0,89,94,0,0,0,0,0,0,0,0,0,0,59,127,80,127,0
63,35,0,0,86,0,0,0,0,38,0,81,72,70,23,0,0,0,0,0,0,37,0,0,0,0,74,0,0,0,27,81,0,51,0,0,13,0,0,0,0,0,0,60,77,72,0,74,0,49,0,0,0,0,0,58,84,0,0,112,0,0,0,0
63,17,58,85,0,76,0,0,0,0,0,0,57,0,0,68,68,0,0,49,0,0,0,0,0,0,52,0,0,69,95,0,0,63,0,0,0,0,0,0,0,0,0,0,0,0,0,0,0,0,0,52,43,58,0,63,0,0,72,0,0,0,0,0
0,0,0,0,0,72,0,0,0,0,0,73,0,0,0,0,81,0,0,67,0,0,0,0,88,0,0,0,0,69,67,0,0,35,0,0,0,58,0,0,0,0,70,0,76,98,0,52,53,0,65,0,82,0,70,88,0,0,0,52,65,16,54,0
0,0,0,0,0,0,40,0,0,0,66,76,0,0,0,48,0,81,0,0,0,0,0,58,67,80,0,0,0,0,0,0,0,51,0,0,76,60,82,0,0,0,0,0,0,0,0,74,0,0,79,0,0,0,73,48,0,46,47,0,0,68,0,0
51,0,57,20,64,0,0,42,0,0,0,60,0,0,0,0,0,23,69,0,0,0,81,0,0,0,0,58,0,77,0,0,38,0,70,0,0,0,0,0,0,44,46,50,0,0,0,61,0,0,0,0,0,66,0,0,0,65,0,51,40,0,0,0
41,87,0,63,106,0,0,57,84,0,0,0,0,55,100,46,0,0,67,0,80,0,50,0,51,0,0,50,0,0,0,0,0,0,0,0,0,0,69,0,0,0,0,0,62,77,0,0,77,82,0,36,0,91,55,81,0,0,81,0,78,90,87,0
105,49,0,60,55,0,0,0,93,47,0,53,0,51,0,0,0,0,91,0,0,0,0,0,97,88,0,0,0,0,42,0,0,0,44,0,106,0,67,0,0,0,0,0,0,0,0,0,0,0,0,0,0,0,54,0,0,0,0,0,84,0,89,81
0,57,0,0,0,48,61,64,0,37,95,0,0,65,41,0,82,91,0,0,0,0,0,51,67,0,0,0,80,47,0,0,0,0,0,0,0,0,0,0,0,0,0,0,0,64,94,49,87,0,0,0,0,30,0,0,0,85,0,73,73,0,0,67
53,0,0,41,0,0,78,0,0,0,0,0,64,0,0,51,0,0,0,0,0,69,0,68,60,80,0,0,73,56,0,0,32,0,49,85,0,0,44,0,0,0,0,107,0,95,0,62,0,41,0,0,0,0,0,0,0,0,0,0,0,41,0,40
0,0,71,0,66,0,0,0,0,0,0,40,0,41,0,83,0,0,0,0,32,0,70,0,0,0,0,0,0,0,67,63,54,0,0,0,0,0,0,0,0,0,13,0,0,0,92,68,62,0,0,0,0,0,0,0,0,98,59,0,54,0,63,0
0,0,0,0,0,0,0,0,60,36,0,0,0,62,0,0,0,0,57,0,91,0,61,34,0,0,0,55,39,0,63,0,0,0,0,53,66,95,0,54,68,0,0,67,69,81,0,0,0,0,0,0,0,0,0,0,0,0,32,0,0,0,0,58
47,95,57,0,0,0,0,68,66,0,0,0,0,67,0,0,57,0,0,0,0,63,0,46,30,85,70,64,39,0,0,0,0,0,0,0,0,0,63,0,0,0,0,0,58,0,0,0,0,0,0,0,0,52,0,0,0,52,0,0,0,0,0,0

70,0,46,0,0,0,0,0,0,98,0,88,0,0,38,0,80,0,0,0,0,56,0,0,0,55,0,0,47,0,0,0,0,0,0,0,0,0,0,68,0,0,0,0,0,0,87,0,0,0,28,82,0,83,52,0,41,0,0,0,81,0,0,0
0,0,0,0,0,0,93,0,0,63,0,0,0,0,93,0,103,59,73,0,107,0,0,0,48,0,0,60,46,39,45,73,88,0,0,0,0,83,32,50,0,57,52,0,0,0,0,74,0,0,101,0,68,0,65,0,0,80,0,0,0,0,0,0
0,0,0,0,0,0,0,0,0,0,0,0,0,0,64,81,0,0,0,0,0,0,0,0,0,0,0,0,0,70,54,0,0,0,58,57,0,0,76,53,0,0,0,51,77,0,0,71,0,0,0,0,0,0,99,15,0,69,0,0,0,0,0,111
28,0,0,84,73,76,70,0,0,0,0,0,35,0,62,0,0,0,0,0,0,0,0,50,0,0,0,51,0,0,89,0,0,0,0,61,0,0,0,76,0,0,0,0,0,87,0,0,0,83,61,0,0,61,0,0,0,63,0,0,64,0,91,74
0,98,69,0,59,0,79,58,0,0,0,0,0,0,0,0,62,0,0,0,81,0,0,0,28,59,0,0,0,91,0,64,36,0,0,0,0,0,94,32,51,0,0,0,56,0,82,0,0,0,96,0,90,0,37,0,0,74,57,22,0,0,0,22
0,47,0,0,0,0,83,0,0,0,0,52,0,0,0,0,50,0,83,0,0,0,0,74,79,46,65,0,0,0,0,0,64,0,0,0,70,0,0,0,0,0,0,0,90,0,0,0,0,0,0,79,0,64,0,56,69,52,0,0,0,0,0,0
0,0,63,74,67,0,0,0,0,0,0,0,0,0,0,0,0,0,0,0,0,0,0,0,67,0,68,0,62,53,0,0,0,74,0,0,123,0,0,60,51,0,0,0,104,25,0,0,0,0,0,0,0,0,0,97,0,83,85,0,0,0,0,80
0,0,0,0,79,93,0,0,0,0,0,88,0,58,87,62,93,0,0,0,66,0,0,0,0,0,0,0,0,0,0,0,0,0,73,0,0,0,82,0,0,0,0,0,0,0,0,0,0,0,0,0,0,0,0,0,0,40,0,0,0,92,22,0
0,0,0,93,0,77,0,0,0,54,78,47,0,0,0,78,0,59,0,0,0,0,0,71,0,50,0,40,0,62,0,58,0,0,60,0,87,0,0,0,0,0,0,0,0,0,0,0,0,0,0,62,65,76,0,0,76,0,0,0,0,0,0,0
60,100,95,59,0,0,0,0,0,0,44,0,0,0,0,0,61,78,60,0,0,0,0,46,0,0,76,68,0,0,0,33,0,0,0,0,87,0,67,0,94,0,0,0,0,0,0,60,70,0,86,0,0,0,0,0,0,0,43,0,56,75,0,0
0,0,0,0,55,36,0,0,0,0,0,45,0,0,0,0,0,13,67,0,0,0,40,0,0,60,0,38,68,0,0,0,76,0,0,0,0,53,77,0,0,0,42,0,0,0,0,0,72,0,0,0,0,0,69,0,0,0,74,91,0,0,0,56
0,0,61,0,0,0,0,53,0,0,74,0,50,0,92,28,0,0,89,46,0,0,0,0,0,0,0,0,77,0,0,0,73,0,0,0,0,0,0,0,0,0,0,119,48,0,0,0,78,0,0,0,102,0,0,0,55,0,92,50,0,0,47,0
0,0,0,95,0,0,0,0,74,0,81,0,0,0,80,49,81,72,82,0,71,0,0,50,34,0,0,50,0,102,0,0,0,40,0,0,0,0,0,27,84,0,0,64,57,31,0,0,80,0,0,94,0,0,0,0,60,0,0,0,38,0,0,0
0,57,0,47,0,75,0,0,68,0,0,56,85,0,0,78,0,0,0,0,0,92,0,0,61,0,0,0,0,0,0,0,0,45,0,0,125,0,0,0,0,0,0,0,0,0,50,45,0,0,0,61,0,0,0,46,0,53,0,115,59,0,0,0
0,0,0,0,0,0,51,58,83,0,0,0,0,0,0,0,0,66,0,68,38,49,56,60,60,0,0,0,0,0,0,0,0,0,0,0,0,41,0,0,0,0,0,0,0,0,0,0,0,0,0,0,103,0,0,0,0,0,0,0,69,77,0,0
0,0,42,0,0,33,0,86,0,0,54,0,0,0,0,73,0,61,0,105,0,0,71,0,0,0,0,0,0,0,0,0,0,0,0,0,0,58,0,69,62,0,0,0,0,84,0,0,0,0,82,0,0,51,70,0,92,0,0,48,0,0,0,0

51,0,22,0,44,0,0,0,0,0,0,0,76,0,0,0,0,0,0,96,0,0,50,0,47,0,0,0,50,0,0,0,40,29,0,76,0,0,0,51,81,0,94,0,0,58,55,0,0,82,63,0,70,91,0,0,0,0,0,0,77,50,67,0
82,0,0,0,0,45,0,53,0,0,0,0,0,0,0,0,0,76,48,0,0,42,0,0,0,0,0,0,0,0,0,0,48,0,0,0,0,106,0,0,0,82,0,0,0,60,70,0,0,90,53,0,0,0,0,0,96,0,0,0,0,0,0,0
0,115,0,0,0,0,0,48,0,0,0,0,0,0,0,61,0,0,51,0,0,0,67,0,92,24,0,0,79,0,0,0,0,0,69,0,51,0,0,70,0,53,0,0,53,0,0,0,0,0,0,0,0,0,16,0,0,0,0,0,0,0,0,0
0,0,84,0,58,0,72,0,0,0,64,51,61,0,0,0,0,0,61,75,0,0,0,0,74,0,0,0,0,0,0,0,86,0,0,0,0,0,0,0,0,0,0,79,0,0,0,0,86,0,38,0,0,52,0,0,60,0,0,71,0,0,71,0
0,0,0,0,0,0,50,0,0,0,0,0,55,0,60,65,0,0,0,0,0,0,0,0,0,0,0,0,0,0,0,0,0,56,0,60,49,121,63,21,33,0,0,0,0,59,51,0,0,0,0,64,0,0,0,68,64,0,0,0,0,50,39,62
0,0,0,0,0,0,0,0,0,59,0,95,0,0,0,0,78,44,0,0,0,0,84,0,97,0,0,0,51,0,0,0,0,0,0,117,0,69,88,0,0,0,0,0,0,0,0,0,0,63,67,0,60,0,52,56,97,0,0,0,0,0,0,0
0,0,0,87,0,0,0,82,0,75,63,68,0,73,0,53,72,0,86,23,0,0,68,0,0,0,103,0,0,0,0,0,80,0,65,0,0,0,0,33,82,0,55,0,55,0,0,0,43,0,62,0,0,0,0,66,0,84,0,0,0,0,0,0
0,0,61,0,0,0,80,0,0,0,0,43,0,0,52,73,74,64,0,0,0,0,0,0,72,0,62,67,39,69,0,0,76,47,59,74,0,0,0,0,0,0,0,0,0,54,0,72,0,0,0,0,0,0,35,0,0,82,93,0,83,20,0,0
75,0,0,0,0,68,76,0,62,0,0,0,0,0,0,0,0,0,0,0,0,0,0,71,0,44,0,58,0,59,0,0,0,0,0,0,40,0,0,70,64,0,0,0,0,0,0,0,0,100,66,41,0,0,55,0,0,0,0,0,0,0,0,0
68,0,65,108,0,0,0,56,0,0,0,0,0,45,0,51,0,0,0,0,0,0,57,0,0,0,0,88,0,0,0,0,56,0,0,36,0,0,0,0,60,0,66,78,0,0,0,0,50,0,72,46,0,96,0,0,82,90,18,0,0,0,0,0
76,56,0,54,0,0,81,0,0,56,84,0,38,0,0,0,0,0,0,0,0,0,0,0,0,76,47,0,0,83,96,27,0,65,0,0,0,0,0,69,92,0,73,0,0,0,79,84,0,72,0,0,0,0,0,0,0,40,0,0,0,0,0,0
0,0,69,0,0,0,0,0,52,0,0,42,0,0,0,53,55,0,0,0,0,75,89,0,0,0,0,102,78,71,0,0,0,0,40,0,0,0,0,0,0,0,0,0,0,0,0,0,0,18,0,0,0,0,0,0,0,40,0,0,0,0,0,0
0,0,0,61,0,65,0,84,0,0,72,0,61,0,0,0,0,44,52,0,44,0,69,0,0,56,0,0,0,123,107,0,0,79,0,71,0,26,61,56,0,0,0,0,0,0,0,72,0,0,0,0,81,62,0,94,117,53,0,0,75,69,0,0
0,0,69,0,38,0,80,53,0,0,0,0,0,0,63,0,0,0,0,0,0,80,0,0,0,64,0,50,78,0,0,0,0,0,49,0,0,0,54,0,0,0,0,25,0,0,0,0,0,47,0,49,0,44,39,0,0,0,0,0,0,0,0,73
0,0,40,90,0,0,0,0,96,82,0,55,77,0,0,0,57,0,24,67,0,0,0,0,88,0,0,62,0,0,0,0,0,65,0,62,0,62,0,0,54,0,0,0,40,36,0,49,0,0,0,48,0,0,54,0,0,0,0,71,0,77,0,0
0,0,0,0,0,0,0,0,0,0,0,0,0,0,0,0,0,0,52,0,64,0,0,0,0,77,0,0,0,0,66,0,0,50,47,0,0,0,0,45,0,0,0,0,88,24,0,0,81,0,14,0,0,0,73,91,0,0,44,0,0,0,0,0

0,79,40,40,0,92,0,0,0,0,0,0,65,0,0,0,0,0,0,0,44,0,0,0,0,0,0,47,0,0,0,99,0,0,49,0,49,70,0,0,0,0,0,0,66,0,0,52,49,0,0,95,0,0,84,0,0,0,0,0,0,0,0,75
0,0,89,0,56,0,0,0,0,57,51,49,51,0,0,0,42,0,0,0,0,0,0,0,0,77,52,92,0,0,83,0,0,0,0,39,0,0,0,0,0,0,63,0,0,0,0,0,89,0,62,0,0,0,75,0,0,0,0,55,0,0,0,0
0,0,0,0,73,0,62,35,0,0,0,0,0,0,0,0,0,0,0,0,0,85,0,57,0,0,35,0,0,54,0,0,0,0,0,0,0,78,0,0,73,47,73,93,0,71,0,76,0,39,0,0,0,0,0,0,79,0,63,0,0,37,0,42
52,0,93,0,0,88,0,102,0,0,108,0,0,40,0,83,62,0,73,0,0,0,0,0,37,0,0,0,0,0,0,88,92,64,33,0,45,0,0,0,0,0,0,0,0,30,0,0,68,0,0,0,0,0,64,0,64,75,0,57,0,0,0,90
0,57,0,0,70,68,0,0,69,0,98,0,0,0,72,0,34,67,0,0,0,0,0,62,0,70,63,0,0,0,60,0,0,93,0,28,0,0,0,81,0,69,76,0,0,0,81,0,0,52,0,0,0,80,47,0,38,0,0,0,0,65,0,0
0,0,83,0,0,0,0,0,0,0,47,0,0,0,0,0,0,0,45,0,62,0,0,0,63,0,0,0,48,0,56,0,46,86,4,0,0,0,0,0,0,0,0,54,37,0,0,67,78,93,83,0,0,0,0,54,79,0,0,0,47,0,0,0
0,69,47,0,0,64,0,68,0,0,34,0,76,89,0,64,8,55,87,92,55,77,45,0,0,0,0,0,0,79,0,0,51,0,41,0,0,73,0,0,0,65,0,0,0,85,0,0,0,53,0,78,64,0,28,0,0,0,0,0,0,0,0,0
25,0,100,0,0,0,92,0,0,0,0,0,0,0,87,0,0,81,0,0,0,0,0,0,0,63,31,0,0,0,38,0,0,0,67,0,0,0,90,50,67,58,0,0,0,0,58,90,65,75,0,0,0,0,0,0,36,0,85,0,59,0,65,48
0,0,0,0,0,0,0,0,0,0,78,56,0,0,0,0,74,0,0,87,0,0,0,0,0,0,0,0,0,0,0,0,0,76,86,14,74,0,115,0,0,58,79,0,0,0,0,0,82,0,38,0,0,52,75,0,0,0,0,31,0,62,0,0
64,0,0,0,59,0,46,62,0,0,0,64,0,0,0,0,77,79,57,0,71,0,0,0,0,0,0,0,0,31,51,62,56,0,0,0,0,69,0,84,0,74,0,0,33,75,0,0,71,0,65,0,0,0,0,0,0,0,0,0,0,33,68,0
63,60,0,84,0,0,63,0,0,35,0,0,0,0,0,63,0,0,0,0,0,81,86,43,0,66,0,117,0,0,0,0,52,0,0,0,0,0,0,57,0,0,0,59,0,0,0,0,0,0,0,0,0,0,48,0,45,0,0,0,0,0,0,82
0,59,0,0,0,0,0,0,47,87,0,66,87,0,0,0,0,38,87,0,0,0,0,37,62,79,0,50,0,0,0,0,83,0,0,0,0,0,0,0,0,87,74,0,0,0,0,49,0,70,99,0,65,0,37,0,0,47,0,0,37,0,0,0
0,0,0,0,0,0,60,0,0,0,0,91,0,0,0,53,36,0,0,0,70,0,32,0,0,0,0,85,0,0,0,0,0,0,87,0,0,0,0,0,0,0,0,82,0,63,0,0,0,53,42,0,0,73,52,65,0,60,0,40,0,0,0,76
0,87,50,0,0,74,0,0,0,69,0,68,0,0,72,0,0,0,78,0,69,0,0,0,0,83,0,0,50,0,0,0,0,0,57,0,0,0,0,0,0,0,62,0,0,0,0,55,65,0,47,50,108,69,0,0,0,84,0,75,0,0,69,0
77,0,0,0,0,0,89,0,78,0,0,0,51,63,69,77,90,65,0,0,0,0,0,0,79,0,102,0,0,0,0,0,0,0,0,0,0,0,0,0,0,100,0,0,0,74,0,0,0,42,0,0,0,0,0,82,0,36,0,94,0,56,67,95
0,0,0,0,0,0,0,0,25,0,0,88,0,0,61,0,64,0,96,0,0,0,69,0,0,0,0,0,55,0,77,0,77,0,0,0,67,0,0,0,0,87,63,80,96,0,38,0,77,64,98,0,62,82,0,0,0,0,61,0,27,0,0,0

0,84,0,0,67,110,0,56,0,0,67,0,0,0,0,0,74,0,0,40,0,0,0,53,0,0,0,0,0,106,0,0,0,0,0,0,46,86,0,0,0,59,0,0,0,91,41,0,0,0,0,64,0,67,0,0,64,0,0,0,101,0,0,0
126,0,69,0,0,0,50,0,0,0,91,45,0,0,0,0,0,0,0,0,0,50,0,0,38,0,0,48,42,0,0,41,0,47,0,0,37,0,0,0,0,100,0,0,0,74,0,0,0,0,0,0,0,0,86,0,74,63,0,54,44,0,0,0
75,0,95,64,83,97,0,0,0,56,62,0,0,0,78,67,0,0,0,55,0,92,0,50,0,0,80,51,0,0,0,0,80,15,62,80,0,0,0,0,0,58,0,0,84,0,0,0,59,0,65,0,101,0,0,88,0,0,0,0,0,0,0,0
0,0,73,0,0,0,53,0,104,58,0,0,0,0,100,0,0,0,0,0,46,90,0,0,41,81,0,0,62,0,0,0,0,72,0,0,0,59,0,60,0,0,0,0,0,0,96,0,45,0,0,0,96,67,33,0,0,0,54,76,0,0,31,0
0,0,46,0,0,0,0,0,0,0,0,0,0,0,87,0,57,0,0,38,59,74,0,73,80,56,0,0,0,0,0,75,0,0,0,0,0,0,58,54,0,0,0,0,60,0,0,0,0,68,0,0,0,0,0,0,0,77,0,0,0,0,0,58
0,63,0,89,0,0,0,0,0,0,0,0,0,0,0,0,22,0,0,0,0,42,50,73,0,0,0,0,0,67,47,59,94,0,62,0,0,0,0,0,0,0,0,0,0,90,0,0,34,0,79,0,0,66,0,75,46,0,61,0,62,0,76,0
0,0,0,0,0,57,79,0,70,0,22,38,0,0,0,0,0,0,62,0,51,74,56,0,63,0,0,0,68,0,0,0,0,0,0,0,59,73,0,0,0,0,0,0,57,74,0,0,0,82,0,0,66,62,0,30,0,0,0,0,0,0,0,0
42,0,0,0,69,0,0,0,0,97,70,19,64,0,0,0,72,0,0,85,0,0,0,0,0,0,0,63,0,0,0,67,0,82,0,47,0,0,62,68,0,0,74,79,60,0,23,0,53,0,68,0,31,0,0,107,77,0,66,0,67,0,0,0
0,73,0,0,102,0,0,43,0,0,39,60,0,0,0,0,0,0,0,58,52,0,0,0,100,0,57,0,0,64,25,0,0,77,85,0,0,0,0,0,0,0,0,0,0,0,58,0,90,66,61,0,0,64,0,40,83,0,0,0,0,0,0,0
0,0,0,78,38,0,63,0,0,0,79,0,0,0,23,0,0,65,0,86,0,0,0,0,0,70,0,97,39,54,63,0,53,37,0,0,0,0,0,0,39,0,0,69,0,0,0,0,0,0,0,0,0,0,0,0,0,0,0,70,0,0,69,103
0,98,0,0,0,70,0,53,0,0,0,0,0,33,0,50,70,0,59,0,0,96,0,0,0,85,0,0,0,61,0,0,0,0,84,0,0,0,94,0,0,86,0,65,79,0,0,0,66,0,0,27,0,0,0,0,0,57,58,0,0,68,0,73
0,0,0,0,0,52,0,56,67,59,45,56,0,79,0,0,65,0,0,0,0,0,0,0,42,0,0,0,0,0,0,0,0,0,0,0,53,0,106,0,17,0,0,30,90,0,0,0,0,0,0,84,0,0,0,42,0,0,0,56,0,0,59,0
0,0,0,76,0,0,0,35,0,0,0,0,0,0,0,66,0,0,0,67,0,0,0,0,0,0,78,0,0,0,0,0,24,0,66,0,0,56,51,36,0,0,0,0,0,0,66,0,66,0,0,0,0,0,0,0,0,80,0,0,0,89,0,0
0,0,0,0,0,0,0,0,0,73,99,0,83,0,0,0,52,63,0,0,36,0,50,0,0,88,0,0,0,0,0,58,51,36,0,0,0,0,50,9,0,0,0,0,15,0,0,0,0,0,0,8,0,0,0,0,0,66,52,0,0,0,0,69
0,0,0,0,0,0,0,0,0,0,0,0,68,0,0,0,61,0,68,40,0,48,55,0,0,68,26,0,0,0,0,72,0,0,118,23,0,92,0,0,58,0,53,0,66,0,0,53,0,0,57,0,0,0,0,0,94,0,0,0,0,0,58,0
0,0,0,0,0,101,73,0,0,81,31,0,0,0,0,0,0,74,0,0,0,68,0,64,56,50,78,0,0,90,52,0,0,0,0,61,0,0,0,0,45,0,0,48,28,59,0,28,94,0,72,0,0,0,0,0,0,48,84,17,76,0,0,0

0,0,0,70,66,0,0,0,0,0,0,64,0,0,0,0,0,0,0,41,0,0,116,0,0,0,49,0,41,0,0,0,0,0,0,0,26,0,0,0,43,0,0,0,0,0,0,0,58,0,49,67,0,0,91,62,76,0,76,50,0,0,0,0
72,0,0,0,0,0,0,0,0,0,0,0,0,0,61,56,0,48,0,0,48,0,0,68,0,0,52,0,0,45,95,0,0,0,56,0,61,60,0,72,69,70,0,0,0,0,0,0,0,0,0,0,0,0,0,0,75,0,0,0,0,0,72,0
44,0,0,43,0,0,0,0,0,0,0,0,0,0,0,0,0,0,0,0,0,49,0,0,63,0,0,0,0,66,0,43,51,0,0,0,0,0,0,0,45,90,43,44,59,35,0,102,67,80,70,0,76,0,0,0,0,0,94,0,0,71,0,61
0,0,0,0,0,0,0,0,0,0,0,51,0,34,67,0,0,0,0,79,0,71,0,0,0,73,65,0,0,72,61,0,0,0,0,0,0,0,60,0,72,0,0,25,0,0,91,81,81,42,48,0,0,0,0,0,65,57,53,0,0,63,0,0
67,0,0,40,0,0,0,0,0,0,0,44,0,0,16,0,0,87,67,16,0,42,0,0,42,0,86,95,0,86,50,59,0,91,66,0,0,0,0,0,67,0,0,0,0,0,70,0,91,0,56,0,33,0,0,0,0,0,0,0,0,30,69,0
0,0,0,96,0,0,0,95,0,0,0,0,0,45,94,0,80,0,70,72,74,0,0,0,0,0,0,47,0,68,0,32,0,0,0,29,0,0,0,0,0,0,0,64,56,75,0,0,38,0,0,0,0,71,0,0,73,0,0,0,0,0,0,89
0,72,0,72,0,0,0,0,43,35,79,0,0,57,0,67,36,75,86,0,63,88,0,0,40,0,0,57,0,0,0,0,0,0,0,97,0,0,0,0,0,44,63,0,0,0,0,0,80,0,22,74,0,80,0,0,54,0,0,69,0,90,77,0
0,0,8,0,9,0,63,36,0,80,67,67,91,0,0,0,0,0,0,0,0,0,0,0,54,0,0,0,0,60,66,0,0,0,0,0,39,33,74,30,0,65,0,0,0,0,0,0,0,0,57,0,0,0,12,79,0,80,0,82,0,0,0,0
59,0,82,50,40,67,0,0,21,84,0,0,0,48,0,53,84,0,0,58,0,58,0,0,99,0,0,0,0,0,79,88,0,0,82,0,73,0,0,71,0,0,84,0,0,0,0,0,0,0,0,68,45,0,64,69,0,0,0,0,64,0,98,78
0,64,0,0,84,0,65,0,0,0,0,0,96,62,0,0,73,0,0,85,117,0,104,0,72,0,0,0,0,0,0,0,83,0,39,0,0,0,0,52,0,0,0,92,0,0,69,45,85,0,42,0,0,0,0,34,0,0,0,0,0,0,0,0
36,0,0,54,0,93,0,0,0,44,0,0,73,48,0,0,72,0,0,108,72,77,78,0,0,0,32,0,0,59,0,80,28,0,0,62,0,0,0,0,0,0,0,69,0,0,0,0,0,0,107,0,0,0,74,0,0,0,0,0,0,0,0,77
0,0,0,0,60,59,0,65,0,0,0,0,0,0,0,48,0,0,0,0,0,0,53,0,89,0,0,0,0,0,0,0,0,0,0,0,0,0,79,0,0,39,58,77,62,0,0,0,0,0,73,0,0,72,0,0,0,0,69,0,0,0,28,0
0,0,0,0,0,0,53,45,0,0,0,80,0,0,37,54,0,0,0,0,0,0,65,0,0,0,0,84,0,69,0,0,0,0,0,0,0,0,0,0,0,0,55,0,0,0,0,48,41,0,88,0,60,0,0,0,0,0,0,0,0,0,68,0
0,0,0,94,49,0,0,34,85,75,0,49,0,0,84,0,0,70,0,0,0,0,0,0,0,0,0,0,0,0,0,0,0,65,63,56,0,0,59,0,0,0,60,0,55,0,0,0,72,0,0,0,0,87,0,0,62,0,68,0,0,91,0,0
38,0,0,0,0,0,73,0,0,48,68,0,0,0,0,0,37,79,0,0,0,0,34,47,0,0,0,62,0,0,0,0,70,56,87,0,0,0,0,0,61,53,0,72,0,0,0,0,76,0,0,57,0,0,0,0,0,0,47,0,0,0,0,0
0,0,0,0,0,0,0,0,0,0,90,0,0,0,69,0,0,0,0,0,0,0,0,0,0,0,35,0,0,0,0,75,0,89,53,0,0,72,0,0,0,0,47,0,0,0,0,0,0,0,0,0,0,0,82,0,0,89,0,0,0,0,72,0

0,0,0,0,0,0,81,0,0,0,0,0,0,0,0,78,0,0,0,0,0,0,0,0,60,96,70,61,0,0,0,0,59,0,0,85,111,0,0,0,0,84,0,0,0,0,0,107,68,0,0,0,0,67,59,0,0,0,0,0,62,0,0,58
0,62,0,0,0,39,0,0,47,28,0,0,0,52,0,78,0,0,0,0,0,65,64,0,0,0,0,0,0,67,0,0,68,56,0,52,0,0,0,0,0,0,0,0,66,0,0,0,0,39,0,56,70,0,0,0,0,0,0,0,0,0,0,0
0,0,56,0,0,0,56,0,79,64,35,0,0,0,45,0,0,0,0,0,43,29,0,106,0,57,100,61,0,0,72,93,42,0,0,0,0,0,0,45,0,47,55,0,0,0,0,94,0,65,49,0,0,0,64,35,0,77,76,69,25,59,0,75
0,0,0,0,85,81,79,0,0,0,0,0,0,0,0,0,0,73,0,0,0,0,66,0,0,0,85,0,44,51,0,0,0,0,0,0,0,0,86,0,0,38,0,0,53,0,66,73,0,0,0,0,70,104,0,90,0,0,0,57,0,0,0,0
76,0,72,80,0,0,0,82,0,0,0,0,0,61,0,44,72,0,69,29,0,97,0,0,0,0,0,0,0,0,84,0,0,0,0,0,81,0,0,0,0,0,58,0,53,8,0,115,0,0,96,59,0,0,0,0,0,0,0,0,0,0,0,34
0,0,0,0,98,0,0,0,80,0,0,0,0,75,21,0,15,0,0,59,0,0,0,0,0,0,0,60,0,0,83,69,0,0,72,0,0,0,67,0,0,0,0,41,44,0,0,69,0,60,0,0,0,0,0,0,64,0,32,0,0,0,47,0
75,0,69,0,0,71,0,71,71,62,36,0,0,0,60,0,51,53,0,0,0,55,0,0,0,0,0,65,75,0,0,0,41,0,24,0,0,43,69,0,0,72,68,0,46,0,0,103,65,0,70,0,0,0,0,0,0,0,0,0,0,68,0,0
0,0,0,0,0,0,28,0,0,45,0,0,0,42,0,0,0,41,0,82,0,0,0,0,35,0,0,0,57,0,0,0,0,0,0,0,59,70,61,0,72,66,0,0,58,0,0,0,0,0,0,0,0,0,0,0,0,0,0,0,0,69,0,0
71,0,36,0,46,0,0,43,47,0,0,0,31,0,0,13,34,0,0,0,0,0,0,60,0,0,54,46,0,22,0,75,100,0,0,0,0,0,0,0,0,0,0,48,0,0,0,0,0,0,0,0,0,39,0,46,49,0,50,0,69,110,0,0
0,0,0,0,0,0,0,65,46,0,0,59,0,0,0,0,0,0,0,71,0,0,0,0,0,60,0,0,0,0,0,0,0,0,0,0,0,0,0,0,48,0,0,0,0,0,0,0,66,0,63,0,0,0,0,0,0,0,0,0,0,0,0,0
0,0,0,69,0,0,0,57,58,54,0,46,0,0,63,0,0,0,0,0,0,0,58,0,0,0,0,0,0,0,0,0,0,52,63,0,0,0,33,0,0,0,0,0,0,82,0,75,0,0,0,0,0,0,79,0,0,0,0,0,86,0,0,0
0,0,64,0,0,0,0,0,88,0,0,0,70,0,0,111,27,69,0,0,73,0,0,0,0,0,0,0,0,0,17,0,0,0,0,0,0,0,0,58,0,98,0,0,0,0,0,74,0,0,0,0,0,61,0,74,0,68,105,36,62,0,61,48
0,0,0,0,0,61,69,0,0,49,0,0,0,0,47,0,60,0,89,0,0,0,0,65,0,0,0,0,0,0,0,62,62,0,84,0,0,72,55,0,56,0,63,0,55,0,40,0,46,0,0,81,0,0,0,0,0,0,67,0,0,0,69,0
0,79,0,87,65,0,0,0,0,0,49,78,0,0,30,0,0,0,0,0,0,53,0,0,0,0,0,0,0,0,0,0,0,0,0,0,30,0,0,59,0,70,0,0,0,44,0,0,62,0,91,0,0,0,58,0,80,0,0,78,0,0,0,0
72,0,0,0,0,0,0,0,80,0,0,0,122,0,0,74,0,0,0,50,0,73,0,0,46,29,0,0,0,0,0,0,0,0,64,0,0,0,0,93,0,53,0,59,0,36,0,0,78,0,0,30,0,0,0,109,0,0,0,75,77,0,98,0
0,36,0,36,0,82,81,0,0,45,0,0,0,0,0,0,33,0,67,0,0,0,0,0,45,0,0,0,0,0,0,0,0,0,0,0,0,0,0,74,0,0,68,0,0,0,0,0,0,0,0,0,71,71,50,41,0,55,0,0,0,59,0,62

0,0,0,73,0,0,0,34,88,0,0,0,77,0,0,0,0,58,0,0,0,0,0,0,0,62,52,0,0,64,96,0,0,0,0,0,0,50,0,80,0,0,0,85,0,0,25,0,0,93,0,0,0,0,77,0,0,0,0,28,0,60,0,0
55,84,0,0,83,0,0,0,0,44,0,0,82,0,0,0,55,0,58,0,0,0,53,0,0,75,0,0,0,0,0,86,0,0,0,72,0,35,33,68,0,0,0,0,82,0,0,58,80,70,0,0,0,0,0,0,0,0,0,61,0,67,0,0
87,29,59,0,0,0,33,0,0,0,0,0,29,74,0,0,0,41,60,0,0,0,72,0,0,0,0,0,67,59,0,89,0,0,0,0,0,0,0,77,106,0,0,0,0,0,0,0,42,0,0,0,69,0,0,89,77,48,0,0,0,0,0,0
0,0,0,0,0,78,0,0,0,0,108,66,0,0,0,0,0,0,0,0,0,0,0,0,0,0,0,56,0,79,35,96,92,103,48,0,0,0,0,0,0,68,0,61,0,0,0,63,0,32,0,0,98,0,0,0,0,85,0,0,93,61,0,0
0,78,0,0,0,0,0,39,56,66,74,0,0,0,0,59,0,0,0,0,73,0,0,0,0,0,75,51,0,0,0,0,0,0,0,0,0,0,0,0,41,98,0,0,0,38,0,83,0,0,23,0,0,45,0,67,0,0,0,0,0,0,0,0
0,0,62,0,0,58,0,84,0,0,0,0,0,0,0,0,60,0,67,0,54,78,0,69,0,57,0,0,0,0,0,0,0,0,73,0,0,69,0,0,0,0,79,0,0,0,0,0,0,52,0,0,0,0,59,0,0,0,78,0,0,0,0,74
0,0,48,0,0,0,0,0,0,0,0,123,0,87,0,55,0,0,0,0,0,0,0,0,0,0,58,0,21,0,66,0,0,0,0,66,0,0,91,76,55,0,0,0,0,0,0,0,66,0,0,0,97,0,79,0,0,0,0,0,86,0,0,0
0,0,0,0,0,0,93,73,0,0,0,0,0,0,0,0,0,63,0,60,0,0,0,0,0,51,0,0,0,0,55,0,0,0,90,62,0,78,0,31,61,0,66,65,0,73,0,48,0,0,0,0,0,0,0,0,0,0,0,0,0,48,0,45
0,0,79,0,0,0,94,0,0,0,0,0,0,58,73,0,0,0,0,0,92,63,0,0,0,0,67,0,48,0,0,0,0,0,0,52,0,0,88,76,0,0,0,0,0,0,0,57,0,0,0,0,62,0,0,0,0,0,0,0,0,0,0,0
53,0,0,66,0,41,0,0,76,81,37,0,0,31,0,0,0,0,36,74,0,89,0,69,0,0,36,0,0,0,68,0,0,0,0,0,0,50,0,0,0,0,0,0,0,0,0,0,93,0,0,63,0,0,0,0,0,0,0,0,0,39,0,88
0,0,0,0,53,0,0,0,0,0,0,0,78,0,0,49,0,0,73,0,0,0,54,42,102,77,26,0,0,0,0,0,60,0,0,48,0,0,42,75,0,0,0,49,0,0,44,0,49,0,68,0,0,0,20,0,0,0,0,82,0,0,0,36
0,0,0,0,70,0,87,56,0,0,69,0,42,0,45,68,0,0,0,0,0,0,73,0,0,0,0,0,0,0,0,0,0,0,0,0,0,0,0,0,79,42,100,61,0,61,0,0,0,65,0,0,0,0,0,0,58,0,0,69,104,0,0,0
25,110,0,0,0,0,69,93,0,0,0,0,99,0,0,0,0,77,57,98,51,0,116,0,0,0,0,0,0,61,0,0,50,0,0,66,0,85,69,0,0,76,0,83,49,0,0,0,0,79,0,0,0,60,0,45,0,0,0,0,64,0,0,0
0,0,0,0,0,0,0,52,0,0,101,46,85,0,0,0,0,0,0,0,0,0,0,45,0,0,93,75,0,88,0,53,49,0,0,0,60,0,0,51,43,53,0,0,0,0,0,0,0,0,49,0,0,0,0,0,0,70,0,0,94,50,0,83
0,49,0,0,37,39,0,0,0,0,0,55,0,0,0,71,88,0,0,97,79,0,0,45,0,0,0,66,0,71,0,0,0,0,78,0,0,63,0,0,0,0,0,0,65,0,0,44,0,0,0,0,0,0,0,0,111,0,40,0,0,0,0,0
80,0,0,83,0,0,69,0,51,0,0,80,0,0,0,0,73,0,50,0,26,37,0,0,98,0,54,0,72,0,85,0,0,0,0,0,0,52,60,65,0,45,0,0,0,48,0,60,8,0,0,0,0,0,67,0,0,54,78,69,0,48,0,0

54,0,0,0,0,57,0,0,0,64,0,0,94,47,62,71,0,0,0,0,62,0,80,0,0,44,27,82,29,0,68,67,76,0,0,0,0,0,0,40,0,0,0,0,0,36,0,0,95,0,54,49,0,0,0,111,0,89,0,0,0,81,51,0
0,0,73,0,67,0,0,0,50,30,58,0,0,48,0,45,0,0,0,0,0,0,0,0,0,68,81,94,0,47,0,64,55,0,62,0,52,0,0,0,0,62,0,0,0,0,0,75,0,85,0,68,0,54,0,18,0,0,0,0,0,58,0,0
86,0,0,0,0,0,0,0,0,0,0,0,78,36,0,0,0,0,0,0,0,0,0,0,0,71,0,59,0,39,0,0,0,66,0,0,112,0,0,0,0,0,0,0,54,0,0,0,0,0,0,0,76,56,0,0,83,0,0,0,0,0,0,62
0,71,0,56,0,0,0,0,0,31,0,69,0,76,57,0,0,0,0,95,0,65,0,0,0,59,0,0,0,0,0,53,0,30,43,0,76,0,0,0,0,67,55,0,0,0,61,0,0,0,0,70,62,0,0,0,0,0,0,0,0,0,0,0
0,0,64,0,0,47,0,50,0,0,0,51,0,70,0,57,0,0,0,74,0,0,0,0,85,42,0,0,0,64,0,0,0,66,0,55,79,0,0,61,0,0,94,0,0,98,0,0,0,112,0,0,97,0,80,0,0,0,84,58,0,0,0,0
0,51,0,0,0,0,49,0,35,0,0,61,0,0,53,0,59,0,72,0,0,79,84,0,0,0,87,0,0,0,60,50,0,0,0,54,0,77,0,0,0,0,65,43,0,68,103,0,0,0,0,0,0,0,61,96,0,84,36,0,0,105,0,0
0,0,0,0,0,0,0,0,0,0,51,0,0,0,0,0,0,0,89,0,0,79,0,59,79,57,0,68,93,0,41,0,74,0,0,0,0,0,0,0,0,0,65,79,0,110,49,75,0,73,0,77,71,0,0,0,0,71,0,0,0,58,0,0
0,0,67,0,54,0,46,0,0,68,99,0,0,95,0,0,0,0,47,0,0,0,103,0,67,31,0,0,0,69,66,0,0,31,0,0,0,0,0,82,0,0,0,0,65,0,0,0,0,90,46,95,0,0,70,65,0,0,0,0,0,86,97,0
87,0,80,63,53,0,0,0,49,62,0,0,0,0,82,0,0,77,0,0,75,64,0,96,0,0,36,0,0,0,0,52,0,0,0,91,0,0,0,71,35,72,0,0,0,0,0,0,0,0,0,0,55,0,0,0,39,0,0,0,56,68,84,0
0,0,0,59,0,65,65,0,70,0,0,0,84,0,0,49,39,89,0,0,0,0,0,0,0,77,0,38,0,0,0,0,72,0,49,0,0,18,0,84,89,0,0,0,39,0,0,88,0,78,0,0,0,0,0,0,0,0,0,0,0,0,0,0
0,0,0,120,0,44,70,0,0,0,0,63,60,70,0,42,0,0,0,0,0,0,0,0,0,76,30,0,0,0,0,0,0,0,66,0,43,0,0,0,56,0,0,0,0,0,0,60,0,0,0,0,68,92,0,0,0,60,33,0,93,0,0,0
0,0,0,0,57,0,54,0,0,57,47,0,26,0,87,43,87,0,66,0,43,0,0,0,0,0,0,41,88,0,0,0,0,0,0,0,0,0,107,0,0,0,0,0,0,0,0,0,0,0,0,83,63,0,0,63,0,0,0,0,0,0,64,0
0,62,0,0,104,0,94,0,0,0,0,52,79,0,0,44,0,0,64,0,0,85,0,54,0,48,0,41,97,51,66,47,54,61,0,0,0,0,0,0,0,59,0,37,0,30,55,69,0,0,0,58,0,40,0,0,67,0,0,0,0,62,0,74
0,0,66,0,57,0,0,0,0,0,0,0,0,0,94,0,80,0,0,0,45,0,0,46,0,0,48,0,0,0,0,0,0,0,0,0,0,62,0,0,0,0,0,0,0,23,90,52,56,0,0,0,94,0,43,0,0,0,73,0,0,83,0,87
0,0,0,0,45,0,0,85,0,0,0,0,0,46,52,0,0,59,0,0,66,101,0,0,0,0,105,0,0,77,0,0,75,62,0,0,0,0,67,82,0,93,0,0,0,79,0,74,0,26,90,0,80,0,63,48,0,62,0,0,0,0,0,0
80,41,0,0,0,0,53,0,0,0,0,0,0,62,57,0,38,0,0,0,72,0,0,59,79,0,0,0,0,37,42,0,68,0,0,0,0,0,0,52,48,57,88,0,0,0,0,0,0,0,0,52,0,0,0,0,0,0,98,0,0,0,0,0

0,0,0,0,0,0,0,0,0,114,0,0,53,0,86,0,0,0,73,0,0,78,0,92,0,0,0,0,0,17,0,0,0,0,0,63,0,0,0,0,0,0,0,37,56,0,0,0,73,70,60,0,63,0,0,0,0,0,0,0,0,0,53,81
0,65,0,0,0,0,0,0,0,0,0,0,69,83,0,0,0,32,55,0,117,70,0,0,0,0,0,72,0,65,81,0,0,0,78,0,0,0,0,0,34,0,71,0,64,74,0,67,54,0,41,0,0,0,54,45,60,0,84,96,94,66,0,0
39,0,0,0,0,0,0,0,0,82,0,63,0,81,0,0,0,0,0,0,55,53,59,44,60,0,0,0,66,49,0,0,0,0,0,0,23,0,0,49,0,0,0,0,0,0,0,0,0,0,0,57,0,68,0,40,0,0,79,58,68,72,51,0
0,61,53,0,0,28,0,0,0,0,0,0,0,0,0,75,0,0,0,44,0,0,71,40,0,0,0,0,55,0,0,77,0,57,0,0,0,97,67,0,0,0,0,0,0,0,0,0,0,0,71,90,0,0,0,0,0,0,0,62,0,0,60,0
0,0,0,0,0,0,64,0,0,0,0,0,0,0,0,0,0,62,0,82,0,88,0,0,0,0,53,53,0,0,0,0,0,60,0,56,0,47,48,56,0,0,0,0,0,0,38,102,0,0,46,0,0,0,0,77,0,0,70,0,0,0,0,0
79,0,0,0,0,0,0,0,0,63,0,87,0,0,0,46,0,0,0,0,0,0,70,0,0,0,0,0,0,0,0,0,0,0,0,0,0,0,0,0,0,53,0,0,0,0,56,70,0,0,0,0,76,0,0,83,70,0,76,0,0,77,0,0
25,0,0,0,0,44,82,0,0,0,0,54,0,60,106,0,0,93,0,103,81,55,82,0,64,43,0,0,0,0,0,0,0,0,0,0,0,0,0,43,0,0,0,83,0,0,0,0,0,0,0,50,0,0,0,0,46,72,0,0,0,30,0,0
0,53,0,0,0,0,116,0,0,0,78,0,0,0,0,54,0,0,71,0,0,53,0,24,0,0,0,0,68,0,0,0,0,0,0,0,0,0,56,72,0,63,0,0,0,36,0,73,67,96,0,0,71,0,59,0,78,0,0,0,0,61,70,77
0,0,81,81,0,0,38,0,0,0,0,84,0,74,50,64,0,0,0,60,0,0,68,0,0,34,0,39,32,0,0,0,0,51,0,46,0,35,0,0,0,0,0,63,0,54,0,0,0,0,0,0,0,0,0,0,0,0,53,0,0,85,0,0
0,78,81,64,0,0,0,0,0,0,0,0,0,0,73,62,0,0,0,77,0,0,67,89,0,0,0,0,0,79,0,44,0,73,0,0,0,46,0,54,73,0,0,0,0,0,0,0,0,0,64,0,0,0,0,0,75,64,33,70,0,0,0,0
71,0,66,59,0,0,102,0,0,68,51,0,30,0,73,48,0,3,42,0,0,0,0,0,0,61,0,0,0,63,0,63,0,0,82,0,69,0,42,0,0,0,64,0,88,0,0,49,76,0,73,0,0,78,0,0,19,0,0,0,0,86,71,65
0,0,0,0,0,52,73,0,0,0,0,18,62,0,36,0,83,0,0,0,68,0,92,58,0,0,79,0,0,79,109,0,0,0,0,0,0,0,0,65,0,0,64,33,0,0,0,0,65,0,54,0,0,0,77,0,68,0,66,0,0,0,0,57
48,0,79,70,65,85,0,0,0,0,90,0,101,0,52,0,0,0,62,0,0,77,0,0,0,0,0,86,25,0,0,0,44,33,0,0,0,0,71,0,20,0,0,123,0,0,0,0,0,0,0,0,0,0,29,0,0,0,0,70,0,0,0,0
88,0,0,0,0,0,0,72,0,0,65,0,63,0,0,0,31,74,0,0,60,0,80,0,0,0,0,0,0,72,0,72,0,0,0,0,0,0,70,24,0,39,0,0,0,0,0,0,74,0,60,47,31,73,49,41,0,91,21,0,41,53,0,0
0,0,0,0,0,77,0,69,63,0,0,0,42,0,0,0,51,49,0,66,0,46,0,0,0,81,0,0,0,0,0,0,59,0,0,0,0,0,0,46,0,63,0,63,0,0,0,0,84,80,0,64,0,0,0,69,0,0,0,0,58,72,64,0
56,54,0,0,0,0,45,0,0,102,83,0,0,0,97,0,0,0,0,0,92,0,0,0,0,68,0,0,0,62,80,72,0,0,0,0,27,0,59,0,0,76,0,0,25,0,0,0,0,0,0,0,58,0,0,0,0,68,0,49,0,0,0,0

0,69,71,0,0,0,74,0,0,42,0,0,0,0,0,76,63,0,0,0,73,0,0,0,0,0,74,0,0,0,0,0,0,0,36,0,0,0,0,80,0,0,0,42,0,87,0,35,0,67,0,0,0,49,0,0,0,58,0,0,0,0,0,0
0,61,0,0,69,0,0,52,36,0,32,65,0,56,84,0,0,0,46,27,44,68,0,0,0,0,0,0,0,54,0,0,0,0,0,0,93,0,0,64,0,0,0,0,0,58,0,0,0,0,0,0,0,0,0,0,60,0,0,0,83,57,70,0
0,0,0,98,71,0,0,52,0,0,78,0,0,0,0,0,79,0,55,0,0,0,0,0,50,34,0,48,0,86,60,60,0,0,75,0,0,97,29,0,73,0,0,0,76,64,56,88,0,61,0,0,0,55,0,0,0,0,0,50,0,41,54,66
0,0,42,61,67,0,0,83,0,0,0,0,0,0,93,0,70,0,0,66,65,0,77,0,0,0,58,74,0,41,56,0,0,0,0,0,70,53,0,0,0,0,0,0,60,0,0,0,0,0,20,83,50,0,0,0,0,0,0,0,0,25,0,0
49,0,62,0,41,0,0,0,0,71,0,55,0,0,0,0,0,0,0,0,0,0,0,0,0,58,0,0,0,0,0,0,0,53,0,0,0,0,0,0,72,97,0,0,0,77,0,0,0,0,0,0,0,0,0,0,0,0,0,0,69,0,72,0
0,0,51,47,0,0,82,0,0,0,0,0,109,70,79,0,40,0,50,0,74,0,0,0,88,0,0,0,0,0,0,58,0,39,83,52,0,0,0,0,0,0,0,47,0,0,0,0,55,0,0,0,66,0,56,74,64,0,0,0,0,74,0,0
0,58,66,59,49,0,0,51,78,0,0,0,0,0,0,85,0,0,60,89,0,60,0,0,0,0,0,0,0,0,0,92,7,0,0,0,0,0,0,0,0,0,0,29,0,0,0,75,0,0,0,0,0,0,0,0,51,0,0,77,32,0,0,81
0,0,0,68,0,0,0,87,0,0,68,0,0,69,0,0,69,33,104,0,61,0,78,0,0,0,0,111,0,0,68,0,67,0,0,0,0,36,56,0,0,0,0,43,57,0,0,69,0,61,0,0,37,0,111,68,0,0,47,0,0,0,0,0
0,0,0,0,0,0,0,0,80,0,64,45,0,0,0,0,0,0,0,0,0,0,0,0,0,0,0,0,0,0,0,0,0,82,65,0,0,47,0,36,70,0,0,0,0,0,0,0,0,61,0,0,0,0,0,0,81,0,0,71,0,98,60,30
0,0,0,0,98,103,0,0,0,0,0,0,56,79,0,0,0,0,0,0,0,0,91,0,0,0,58,0,0,0,0,87,107,0,78,0,0,0,0,0,0,0,0,0,0,0,0,0,0,0,0,0,0,0,0,57,0,0,64,0,0,0,0,94
62,0,0,0,0,0,0,0,0,62,74,0,0,0,75,0,0,0,80,0,0,0,0,0,82,0,0,61,0,0,0,0,0,0,0,23,0,0,87,11,0,0,0,0,74,0,63,74,0,0,0,0,72,82,0,90,0,0,0,0,77,0,0,0
0,0,0,50,0,0,0,0,57,0,0,60,0,0,0,53,62,0,0,0,0,0,71,26,0,0,79,74,0,74,0,0,0,0,0,0,0,0,42,0,0,0,0,54,66,44,0,0,51,78,0,87,20,94,0,0,0,0,57,86,0,57,0,0
86,0,0,0,0,89,0,0,0,0,0,85,0,0,0,0,45,0,44,87,0,48,0,58,73,0,61,50,0,0,0,31,0,0,0,0,0,0,27,0,105,58,34,66,0,0,62,0,40,0,0,102,76,0,0,0,0,0,55,60,0,0,64,0
0,0,0,0,0,0,0,13,56,0,0,0,69,0,95,0,0,0,0,0,62,33,0,0,0,75,0,0,0,0,86,50,0,0,0,0,63,73,0,0,0,48,49,0,0,65,0,0,0,0,92,0,0,0,0,0,82,0,74,0,0,0,52,80
0,74,0,73,0,0,0,49,58,0,0,66,0,0,89,0,87,68,0,0,0,87,43,0,0,0,0,0,0,0,0,0,0,0,71,0,0,87,0,0,0,75,0,0,0,0,0,0,99,0,0,0,0,66,0,0,0,0,0,53,0,80,0,57
0,45,0,0,80,0,51,8,0,0,0,0,0,58,0,0,53,0,47,0,73,61,56,69,0,0,0,0,0,0,0,0,0,51,0,0,0,47,0,0,0,98,35,74,0,53,51,0,0,70,0,0,51,66,58,0,0,68,54,0,73,0,0,40

75,0,0,0,77,56,0,0,47,0,101,0,0,0,0,0,79,0,0,66,0,53,44,55,0,63,0,60,57,0,86,0,0,0,78,0,54,0,77,0,0,0,82,0,0,0,64,0,0,0,0,0,67,0,61,0,73,0,0,0,0,79,0,0
32,0,0,0,0,56,0,48,0,0,65,0,0,0,0,83,0,0,0,0,0,0,0,0,0,57,0,0,0,31,0,0,0,0,0,0,0,0,0,0,0,0,0,0,35,0,73,0,0,48,0,0,0,0,0,0,0,0,0,0,0,65,81,0
0,24,0,38,0,0,39,0,68,0,78,0,0,0,0,0,48,52,0,0,0,62,0,52,23,0,0,40,0,0,0,64,0,0,0,0,0,0,26,0,0,55,0,69,0,0,0,0,0,104,0,69,0,0,0,0,0,0,0,43,0,0,0,0
0,0,54,0,22,0,87,0,60,113,0,87,0,0,50,0,0,90,0,0,0,0,0,73,0,0,0,0,0,0,73,127,0,0,0,26,0,0,51,0,0,50,45,52,0,76,74,0,0,0,59,0,0,61,94,0,0,62,0,0,0,0,0,0
0,0,0,75,56,51,0,0,0,0,59,0,0,0,0,61,0,32,46,49,91,90,0,0,0,64,0,0,0,0,0,68,0,0,0,68,97,0,0,0,0,47,0,0,52,68,0,54,0,53,83,0,0,0,0,0,0,0,0,0,0,0,0,0
0,0,0,92,73,0,0,0,65,0,0,56,71,65,54,41,0,60,77,41,0,0,0,76,0,0,0,0,32,0,0,41,0,91,0,0,0,0,0,0,0,57,0,0,78,0,0,0,0,0,46,0,0,0,0,59,0,0,76,0,64,58,0,50
32,68,0,0,41,48,0,0,99,0,0,0,58,55,0,47,0,0,0,56,0,52,91,0,0,37,0,0,114,0,0,0,69,0,0,0,0,0,0,85,0,66,0,39,0,0,72,0,68,0,0,0,0,61,0,0,0,39,0,0,65,0,18,0
80,72,0,0,78,0,0,0,0,43,0,0,0,0,0,0,0,0,0,0,0,0,83,0,0,0,0,0,0,0,58,43,0,93,96,0,0,0,0,40,0,0,57,43,54,55,0,0,0,0,115,0,0,90,49,0,100,0,0,0,0,58,78,0
0,74,0,0,95,0,0,53,34,0,68,0,53,0,0,0,0,0,0,0,0,77,0,0,57,0,0,0,0,51,0,0,30,0,0,0,0,0,0,0,79,73,0,53,0,72,0,70,0,0,0,0,95,0,0,50,60,71,0,0,0,0,63,0
67,0,0,0,0,44,0,56,0,0,43,72,0,0,0,86,0,0,58,0,0,14,0,0,62,85,0,43,0,67,0,0,0,0,46,0,80,0,75,0,0,0,84,77,0,0,63,0,0,0,74,0,0,0,0,0,84,0,0,0,0,0,0,58
77,0,0,78,0,0,0,48,0,72,0,0,0,0,0,0,0,63,89,0,0,0,50,0,0,0,75,67,0,0,81,0,84,39,0,48,74,64,0,0,76,60,0,86,0,0,0,0,60,0,0,53,55,0,0,0,0,0,0,63,0,74,0,0
0,0,0,0,0,0,0,0,21,0,0,41,85,0,0,67,0,0,60,0,0,74,0,57,0,0,0,0,0,40,55,54,49,0,63,0,0,57,53,0,0,0,0,0,0,75,0,0,0,0,0,0,60,0,83,0,0,0,0,0,24,0,0,68
55,0,0,0,84,0,0,0,27,0,0,0,0,0,68,0,0,0,0,83,0,0,30,0,0,0,66,75,0,0,0,42,0,0,0,74,0,0,62,77,0,0,0,0,0,0,79,0,0,77,81,0,0,0,0,0,71,0,0,92,0,0,68,64
0,0,65,0,0,0,0,0,0,0,0,0,49,0,0,0,0,0,0,0,0,0,92,82,59,0,0,0,0,0,0,35,0,43,0,0,0,0,0,0,42,0,0,34,0,49,0,0,0,37,0,77,76,0,0,0,93,79,0,0,0,37,79,0
0,80,0,0,0,0,0,56,0,0,0,0,0,0,16,50,0,0,74,80,0,0,0,80,0,0,0,0,0,93,0,70,100,0,59,0,60,86,0,0,0,0,41,72,0,0,0,0,65,0,0,0,0,0,0,0,0,45,0,50,0,0,0,0
0,0,88,51,32,0,69,0,0,80,0,0,79,0,0,0,63,0,0,0,0,0,0,48,0,0,0,0,0,0,0,0,69,0,0,0,51,0,0,0,0,0,0,70,0,0,0,72,0,0,71,0,0,0,0,107,0,0,78,0,50,82,0,0

44,0,0,60,82,0,0,0,62,0,0,0,56,86,0,36,0,0,63,70,0,0,0,84,85,0,64,94,76,0,64,82,0,105,0,32,0,0,62,0,0,0,0,65,0,0,0,0,0,0,57,0,0,0,0,110,51,0,81,0,0,79,51,0
0,66,0,0,0,73,73,0,0,0,0,0,0,0,73,0,72,0,0,75,0,54,0,0,0,29,0,36,0,0,0,15,59,0,0,0,0,105,93,0,0,52,0,0,0,0,0,87,0,0,73,0,0,0,0,0,0,0,90,0,0,0,0,0
0,43,0,60,0,0,0,0,62,0,0,0,0,0,0,0,0,88,93,0,0,0,63,50,48,0,0,0,64,0,0,0,0,0,0,60,0,0,0,0,0,0,0,51,0,0,37,0,0,0,0,67,27,0,0,0,0,97,0,0,0,0,0,0
65,64,47,0,0,53,105,0,48,0,72,58,0,0,0,0,0,62,0,90,0,0,64,44,53,0,0,0,0,0,0,40,59,60,0,0,0,0,0,0,0,0,0,86,0,0,0,0,0,58,0,41,0,0,0,0,0,0,65,0,0,0,43,0
60,0,0,0,82,0,84,0,104,0,0,0,0,70,0,0,0,44,0,0,0,0,0,57,0,0,65,0,0,0,83,46,0,0,70,0,0,0,66,0,0,0,0,0,0,66,85,34,0,0,0,0,0,78,0,0,0,100,57,0,0,123,0,47
0,0,0,0,87,0,0,0,51,0,105,0,0,0,0,108,0,57,0,0,0,78,53,0,0,0,55,0,0,0,0,0,0,57,0,0,0,0,0,0,0,43,0,76,0,0,0,0,0,0,0,80,52,0,0,0,0,0,0,0,53,0,0,0
0,0,81,0,0,0,0,0,0,0,0,0,0,0,0,75,0,0,0,0,0,0,0,77,0,0,0,60,0,0,49,54,0,0,0,0,0,72,25,0,0,0,0,0,15,0,0,0,0,0,0,0,0,84,0,0,0,0,53,0,83,46,53,56
0,0,0,0,0,66,0,0,0,0,81,0,0,0,0,0,0,0,0,0,0,127,0,0,76,0,0,0,0,50,60,0,0,0,85,0,0,0,0,0,0,66,0,0,0,92,0,0,0,0,90,0,0,0,0,0,0,32,49,0,0,0,0,42
0,0,0,0,58,0,0,0,0,0,0,0,0,0,44,0,79,0,0,40,0,0,64,57,60,0,0,0,0,0,0,0,80,0,0,0,0,0,78,0,0,0,0,0,56,0,0,109,0,14,0,36,0,0,0,54,0,0,79,0,63,0,0,0
0,0,0,0,0,0,0,0,36,74,0,0,0,60,39,0,0,35,0,54,0,98,0,0,38,0,53,62,0,80,0,0,0,60,75,0,0,0,69,54,106,0,0,0,0,0,0,0,85,0,0,64,0,82,0,0,0,0,0,68,82,0,0,54
0,0,0,0,66,84,0,87,0,63,0,46,0,0,0,0,72,43,78,66,0,0,59,0,0,79,0,0,0,62,0,0,41,0,0,0,80,0,0,0,0,0,0,0,0,0,0,0,0,0,0,0,0,23,0,0,77,0,0,53,84,0,63,0
90,75,0,82,0,0,51,0,9,0,0,106,37,56,0,0,0,0,52,0,54,48,0,0,64,100,0,0,0,51,0,0,0,69,0,0,0,0,0,68,0,0,0,0,0,0,101,0,0,0,0,0,61,70,0,104,62,0,0,86,0,0,0,43
0,0,0,0,34,57,82,0,56,0,58,0,65,0,39,0,0,0,98,0,0,0,77,0,80,59,0,0,0,74,0,0,0,42,0,75,0,0,85,0,0,0,56,0,0,0,76,0,0,0,0,59,0,0,0,0,0,0,57,78,0,75,0,0
0,0,0,83,0,0,51,0,28,60,0,52,0,0,0,0,0,0,0,0,0,0,78,0,0,0,100,77,0,59,0,0,58,35,78,0,32,0,73,60,0,70,63,85,59,0,0,25,0,0,0,0,0,0,0,0,0,0,0,0,0,0,0,0
44,69,0,85,46,0,0,0,0,0,0,0,0,40,0,0,0,0,79,66,66,0,0,53,60,73,0,75,0,0,0,0,0,0,75,68,0,0,0,0,0,0,0,49,0,77,0,0,0,73,0,0,0,0,0,0,0,0,65,88,0,0,0,0
0,0,0,0,39,0,0,0,0,0,0,0,0,0,0,0,95,25,0,0,0,0,0,0,0,0,0,0,42,0,0,85,0,0,0,0,0,0,0,0,0,94,0,0,0,0,0,0,0,0,0,0,83,0,0,41,0,0,35,0,0,89,94,0

72,0,0,62,0,0,0,61,0,0,0,68,0,0,0,0,61,0,0,0,0,0,55,0,0,51,0,0,0,45,0,0,0,0,0,88,0,0,0,0,0,66,0,0,0,0,0,0,0,0,0,81,0,0,74,0,0,90,0,0,40,0,0,0
0,107,0,48,0,0,0,0,0,0,0,0,80,0,0,0,89,79,31,0,0,57,74,53,0,0,53,0,51,0,0,0,58,71,98,63,47,0,64,0,0,0,0,0,0,0,45,0,0,0,0,0,0,69,0,0,0,47,50,0,0,0,0,0
64,28,0,0,0,0,57,45,0,53,56,67,0,0,0,30,0,0,67,0,0,0,0,0,0,70,73,0,0,0,0,52,0,0,0,72,69,61,0,0,0,0,0,0,0,92,62,0,0,51,84,0,0,72,67,0,94,64,56,90,0,0,0,66
0,0,0,0,0,0,0,53,64,0,0,0,100,0,0,0,0,0,0,0,0,0,57,87,0,0,0,0,0,0,0,0,84,0,0,0,0,69,0,70,0,0,0,0,0,0,69,0,0,0,0,0,0,0,0,0,0,0,0,0,0,0,0,0
46,44,0,0,0,0,44,0,0,0,0,79,57,76,0,0,0,0,0,0,0,0,0,0,0,51,29,0,0,88,0,0,0,0,0,0,0,55,43,76,0,0,0,103,48,0,0,121,113,0,66,0,0,0,21,0,0,0,0,86,46,73,59,78
0,0,39,0,0,0,35,58,0,80,104,0,0,43,0,0,35,0,69,58,92,41,0,0,0,0,53,0,0,0,0,100,0,55,0,0,0,0,0,77,0,0,67,0,0,82,0,69,65,84,0,0,0,0,90,0,0,55,0,45,0,98,0,0
0,28,0,0,0,0,52,77,0,0,92,29,0,44,0,0,0,0,25,0,0,0,0,0,0,0,0,57,42,0,0,0,0,0,82,0,0,72,54,0,0,0,38,74,0,0,95,55,0,0,0,0,83,60,0,0,0,0,0,0,51,34,0,0
0,0,0,52,0,66,64,0,59,0,56,54,48,0,0,0,58,0,0,0,0,0,52,0,0,40,61,0,78,0,55,37,0,38,43,10,0,75,0,0,60,55,26,0,0,0,0,0,0,0,0,0,63,0,0,42,0,0,0,0,0,0,0,49
0,72,75,44,0,61,0,93,0,84,40,63,0,0,0,0,21,0,99,63,0,0,24,50,0,0,0,0,0,36,88,0,68,76,33,0,51,0,0,0,38,0,0,74,65,64,0,0,0,0,0,0,19,0,0,0,0,48,0,0,97,63,0,0
44,0,0,0,0,63,32,0,0,0,76,0,0,60,0,0,57,0,59,0,0,0,0,0,0,0,0,0,0,0,98,0,0,0,98,0,0,67,0,42,0,0,0,0,0,0,0,0,94,0,0,0,47,0,0,0,77,0,0,0,0,0,0,0
0,0,69,0,0,0,0,0,0,81,53,79,0,48,0,0,83,0,0,0,0,0,0,0,0,0,0,0,0,47,0,49,0,0,0,0,0,0,0,0,0,0,70,84,0,0,0,67,75,39,0,0,0,0,0,0,0,0,0,0,54,0,0,0
0,0,0,52,45,0,0,54,71,0,0,0,0,0,0,0,85,0,75,0,0,0,0,0,125,0,0,0,74,0,0,0,0,0,48,76,0,0,0,21,0,0,0,0,66,0,0,0,0,0,0,0,0,0,0,0,71,0,69,24,0,0,0,117
0,62,84,66,0,0,70,55,0,0,0,72,0,0,0,0,0,84,26,0,0,35,0,0,0,0,0,86,0,29,84,73,0,0,0,62,0,46,0,0,0,0,41,0,0,0,0,62,49,0,36,0,113,0,0,0,0,0,43,0,62,0,0,0
0,0,0,0,58,0,0,0,0,0,0,80,0,0,48,0,0,0,0,0,0,0,0,20,0,0,0,0,0,52,0,97,0,65,0,95,41,0,0,0,0,0,0,0,0,32,0,43,0,0,0,0,0,0,0,0,0,0,0,0,0,42,0,0
96,0,87,0,80,0,0,0,65,83,0,68,0,0,0,47,0,0,0,66,0,0,41,0,0,0,0,0,0,0,0,0,0,70,0,0,0,0,0,0,0,0,0,78,0,0,0,59,0,71,44,0,0,0,0,0,108,97,0,0,70,0,0,53
0,0,0,0,0,0,0,0,0,0,80,0,0,0,0,62,0,0,0,0,79,0,0,0,0,57,0,67,52,0,0,0,0,0,0,0,0,0,0,0,0,0,0,52,0,0,0,0,52,0,0,0,77,0,99,0,0,0,0,0,0,69,97,91

30,0,57,0,0,0,0,0,0,0,83,0,37,0,0,53,66,75,40,0,48,0,63,65,51,62,0,66,83,0,0,67,0,0,48,54,104,0,0,0,82,0,0,0,44,0,0,57,57,63,0,0,70,0,0,0,0,78,69,0,0,51,0,35
81,56,0,0,89,0,0,42,94,0,0,70,0,43,0,0,0,0,0,0,0,0,0,0,77,0,70,0,61,96,0,0,68,0,50,0,0,69,0,0,0,0,5,0,0,0,86,0,0,0,0,0,0,0,0,66,0,0,0,0,0,0,30,0
0,0,67,0,0,0,0,0,0,88,0,0,0,0,0,0,57,96,0,0,0,5,0,97,0,61,0,0,0,0,0,0,0,0,62,0,67,0,0,58,0,8,0,0,0,63,0,0,0,0,46,0,62,0,0,0,0,84,0,0,0,0,104,60
0,0,40,84,0,0,58,45,78,0,59,42,0,0,90,0,40,0,0,55,105,0,0,0,0,46,0,0,0,0,0,0,0,0,86,0,0,0,0,0,0,53,0,67,0,54,0,0,0,0,50,54,56,0,71,0,75,28,63,0,34,0,0,0
0,0,0,61,37,52,0,0,60,53,0,0,0,0,0,0,85,0,0,0,0,0,0,0,0,0,0,77,67,37,0,0,0,0,0,0,0,55,0,43,0,30,0,51,0,0,0,0,0,64,0,0,0,64,0,0,0,0,0,0,63,87,0,40
0,20,69,0,71,55,0,0,81,90,0,0,10,0,0,45,0,66,43,0,41,0,0,0,0,0,0,92,0,0,0,0,59,0,0,0,0,0,0,74,0,70,0,0,92,0,0,0,0,33,0,73,116,0,0,93,70,0,54,79,58,0,69,0
0,0,0,102,68,0,0,0,0,73,108,0,0,0,48,78,0,0,0,0,0,0,42,61,0,0,75,0,0,0,76,56,0,0,0,0,0,0,0,0,0,0,0,0,0,84,0,87,73,0,55,0,0,0,0,0,0,85,0,0,0,0,65,0
57,0,48,0,0,0,0,72,0,0,0,113,102,0,0,33,58,0,0,0,0,51,0,0,73,0,0,0,43,55,0,0,0,60,62,57,20,0,66,0,38,0,0,44,45,0,0,0,0,65,0,0,0,0,0,46,0,0,0,65,0,0,0,0
56,0,0,59,0,0,0,0,0,87,78,0,0,0,0,0,0,65,0,0,0,0,38,0,17,0,0,87,0,0,0,14,88,65,0,0,0,0,82,0,51,34,0,0,0,0,0,84,0,78,0,0,32,67,0,67,0,0,0,65,0,27,36,0
47,0,76,0,0,0,71,0,56,0,0,0,0,0,77,0,0,58,0,0,0,0,54,93,0,0,61,0,0,0,0,62,0,88,0,0,43,0,41,63,0,0,0,0,0,65,0,68,0,0,0,0,0,0,0,46,0,48,0,45,38,0,0,63
0,0,0,0,35,56,0,0,0,0,0,98,78,0,0,0,0,0,67,0,0,0,78,0,0,0,0,0,0,0,50,0,52,0,0,0,0,0,0,0,0,0,58,65,73,74,0,69,0,0,0,0,0,0,70,0,0,0,0,102,0,0,78,0
0,74,0,115,0,49,0,28,0,0,44,57,80,0,0,59,0,0,0,59,0,0,0,0,0,0,42,0,99,47,60,0,47,93,0,0,0,0,0,0,0,0,0,0,0,0,83,0,0,0,0,65,0,0,0,0,73,0,0,58,0,0,0,64
0,0,79,38,0,0,99,0,0,93,0,0,91,65,0,0,0,0,91,37,53,0,0,0,53,0,82,66,0,62,79,0,0,0,0,0,0,0,77,0,0,0,0,0,86,78,80,0,0,0,0,0,0,0,0,0,53,75,0,0,93,62,0,67
0,58,85,71,0,0,0,0,0,71,0,0,71,0,0,0,0,0,0,45,28,0,0,0,0,81,0,0,0,0,0,0,0,0,0,0,0,0,0,0,0,0,0,0,0,47,0,46,79,59,0,0,0,0,0,0,82,0,77,0,0,0,56,71
0,53,0,0,0,0,0,0,0,44,0,102,72,0,0,43,0,76,0,0,35,57,78,0,63,0,0,0,0,70,29,87,72,0,65,0,0,0,56,0,0,78,79,0,32,0,0,0,0,0,0,0,83,0,0,0,0,0,0,0,65,40,0,65
51,0,0,0,0,0,0,90,94,0,0,0,0,0,0,0,0,0,23,0,31,0,60,0,81,0,60,0,0,60,0,0,53,83,0,0,58,0,0,0,0,61,98,45,0,0,0,28,0,0,78,0,56,0,41,0,55,61,59,0,0,0,83,88

0,0,62,0,0,0,0,0,0,0,43,0,0,0,0,56,0,0,0,0,89,60,0,0,0,0,26,0,0,0,0,36,0,0,0,0,0,0,0,87,0,0,107,0,0,63,38,58,59,0,0,0,0,0,0,80,0,0,72,57,0,0,0,91
0,0,76,0,0,17,0,0,56,0,0,0,112,0,0,48,0,0,0,91,0,0,0,49,0,0,0,0,0,67,72,0,99,0,68,0,0,89,0,0,0,0,0,0,0,0,0,52,0,72,47,0,66,0,57,0,0,0,0,36,0,0,0,0
63,0,0,0,0,0,72,67,59,0,43,0,0,0,89,0,103,0,50,0,70,0,95,0,0,0,69,76,0,0,0,0,56,0,96,33,50,46,0,0,0,0,0,0,112,0,0,0,29,0,0,86,0,0,79,64,0,0,0,0,80,0,58,86
54,0,0,0,81,0,31,81,74,54,0,0,0,0,0,0,0,41,0,0,0,58,0,0,0,54,0,0,0,0,0,0,0,0,0,0,0,0,0,0,39,0,0,0,0,67,0,0,0,0,0,0,0,55,0,0,0,0,86,0,0,0,0,0
81,0,0,0,0,0,0,0,0,50,65,0,0,0,0,56,0,69,72,76,0,63,0,0,0,0,0,0,60,0,0,84,0,80,24,0,50,0,73,0,83,0,0,0,71,0,83,0,0,0,0,0,105,0,0,0,0,67,0,49,63,42,0,59
64,0,0,0,67,50,0,0,0,60,0,43,69,0,0,0,0,0,0,57,65,0,0,49,55,0,0,0,0,87,0,51,0,65,0,0,0,0,0,0,76,49,0,23,55,0,0,0,0,0,0,103,51,62,0,0,49,0,0,35,0,0,0,48
0,0,0,0,0,93,0,21,49,0,0,0,20,29,0,0,45,37,0,0,0,0,0,0,80,0,0,92,0,0,0,0,0,0,27,0,58,0,0,92,0,0,0,0,77,0,0,0,0,0,0,0,79,0,0,0,95,0,0,32,0,89,0,0
0,0,0,46,0,0,0,0,0,0,0,24,0,85,0,45,0,0,0,0,53,0,0,0,0,0,0,0,28,0,0,0,0,0,0,65,42,0,84,45,81,0,60,0,52,0,0,34,0,0,0,0,75,79,0,42,0,53,94,0,83,0,0,0
0,86,68,0,47,87,0,0,63,0,0,56,29,0,0,0,0,75,0,47,0,83,41,0,0,0,0,0,0,0,0,31,0,0,48,0,72,34,67,34,69,59,0,82,0,0,57,0,0,0,92,0,0,0,49,69,0,0,75,53,0,0,95,0
0,0,87,0,54,0,0,0,62,66,64,0,0,63,64,69,55,0,0,36,0,0,0,0,0,0,0,37,0,0,62,0,0,0,0,0,99,0,93,0,104,0,0,0,0,0,0,0,0,0,0,0,0,0,0,0,0,0,38,0,0,0,0,35
0,0,86,0,98,0,0,0,0,37,0,0,0,0,0,0,0,0,78,0,0,0,0,87,0,0,61,22,0,0,0,68,88,63,0,85,0,74,0,0,53,0,63,0,0,49,0,88,0,0,0,0,0,0,0,0,0,30,0,0,0,19,78,0
97,0,93,0,0,24,49,0,0,0,0,0,0,0,67,0,0,40,0,0,63,0,0,57,0,66,27,64,50,71,0,0,90,0,26,0,0,0,0,0,0,0,0,0,12,0,0,0,0,0,0,0,0,79,0,0,0,42,68,33,76,46,0,74
112,0,0,0,0,0,0,0,38,0,0,64,57,0,0,71,0,35,0,0,74,58,0,0,0,0,0,0,0,0,0,89,65,0,0,66,50,0,52,0,0,0,0,0,0,0,58,121,97,0,0,0,0,0,100,0,0,76,0,62,52,0,56,82
0,0,64,74,0,0,0,0,0,0,0,0,92,72,0,59,0,0,0,0,99,0,0,0,0,0,0,0,0,0,0,0,0,99,83,90,0,0,0,13,0,48,0,0,47,53,71,0,0,0,51,0,69,0,62,0,38,68,0,0,68,0,61,0
0,59,0,54,0,59,0,0,0,76,0,29,0,0,0,0,64,0,0,0,0,0,46,54,0,65,0,0,62,0,0,0,68,0,0,0,0,0,0,0,0,0,0,0,0,86,0,0,0,0,0,0,0,69,81,93,64,0,0,0,0,0,0,48
0,0,0,53,0,0,0,0,0,84,30,0,48,0,0,0,0,0,0,0,0,44,0,80,53,0,84,87,0,0,0,0,0,0,0,0,0,24,0,103,74,0,71,0,0,35,82,0,0,0,76,0,0,0,69,0,33,58,0,0,0,0,84,0

47,0,0,0,0,0,0,0,71,0,0,0,0,0,0,45,0,71,108,0,32,0,0,62,0,41,44,0,0,0,0,0,0,71,0,0,0,0,0,78,0,0,0,0,0,0,73,0,0,0,0,112,0,76,0,0,0,0,0,123,0,0,0,0
66,0,0,0,0,0,0,50,0,0,0,0,0,0,0,0,53,0,0,0,0,69,0,100,0,45,0,0,0,0,0,0,0,0,35,0,79,0,0,0,0,62,0,48,0,0,65,0,0,0,0,0,0,0,66,0,0,72,53,16,0,0,0,43
54,0,0,0,75,0,0,0,0,42,0,0,0,0,0,0,0,0,42,0,0,103,0,63,0,0,0,0,0,0,0,45,0,0,0,46,48,0,0,0,0,0,77,63,0,0,0,76,0,0,87,91,0,34,57,73,0,9,0,0,0,89,0,56
37,71,64,60,54,53,0,0,63,0,0,0,0,0,0,0,0,0,0,0,0,0,0,0,0,0,0,0,0,48,0,41,49,0,64,76,0,0,0,0,0,66,0,0,0,0,64,80,70,0,0,0,0,0,0,0,75,0,0,0,54,0,0,0
0,49,81,0,0,0,0,0,0,0,0,0,0,0,89,0,0,0,0,0,0,0,0,118,0,0,0,0,0,0,0,0,0,0,0,0,0,0,57,0,71,87,56,0,66,76,0,0,0,0,0,0,0,0,0,0,0,0,0,0,0,52,0,0
0,0,0,0,58,0,63,0,0,0,0,0,0,0,0,0,0,0,0,0,0,0,0,0,89,0,85,28,0,0,0,81,0,0,0,0,0,101,68,0,0,0,55,0,0,0,0,0,70,81,0,0,0,0,0,0,0,0,62,64,67,0,0,63
0,0,55,0,0,62,0,0,0,47,0,66,0,68,0,0,0,66,0,0,0,39,0,45,0,63,53,0,57,0,45,0,0,74,47,0,0,56,62,0,0,0,0,83,0,35,64,76,0,0,100,0,0,0,75,70,0,0,0,74,0,0,74,0
0,36,0,0,0,0,0,0,0,33,86,0,0,0,0,69,0,0,89,0,31,43,0,0,47,0,69,0,0,0,46,0,0,79,0,0,55,0,0,0,58,0,0,0,0,0,85,0,0,50,63,0,0,0,0,68,0,0,0,0,48,0,0,0
95,0,0,0,0,0,0,0,0,0,0,0,0,0,0,0,54,0,0,0,0,0,0,0,0,52,45,0,0,74,48,37,0,27,44,0,0,0,0,0,0,0,0,21,59,125,96,50,76,64,0,0,110,0,0,84,0,0,0,41,0,39,0,61
0,0,0,0,61,0,82,0,47,0,0,76,0,0,0,44,0,0,78,49,52,0,0,0,0,0,49,40,0,0,0,83,0,95,0,67,77,0,0,66,0,0,69,0,59,0,0,0,53,58,0,0,54,86,79,0,0,35,0,37,0,0,0,0
64,0,0,0,69,99,63,68,0,23,0,101,0,0,32,71,0,0,0,0,0,83,44,71,0,0,0,0,102,84,0,0,0,0,0,0,0,0,0,0,60,0,75,62,84,0,27,0,0,64,0,0,49,0,44,0,0,0,39,0,0,0,0,62
0,0,88,56,0,0,87,0,0,43,35,91,0,0,0,0,32,72,0,0,0,0,0,0,64,0,0,90,0,0,0,0,0,85,0,0,0,0,65,0,0,0,0,0,0,0,43,0,0,60,53,0,0,0,46,0,54,0,74,127,65,0,94,57
57,42,0,0,0,64,0,62,0,45,77,0,61,0,43,0,0,0,0,0,0,0,0,74,0,0,0,0,0,0,0,0,19,0,57,0,0,0,0,93,0,0,72,61,0,63,53,0,64,0,69,73,76,0,69,84,0,0,0,0,0,94,52,0
0,0,0,117,56,75,0,56,0,0,64,0,0,0,0,78,0,0,67,0,104,0,57,0,60,0,27,0,0,0,0,0,0,100,0,0,0,0,42,0,0,0,9,83,0,0,62,58,0,0,0,0,0,51,47,0,0,0,41,0,0,0,53,0
0,0,0,0,0,0,0,0,73,0,0,70,37,0,0,0,0,0,0,36,23,62,0,38,0,0,0,89,0,90,0,0,0,47,0,41,0,0,0,47,0,0,0,0,0,0,0,51,0,53,102,51,0,42,0,0,0,0,0,38,83,0,77,82
0,0,75,0,0,78,40,0,0,66,0,0,0,0,0,0,0,0,0,0,0,0,0,0,0,0,0,0,0,97,0,55,0,0,0,0,0,0,71,0,0,32,52,0,62,0,0,0,53,0,0,70,0,0,104,0,60,78,72,68,0,46,51,0

0,0,68,0,0,0,0,0,55,0,0,0,0,0,0,0,0,0,0,0,41,0,66,0,0,0,10,48,0,0,78,0,0,0,80,0,50,50,0,51,48,0,0,0,0,0,43,66,0,0,56,0,0,0,0,0,0,0,0,0,0,70,0,60
0,0,0,0,0,71,0,112,74,0,0,0,100,0,0,0,0,0,0,0,0,0,0,0,50,0,0,0,0,0,0,0,0,0,97,0,0,60,79,0,57,0,0,0,0,0,0,0,0,0,0,0,0,75,0,0,73,50,0,57,0,34,39,0
67,21,0,93,49,55,0,0,0,0,0,0,0,69,41,0,0,86,0,0,78,0,81,0,0,60,0,0,0,0,0,75,0,0,0,0,0,58,0,0,75,0,85,0,0,0,50,0,0,43,0,0,0,0,0,0,0,0,0,0,0,0,0,0
0,0,54,0,69,0,40,54,0,86,57,0,62,0,0,0,0,0,86,73,92,0,0,75,96,0,0,0,0,0,0,0,0,0,0,0,0,0,109,51,0,0,0,0,53,0,0,73,54,0,0,80,0,75,64,0,0,0,0,0,0,0,0,65
0,0,0,0,0,103,0,0,0,0,0,0,0,0,76,0,74,61,0,0,0,0,31,29,54,53,0,0,0,63,0,0,0,0,0,0,60,54,0,0,19,0,0,0,0,0,83,50,77,0,96,0,0,0,0,0,34,58,0,0,67,0,0,0
53,0,0,0,54,0,0,0,0,77,0,0,0,0,92,0,0,0,0,44,40,64,0,0,0,0,0,0,0,102,0,0,0,0,0,0,56,0,0,34,0,0,0,0,0,0,0,0,0,0,70,0,0,0,0,0,68,47,0,0,0,0,0,58
0,68,0,0,0,0,0,0,0,0,0,0,0,0,71,0,0,0,73,52,0,63,0,0,87,0,34,0,0,0,0,77,69,0,0,0,0,92,0,0,83,0,0,0,71,0,0,0,58,57,0,0,0,59,34,0,0,0,0,0,50,70,0,0
0,84,61,0,0,0,56,0,0,0,0,0,65,43,0,105,0,0,0,0,0,0,61,60,0,82,65,0,0,0,40,0,61,0,0,0,47,0,83,0,0,0,75,0,0,0,53,0,79,0,0,0,0,0,0,0,0,70,53,62,0,43,50,34
0,0,0,43,0,0,0,60,0,0,0,0,0,0,0,52,0,82,0,111,0,0,35,58,0,0,0,63,41,98,0,0,0,0,0,0,86,0,46,0,0,0,0,99,0,0,0,0,0,67,0,0,0,0,0,95,0,0,0,0,0,0,0,0
46,0,0,0,75,0,34,0,0,0,95,0,0,0,0,0,0,0,0,41,0,0,0,0,0,0,0,61,0,78,0,0,0,50,0,76,0,0,0,0,0,21,0,0,0,63,0,0,0,0,106,0,0,10,47,61,0,0,0,0,0,0,0,0
0,0,0,0,76,0,0,0,0,0,0,65,75,84,0,0,0,0,0,0,0,30,0,0,0,0,0,0,0,0,62,0,0,0,0,0,40,0,74,16,0,0,16,0,44,0,46,59,0,0,0,64,0,87,29,0,61,0,0,0,0,60,0,0
0,0,0,0,28,0,0,0,45,56,0,0,0,0,0,0,0,0,0,0,0,0,0,93,0,0,0,58,0,0,0,0,42,0,0,0,0,0,0,0,62,0,0,43,0,0,78,0,0,0,0,0,46,0,0,76,30,0,0,0,0,0,55,0
63,46,0,0,0,0,0,93,0,0,85,0,64,75,0,0,56,0,0,0,0,0,0,0,0,0,0,0,49,59,0,0,0,0,0,0,64,0,60,0,0,0,38,0,0,95,0,0,0,0,0,0,0,0,44,0,0,0,82,0,69,0,0,0
51,62,57,0,0,0,0,0,0,0,0,85,0,0,0,43,0,66,0,0,0,0,0,0,71,0,74,0,0,86,0,0,0,0,0,0,0,0,0,85,0,0,41,56,63,0,0,0,21,0,0,53,0,76,0,71,0,0,33,0,0,70,0,0
87,0,0,0,0,0,70,35,0,79,0,0,49,0,67,0,0,77,40,0,74,0,0,65,74,0,0,34,0,0,0,0,57,0,0,0,0,0,0,0,0,0,45,49,0,87,0,0,32,0,55,0,0,0,54,0,88,0,0,35,0,42,0,0
0,56,79,0,0,72,0,0,0,0,47,0,0,0,0,0,0,48,89,0,63,0,0,0,0,0,67,0,0,0,0,36,0,0,0,0,0,50,103,0,90,0,0,0,0,0,0,0,0,0,0,50,0,46,0,0,0,0,0,53,58,0,0,54

0,61,0,56,42,0,70,76,90,0,0,0,47,0,0,0,0,0,0,0,0,0,0,0,0,0,0,105,0,0,69,0,0,80,0,0,0,72,51,69,0,60,0,0,0,0,0,0,0,52,65,0,70,54,79,38,0,0,0,0,0,0,72,43
0,0,0,65,20,0,0,0,0,0,85,0,0,52,68,0,0,0,0,0,0,0,0,76,0,0,86,0,0,0,0,0,0,0,0,0,0,92,64,0,0,0,68,0,0,0,71,0,0,90,61,0,0,0,0,54,0,0,0,20,0,0,0,0
0,0,0,0,0,0,0,0,0,61,0,0,0,46,0,0,0,0,0,0,69,0,32,74,0,0,0,0,0,0,0,0,38,34,31,0,41,0,85,0,0,0,0,70,0,0,55,66,0,0,0,54,0,0,0,64,0,66,90,73,0,0,93,57
0,56,0,76,85,84,0,0,0,0,49,0,0,71,0,0,0,71,0,0,0,0,40,0,0,0,0,0,0,0,92,0,0,87,0,0,28,0,54,60,34,97,0,0,0,58,0,71,81,50,0,0,0,0,0,113,20,77,0,0,62,0,0,50
86,0,40,0,0,0,0,0,91,0,0,0,77,0,71,65,93,0,0,79,0,0,48,49,0,0,0,33,0,0,0,0,0,43,0,0,0,0,0,0,0,63,90,75,0,38,0,0,0,0,0,0,0,0,76,0,0,0,0,0,0,0,0,0
0,0,0,91,0,0,0,99,14,0,0,0,0,0,0,0,0,78,0,0,72,0,0,47,88,0,42,80,37,0,35,0,0,0,0,0,61,0,0,0,0,0,84,0,0,80,0,68,0,42,58,83,62,48,0,0,0,0,0,0,0,0,0,65
77,0,45,0,0,30,56,0,0,0,0,0,78,0,0,0,0,0,0,72,44,0,0,0,0,0,0,0,0,0,0,69,0,0,0,0,82,77,0,0,0,0,0,0,52,80,0,55,0,0,0,79,0,0,0,0,41,79,31,0,0,16,0,0
37,0,0,84,0,0,56,0,0,0,0,57,0,0,0,71,0,0,92,61,0,71,65,101,0,0,30,0,0,0,0,0,0,0,0,0,0,70,45,0,0,0,0,0,0,68,0,0,0,78,53,0,0,0,0,59,0,57,64,0,63,0,67,86
0,46,0,82,0,47,0,0,50,0,82,0,65,0,73,0,0,0,0,0,70,97,0,66,0,0,66,0,39,86,0,0,0,0,0,0,0,0,67,0,65,46,0,57,0,0,0,91,50,0,37,0,0,0,0,0,0,0,43,49,76,0,0,0
0,88,0,0,0,0,0,0,0,0,0,79,88,0,0,0,0,0,0,0,0,0,0,0,0,0,0,0,0,0,0,0,0,59,0,0,58,0,80,0,0,0,47,62,0,0,0,68,0,75,0,0,0,0,0,0,0,0,107,49,0,0,0,49
0,0,0,0,0,52,0,0,0,0,52,0,0,46,0,87,0,0,0,0,84,0,0,0,33,0,0,88,84,43,0,0,0,72,66,0,0,90,0,69,0,0,0,0,99,0,0,60,0,0,64,0,0,0,57,0,0,71,0,0,0,102,0,0
0,0,0,0,0,56,0,52,42,0,0,45,0,0,0,0,71,0,0,0,0,0,0,0,92,0,0,0,0,0,0,0,75,0,0,43,0,0,0,39,0,70,0,48,0,0,81,63,0,71,0,0,0,0,0,53,0,0,39,0,0,72,82,0
0,0,0,0,0,0,0,0,0,0,0,0,0,57,52,0,0,68,78,81,0,0,0,0,80,0,0,0,0,0,0,0,61,0,0,93,0,76,0,0,0,0,50,57,56,0,0,0,0,0,64,0,0,0,0,0,0,116,63,51,0,0,0,50
61,52,0,0,0,0,0,75,0,0,0,0,0,0,87,0,89,0,0,0,0,0,0,62,0,0,0,0,0,45,39,75,0,90,41,0,0,0,0,40,0,68,0,73,0,0,0,0,0,12,0,0,0,67,0,0,0,0,74,0,0,0,0,0
0,46,0,0,46,56,0,0,50,0,0,57,0,0,49,0,0,0,0,0,0,70,0,0,0,0,0,0,0,0,59,0,75,0,0,74,57,49,0,0,0,82,0,71,0,87,0,0,66,17,0,91,67,0,0,83,0,0,0,0,0,85,73,0
0,0,27,0,0,59,0,0,0,0,64,86,70,0,0,0,0,0,0,0,0,0,0,0,0,0,0,0,69,104,33,0,0,0,0,0,0,0,40,0,0,0,0,43,0,0,0,0,0,86,0,0,0,0,0,0,64,0,0,0,67,0,0,0

0,0,40,0,64,0,0,67,55,0,0,0,0,0,87,0,77,0,0,26,76,0,0,71,0,0,0,0,0,0,57,0,0,52,57,0,0,0,0,59,41,0,0,0,0,97,67,0,0,0,0,0,0,73,0,106,0,0,0,56,0,0,0,89
0,0,0,0,0,0,64,0,28,0,0,0,0,65,0,49,89,0,0,47,0,59,0,0,0,0,0,70,0,0,37,0,45,0,0,0,65,0,0,0,0,0,0,0,69,0,0,73,0,0,0,0,62,0,44,0,0,0,79,52,65,63,0,0
0,69,0,92,0,0,54,0,0,0,69,70,0,72,0,68,65,0,97,0,85,49,0,71,0,0,0,0,0,0,69,43,0,0,0,0,59,0,0,0,0,96,0,0,0,0,77,110,68,0,0,0,0,0,0,0,69,75,45,0,73,16,0,0
0,0,0,0,0,0,16,39,59,0,0,0,0,0,80,0,0,90,45,0,0,68,0,0,48,0,0,0,0,69,0,54,0,0,0,0,0,0,0,0,0,35,60,0,39,53,0,0,0,0,0,0,0,65,54,0,70,49,44,0,62,0,0,0
0,0,0,0,85,0,0,0,0,0,50,0,0,45,58,61,0,0,80,0,0,75,0,0,0,0,0,0,0,0,0,0,0,0,47,0,0,51,0,0,0,0,0,39,53,0,81,42,36,0,40,40,0,0,0,0,39,0,0,0,59,45,0,67
49,0,0,0,0,0,0,0,80,0,0,0,0,0,0,38,0,0,0,9,0,67,0,0,127,0,0,0,62,0,0,80,0,70,0,0,0,0,68,0,0,0,0,0,33,0,0,0,0,0,76,0,0,60,93,0,0,0,0,0,48,24,0,0
0,0,49,0,0,0,92,0,0,0,0,0,0,33,50,0,0,62,74,0,73,66,0,0,0,0,0,0,0,0,0,0,61,39,0,0,0,43,0,0,78,0,0,0,0,0,0,42,0,55,0,0,0,0,0,85,0,0,0,0,102,54,0,0
0,0,0,0,0,0,0,0,74,0,36,0,0,0,0,0,0,0,0,66,0,54,0,0,0,0,0,31,76,0,68,60,0,73,0,50,0,34,0,0,56,0,0,0,0,0,0,0,52,0,0,0,0,0,74,61,0,57,45,0,0,0,0,45
0,0,0,0,0,0,0,0,0,0,0,50,0,0,0,0,0,0,0,0,39,0,59,33,61,0,52,46,0,0,122,0,0,0,0,0,0,0,80,0,0,0,0,49,0,0,0,0,0,0,96,0,0,0,45,0,0,0,0,81,0,76,74,0
59,0,92,0,0,0,55,0,93,0,85,54,0,0,0,85,0,0,0,57,0,0,0,0,0,0,0,0,0,0,0,0,0,0,79,52,0,0,89,51,0,0,0,0,48,0,0,0,29,0,0,0,71,59,0,0,51,56,0,0,0,74,0,0
0,69,0,0,0,0,0,0,80,0,0,0,0,0,0,0,0,31,0,0,0,0,0,0,70,0,0,0,0,0,33,36,0,28,0,0,67,0,0,0,0,0,90,66,0,0,0,70,0,0,0,0,72,0,0,65,0,0,0,67,90,82,35,34
0,0,0,38,48,0,0,0,0,0,0,0,0,0,0,0,0,0,0,80,81,0,80,0,0,51,0,0,52,49,0,0,71,0,105,0,0,0,0,53,0,0,57,0,0,0,0,0,0,0,0,0,0,47,0,0,64,40,0,0,0,0,0,28
81,0,0,0,49,0,65,24,0,0,0,0,0,0,0,83,0,0,0,45,0,73,79,0,64,0,0,0,0,0,0,55,0,75,0,0,46,0,0,0,0,0,35,0,0,0,0,54,92,0,0,0,0,0,0,0,63,55,97,0,0,46,0,0
53,0,92,63,0,70,67,0,0,0,0,0,0,0,70,0,47,50,0,0,0,64,0,0,66,0,0,33,40,0,0,0,37,40,65,66,0,0,0,50,0,91,0,0,0,56,0,0,0,92,0,107,93,72,71,0,0,0,0,0,48,0,0,61
99,0,0,0,0,0,0,40,43,0,0,0,0,0,0,66,0,0,0,0,0,63,0,0,62,0,49,0,0,0,0,0,0,50,82,53,42,0,0,0,64,96,0,71,0,0,0,0,0,0,0,92,0,0,75,0,0,0,0,85,23,75,0,0
0,0,33,0,0,0,0,0,0,0,0,53,79,65,0,49,86,54,0,0,69,75,0,0,69,0,94,61,0,0,0,62,59,45,79,0,62,0,0,64,51,66,55,0,0,0,0,0,0,0,0,0,0,77,79,0,59,35,80,0,0,66,0,0

0,40,46,76,0,0,71,117,77,0,0,75,0,0,69,27,0,0,0,74,0,61,0,39,0,0,0,0,0,0,0,0,47,72,0,0,0,76,0,0,0,52,51,0,0,0,0,53,58,0,69,0,0,0,0,50,60,0,0,0,0,0,0,0
0,0,0,0,74,50,0,50,0,0,0,0,50,0,0,0,0,0,0,0,0,0,57,70,60,0,0,61,78,0,0,0,0,0,0,0,0,0,0,0,0,0,0,52,0,0,0,0,61,0,59,22,0,0,0,87,0,0,0,0,0,0,0,0
93,0,0,0,62,32,0,0,0,57,0,0,0,0,0,44,0,0,0,0,0,0,0,43,0,0,77,50,0,0,0,0,0,0,53,0,0,0,0,0,0,0,50,0,0,0,0,0,75,50,0,0,0,0,47,0,0,87,0,0,0,0,0,0
52,0,0,0,91,0,0,0,0,80,39,0,28,52,0,0,0,0,0,0,0,0,43,0,0,0,0,71,0,93,0,0,0,0,0,0,0,0,0,72,57,0,0,0,58,0,0,27,0,0,98,0,0,0,0,92,0,0,59,59,0,73,0,0
98,59,0,0,0,0,0,0,0,0,0,32,0,0,0,0,0,0,0,0,69,0,0,0,0,0,0,0,0,41,0,0,0,89,44,61,0,0,0,0,0,0,81,0,0,0,0,0,0,0,51,0,0,0,0,0,0,56,0,0,74,0,0,102
0,0,84,0,0,67,0,0,71,0,59,78,0,75,51,49,0,0,0,68,41,0,36,0,0,0,60,0,87,0,0,0,0,0,0,71,0,0,0,0,71,0,51,0,0,0,90,0,0,0,0,77,0,0,51,63,0,0,0,0,0,0,0,0
95,0,0,0,74,0,0,0,0,0,86,0,58,0,0,0,0,0,0,51,0,0,0,0,0,0,0,51,65,0,0,0,70,0,43,43,0,0,0,75,0,0,0,0,0,85,0,0,0,0,0,68,0,0,60,48,0,47,67,46,50,0,0,85
35,0,0,0,0,0,0,0,85,0,0,0,0,0,36,0,0,0,0,77,0,0,0,69,0,0,46,0,47,0,59,0,0,63,0,67,0,0,0,0,0,0,67,0,0,0,0,0,55,83,0,0,0,49,0,94,0,0,0,76,87,66,0,0
0,0,0,0,0,0,0,0,0,0,0,0,0,0,86,9,60,0,0,0,0,0,0,55,0,0,0,0,57,93,70,0,0,51,0,0,50,0,0,0,0,0,73,0,0,0,91,0,0,0,0,0,0,99,74,68,77,0,0,0,44,0,35,0
39,64,35,61,0,0,90,0,79,45,79,0,0,99,83,0,0,0,0,0,0,0,0,0,0,0,0,0,37,47,23,0,79,0,0,0,0,52,0,0,0,0,95,0,66,0,0,71,0,0,0,0,89,114,0,0,0,68,0,0,0,27,49,103
67,0,0,0,0,0,0,61,81,0,46,57,59,67,0,0,0,0,0,0,0,0,0,0,0,96,0,83,0,0,0,0,0,0,0,0,96,0,0,63,0,0,82,0,63,0,64,0,0,0,0,85,0,0,0,0,0,0,0,48,52,85,0,85
53,0,0,53,0,95,0,0,0,0,0,0,0,0,0,22,0,0,56,66,0,0,0,55,0,32,0,0,0,0,0,0,0,0,0,67,86,0,0,0,0,74,0,77,0,0,0,0,22,0,0,87,0,0,0,0,0,57,60,42,0,0,0,0
0,0,105,0,0,22,0,0,37,0,72,49,0,0,0,67,0,0,0,0,0,0,0,0,0,93,57,0,0,43,0,57,0,0,0,96,0,0,0,0,0,0,0,86,0,0,55,77,0,0,55,60,41,0,0,0,0,0,91,0,0,0,0,0
0,75,94,0,0,0,0,0,0,89,65,0,0,0,0,39,0,49,0,0,0,0,0,0,0,0,0,0,49,0,88,0,0,0,36,45,97,106,0,0,0,83,82,0,57,48,56,0,0,45,83,0,0,82,82,0,0,0,0,73,0,0,50,53
0,0,0,0,0,0,106,0,84,0,0,60,0,75,80,74,0,0,0,63,54,0,0,0,63,0,0,106,0,0,0,0,0,51,0,0,0,0,31,65,0,79,0,0,0,53,29,0,0,0,0,0,0,0,0,0,43,0,0,0,68,0,73,0
55,64,0,0,79,0,0,0,46,36,72,76,0,0,46,0,0,70,0,0,0,76,0,0,0,0,38,64,0,71,59,0,0,0,44,0,47,66,0,0,22,49,62,0,55,25,0,0,0,30,0,75,73,73,60,0,98,0,0,0,0,0,55,0
